image_path,reference,prediction,motif_mentioned,used_prompt_mode,ground_truth_class,predicted_class,classification_confidence
/mnt/extended-home/dzakaaufa/dataset/all_images_captioning/Data 2 Batik Lana (Pakis Tutul).jpg,"The batik fabric features the Malang motif, characterized by dark green tones. The main motifs include fern plants, with intricate details shaping its visual identity. The 'isen-isen' consists of delicate patterns that fill the spaces between the larger motifs, adding texture and depth to the design. The pattern appears in a non-geometric arrangement, creating a harmonious and balanced composition across the surface.","The batik fabric is characterized by a dark green background and white motifs. The main motifs appear to be starfish-like, each composed of numerous small dots forming their shape. These starfish motifs are scattered across the fabric in a seemingly random yet evenly distributed pattern. The 'isen-isen', or the spaces between the motifs, are filled with smaller white dots, creating a textured effect that enhances the overall design.",False,no_class,Malang,malang,0.8088918924331665
/mnt/extended-home/dzakaaufa/dataset/all_images_captioning/Data 15 Batik Soendari (Sido Candra Kapala).jpg,"The batik fabric features the Malang motif, characterized by chocolate, blue tones. The main motifs include lotus and candra kapala, with intricate details shaping its visual identity. The 'isen-isen' consists of delicate patterns that fill the spaces between the larger motifs, adding texture and depth to the design. The pattern appears in a non-geometric arrangement, creating a harmonious and balanced composition across the surface.","The batik fabric is characterized by a blue background and red, brown, white, and beige motifs. The main motifs include circular patterns resembling flowers or rosettes, some with intricate dotting in their centers. These motifs are interspersed with smaller, more abstract shapes that fill the spaces between them, including star-like figures and swirling designs. The layout appears to be arranged in a grid-like pattern, creating a harmonious balance across the entire surface.",False,no_class,Malang,sekarjagad,0.5962108373641968
/mnt/extended-home/dzakaaufa/dataset/all_images_captioning/Data 5 Batik Kantil (Mas-mas Mbois).jpg,"The batik fabric features the Malang motif, characterized by brown, orange tones. The main motifs include people dressed in javanese traditional clothes and cempaka putih, with intricate details shaping its visual identity. The 'isen-isen' consists of delicate patterns that fill the spaces between the larger motifs, adding texture and depth to the design. The pattern appears in a non-geometric arrangement, creating a harmonious and balanced composition across the surface.","The batik fabric is characterized by a dark brown background and colorful motifs, including figures resembling people in various poses and abstract shapes like triangles and diamonds. The figures have distinct heads, bodies, and limbs, while the abstract shapes are filled with smaller, lighter-colored elements that resemble leaves or petals. These motifs are arranged in rows across the fabric, creating a symmetrical pattern that extends horizontally from left to right. The 'isen-isen' filling the spaces between the larger motifs consists of these leaf-like shapes scattered throughout, adding texture and visual interest to the overall design.",False,no_class,Malang,malang,0.7394968271255493
/mnt/extended-home/dzakaaufa/dataset/all_images_captioning/Mulifah Data 11 Selempang Bandeng Lele.jpg,"The batik fabric features the Lamongan motif, characterized by red, black, white tones. The main motifs include milkfish and catfish, with intricate details shaping its visual identity. The 'isen-isen' consists of delicate patterns that fill the spaces between the larger motifs, adding texture and depth to the design. The pattern appears in a non-geometric arrangement, creating a harmonious and balanced composition across the surface.","The batik fabric is characterized by a black background and red, white, and beige motifs. The main motifs include stylized leaves or floral patterns that are repeated in a diagonal zigzag pattern across the fabric. These motifs are filled with smaller, intricate designs resembling dots and small flowers, creating an 'isen-isen' effect within each larger shape. The overall layout features a symmetrical arrangement where these motifs alternate between red and beige, with white accents providing contrast against the dark background.",False,no_class,Lamongan,trenggalek,0.7729614973068237
/mnt/extended-home/dzakaaufa/dataset/all_images_captioning/Data 4 Batik Soendari (Ikan Maskoki).jpg,"The batik fabric features the Malang motif, characterized by dark blue, cream, pink tones. The main motifs include goldfish, with intricate details shaping its visual identity. The 'isen-isen' consists of delicate patterns that fill the spaces between the larger motifs, adding texture and depth to the design. The pattern appears in a non-geometric arrangement, creating a harmonious and balanced composition across the surface.","The batik fabric is characterized by a dark navy blue background and pink, gold, and white motifs. The main motifs consist of stylized fish with flowing tails, each filled with intricate patterns that resemble scales or feathers in shades of pink and gold. These fish are interspersed with smaller, simpler shapes resembling coral or seaweed, which are outlined in white against the dark background. The layout of the fabric features a repeating pattern where these motifs are arranged in rows across the surface, creating a harmonious and balanced design.",False,no_class,Malang,malang,0.9514274001121521
/mnt/extended-home/dzakaaufa/dataset/all_images_captioning/Istiqomah Data 6 Merak Nam Katil.jpg,"The batik fabric features the Lamongan motif, characterized by purple tones. The main motifs include peacock and nam, with intricate details shaping its visual identity. The 'isen-isen' consists of delicate patterns that fill the spaces between the larger motifs, adding texture and depth to the design. The pattern appears in a non-geometric arrangement, creating a harmonious and balanced composition across the surface.","The batik fabric is characterized by a light beige background and floral motifs in shades of purple, red, black, and blue. The main motifs include stylized flowers and birds, with the flowers having five petals each and the birds featuring long, flowing tails. The 'isen-isen', or filler patterns, consist of small dots arranged in a grid-like fashion throughout the background. The layout features a symmetrical design with the central area filled predominantly with the floral and bird motifs, while the bottom section showcases a repeating pattern of diamond shapes outlined in purple against a beige background.",False,no_class,Lamongan,lamongan,0.9582538604736328
/mnt/extended-home/dzakaaufa/dataset/all_images_captioning/Data 1 Batik Rahayu (Kleten).jpg,"The batik fabric features the Trenggalek motif, characterized by sogan chocolate, black tones. The main motifs include jasmine flower flora, with intricate details shaping its visual identity. The 'isen-isen' consists of delicate patterns that fill the spaces between the larger motifs, adding texture and depth to the design. The pattern appears in a non-geometric arrangement, creating a harmonious and balanced composition across the surface.","The batik fabric is characterized by a black background and orange motifs. The main motifs consist of swirling, cursive lines that resemble stylized leaves or vines, while smaller red and white star-like shapes fill in the spaces between them. These star-shaped elements have a central point surrounded by radiating lines. The layout of the pattern appears to be random yet balanced, with no discernible repeating rows or columns, creating an overall symmetrical appearance across the entire surface.",False,no_class,Trenggalek,trenggalek,0.7371113896369934
/mnt/extended-home/dzakaaufa/dataset/all_images_captioning/Data 13 Batik Kantil (Buntel).jpg,"The batik fabric features the Malang motif, characterized by brown, green tones. The main motifs include jasmine flower, bunga kantil, with intricate details shaping its visual identity. The 'isen-isen' consists of delicate patterns that fill the spaces between the larger motifs, adding texture and depth to the design. The pattern appears in a non-geometric arrangement, creating a harmonious and balanced composition across the surface.","The batik fabric is characterized by a greenish-brown background and orange, yellow, pink, and white motifs. The main motifs appear to be abstract, possibly resembling leaves or vines, with intricate patterns that include dots and lines. These motifs are interspersed throughout the fabric in a seemingly random yet harmonious manner. The 'isen-isen', which fills the spaces between the larger motifs, consists of smaller, detailed designs such as flowers, leaves, and geometric shapes, adding depth and complexity to the overall pattern. The layout appears to follow no strict grid but rather a more organic flow, creating a visually engaging and dynamic design across",False,no_class,Malang,malang,0.6104966998100281
/mnt/extended-home/dzakaaufa/dataset/all_images_captioning/Data 23 Batik Soendari (Padma Latar Ceceg).jpg,"The batik fabric features the Malang motif, characterized by blue, cream tones. The main motifs include lotus and butterfly, with intricate details shaping its visual identity. The 'isen-isen' consists of delicate patterns that fill the spaces between the larger motifs, adding texture and depth to the design. The pattern appears in a non-geometric arrangement, creating a harmonious and balanced composition across the surface.","The batik fabric is characterized by a dark purple background and light pink, blue, and white motifs. The main motifs include stylized birds and lotus flowers, which are intricately detailed with fine lines. The 'isen-isen', or filler patterns, consist of small dots and simple geometric shapes in various shades of pink, blue, and white, interspersed throughout the design to fill the spaces between larger elements. The layout follows a repeating pattern where the bird and lotus motifs alternate, creating a balanced and harmonious overall design across the fabric's surface.",False,no_class,Malang,malang,0.9428062438964844
/mnt/extended-home/dzakaaufa/dataset/all_images_captioning/Mulifah Data 7 Pring Sedapur (Serumpun).jpg,"The batik fabric features the Lamongan motif, characterized by black, brown tones. The main motifs include bamboo, with intricate details shaping its visual identity. The 'isen-isen' consists of delicate patterns that fill the spaces between the larger motifs, adding texture and depth to the design. The pattern appears in a non-geometric arrangement, creating a harmonious and balanced composition across the surface.","The batik fabric is characterized by a black background and white motifs. The main motifs include stylized plants or trees, each featuring intricate branches and leaves. These motifs are filled with small, delicate white dots known as 'isen-isen,' which create a textured appearance within the larger shapes. The layout of the fabric shows these plant motifs scattered across the surface in a somewhat random yet balanced pattern, creating an overall harmonious design that fills the entire visible area without any empty space remaining.",False,no_class,Lamongan,lamongan,0.9541308879852295
/mnt/extended-home/dzakaaufa/dataset/all_images_captioning/Istiqomah Data 3 Pisang Setandon.jpg,"The batik fabric features the Lamongan motif, characterized by turquoise, black, white tones. The main motifs include banana, with intricate details shaping its visual identity. The 'isen-isen' consists of delicate patterns that fill the spaces between the larger motifs, adding texture and depth to the design. The pattern appears in a non-geometric arrangement, creating a harmonious and balanced composition across the surface.","The batik fabric is characterized by a light teal background and white motifs. The main motifs consist of stylized flowers, each featuring five petals in dark brown or black, with green leaves extending from their centers. The 'isen-isen', which fills the spaces between the larger motifs, consists of small, evenly spaced white dots arranged in a grid-like pattern across the entire surface. The layout/pattern arrangement follows a repeating geometric design, creating a harmonious and balanced appearance throughout the fabric.",False,no_class,Lamongan,lamongan,0.42715272307395935
/mnt/extended-home/dzakaaufa/dataset/all_images_captioning/Data 26 Batik Rahayu (Sido Mukti Rahayu).jpg,"The batik fabric features the Trenggalek motif, characterized by chocolate sogan tones. The main motifs include orchid flowers, cloves and sido mukti motif, with intricate details shaping its visual identity. The 'isen-isen' consists of delicate patterns that fill the spaces between the larger motifs, adding texture and depth to the design. The pattern appears in a non-geometric arrangement, creating a harmonious and balanced composition across the surface.","The batik fabric is characterized by a deep red background and intricate patterns in shades of orange, black, and white. The main motifs consist of diamond-shaped elements with pointed ends, arranged in a grid-like pattern across the fabric. These diamonds are filled with smaller geometric shapes, including triangles and dots, creating a dense and complex 'isen-isen' design that fills every space between the larger motifs. The overall layout follows a repeating horizontal and vertical grid, ensuring uniformity throughout the piece.",False,no_class,Trenggalek,trenggalek,0.9570402503013611
/mnt/extended-home/dzakaaufa/dataset/all_images_captioning/Data 13 Batik Wagastu (Sayap Rona Harapan).jpg,"The batik fabric features the Malang motif, characterized by brick red, chocolate tones. The main motifs include mango tree and sparrows, with intricate details shaping its visual identity. The 'isen-isen' consists of delicate patterns that fill the spaces between the larger motifs, adding texture and depth to the design. The pattern appears in a non-geometric arrangement, creating a harmonious and balanced composition across the surface.","The batik fabric is characterized by a brown background and red, white, blue, and black motifs. The main motifs consist of stylized flowers or leaves with a central red petal surrounded by smaller white petals, and a blue center. These motifs are interspersed with small white dots forming an 'isen-isen' pattern that fills the spaces between them. The layout/pattern arrangement features these motifs arranged in diagonal rows, creating a dynamic and visually engaging design across the entire surface of the fabric.",False,no_class,Malang,malang,0.8463723659515381
/mnt/extended-home/dzakaaufa/dataset/all_images_captioning/Data 17 Batik Rahayu (Gringsing Satrio Manah).jpg,"The batik fabric features the Trenggalek motif, characterized by green tones. The main motifs include satrio manah, with intricate details shaping its visual identity. The 'isen-isen' consists of delicate patterns that fill the spaces between the larger motifs, adding texture and depth to the design. The pattern appears in a non-geometric arrangement, creating a harmonious and balanced composition across the surface.","The batik fabric is characterized by a reddish-brown background and black motifs. The main motifs consist of diamond-shaped patterns, each containing smaller geometric shapes such as triangles and circles within them. These diamond shapes are interspersed throughout the fabric in a grid-like pattern, creating a sense of symmetry and order. The 'isen-isen', or the spaces between the motifs, appear to be filled with small, intricate designs that complement the larger diamond shapes, adding depth and complexity to the overall design.",False,no_class,Trenggalek,trenggalek,0.6381943225860596
/mnt/extended-home/dzakaaufa/dataset/all_images_captioning/Mutiara S Data 8 Singo Mengkok Kembang Brokoli.jpg,"The batik fabric features the Lamongan motif, characterized by dark blue, light blue, black tones. The main motifs include singo mengkok and cauliflower, with intricate details shaping its visual identity. The 'isen-isen' consists of delicate patterns that fill the spaces between the larger motifs, adding texture and depth to the design. The pattern appears in a non-geometric arrangement, creating a harmonious and balanced composition across the surface.","The batik fabric is characterized by a bright blue background and black, white, and light blue motifs. The main motifs appear to be stylized flowers or blossoms, each composed of multiple petal-like elements that curve gracefully upwards. These floral forms are interspersed with smaller, simpler shapes resembling leaves or buds, which fill the spaces between them. The layout follows a repeating pattern where these floral motifs are arranged in rows across the fabric, creating a harmonious and visually pleasing design.",False,no_class,Lamongan,lamongan,0.9061524868011475
/mnt/extended-home/dzakaaufa/dataset/all_images_captioning/Data 20 Batik Kantil (Bangau).jpg,"The batik fabric features the Malang motif, characterized by dark blue tones. The main motifs include stork and chrysanthemum flower, with intricate details shaping its visual identity. The 'isen-isen' consists of delicate patterns that fill the spaces between the larger motifs, adding texture and depth to the design. The pattern appears in a non-geometric arrangement, creating a harmonious and balanced composition across the surface.","The batik fabric is characterized by a deep blue background and white motifs. The main motifs consist of stylized birds, each with outstretched wings, and intricate floral patterns that resemble lotus blossoms or similar designs. These motifs are interspersed throughout the fabric in a scattered yet balanced manner. The 'isen-isen', which fills the spaces between the main motifs, features small circular and star-like shapes, creating a dense network of detailed patterns that enhance the overall complexity of the design. The layout appears to be arranged in a symmetrical fashion, with the central area featuring larger bird motifs surrounded by smaller floral elements radiating outward",False,no_class,Malang,malang,0.7450019121170044
/mnt/extended-home/dzakaaufa/dataset/all_images_captioning/Data 19 Batik Tiepuk (Parang Kawung Cengkeh).jpg,"The batik fabric features the Trenggalek motif, characterized by chocolate, black tones. The main motifs include clove plant flora, with intricate details shaping its visual identity. The 'isen-isen' consists of delicate patterns that fill the spaces between the larger motifs, adding texture and depth to the design. The pattern appears in a non-geometric arrangement, creating a harmonious and balanced composition across the surface.","The batik fabric is characterized by a dark brown background and white motifs. The main motifs consist of small, intricate star-like shapes arranged in a grid pattern. These stars are filled with smaller, repeating diamond shapes that create an 'isen-isen' effect within each star. The layout of the fabric features diagonal stripes running from the top left to the bottom right, interspersed with vertical lines that run parallel to these diagonals. This creates a dynamic interplay between the straight and curved elements, enhancing the overall geometric complexity of the design.",False,no_class,Trenggalek,trenggalek,0.9874938130378723
/mnt/extended-home/dzakaaufa/dataset/all_images_captioning/Data 1 Batik Wagastu (Sayap Sulur Kopi).jpg,"The batik fabric features the Malang motif, characterized by chocolate, green tones. The main motifs include coffee plant, sulur and bird wings, with intricate details shaping its visual identity. The 'isen-isen' consists of delicate patterns that fill the spaces between the larger motifs, adding texture and depth to the design. The pattern appears in a non-geometric arrangement, creating a harmonious and balanced composition across the surface.","The batik fabric is characterized by a brown background and green motifs. The main motifs consist of elongated, flowing lines that resemble stylized leaves or vines, arranged in parallel bands across the fabric. These bands are filled with smaller white dots, creating an 'isen-isen' effect where each dot represents a small leaf or petal. The layout of the pattern follows a symmetrical design, with the green bands running horizontally through the center of the fabric, flanked by vertical rows of white dots against the brown background.",False,no_class,Malang,malang,0.6275090575218201
/mnt/extended-home/dzakaaufa/dataset/all_images_captioning/Data 15 Batik Rahayu (Koi Keberuntungan).jpg,"The batik fabric features the Trenggalek motif, characterized by green, blue tones. The main motifs include clove, teratai and koi fish, with intricate details shaping its visual identity. The 'isen-isen' consists of delicate patterns that fill the spaces between the larger motifs, adding texture and depth to the design. The pattern appears in a non-geometric arrangement, creating a harmonious and balanced composition across the surface.","The batik fabric is characterized by a dark navy blue background and vibrant green and blue motifs. The main motifs consist of stylized fish, each featuring a combination of bright green and blue scales, with some parts in white for contrast. These fish are arranged in a scattered pattern across the fabric. Between the fish, there are smaller 'isen-isen' designs that resemble abstract floral or geometric patterns, also in green and blue hues. The overall layout appears random yet balanced, creating an engaging visual rhythm throughout the fabric.",False,no_class,Trenggalek,trenggalek,0.8530349731445312
/mnt/extended-home/dzakaaufa/dataset/all_images_captioning/Mekar Sari Data 6 Melati Deret.jpg,"The batik fabric features the Lamongan motif, characterized by orange, brown, white tones. The main motifs include jasmine, with intricate details shaping its visual identity. The 'isen-isen' consists of delicate patterns that fill the spaces between the larger motifs, adding texture and depth to the design. The pattern appears in a non-geometric arrangement, creating a harmonious and balanced composition across the surface.","The batik fabric is characterized by a deep maroon background and white motifs. The main motifs appear to be circular, resembling small flowers or dots, arranged in a grid-like pattern across the fabric. These circles are interspersed with smaller, more intricate designs that fill the spaces between them, creating an 'isen-isen' effect where each circle is surrounded by these smaller patterns. The overall layout follows a uniform grid structure, ensuring symmetry and balance throughout the design.",False,no_class,Lamongan,trenggalek,0.8463122248649597
/mnt/extended-home/dzakaaufa/dataset/all_images_captioning/Data 2 Batik Krajan (Truntum Garudeya).jpg,"The batik fabric features the Malang motif, characterized by black, white tones. The main motifs include flower and ガルデヤ, with intricate details shaping its visual identity. The 'isen-isen' consists of delicate patterns that fill the spaces between the larger motifs, adding texture and depth to the design. The pattern appears in a non-geometric arrangement, creating a harmonious and balanced composition across the surface.","The batik fabric is characterized by a black background and white motifs. The main motifs include a central figure resembling a bird or phoenix, surrounded by intricate floral patterns. The 'isen-isen' filling the spaces consists of small, evenly spaced dots arranged in vertical lines that create a cascading effect across the entire surface. The layout/pattern arrangement follows a symmetrical design, with the central motif flanked by repeating floral elements along both sides, creating a balanced and harmonious composition.",False,no_class,Malang,malang,0.9389978647232056
/mnt/extended-home/dzakaaufa/dataset/all_images_captioning/Data 14 Batik Blimbing (Ista Malang Kucecwara Gunungan).jpg,"The batik fabric features the Malang motif, characterized by crimson, white tones. The main motifs include malang monument, tapak batu and fire, with intricate details shaping its visual identity. The 'isen-isen' consists of delicate patterns that fill the spaces between the larger motifs, adding texture and depth to the design. The pattern appears in a simetris arrangement, creating a harmonious and balanced composition across the surface.","The batik fabric is characterized by a dark maroon background and white motifs. The main motifs consist of stylized trees, each featuring a star at the top and a bell-like shape below it. These tree motifs are arranged in a vertical sequence across the fabric. Between these motifs, there is an 'isen-isen' pattern that fills the spaces between them, consisting of small, interconnected diamond shapes forming a honeycomb-like structure. The layout of the fabric shows a progression from more intricate patterns on the left side to simpler designs towards the right, where the 'isen-isen' pattern dominates.",False,no_class,Malang,malang,0.8894149661064148
/mnt/extended-home/dzakaaufa/dataset/all_images_captioning/Data 17 Batik Kantil (Mak-mak Mbois).jpg,"The batik fabric features the Malang motif, characterized by black, red tones. The main motifs include cempaka putih, with intricate details shaping its visual identity. The 'isen-isen' consists of delicate patterns that fill the spaces between the larger motifs, adding texture and depth to the design. The pattern appears in a non-geometric arrangement, creating a harmonious and balanced composition across the surface.","The batik fabric is characterized by a black background and red, orange, yellow, green, blue, and white motifs. The main motifs consist of stylized human figures wearing traditional attire, while the 'isen-isen' filling the spaces between them are star-shaped patterns composed of radiating lines and dots in shades of red, orange, and yellow. The layout/pattern arrangement features rows of human figures aligned vertically along the right side, interspersed with star-shaped 'isen-isen' motifs scattered across the left side of the fabric.",False,no_class,Malang,malang,0.5282307267189026
/mnt/extended-home/dzakaaufa/dataset/all_images_captioning/Istiqomah Data 1 Bandeng Lele Watu Cacah.jpg,"The batik fabric features the Lamongan motif, characterized by dark blue, turquoise, red, white tones. The main motifs include milkfish and catfish and cracked stone, with intricate details shaping its visual identity. The 'isen-isen' consists of delicate patterns that fill the spaces between the larger motifs, adding texture and depth to the design. The pattern appears in a non-geometric arrangement, creating a harmonious and balanced composition across the surface.","The batik fabric is characterized by a dark gray background and red, blue, and teal floral motifs. The main motifs consist of stylized flowers with rounded petals, some featuring a central dot or swirl. The 'isen-isen', which fills the spaces between the motifs, appears as small, scattered dots in various shades of gray, creating a textured effect against the darker background. The pattern is arranged in a grid-like fashion across the fabric, with each motif evenly spaced apart from its neighbors.",False,no_class,Lamongan,malang,0.8690338134765625
/mnt/extended-home/dzakaaufa/dataset/all_images_captioning/Afiq Jaya_35241420061005_ Anggrek Sulur_2025_FLORA_CULTURE.jpg,"The batik fabric features the Lamongan motif, characterized by blue, light brown tones. The main motifs include orchid and tendrils, with intricate details shaping its visual identity. The 'isen-isen' consists of delicate patterns that fill the spaces between the larger motifs, adding texture and depth to the design. The pattern appears in a non-geometric arrangement, creating a harmonious and balanced composition across the surface.","The batik fabric is characterized by a black background and blue, brown, and white motifs. The main motifs include stylized flowers and leaves, which are outlined in brown and filled with blue petals. These floral elements are connected by wavy lines that form intricate patterns across the fabric. The 'isen-isen', or filler designs, consist of small dots and star-like shapes scattered throughout the spaces between the larger motifs. The overall pattern arrangement follows a symmetrical design, with the left side mirroring the right side, creating a balanced and harmonious appearance.",False,no_class,Lamongan,lamongan,0.9452335238456726
/mnt/extended-home/dzakaaufa/dataset/all_images_captioning/Data 25 Batik Tiepuk (Sekar Jagad Abstrak).jpg,"The batik fabric features the Trenggalek motif, characterized by red, pink tones. The main motifs include clove plant flora and bird fauna...., with intricate details shaping its visual identity. The 'isen-isen' consists of delicate patterns that fill the spaces between the larger motifs, adding texture and depth to the design. The pattern appears in a non-geometric arrangement, creating a harmonious and balanced composition across the surface.","The batik fabric is characterized by a white background and red motifs. The main motifs include swirling, abstract shapes that resemble leaves or vines, as well as geometric patterns such as zigzags and dots. These motifs are filled with smaller 'isen-isen', which appear to be intricate designs resembling flowers, leaves, and small geometric shapes in black against the red background. The layout/pattern arrangement consists of overlapping and intertwining motifs, creating a complex yet harmonious design across the entire surface of the fabric.",False,no_class,Trenggalek,trenggalek,0.8336138129234314
/mnt/extended-home/dzakaaufa/dataset/all_images_captioning/Tutut Data 3 Sepyur Daun Melati.jpg,"The batik fabric features the Lamongan motif, characterized by pitch black, blue, golden brown tones. The main motifs include jasmine leaves, with intricate details shaping its visual identity. The 'isen-isen' consists of delicate patterns that fill the spaces between the larger motifs, adding texture and depth to the design. The pattern appears in a geometric arrangement, creating a harmonious and balanced composition across the surface.","The batik fabric is characterized by a dark brown background and small, intricate motifs in shades of red, white, and black. The main motifs appear to be stylized flowers or leaves, each composed of multiple smaller elements such as petals and stems. These motifs are scattered across the fabric, creating a dense yet balanced pattern. The 'isen-isen', which fills the spaces between the larger motifs, consists of tiny white star-like shapes interspersed with occasional red dots, adding texture and depth to the overall design. The layout follows a repeating geometric grid, ensuring that the motifs align consistently throughout the fabric.",False,no_class,Lamongan,lamongan,0.9401201009750366
/mnt/extended-home/dzakaaufa/dataset/all_images_captioning/Data 8 Batik Tiepuk (Kapur Sirih).jpg,"The batik fabric features the Trenggalek motif, characterized by dark red, yellow tones. The main motifs include lime betel plant flora and cultural monument culture, with intricate details shaping its visual identity. The 'isen-isen' consists of delicate patterns that fill the spaces between the larger motifs, adding texture and depth to the design. The pattern appears in a non-geometric arrangement, creating a harmonious and balanced composition across the surface.","The batik fabric is characterized by a black background and red, white, and yellow motifs. The main motifs include stylized leaves and flowers, which are intricately detailed in red and white, with some yellow accents. These motifs are interspersed throughout the fabric, creating a dynamic pattern that extends from one edge to another. The 'isen-isen', or filler patterns, consist of small circular designs in various shades of red, white, and yellow, scattered across the entire surface of the fabric. The layout follows a symmetrical design, with the floral and leaf motifs concentrated along the left side, while the 'isen-isen'",False,no_class,Trenggalek,trenggalek,0.43070656061172485
/mnt/extended-home/dzakaaufa/dataset/all_images_captioning/Data 9 Batik Kantil (Love Bird dan Kamboja).jpg,"The batik fabric features the Malang motif, characterized by bright purple, red tones. The main motifs include love bird and frangipani flower, with intricate details shaping its visual identity. The 'isen-isen' consists of delicate patterns that fill the spaces between the larger motifs, adding texture and depth to the design. The pattern appears in a non-geometric arrangement, creating a harmonious and balanced composition across the surface.","The batik fabric is characterized by a deep purple background and vibrant red, yellow, and green motifs. The main motifs consist of stylized birds in flight, depicted with flowing lines that capture their movement. These birds are interspersed among branches adorned with blossoms, which are filled with small dots representing the centers of the flowers. The 'isen-isen' filling the spaces between these main motifs includes smaller floral patterns and additional bird figures, creating a dense yet harmonious pattern across the fabric. The overall layout follows a symmetrical design, with the central area being more densely packed with motifs compared to the edges, where the spacing becomes",False,no_class,Malang,malang,0.6701887249946594
/mnt/extended-home/dzakaaufa/dataset/all_images_captioning/Data 3 Batik Tiepuk Malang (Gemah Ripah Jahe Cengkeh).jpg,"The batik fabric features the Trenggalek motif, characterized by orange, black tones. The main motifs include flora of ginger plants, cloves, with intricate details shaping its visual identity. The 'isen-isen' consists of delicate patterns that fill the spaces between the larger motifs, adding texture and depth to the design. The pattern appears in a non-geometric arrangement, creating a harmonious and balanced composition across the surface.","The batik fabric is characterized by an orange background and black spots as well as white serpentine lines forming the motifs. The main motifs consist of small, stylized snake-like figures with open mouths and pointed tails, arranged in a scattered pattern across the fabric. These snakes are interspersed with wavy, serpentine lines that fill the spaces between them, creating a dynamic and interconnected design. The overall layout follows a random yet harmonious arrangement, ensuring no two adjacent motifs are identical while maintaining a cohesive visual flow throughout the entire piece.",False,no_class,Trenggalek,trenggalek,0.9754126071929932
/mnt/extended-home/dzakaaufa/dataset/all_images_captioning/Data 2 Batik Rahayu (Parang Barong).jpg,"The batik fabric features the Trenggalek motif, characterized by sogan chocolate tones. The main motifs include machete, with intricate details shaping its visual identity. The 'isen-isen' consists of delicate patterns that fill the spaces between the larger motifs, adding texture and depth to the design. The pattern appears in a geometric arrangement, creating a harmonious and balanced composition across the surface.","The batik fabric is characterized by a black background and white motifs. The main motifs appear as elongated, abstract shapes resembling stylized leaves or waves, arranged in diagonal lines across the fabric. These motifs are filled with smaller, intricate patterns that resemble dots and small curves, creating an 'isen-isen' effect within each larger shape. The overall pattern arrangement consists of these diagonal rows of motifs, which repeat consistently throughout the visible portion of the fabric.",False,no_class,Trenggalek,parang,0.870910108089447
/mnt/extended-home/dzakaaufa/dataset/all_images_captioning/Data 1 Batik Hamparan Rintik (Daun Waru dan Hujan).jpg,"The batik fabric features the Malang motif, characterized by grapes tones. The main motifs include flame tree, with intricate details shaping its visual identity. The 'isen-isen' consists of delicate patterns that fill the spaces between the larger motifs, adding texture and depth to the design. The pattern appears in a non-geometric arrangement, creating a harmonious and balanced composition across the surface.","The batik fabric is characterized by a deep maroon background and white motifs. The main motifs include stylized leaves, small dots, and abstract shapes resembling flowers or geometric patterns. These motifs are interspersed throughout the fabric in a scattered manner, creating an organic feel. The 'isen-isen', which fills the spaces between the motifs, consists of horizontal lines and short dashes arranged in various configurations, adding to the intricate design. The overall pattern arrangement appears random yet harmonious, with no strict alignment or symmetry.",False,no_class,Malang,malang,0.8849102854728699
/mnt/extended-home/dzakaaufa/dataset/all_images_captioning/Data 2 Batik Kantil (Sekar Jagad).jpg,"The batik fabric features the Malang motif, characterized by purple, white tones. The main motifs include white champaka, bunga sepatu and machete, truntum, kawung, with intricate details shaping its visual identity. The 'isen-isen' consists of delicate patterns that fill the spaces between the larger motifs, adding texture and depth to the design. The pattern appears in a non-geometric arrangement, creating a harmonious and balanced composition across the surface.","The batik fabric is characterized by a deep purple background and white motifs. The main motifs include hexagons, circles, and diamond shapes, each filled with intricate crosshatch patterns or small floral designs. These motifs are arranged in a grid-like pattern across the fabric, creating a dense and symmetrical design that covers the entire surface.",False,no_class,Malang,malang,0.7693686485290527
/mnt/extended-home/dzakaaufa/dataset/all_images_captioning/FC Data 2 Bandeng Lele Krisan KLecubung.jpg,"The batik fabric features the Lamongan motif, characterized by black, red tones. The main motifs include milkfish and catfish and chrysanthemum and datura, with intricate details shaping its visual identity. The 'isen-isen' consists of delicate patterns that fill the spaces between the larger motifs, adding texture and depth to the design. The pattern appears in a non-geometric arrangement, creating a harmonious and balanced composition across the surface.","The batik fabric is characterized by a black background and red motifs. The main motifs consist of intricate floral designs, including flowers and leaves, which are symmetrically arranged in a central area. Surrounding these central motifs, there are smaller star-like shapes that fill the spaces between them. These star shapes have white lines radiating outward from their centers, creating a sense of depth and texture. The overall pattern arrangement follows a symmetrical design, with the central floral motifs flanked by similar patterns along the edges of the fabric.",False,no_class,Lamongan,lamongan,0.9430640935897827
/mnt/extended-home/dzakaaufa/dataset/all_images_captioning/Data 3 Batik Hamparan Rintik (Teratai Senja).jpg,"The batik fabric features the Malang motif, characterized by violet, boysenberries tones. The main motifs include lotus, with intricate details shaping its visual identity. The 'isen-isen' consists of delicate patterns that fill the spaces between the larger motifs, adding texture and depth to the design. The pattern appears in a non-geometric arrangement, creating a harmonious and balanced composition across the surface.","The batik fabric is characterized by a deep red background and white motifs. The main motifs include stylized flowers, lotus blossoms, and abstract geometric shapes such as diamonds and wavy lines. These motifs are interspersed with smaller dots forming an 'isen-isen' pattern that fills the spaces between them. The layout follows a horizontal banding system, where each row features different combinations of these motifs arranged in a repeating sequence across the width of the fabric.",False,no_class,Malang,malang,0.7292514443397522
/mnt/extended-home/dzakaaufa/dataset/all_images_captioning/Data 8 Batik Blimbing (Balai Kota Malang).jpg,"The batik fabric features the Malang motif, characterized by bright red, brown tones. The main motifs include lotus and malang monument, balai kota malang, with intricate details shaping its visual identity. The 'isen-isen' consists of delicate patterns that fill the spaces between the larger motifs, adding texture and depth to the design. The pattern appears in a simetris arrangement, creating a harmonious and balanced composition across the surface.","The batik fabric is characterized by a pink background and brown motifs. The main motifs include stylized buildings, trees, and floral elements. These motifs are outlined in brown against the pink background. The 'isen-isen', or the spaces between the motifs, feature intricate geometric patterns that fill the remaining areas of the fabric. The layout arranges these motifs vertically along the left side of the fabric, creating a balanced yet dynamic composition.",False,no_class,Malang,malang,0.9701677560806274
/mnt/extended-home/dzakaaufa/dataset/all_images_captioning/Mutiara S Data 10 Kipas Bunga Sepatu.jpg,"The batik fabric features the Lamongan motif, characterized by red, black, white tones. The main motifs include hibiscus and folding fan, with intricate details shaping its visual identity. The 'isen-isen' consists of delicate patterns that fill the spaces between the larger motifs, adding texture and depth to the design. The pattern appears in a non-geometric arrangement, creating a harmonious and balanced composition across the surface.","The batik fabric is characterized by a white background and red, black, and white motifs. The main motifs consist of stylized birds perched on branches adorned with flowers and leaves. These branches extend across the fabric in a diagonal pattern, creating a flowing effect. The spaces between these main motifs are filled with smaller, intricate patterns known as 'isen-isen,' which include additional floral designs and geometric shapes. The overall layout features alternating rows of larger bird-and-branch motifs interspersed with sections of densely packed 'isen-isen' patterns, resulting in a visually dynamic yet harmonious design.",False,no_class,Lamongan,lamongan,0.9785065054893494
/mnt/extended-home/dzakaaufa/dataset/all_images_captioning/Data 29 Batik Rahayu (Udan Liris).jpg,"The batik fabric features the Trenggalek motif, characterized by chocolate, black tones. The main motifs include rainy nature, with intricate details shaping its visual identity. The 'isen-isen' consists of delicate patterns that fill the spaces between the larger motifs, adding texture and depth to the design. The pattern appears in a geometric arrangement, creating a harmonious and balanced composition across the surface.","The batik fabric is characterized by a dark blue background and gold motifs. The main motifs consist of elongated, diamond-shaped elements that run diagonally across the fabric. These diamonds are filled with smaller, intricate patterns resembling small triangles or zigzags in white and gold. The 'isen-isen', which fills the spaces between the main motifs, features a repeating pattern of small, interconnected diamond shapes in white against the dark blue background. The overall layout presents a diagonal stripe pattern where each stripe contains its own set of motifs and 'isen-isen'.",False,no_class,Trenggalek,trenggalek,0.9912822246551514
/mnt/extended-home/dzakaaufa/dataset/all_images_captioning/Data 4 Batik Bengkel (Catur Padma Kahuripan).jpg,"The batik fabric features the Malang motif, characterized by white, black tones. The main motifs include lotus, with intricate details shaping its visual identity. The 'isen-isen' consists of delicate patterns that fill the spaces between the larger motifs, adding texture and depth to the design. The pattern appears in a non-geometric arrangement, creating a harmonious and balanced composition across the surface.","The batik fabric is characterized by a black and white checkered background, filled with small purple lotus flower motifs. The lotus flowers have five petals each, arranged symmetrically around a central point. The 'isen-isen' filling the spaces between the lotus flowers consists of smaller diamond patterns in alternating black and white squares. The layout of the fabric features a gradient transition from a dense concentration of lotus flowers near the center to a more sparse distribution towards the edges, creating a visually balanced design.",False,no_class,Malang,malang,0.7479203939437866
/mnt/extended-home/dzakaaufa/dataset/all_images_captioning/Data 12 Batik Kantil (Keong).jpg,"The batik fabric features the Malang motif, characterized by navy blue, navy blue, bright blue tones. The main motifs include cempaka putih and snail, with intricate details shaping its visual identity. The 'isen-isen' consists of delicate patterns that fill the spaces between the larger motifs, adding texture and depth to the design. The pattern appears in a non-geometric arrangement, creating a harmonious and balanced composition across the surface.","The batik fabric is characterized by a deep blue background and vibrant, colorful motifs. The main motifs consist of stylized flowers in shades of pink, yellow, green, and blue, arranged within circular frames that resemble wreaths or bouquets. These circular frames are filled with smaller, intricate patterns known as 'isen-isen,' which include floral designs and geometric shapes. The layout of the fabric features a repeating pattern where these circular motifs are evenly spaced across the entire surface, creating a harmonious and symmetrical design.",False,no_class,Malang,malang,0.6953608989715576
/mnt/extended-home/dzakaaufa/dataset/all_images_captioning/Data 8 Batik Wagastu (Batik Musim Gugur).jpg,"The batik fabric features the Malang motif, characterized by red, turquoise tones. The main motifs include mango tree, with intricate details shaping its visual identity. The 'isen-isen' consists of delicate patterns that fill the spaces between the larger motifs, adding texture and depth to the design. The pattern appears in a non-geometric arrangement, creating a harmonious and balanced composition across the surface.","The batik fabric is characterized by a white background and red, yellow, green, and black motifs. The main motifs appear to be stylized fish or bird-like figures with elongated bodies and pointed heads, featuring intricate details such as scales and fins. The 'isen-isen', which fills the spaces between the main motifs, consists of smaller, repeating patterns that resemble abstracted leaves or feathers in various colors including red, yellow, green, and black. The layout/pattern arrangement follows a diagonal grid, creating a dynamic and visually engaging design across the entire surface of the fabric.",False,no_class,Malang,malang,0.8266487717628479
/mnt/extended-home/dzakaaufa/dataset/all_images_captioning/Chotifa_35241420060107_Bandeng Lele Daun Imbo_2025_FLORA.jpg,"The batik fabric features the Lamongan motif, characterized by army green, grey tones. The main motifs include neem leaves, with intricate details shaping its visual identity. The 'isen-isen' consists of delicate patterns that fill the spaces between the larger motifs, adding texture and depth to the design. The pattern appears in a non-geometric arrangement, creating a harmonious and balanced composition across the surface.","The batik fabric is characterized by a brown background and green, pink, and white motifs. The main motifs appear to be elongated, curved shapes resembling leaves or petals, with some having a slight hook at the end. These motifs are interspersed throughout the fabric in a scattered pattern. The 'isen-isen', which fills the spaces between the main motifs, consists of small, irregularly shaped dots that are predominantly orange with hints of red and green, creating a dense, intricate network across the entire surface. The overall layout follows a random yet harmonious distribution, ensuring no two motifs are identical in their placement or orientation.",False,no_class,Lamongan,lamongan,0.6897334456443787
/mnt/extended-home/dzakaaufa/dataset/all_images_captioning/Istiqomah Data 2 Merak Latohan Kombinasi.jpg,"The batik fabric features the Lamongan motif, characterized by black, brown tones. The main motifs include peacock, with intricate details shaping its visual identity. The 'isen-isen' consists of delicate patterns that fill the spaces between the larger motifs, adding texture and depth to the design. The pattern appears in a non-geometric arrangement, creating a harmonious and balanced composition across the surface.","The batik fabric is characterized by a black background and gold motifs. The main motifs include intricate floral designs, leaves, and abstract shapes that resemble flowing lines or waves. These motifs are interspersed throughout the fabric in a scattered yet harmonious manner. The 'isen-isen', which fills the spaces between the larger motifs, consists of smaller, delicate patterns resembling stars, dots, and swirling forms, creating a dense network across the entire surface. The overall pattern arrangement appears random but balanced, giving the fabric a dynamic and lively appearance.",False,no_class,Lamongan,lamongan,0.9909219145774841
/mnt/extended-home/dzakaaufa/dataset/all_images_captioning/Mekar Sari Data 2 Patran Pakis.jpg,"The batik fabric features the Lamongan motif, characterized by red, black, white tones. The main motifs include fern, with intricate details shaping its visual identity. The 'isen-isen' consists of delicate patterns that fill the spaces between the larger motifs, adding texture and depth to the design. The pattern appears in a non-geometric arrangement, creating a harmonious and balanced composition across the surface.","The batik fabric is characterized by a black background and red, white, and light pink motifs. The main motifs appear to be stylized leaves or floral patterns, each composed of multiple smaller leaf-like elements arranged in a symmetrical fashion. The 'isen-isen', which fills the spaces between the larger motifs, consists of small, starburst-like shapes that add texture and contrast against the dark background. The pattern is arranged in a repeating, grid-like manner across the fabric, creating a visually balanced and harmonious design.",False,no_class,Lamongan,lamongan,0.9774788618087769
/mnt/extended-home/dzakaaufa/dataset/all_images_captioning/Chotifa_35241420060102_Kepet Bandeng Lele_2025_CULTURE_FAUNA.jpg,"The batik fabric features the Lamongan motif, characterized by black, red tones. The main motifs include kepet and milkfish and catfish, with intricate details shaping its visual identity. The 'isen-isen' consists of delicate patterns that fill the spaces between the larger motifs, adding texture and depth to the design. The pattern appears in a non-geometric arrangement, creating a harmonious and balanced composition across the surface.","The batik fabric is characterized by a black background and red and white motifs. The main motifs include stylized flowers, leaves, and possibly birds or insects, all intricately detailed in red. These motifs are interspersed with smaller white dots that form an 'isen-isen' pattern, creating a dense and intricate design across the fabric. The layout appears to be arranged in a random yet harmonious manner, ensuring no part of the fabric remains unadorned.",False,no_class,Lamongan,lamongan,0.9700772166252136
/mnt/extended-home/dzakaaufa/dataset/all_images_captioning/Mutiara S Data 1 Bandeng Lele dalam Kolam.jpg,"The batik fabric features the Lamongan motif, characterized by red, orange, black tones. The main motifs include milkfish and catfish, with intricate details shaping its visual identity. The 'isen-isen' consists of delicate patterns that fill the spaces between the larger motifs, adding texture and depth to the design. The pattern appears in a non-geometric arrangement, creating a harmonious and balanced composition across the surface.","The batik fabric is characterized by a maroon background and white, black, and red motifs. The main motifs include stylized birds and flowers, each intricately detailed. The 'isen-isen' filling the spaces between these larger elements consists of smaller floral patterns in white and red, creating a dense and intricate design. The layout follows a repeating pattern where the larger bird and flower motifs alternate with the smaller floral designs, forming a harmonious and balanced composition across the entire fabric.",False,no_class,Lamongan,lamongan,0.8715505599975586
/mnt/extended-home/dzakaaufa/dataset/all_images_captioning/Data 9 Batik Rahayu (Truntum Cengkeh).jpg,"The batik fabric features the Trenggalek motif, characterized by red sogan tones. The main motifs include clove, with intricate details shaping its visual identity. The 'isen-isen' consists of delicate patterns that fill the spaces between the larger motifs, adding texture and depth to the design. The pattern appears in a non-geometric arrangement, creating a harmonious and balanced composition across the surface.","The batik fabric is characterized by a dark navy blue background and red motifs. The main motifs consist of swirling, floral-like patterns that resemble stylized leaves or flowers, each outlined in white. These motifs are interspersed with smaller, evenly spaced dots forming an 'isen-isen' pattern throughout the fabric. The layout/pattern arrangement features these larger motifs scattered across the surface, creating a balanced yet dynamic design, while the smaller dots fill the remaining space between them, ensuring a consistent texture and visual interest.",False,no_class,Trenggalek,lamongan,0.5724504590034485
/mnt/extended-home/dzakaaufa/dataset/all_images_captioning/Data 15 Batik Kantil (Parang Mawar Kupu-kupu).jpg,"The batik fabric features the Malang motif, characterized by bright green, green tones. The main motifs include rose flower, butterfly and parang pattern, with intricate details shaping its visual identity. The 'isen-isen' consists of delicate patterns that fill the spaces between the larger motifs, adding texture and depth to the design. The pattern appears in a geometric arrangement, creating a harmonious and balanced composition across the surface.","The batik fabric is characterized by a dark green background and light yellow, brown, and green motifs. The main motifs include stylized flowers and leaves, with the petals and stems in light yellow and the centers of the flowers in brown. The 'isen-isen', or filler patterns, consist of small diamond shapes and intricate lines that create a textured appearance across the fabric. The layout features horizontal bands of floral designs alternating with geometric patterns, creating a balanced and harmonious composition.",False,no_class,Malang,malang,0.7330480813980103
/mnt/extended-home/dzakaaufa/dataset/all_images_captioning/Data 4 Batik Kantil (Rama Sinta Kantil).jpg,"The batik fabric features the Malang motif, characterized by dark purple, orange tones. The main motifs include rama sinta puppet and cempaka putih, with intricate details shaping its visual identity. The 'isen-isen' consists of delicate patterns that fill the spaces between the larger motifs, adding texture and depth to the design. The pattern appears in a non-geometric arrangement, creating a harmonious and balanced composition across the surface.","The batik fabric is characterized by a dark navy blue background and orange, white, and green motifs. The main motifs consist of stylized figures that appear to be human-like in form but are abstracted into geometric shapes. These figures have elongated bodies and heads adorned with various patterns. The 'isen-isen' filling the spaces between these figures consists of small, repeating diamond-shaped patterns in orange and white. The layout of the fabric features two large central figures flanking either side of the fabric, with smaller diamond patterns scattered across the rest of the surface.",False,no_class,Malang,malang,0.5579952597618103
/mnt/extended-home/dzakaaufa/dataset/all_images_captioning/Data 11 Batik Lana (Bunga Wijaya Kusuma).jpg,"The batik fabric features the Malang motif, characterized by kepeng green tones. The main motifs include wijaya kusuma flower, with intricate details shaping its visual identity. The 'isen-isen' consists of delicate patterns that fill the spaces between the larger motifs, adding texture and depth to the design. The pattern appears in a non-geometric arrangement, creating a harmonious and balanced composition across the surface.","The batik fabric is characterized by a beige background and white motifs. The main motifs include stylized flowers, leaves, and abstract shapes resembling wheat or grass. These motifs are interspersed throughout the fabric in a scattered pattern. The 'isen-isen', which fills the spaces between the motifs, consists of small, evenly spaced dots that create a subtle texture across the entire surface. The overall layout appears random yet balanced, with no discernible repeating rows or columns.",False,no_class,Malang,malang,0.9764434099197388
/mnt/extended-home/dzakaaufa/dataset/all_images_captioning/Data 2 Batik Bengkel (Puspavardhati Sandhiya).jpg,"The batik fabric features the Malang motif, characterized by orange, red tones. The main motifs include roses and dusk, with intricate details shaping its visual identity. The 'isen-isen' consists of delicate patterns that fill the spaces between the larger motifs, adding texture and depth to the design. The pattern appears in a non-geometric arrangement, creating a harmonious and balanced composition across the surface.","The batik fabric is characterized by a gradient orange to yellow background and floral motifs in shades of purple, pink, and red. The main motifs consist of stylized flowers with detailed petals and leaves, arranged vertically along the right side of the fabric. The 'isen-isen', or filler patterns, include small heart shapes scattered across the background, adding texture and contrast to the overall design. The layout features a distinct division between the floral patterned area and the plain gradient background, creating a visually striking composition.",False,no_class,Malang,malang,0.9113131165504456
/mnt/extended-home/dzakaaufa/dataset/all_images_captioning/Data 23 Batik Kantil (Sarang Lebah).jpg,"The batik fabric features the Malang motif, characterized by dark blue tones. The main motifs include hibiscus and beehive, with intricate details shaping its visual identity. The 'isen-isen' consists of delicate patterns that fill the spaces between the larger motifs, adding texture and depth to the design. The pattern appears in a non-geometric arrangement, creating a harmonious and balanced composition across the surface.","The batik fabric is characterized by a deep blue background and light blue to white motifs. The main motifs include star-like shapes, some resembling flowers or leaves, interspersed with smaller circular dots that form an 'isen-isen' pattern. These motifs vary in size and density across the fabric, creating a dynamic and textured appearance. The layout features a gradient effect where the density of the motifs increases towards the center, transitioning into a more sparse distribution at the edges.",False,no_class,Malang,malang,0.9560754895210266
/mnt/extended-home/dzakaaufa/dataset/all_images_captioning/Data 9 Batik Wagastu (Bon Kelengkeng).jpg,"The batik fabric features the Malang motif, characterized by navy blue, brick red tones. The main motifs include longan tree, with intricate details shaping its visual identity. The 'isen-isen' consists of delicate patterns that fill the spaces between the larger motifs, adding texture and depth to the design. The pattern appears in a non-geometric arrangement, creating a harmonious and balanced composition across the surface.","The batik fabric is characterized by a dark blue background and multicolored motifs, including shades of red, green, yellow, and white. The main motifs appear to be elongated, wavy shapes that resemble stylized leaves or vines, arranged in diagonal lines across the fabric. These motifs are interspersed with smaller, more intricate patterns known as 'isen-isen,' which fill the spaces between them. The overall pattern arrangement creates a dynamic and visually engaging design, with the diagonal lines adding a sense of movement and depth to the fabric.",False,no_class,Malang,malang,0.35314735770225525
/mnt/extended-home/dzakaaufa/dataset/all_images_captioning/Data 28 Batik Soendari (Sekartaji Latar Daun Bambu).jpg,"The batik fabric features the Malang motif, characterized by red tones. The main motifs include bamboo leaf and sekartaji mask, with intricate details shaping its visual identity. The 'isen-isen' consists of delicate patterns that fill the spaces between the larger motifs, adding texture and depth to the design. The pattern appears in a geometric arrangement, creating a harmonious and balanced composition across the surface.","The batik fabric is characterized by a red background and white motifs. The main motifs consist of circular faces with intricate crowns, each featuring a smiling expression. These faces are evenly spaced across the fabric. The 'isen-isen' filling the spaces between these circular faces consists of small, petal-like shapes arranged in a repeating pattern that resembles a floral design. The layout/pattern arrangement follows a symmetrical design, with two rows of three circular face motifs on the left side and one row of four circular face motifs on the right side, bordered by the floral 'isen-isen'.",False,no_class,Malang,malang,0.9732332825660706
/mnt/extended-home/dzakaaufa/dataset/all_images_captioning/Data 7 Batik Lana (Parang Anggrek).jpg,"The batik fabric features the Malang motif, characterized by brown tones. The main motifs include orchid flower, with intricate details shaping its visual identity. The 'isen-isen' consists of delicate patterns that fill the spaces between the larger motifs, adding texture and depth to the design. The pattern appears in a geometric arrangement, creating a harmonious and balanced composition across the surface.","The batik fabric is characterized by a terracotta-colored background and beige motifs. The main motifs appear to be stylized palm trees, each featuring a central leafy structure with smaller leaves extending outward. The 'isen-isen', or filler patterns, consist of wavy lines that intertwine between the palm tree motifs, creating a continuous flow across the fabric. The layout/pattern arrangement follows a diagonal grid-like pattern, where the palm trees are spaced evenly apart, and the 'isen-isen' fills the gaps in a consistent manner, ensuring a balanced and harmonious design throughout the entire piece.",False,no_class,Malang,malang,0.7888545393943787
/mnt/extended-home/dzakaaufa/dataset/all_images_captioning/Data 5 Batik Bengkel (Ukel Kelana).jpg,"The batik fabric features the Malang motif, characterized by navy blue tones. The main motifs include mask, with intricate details shaping its visual identity. The 'isen-isen' consists of delicate patterns that fill the spaces between the larger motifs, adding texture and depth to the design. The pattern appears in a non-geometric arrangement, creating a harmonious and balanced composition across the surface.","The batik fabric is characterized by a dark blue background and white motifs. The main motifs consist of circular shapes, including spirals and dots, which are interspersed throughout the fabric. These circular elements are filled with smaller white dots, creating an intricate pattern that resembles a network or web-like structure. The layout of the fabric features these circular motifs arranged in a seemingly random yet harmonious manner across the entire surface, giving it a dynamic and visually engaging appearance.",False,no_class,Malang,malang,0.942414402961731
/mnt/extended-home/dzakaaufa/dataset/all_images_captioning/Data 6 Batik Wagastu (Sulur Wiji Timun).jpg,"The batik fabric features the Malang motif, characterized by chocolate, orange tones. The main motifs include cucumber plant, with intricate details shaping its visual identity. The 'isen-isen' consists of delicate patterns that fill the spaces between the larger motifs, adding texture and depth to the design. The pattern appears in a geometric arrangement, creating a harmonious and balanced composition across the surface.","The batik fabric is characterized by a brown background and orange, blue, and white motifs. The main motifs consist of elongated, curved shapes resembling leaves or petals, arranged in diagonal rows across the fabric. These motifs are filled with smaller, intricate patterns that include dots and lines, creating an 'isen-isen' effect within each larger shape. The layout of the pattern follows a consistent diagonal alignment, with the motifs overlapping slightly to form a cohesive design across the entire surface.",False,no_class,Malang,malang,0.8660508394241333
/mnt/extended-home/dzakaaufa/dataset/all_images_captioning/Data 10 Batik Krajan (Parang Lombok).jpg,"The batik fabric features the Malang motif, characterized by red, black tones. The main motifs include chili plant and classic pattern, with intricate details shaping its visual identity. The 'isen-isen' consists of delicate patterns that fill the spaces between the larger motifs, adding texture and depth to the design. The pattern appears in a non-geometric arrangement, creating a harmonious and balanced composition across the surface.","The batik fabric is characterized by a red background and black motifs. The main motifs include stylized, intertwined snake-like figures at the top, forming a crown-like shape, and intricate floral patterns at the bottom. The 'isen-isen', or filler designs, consist of repeating oval shapes that fill the spaces between the larger motifs. The layout arranges these elements symmetrically around a central axis, creating a balanced and harmonious pattern across the fabric.",False,no_class,Malang,malang,0.8216343522071838
/mnt/extended-home/dzakaaufa/dataset/all_images_captioning/Data 2 Batik Hamparan Rintik (Tasik Madu).jpg,"The batik fabric features the Malang motif, characterized by violet tones. The main motifs include bee, with intricate details shaping its visual identity. The 'isen-isen' consists of delicate patterns that fill the spaces between the larger motifs, adding texture and depth to the design. The pattern appears in a non-geometric arrangement, creating a harmonious and balanced composition across the surface.","The batik fabric is characterized by a deep purple background and white motifs. The main motifs include stylized bees, hexagonal patterns resembling honeycombs, and abstract geometric shapes such as circles and lines. These elements are interspersed throughout the fabric in a scattered yet balanced manner. The 'isen-isen' filling the spaces between these motifs consists of smaller, repeating geometric shapes that complement the larger designs without overpowering them. The overall pattern arrangement appears random but harmonious, creating an intricate and visually engaging design.",False,no_class,Malang,malang,0.9081131219863892
/mnt/extended-home/dzakaaufa/dataset/all_images_captioning/Data 6 Batik Soendari (Trembesi).jpg,"The batik fabric features the Malang motif, characterized by brown, turquoise tones. The main motifs include rain tree, with intricate details shaping its visual identity. The 'isen-isen' consists of delicate patterns that fill the spaces between the larger motifs, adding texture and depth to the design. The pattern appears in a geometric arrangement, creating a harmonious and balanced composition across the surface.","The batik fabric is characterized by a black background and white, green, and gold motifs. The main motifs include stylized leaves and floral elements, with some resembling snowflakes or starbursts. These motifs are interconnected by intricate 'isen-isen', which appear as small dots and lines that fill the spaces between them. The pattern is arranged in a symmetrical grid-like structure, creating a balanced and repetitive design across the entire surface of the fabric.",False,no_class,Malang,malang,0.7730728387832642
/mnt/extended-home/dzakaaufa/dataset/all_images_captioning/Data 26 Batik Tiepuk (Sekar Jagad Cengkeh).jpg,"The batik fabric features the Trenggalek motif, characterized by chocolate, blue tones. The main motifs include sekar universe culture, with intricate details shaping its visual identity. The 'isen-isen' consists of delicate patterns that fill the spaces between the larger motifs, adding texture and depth to the design. The pattern appears in a geometric arrangement, creating a harmonious and balanced composition across the surface.","The batik fabric is characterized by a dark brown background and hexagonal motifs in various shades of brown, red, white, and black. The main motifs are hexagons, some filled with smaller geometric patterns like squares and diamonds, while others contain simple dots or lines. The 'isen-isen', which fills the spaces between the hexagons, includes small circles, crosses, and checkered patterns in contrasting colors such as white, red, and black against the darker background. The overall pattern arrangement creates a dense, intricate design that covers the entire surface of the fabric.",False,no_class,Trenggalek,trenggalek,0.9757383465766907
/mnt/extended-home/dzakaaufa/dataset/all_images_captioning/Data 5 Batik Tiepuk (Kipas Cengkeh).jpg,"The batik fabric features the Trenggalek motif, characterized by moss green, black tones. The main motifs include fan motif culture and clove flora, with intricate details shaping its visual identity. The 'isen-isen' consists of delicate patterns that fill the spaces between the larger motifs, adding texture and depth to the design. The pattern appears in a non-geometric arrangement, creating a harmonious and balanced composition across the surface.","The batik fabric is characterized by a black background and white motifs. The main motifs consist of intricate, symmetrical floral patterns resembling paisleys or lotus flowers, each featuring detailed petal-like structures. The 'isen-isen', which fills the spaces between these larger motifs, includes smaller, more delicate floral designs and geometric shapes such as triangles and dots. The layout/pattern arrangement follows a repeating grid-like structure, creating a harmonious and balanced overall design across the entire surface of the fabric.",False,no_class,Trenggalek,trenggalek,0.9368793964385986
/mnt/extended-home/dzakaaufa/dataset/all_images_captioning/Data 11 Batik Krajan (Ukel-ukel).jpg,"The batik fabric features the Malang motif, characterized by navy blue tones. The main motifs include string of pearls, with intricate details shaping its visual identity. The 'isen-isen' consists of delicate patterns that fill the spaces between the larger motifs, adding texture and depth to the design. The pattern appears in a geometric arrangement, creating a harmonious and balanced composition across the surface.","The batik fabric is characterized by a dark blue background and white motifs. The main motifs appear to be elongated, possibly fish-like shapes arranged in rows across the fabric. These motifs are interspersed with smaller, intricate patterns that fill the spaces between them, creating an 'isen-isen' effect. The layout follows a repetitive horizontal pattern where each row of larger motifs is separated by these smaller, detailed designs, resulting in a visually balanced and textured appearance.",False,no_class,Malang,malang,0.4535021185874939
/mnt/extended-home/dzakaaufa/dataset/all_images_captioning/Jayyida Data 14 Singa Duduk (Mitos).jpg,"The batik fabric features the Lamongan motif, characterized by turmeric yellow, black tones. The main motifs include singa duduk, with intricate details shaping its visual identity. The 'isen-isen' consists of delicate patterns that fill the spaces between the larger motifs, adding texture and depth to the design. The pattern appears in a non-geometric arrangement, creating a harmonious and balanced composition across the surface.","The batik fabric is characterized by an orange background and black motifs. The main motifs consist of stylized birds, each featuring intricate details such as wings spread wide and decorative elements around their bodies. These birds are interspersed with smaller, repeating patterns known as 'isen-isen,' which include floral and geometric designs in white against the orange backdrop. The layout of the fabric features these larger bird motifs arranged symmetrically across the width, while the 'isen-isen' fill the remaining spaces between them, creating a balanced and harmonious pattern throughout the entire piece.",False,no_class,Lamongan,lamongan,0.6238970160484314
/mnt/extended-home/dzakaaufa/dataset/all_images_captioning/Afiq Jaya_35241420061002_Gapuro Teratai_2025_FLORA_FAUNA.jpg,"The batik fabric features the Lamongan motif, characterized by cobalt blue, grey tones. The main motifs include lotus and gapuro, with intricate details shaping its visual identity. The 'isen-isen' consists of delicate patterns that fill the spaces between the larger motifs, adding texture and depth to the design. The pattern appears in a non-geometric arrangement, creating a harmonious and balanced composition across the surface.","The batik fabric is characterized by a black background and blue, white, and beige motifs. The main motifs include stylized birds with outstretched wings, each adorned with intricate details such as feathers and decorative elements. These birds are symmetrically placed in pairs, facing opposite directions across the fabric. Between these central motifs, there are smaller floral patterns filled with 'isen-isen', which appear to be small, star-like shapes in white and light blue hues. The overall pattern arrangement creates a balanced and harmonious design, with the larger bird motifs serving as focal points surrounded by the detailed 'isen-isen'.",False,no_class,Lamongan,lamongan,0.9075153470039368
/mnt/extended-home/dzakaaufa/dataset/all_images_captioning/Afiq Jaya_35241420061003_Gapuro Parang_2024_CULTURE.jpg,"The batik fabric features the Lamongan motif, characterized by black, blue tones. The main motifs include gapuro and parang, with intricate details shaping its visual identity. The 'isen-isen' consists of delicate patterns that fill the spaces between the larger motifs, adding texture and depth to the design. The pattern appears in a non-geometric arrangement, creating a harmonious and balanced composition across the surface.","The batik fabric is characterized by a black background and blue motifs. The main motifs consist of circular designs, each containing intricate patterns that resemble floral or geometric shapes. These circles are filled with smaller dots and lines, creating an 'isen-isen' effect within them. The layout of the fabric features these circular motifs arranged in a scattered pattern across the surface, with some larger motifs positioned at the corners and smaller ones filling the central area.",False,no_class,Lamongan,lamongan,0.9263305068016052
/mnt/extended-home/dzakaaufa/dataset/all_images_captioning/Data 20 Batik Tiepuk (Junjung Derajat Mahkota Cengkeh).jpg,"The batik fabric features the Trenggalek motif, characterized by dark red, pink tones. The main motifs include clove plant flora and kawung motif culture, with intricate details shaping its visual identity. The 'isen-isen' consists of delicate patterns that fill the spaces between the larger motifs, adding texture and depth to the design. The pattern appears in a non-geometric arrangement, creating a harmonious and balanced composition across the surface.","The batik fabric is characterized by a black background and white, red, and pink motifs. The main motifs include elongated teardrop shapes filled with smaller dots and lines, creating a sense of depth and texture. These motifs are interspersed with straight horizontal lines that run across the fabric in various directions. The 'isen-isen', or filler patterns, consist of small geometric shapes such as triangles, squares, and circles, predominantly in white but also incorporating red and pink hues to add contrast against the dark background. The overall pattern arrangement follows a symmetrical design, with the motifs and 'isen-isen' arranged in a balanced",False,no_class,Trenggalek,trenggalek,0.9376032948493958
/mnt/extended-home/dzakaaufa/dataset/all_images_captioning/Data 19 Batik Kantil (Bunga Mawar).jpg,"The batik fabric features the Malang motif, characterized by milk chocolate, white tones. The main motifs include rose flower, with intricate details shaping its visual identity. The 'isen-isen' consists of delicate patterns that fill the spaces between the larger motifs, adding texture and depth to the design. The pattern appears in a non-geometric arrangement, creating a harmonious and balanced composition across the surface.","The batik fabric is characterized by a brown background and white motifs. The main motifs include stylized flowers, leaves, and dots arranged in a scattered pattern across the fabric. The 'isen-isen', or filler patterns, consist of small, intricate designs that fill the spaces between the larger motifs, creating a dense network of detailed textures. The layout appears random yet balanced, with no single area dominating over another, ensuring an even distribution of design elements throughout the entire piece.",False,no_class,Malang,malang,0.8341366648674011
/mnt/extended-home/dzakaaufa/dataset/all_images_captioning/Data 21 Batik Kantil (Musahara Gauri).jpg,"The batik fabric features the Malang motif, characterized by foliage green tones. The main motifs include banana tree and phoenix bird, with intricate details shaping its visual identity. The 'isen-isen' consists of delicate patterns that fill the spaces between the larger motifs, adding texture and depth to the design. The pattern appears in a non-geometric arrangement, creating a harmonious and balanced composition across the surface.","The batik fabric is characterized by a green background and yellow, red, and orange motifs. The main motifs consist of stylized leaves and branches, with the 'isen-isen' filling the spaces between them in various shades of yellow and orange. The layout/pattern arrangement features a central tree-like structure with multiple branches extending outward, creating a symmetrical yet dynamic design that fills the entire surface of the fabric.",False,no_class,Malang,malang,0.7774590849876404
/mnt/extended-home/dzakaaufa/dataset/all_images_captioning/Mutiara S Data 9 Camar Melati.jpg,"The batik fabric features the Lamongan motif, characterized by blue, black tones. The main motifs include seagull and jasmine, with intricate details shaping its visual identity. The 'isen-isen' consists of delicate patterns that fill the spaces between the larger motifs, adding texture and depth to the design. The pattern appears in a non-geometric arrangement, creating a harmonious and balanced composition across the surface.","The batik fabric is characterized by a white background and dark blue motifs. The main motifs include stylized birds, flowers, and leaves, which are intricately detailed and filled with smaller floral patterns known as 'isen-isen'. These 'isen-isen' fillings consist of small dots and intricate lines that create a dense, textured appearance within each larger motif. The layout features a symmetrical arrangement with alternating bands of solid dark blue stripes and sections densely packed with the bird and flower designs. The overall pattern appears to be a traditional batik design, likely intended for decorative purposes or as part of a cultural textile tradition.",False,no_class,Lamongan,lamongan,0.9700962901115417
/mnt/extended-home/dzakaaufa/dataset/all_images_captioning/Data 9 Batik Lana (Bunga Wijaya Kusuma).jpg,"The batik fabric features the Malang motif, characterized by red tones. The main motifs include wijaya kusuma flower, with intricate details shaping its visual identity. The 'isen-isen' consists of delicate patterns that fill the spaces between the larger motifs, adding texture and depth to the design. The pattern appears in a non-geometric arrangement, creating a harmonious and balanced composition across the surface.","The batik fabric is characterized by a red background and green motifs. The main motifs consist of star-shaped flowers with yellow centers, each surrounded by green leaves. The 'isen-isen', or filler patterns, include small diamond shapes arranged in vertical lines along the left edge and scattered across the rest of the fabric. The layout features a central area filled with the star-shaped flowers and their accompanying leaves, while the edges remain relatively clear except for the decorative vertical line of diamonds.",False,no_class,Malang,malang,0.6497528553009033
/mnt/extended-home/dzakaaufa/dataset/all_images_captioning/Data 9 Batik Krajan (Bangau Terbang).jpg,"The batik fabric features the Malang motif, characterized by purple, blue tones. The main motifs include stork and cloud, with intricate details shaping its visual identity. The 'isen-isen' consists of delicate patterns that fill the spaces between the larger motifs, adding texture and depth to the design. The pattern appears in a non-geometric arrangement, creating a harmonious and balanced composition across the surface.","The batik fabric is characterized by a dark brown background and vibrant blue, orange, green, and white motifs. The main motifs depict flying cranes with long necks and pointed beaks, outlined in white against the darker background. The 'isen-isen' filling the spaces between the cranes consists of stylized clouds in various shades of blue, creating a sense of depth and movement across the fabric. The layout/pattern arrangement features multiple rows of cranes and clouds, arranged in a grid-like fashion that repeats consistently throughout the entire piece.",False,no_class,Malang,malang,0.8506247997283936
/mnt/extended-home/dzakaaufa/dataset/all_images_captioning/Data 4 Batik Rahayu (Kupu-kupu Cengkeh).jpg,"The batik fabric features the Trenggalek motif, characterized by chocolate, and light brown tones. The main motifs include clove and butterfly, with intricate details shaping its visual identity. The 'isen-isen' consists of delicate patterns that fill the spaces between the larger motifs, adding texture and depth to the design. The pattern appears in a geometric arrangement, creating a harmonious and balanced composition across the surface.","The batik fabric is characterized by a black background and white, brown, and beige motifs. The main motifs appear to be butterflies, each intricately detailed with wings spread out in various directions. The 'isen-isen', or filler patterns, consist of small dots and floral designs scattered throughout the fabric. The layout/pattern arrangement features a random distribution of these motifs across the entire surface, creating a dynamic yet harmonious design that covers the entire piece uniformly without any specific directional orientation.",False,no_class,Trenggalek,trenggalek,0.6824456453323364
/mnt/extended-home/dzakaaufa/dataset/all_images_captioning/Data 18 Batik Wagastu (Motif Liris).jpg,"The batik fabric features the Malang motif, characterized by brick red tones. The main motifs include liris pattern and rainwater, with intricate details shaping its visual identity. The 'isen-isen' consists of delicate patterns that fill the spaces between the larger motifs, adding texture and depth to the design. The pattern appears in a geometric arrangement, creating a harmonious and balanced composition across the surface.","The batik fabric is characterized by a deep red background and white motifs. The main motifs appear to be elongated, interconnected shapes resembling stylized leaves or vines, arranged in diagonal lines across the fabric. These motifs are filled with smaller, intricate patterns that resemble small, repeating floral or geometric designs, creating an 'isen-isen' effect within each larger shape. The overall pattern arrangement follows a consistent diagonal grid, with the motifs evenly spaced and aligned to create a harmonious and visually balanced design.",False,no_class,Malang,malang,0.5122157335281372
/mnt/extended-home/dzakaaufa/dataset/all_images_captioning/Data 15 Batik Lana (Candi Padma).jpg,"The batik fabric features the Malang motif, characterized by black, green tones. The main motifs include rafflesia arnoldii and temple, with intricate details shaping its visual identity. The 'isen-isen' consists of delicate patterns that fill the spaces between the larger motifs, adding texture and depth to the design. The pattern appears in a non-geometric arrangement, creating a harmonious and balanced composition across the surface.","The batik fabric is characterized by a dark brown background and green and white motifs. The main motifs consist of stylized pagoda-like structures, each featuring multiple tiers and spires. These pagodas are interspersed with leafy branches that have small white flowers at their ends. The 'isen-isen' filling the spaces between these motifs consists of smaller, simpler green leaves and white flower buds. The pattern is arranged in a repeating grid-like fashion across the entire surface of the fabric, creating a uniform and symmetrical design.",False,no_class,Malang,malang,0.9024738073348999
/mnt/extended-home/dzakaaufa/dataset/all_images_captioning/Data 33 Batik Soendari (Garudeya Latar Kawung).jpg,"The batik fabric features the Malang motif, characterized by red, white tones. The main motifs include garudeya, kawung, with intricate details shaping its visual identity. The 'isen-isen' consists of delicate patterns that fill the spaces between the larger motifs, adding texture and depth to the design. The pattern appears in a geometric arrangement, creating a harmonious and balanced composition across the surface.","The batik fabric is characterized by a deep red background and white motifs. The main motifs consist of stylized, elongated ovals that resemble leaves or petals, arranged in a repeating pattern across the fabric. These ovals are interspersed with smaller diamond-shaped elements within each oval, creating an intricate 'isen-isen' (filling) effect. The layout follows a symmetrical grid-like structure, with the motifs evenly distributed to form a cohesive and balanced design throughout the entire piece.",False,no_class,Malang,kawung,0.5248509645462036
/mnt/extended-home/dzakaaufa/dataset/all_images_captioning/Afiq Jaya_35241420061010_Bunga Sulur Biji Timun_2025_FLORA-CULTURE.jpg,"The batik fabric features the Lamongan motif, characterized by black, blue, brown tones. The main motifs include flower and cucumber and tendrils, with intricate details shaping its visual identity. The 'isen-isen' consists of delicate patterns that fill the spaces between the larger motifs, adding texture and depth to the design. The pattern appears in a non-geometric arrangement, creating a harmonious and balanced composition across the surface.","The batik fabric is characterized by a dark brown background and light blue, white, and black motifs. The main motifs include circular designs resembling flowers or rosettes, as well as swirling patterns that resemble leaves or vines. These motifs are interspersed with smaller dots and lines forming intricate 'isen-isen', which fill the spaces between larger elements. The layout follows a symmetrical pattern, with the motifs arranged in a grid-like fashion across the entire surface of the fabric.",False,no_class,Lamongan,lamongan,0.9703580141067505
/mnt/extended-home/dzakaaufa/dataset/all_images_captioning/Afiq Jaya_35241420061001_Bandeng Lele Gapuro Lamongan_2025_FAUNA_CULTURE.jpg,"The batik fabric features the Lamongan motif, characterized by black, brown tones. The main motifs include milkfish and catfish and gapuro lamongan, with intricate details shaping its visual identity. The 'isen-isen' consists of delicate patterns that fill the spaces between the larger motifs, adding texture and depth to the design. The pattern appears in a non-geometric arrangement, creating a harmonious and balanced composition across the surface.","The batik fabric is characterized by a black background and orange motifs. The main motifs consist of symmetrical, ornate designs resembling stylized birds or phoenixes, each featuring intricate details such as beaks, wings, and decorative elements. These motifs are filled with smaller, repeating patterns known as 'isen-isen,' which include geometric shapes like triangles and squares in shades of brown and beige. The layout of the fabric features these motifs arranged in a staggered pattern across the surface, creating a balanced and visually appealing design that repeats consistently throughout the material.",False,no_class,Lamongan,lamongan,0.9630472660064697
/mnt/extended-home/dzakaaufa/dataset/all_images_captioning/FC Data 5 Sulur Sukun.jpg,"The batik fabric features the Lamongan motif, characterized by white, red, black tones. The main motifs include breadfruit tendrils, with intricate details shaping its visual identity. The 'isen-isen' consists of delicate patterns that fill the spaces between the larger motifs, adding texture and depth to the design. The pattern appears in a non-geometric arrangement, creating a harmonious and balanced composition across the surface.","The batik fabric is characterized by a white background and red, black, and gray motifs. The main motifs include stylized leaves and flowers, which are intricately designed with pointed tips and detailed petal-like structures. The 'isen-isen' filling the spaces between these larger motifs consists of smaller floral patterns and leafy tendrils in shades of red, black, and gray. The layout/pattern arrangement is repetitive and symmetrical, covering the entire surface of the fabric without any breaks or interruptions.",False,no_class,Lamongan,lamongan,0.9285719990730286
/mnt/extended-home/dzakaaufa/dataset/all_images_captioning/Data 30 Batik Soendari (Noni Latar Gedeg).jpg,"The batik fabric features the Malang motif, characterized by brown tones. The main motifs include dutch lady, with intricate details shaping its visual identity. The 'isen-isen' consists of delicate patterns that fill the spaces between the larger motifs, adding texture and depth to the design. The pattern appears in a geometric arrangement, creating a harmonious and balanced composition across the surface.","The batik fabric is characterized by a reddish-brown background and white motifs. The main motifs include two figures, one male and one female, standing side by side, and a tree to their right. The male figure wears a hat, a jacket, pants, and shoes, while the female figure wears a dress with a headpiece. The 'isen-isen' filling the spaces between these motifs consists of small, evenly spaced lines forming a grid-like pattern that covers the entire surface of the fabric. The layout/pattern arrangement follows a symmetrical design, with the figures positioned centrally against the backdrop of the repeating 'isen-isen",False,no_class,Malang,malang,0.9094877243041992
/mnt/extended-home/dzakaaufa/dataset/all_images_captioning/Data 1 Batik Sukun (Batik Akar Kehidupan).jpg,"The batik fabric features the Malang motif, characterized by cream, green tones. The main motifs include breadfruit leaf and kawung, with intricate details shaping its visual identity. The 'isen-isen' consists of delicate patterns that fill the spaces between the larger motifs, adding texture and depth to the design. The pattern appears in a non-geometric arrangement, creating a harmonious and balanced composition across the surface.","The batik fabric is characterized by a beige background and green and brown motifs. The main motifs consist of acorn-like shapes, each containing smaller circular patterns resembling seeds or nuts inside them. These acorns are interspersed with leaf-shaped forms that have serrated edges. The 'isen-isen' filling the spaces between these motifs appears as irregular, organic shapes in shades of brown, adding texture to the overall design. The pattern is arranged in a repeating grid-like fashion across the entire surface of the fabric, creating a harmonious and balanced visual effect.",False,no_class,Malang,malang,0.9228516221046448
/mnt/extended-home/dzakaaufa/dataset/all_images_captioning/Data 32 Batik Soendari (Bunga Apel).jpg,"The batik fabric features the Malang motif, characterized by blue, white tones. The main motifs include dragon, with intricate details shaping its visual identity. The 'isen-isen' consists of delicate patterns that fill the spaces between the larger motifs, adding texture and depth to the design. The pattern appears in a geometric arrangement, creating a harmonious and balanced composition across the surface.","The batik fabric is characterized by a deep blue background and white motifs. The main motifs consist of stylized dragons, each depicted in a dynamic pose with flowing bodies and detailed scales. These dragons are positioned at the top right corner of the fabric. The 'isen-isen' filling the spaces between these dragon motifs features intricate circular patterns, predominantly composed of interlocking circles and smaller geometric shapes, creating a dense and repetitive texture across the rest of the fabric. The overall pattern arrangement follows a diagonal orientation, starting from the bottom left and extending towards the upper right, giving the impression of movement or flow within the design.",False,no_class,Malang,malang,0.7609214186668396
/mnt/extended-home/dzakaaufa/dataset/all_images_captioning/Data 6 Batik Kantil (Burung Perkutut).jpg,"The batik fabric features the Malang motif, characterized by green, pink tones. The main motifs include turtledove and grape fruit, bunga anggrek, with intricate details shaping its visual identity. The 'isen-isen' consists of delicate patterns that fill the spaces between the larger motifs, adding texture and depth to the design. The pattern appears in a non-geometric arrangement, creating a harmonious and balanced composition across the surface.","The batik fabric is characterized by a dark green background and white, light pink, and light green motifs. The main motifs include stylized birds in flight, depicted with elongated bodies and outstretched wings, as well as floral elements such as leaves and blossoms. These motifs are interspersed with smaller 'isen-isen' patterns that fill the spaces between them, including small dots and intricate linear designs. The layout features a repeating horizontal band across the width of the fabric, with the central section showcasing larger bird and floral motifs surrounded by the smaller 'isen-isen' patterns.",False,no_class,Malang,malang,0.6238106489181519
/mnt/extended-home/dzakaaufa/dataset/all_images_captioning/Data 1 Batik Soendari (Lereng Singa Kawung).jpg,"The batik fabric features the Malang motif, characterized by brown, green tones. The main motifs include lotus and lion, with intricate details shaping its visual identity. The 'isen-isen' consists of delicate patterns that fill the spaces between the larger motifs, adding texture and depth to the design. The pattern appears in a geometric arrangement, creating a harmonious and balanced composition across the surface.","The batik fabric is characterized by a maroon background and blue, green, and white motifs. The main motifs consist of stylized lion heads in blue and green, while the 'isen-isen' filling the spaces between them features interlocking circles and diamond patterns in white against the maroon backdrop. The layout/pattern arrangement starts with a dense cluster of lion head motifs at the top left corner, gradually transitioning into a more sparse distribution towards the right side. At the bottom, there is a decorative border featuring vertical lines in white against a green background, adding contrast to the overall design.",False,no_class,Malang,malang,0.5749129056930542
/mnt/extended-home/dzakaaufa/dataset/all_images_captioning/Data 10 Batik Rahayu (Sido Asih Rahayu).jpg,"The batik fabric features the Trenggalek motif, characterized by maroon, black tones. The main motifs include clove and gurdo motif culture, with intricate details shaping its visual identity. The 'isen-isen' consists of delicate patterns that fill the spaces between the larger motifs, adding texture and depth to the design. The pattern appears in a non-geometric arrangement, creating a harmonious and balanced composition across the surface.","The batik fabric is characterized by a black background and red motifs. The main motifs appear to be stylized floral or paisley-like shapes, each containing intricate details such as dots and lines. These motifs are interspersed throughout the fabric in a seemingly random yet harmonious pattern. The 'isen-isen', which fills the spaces between the larger motifs, consists of smaller, more delicate patterns that complement the overall design without overpowering it. The layout appears to be densely packed, creating a rich tapestry effect across the entire surface of the fabric.",False,no_class,Trenggalek,trenggalek,0.9744184017181396
/mnt/extended-home/dzakaaufa/dataset/all_images_captioning/Data 10 Batik Kantil (Merak Wolak-walik).jpg,"The batik fabric features the Malang motif, characterized by milk chocolate, pink tones. The main motifs include chrysanthemum flower and peacock, with intricate details shaping its visual identity. The 'isen-isen' consists of delicate patterns that fill the spaces between the larger motifs, adding texture and depth to the design. The pattern appears in a non-geometric arrangement, creating a harmonious and balanced composition across the surface.","The batik fabric is characterized by a peach-colored background and red, blue, and white motifs. The main motifs include stylized birds with outstretched wings, each featuring intricate feather patterns in shades of red and blue. These birds are interspersed among floral elements that include blossoms and leaves, also rendered in red, blue, and white. The 'isen-isen', or filler designs, consist of small, repeating geometric shapes in light gray and white, which fill the spaces between the larger motifs. The overall pattern arrangement follows a symmetrical design, with the central area dominated by the large bird motifs surrounded by smaller floral and",False,no_class,Malang,malang,0.7075459361076355
/mnt/extended-home/dzakaaufa/dataset/all_images_captioning/Data 29 Batik Soendari (Sekartaji Latar Kawung).jpg,"The batik fabric features the Malang motif, characterized by black, white tones. The main motifs include sekartaji mask, with intricate details shaping its visual identity. The 'isen-isen' consists of delicate patterns that fill the spaces between the larger motifs, adding texture and depth to the design. The pattern appears in a geometric arrangement, creating a harmonious and balanced composition across the surface.","The batik fabric is characterized by a black background and white motifs. The main motifs consist of circular shapes, including Buddha heads and geometric patterns like circles within squares. These motifs are interspersed throughout the fabric in a scattered yet balanced manner. The 'isen-isen', or the spaces between the motifs, feature intricate interlocking circle designs that fill the gaps seamlessly. The overall pattern arrangement creates a harmonious balance across the entire surface of the fabric.",False,no_class,Malang,malang,0.7804552912712097
/mnt/extended-home/dzakaaufa/dataset/all_images_captioning/Istiqomah Data 5 Bandeng Lele Batu Karang.jpg,"The batik fabric features the Lamongan motif, characterized by black, yellow tones. The main motifs include milkfish and catfish and coral reef, with intricate details shaping its visual identity. The 'isen-isen' consists of delicate patterns that fill the spaces between the larger motifs, adding texture and depth to the design. The pattern appears in a non-geometric arrangement, creating a harmonious and balanced composition across the surface.","The batik fabric is characterized by a dark blue background and orange, white, and red motifs. The main motifs include stylized fish and flowers, with the fish having elongated bodies and open mouths, while the flowers have five petals each. The 'isen-isen' filling the spaces consists of small, evenly distributed dots in white and light gray tones. The layout features a symmetrical arrangement with the fish and flowers positioned along both sides of the fabric, creating a balanced composition that extends across the entire piece.",False,no_class,Lamongan,lamongan,0.6052200794219971
/mnt/extended-home/dzakaaufa/dataset/all_images_captioning/Data 6 Batik Rahayu (Pelabuhan Prigi).jpg,"The batik fabric features the Trenggalek motif, characterized by red, black tones. The main motifs include fish, sea and pinisi ship culture, with intricate details shaping its visual identity. The 'isen-isen' consists of delicate patterns that fill the spaces between the larger motifs, adding texture and depth to the design. The pattern appears in a non-geometric arrangement, creating a harmonious and balanced composition across the surface.","The batik fabric is characterized by a red background and black motifs. The main motifs include stylized boats, flowers, and abstract shapes resembling leaves or waves. These motifs are interspersed with smaller, repeating patterns that fill the spaces between them, creating an intricate design. The layout follows a grid-like pattern, with rows of boats alternating with rows of floral and wave designs, all set against the vibrant red backdrop.",False,no_class,Trenggalek,trenggalek,0.949870765209198
/mnt/extended-home/dzakaaufa/dataset/all_images_captioning/Mekar Sari Data 4 Putihan Amarilis.jpg,"The batik fabric features the Lamongan motif, characterized by red, black, white tones. The main motifs include amarylis, with intricate details shaping its visual identity. The 'isen-isen' consists of delicate patterns that fill the spaces between the larger motifs, adding texture and depth to the design. The pattern appears in a non-geometric arrangement, creating a harmonious and balanced composition across the surface.","The batik fabric is characterized by a white background and red, black, and green motifs. The main motifs consist of swirling floral patterns that resemble paisley designs, featuring intricate leaves and flowers in red and black. These motifs are interspersed with smaller, simpler floral elements in green, creating an 'isen-isen' effect where the spaces between larger motifs are filled with these smaller details. The pattern is arranged in a dense, repeating manner across the entire surface of the fabric, covering it completely without any blank areas.",False,no_class,Lamongan,lamongan,0.9296844601631165
/mnt/extended-home/dzakaaufa/dataset/all_images_captioning/Jayyida Data 8 Urang Kucing.jpg,"The batik fabric features the Lamongan motif, characterized by black, light brown tones. The main motifs include cat shrimps and moringa leaves, with intricate details shaping its visual identity. The 'isen-isen' consists of delicate patterns that fill the spaces between the larger motifs, adding texture and depth to the design. The pattern appears in a non-geometric arrangement, creating a harmonious and balanced composition across the surface.","The batik fabric is characterized by a dark navy blue background and light beige motifs. The main motifs include stylized birds, flowers, and abstract shapes resembling leaves or waves. These motifs are interspersed throughout the fabric in a scattered yet balanced manner. The 'isen-isen', which fills the spaces between the larger motifs, consists of smaller, intricate patterns that complement the overall design without overpowering it. The layout appears to be random but harmonious, creating an aesthetically pleasing and symmetrical appearance across the entire piece.",False,no_class,Lamongan,lamongan,0.920796811580658
/mnt/extended-home/dzakaaufa/dataset/all_images_captioning/Data 16 Batik Tiepuk (Sidoluhur Bledhak).jpg,"The batik fabric features the Trenggalek motif, characterized by chocolate, brownish orange tones. The main motifs include garuda wings culture, with intricate details shaping its visual identity. The 'isen-isen' consists of delicate patterns that fill the spaces between the larger motifs, adding texture and depth to the design. The pattern appears in a geometric arrangement, creating a harmonious and balanced composition across the surface.","The batik fabric is characterized by a white background and black, orange, and brown motifs. The main motifs consist of diamond-shaped patterns with smaller circular designs inside them. These diamonds are interconnected by thin lines forming a grid-like structure that fills the spaces between the larger diamond shapes. The overall pattern appears to be arranged in a repeating, symmetrical manner across the entire surface of the fabric.",False,no_class,Trenggalek,trenggalek,0.8884845972061157
/mnt/extended-home/dzakaaufa/dataset/all_images_captioning/Data 18 Batik Rahayu (Sekar Jagat Rahayu).jpg,"The batik fabric features the Trenggalek motif, characterized by sogan chocolate, black tones. The main motifs include orange blossom, truntum, cloves, with intricate details shaping its visual identity. The 'isen-isen' consists of delicate patterns that fill the spaces between the larger motifs, adding texture and depth to the design. The pattern appears in a non-geometric arrangement, creating a harmonious and balanced composition across the surface.","The batik fabric is characterized by a black background and orange motifs. The main motifs include hexagons, triangles, and various geometric shapes, while the 'isen-isen' (filling) consists of smaller floral patterns in shades of orange and white. The layout/pattern arrangement features a repeating grid-like structure where each cell contains a distinct motif or combination of motifs, creating a complex yet harmonious design across the entire surface.",False,no_class,Trenggalek,trenggalek,0.9038840532302856
/mnt/extended-home/dzakaaufa/dataset/all_images_captioning/Data 4 Batik Wagastu (Kawung Daur Rambat).jpg,"The batik fabric features the Malang motif, characterized by brick red, yellow tones. The main motifs include ivy, with intricate details shaping its visual identity. The 'isen-isen' consists of delicate patterns that fill the spaces between the larger motifs, adding texture and depth to the design. The pattern appears in a geometric arrangement, creating a harmonious and balanced composition across the surface.","The batik fabric is characterized by a deep red background and white, black, and gold motifs. The main motifs consist of circular shapes with radiating lines, resembling sunbursts or geometric fans. These circles are interspersed with smaller, intricate patterns that fill the spaces between them, creating an 'isen-isen' effect. The layout follows a repeating pattern where these circular motifs are arranged in rows, alternating directions to create a dynamic and visually engaging design across the entire surface.",False,no_class,Malang,malang,0.4352998733520508
/mnt/extended-home/dzakaaufa/dataset/all_images_captioning/Data 10 Batik Blimbing ( Daniswara Sukumara).jpg,"The batik fabric features the Malang motif, characterized by brown, red tones. The main motifs include yellow ragil mask, banner and frangipani, with intricate details shaping its visual identity. The 'isen-isen' consists of delicate patterns that fill the spaces between the larger motifs, adding texture and depth to the design. The pattern appears in a geometric arrangement, creating a harmonious and balanced composition across the surface.","The batik fabric is characterized by a black background and red, green, and white motifs. The main motifs consist of strawberries with leaves, arranged in a scattered pattern across the fabric. The 'isen-isen', or filler patterns, include small floral designs and geometric shapes that fill the spaces between the larger strawberry motifs. The layout appears to be random yet balanced, creating an overall symmetrical appearance despite the irregular placement of the strawberries.",False,no_class,Malang,malang,0.9195725321769714
/mnt/extended-home/dzakaaufa/dataset/all_images_captioning/Data 2 Batik Tiepuk Trenggalek (Manggis Pecah).jpg,"The batik fabric features the Trenggalek motif, characterized by purple, eggplant tones. The main motifs include mangosteen fruit flora, truntum, cloves and kawung motif culture, with intricate details shaping its visual identity. The 'isen-isen' consists of delicate patterns that fill the spaces between the larger motifs, adding texture and depth to the design. The pattern appears in a non-geometric arrangement, creating a harmonious and balanced composition across the surface.","The batik fabric is characterized by a black background and pink floral motifs. The main motifs consist of stylized flowers with five petals each, arranged in a repeating pattern across the fabric. The 'isen-isen', or filler patterns between the main motifs, include small white dots scattered throughout the background and geometric shapes such as triangles and lines forming a grid-like structure along the left edge. The layout follows a symmetrical design, with the floral motifs evenly distributed to create a balanced and harmonious appearance.",False,no_class,Trenggalek,trenggalek,0.9244588613510132
/mnt/extended-home/dzakaaufa/dataset/all_images_captioning/Data 27 Batik Rahayu (Mustika Ayu).jpg,"The batik fabric features the Trenggalek motif, characterized by dark brown, light brown tones. The main motifs include crown flower flora and kawung motif culture, with intricate details shaping its visual identity. The 'isen-isen' consists of delicate patterns that fill the spaces between the larger motifs, adding texture and depth to the design. The pattern appears in a non-geometric arrangement, creating a harmonious and balanced composition across the surface.","The batik fabric is characterized by a black background and white, red, and beige motifs. The main motifs include stylized leaves and flowers, some resembling lotus blossoms or similar floral forms, while others appear as abstract leafy patterns. These motifs are interspersed with smaller geometric shapes that fill the spaces between them, creating an intricate 'isen-isen' design. The layout features a central cluster of larger motifs surrounded by a more densely packed area of smaller motifs and geometric patterns, giving the impression of a balanced yet dynamic composition.",False,no_class,Trenggalek,trenggalek,0.9625069499015808
/mnt/extended-home/dzakaaufa/dataset/all_images_captioning/FC Data 4 Selempang Gunungan.jpg,"The batik fabric features the Lamongan motif, characterized by orange, red, black, white tones. The main motifs include tendrils and limestone, with intricate details shaping its visual identity. The 'isen-isen' consists of delicate patterns that fill the spaces between the larger motifs, adding texture and depth to the design. The pattern appears in a non-geometric arrangement, creating a harmonious and balanced composition across the surface.","The batik fabric is characterized by a white background and red, black, and brown motifs. The main motifs appear to be abstract floral or leaf-like shapes, while the 'isen-isen' (filling) consists of small, intricate dots in various shades of brown and black. The layout/pattern arrangement features horizontal bands with alternating designs, creating a visually balanced composition across the fabric's surface.",False,no_class,Lamongan,lamongan,0.9356476664543152
/mnt/extended-home/dzakaaufa/dataset/all_images_captioning/Data 12 Batik Soendari (Tugu Teratai).jpg,"The batik fabric features the Malang motif, characterized by bright red tones. The main motifs include rain tree and malang statue, with intricate details shaping its visual identity. The 'isen-isen' consists of delicate patterns that fill the spaces between the larger motifs, adding texture and depth to the design. The pattern appears in a geometric arrangement, creating a harmonious and balanced composition across the surface.","The batik fabric is characterized by a red background and white motifs. The main motifs include stylized flowers, leaves, and a central architectural element resembling a tower or temple. These elements are intricately detailed with small petal-like shapes forming the flowers and elongated, pointed leaves. The 'isen-isen' filling the spaces between these larger motifs consists of smaller floral patterns and star-like shapes. The layout/pattern arrangement follows a symmetrical design, with the central architectural element flanked by radiating floral patterns that extend outward in a balanced manner across the fabric's surface.",False,no_class,Malang,betawi,0.606857419013977
/mnt/extended-home/dzakaaufa/dataset/all_images_captioning/Mulifah Data 9 Biota Laut.jpg,"The batik fabric features the Lamongan motif, characterized by black, orange, brown tones. The main motifs include sea life, with intricate details shaping its visual identity. The 'isen-isen' consists of delicate patterns that fill the spaces between the larger motifs, adding texture and depth to the design. The pattern appears in a non-geometric arrangement, creating a harmonious and balanced composition across the surface.","The batik fabric is characterized by a black background and red, white, and black motifs. The main motifs include stylized fish, jellyfish, seaweed, and bubbles. The 'isen-isen', or filler patterns, consist of small circles and dots in various sizes, predominantly in white but also incorporating some red elements. The layout features a central cluster of larger motifs surrounded by smaller ones, creating a balanced yet dynamic composition that extends across the entire surface of the fabric.",False,no_class,Lamongan,lamongan,0.9177345037460327
/mnt/extended-home/dzakaaufa/dataset/all_images_captioning/Data 5 Batik Baronggung (Bunga Nirwana 1).jpg,"The batik fabric features the Tulungagung motif, characterized by green, red tones. The main motifs include orchid flower, with intricate details shaping its visual identity. The 'isen-isen' consists of delicate patterns that fill the spaces between the larger motifs, adding texture and depth to the design. The pattern appears in a non-geometric arrangement, creating a harmonious and balanced composition across the surface.","The batik fabric is characterized by a white background and red, green, and purple motifs. The main motifs appear to be abstract floral or leaf-like shapes, while the 'isen-isen' (filling) consists of smaller, intricate patterns that resemble small flowers or leaves in various shades of green and purple. The layout/pattern arrangement is dense and repetitive, covering the entire surface of the fabric without any clear directional orientation.",False,no_class,Tulungagung,tulungagung,0.7656829357147217
/mnt/extended-home/dzakaaufa/dataset/all_images_captioning/Data 16 Batik Kantil (Kembang Sepatu).jpg,"The batik fabric features the Malang motif, characterized by fuchsia pink, blue tones. The main motifs include hibiscus, with intricate details shaping its visual identity. The 'isen-isen' consists of delicate patterns that fill the spaces between the larger motifs, adding texture and depth to the design. The pattern appears in a non-geometric arrangement, creating a harmonious and balanced composition across the surface.","The batik fabric is characterized by a red background and floral motifs in shades of blue, orange, and green. The main motifs consist of stylized flowers with rounded petals and leafy stems, while smaller, simpler shapes resembling leaves or buds fill the spaces between them. The layout/pattern arrangement appears random yet balanced, creating an overall dense but harmonious design across the entire surface of the fabric.",False,no_class,Malang,malang,0.7133593559265137
/mnt/extended-home/dzakaaufa/dataset/all_images_captioning/Mutiara S Data 4 Bangau dan Mawar Kombinasi.jpg,"The batik fabric features the Lamongan motif, characterized by red, dark blue, light blue, white tones. The main motifs include strok and rose, with intricate details shaping its visual identity. The 'isen-isen' consists of delicate patterns that fill the spaces between the larger motifs, adding texture and depth to the design. The pattern appears in a non-geometric arrangement, creating a harmonious and balanced composition across the surface.","The batik fabric is characterized by a white background and red, blue, and black motifs. The main motifs include stylized flowers and leaves, with birds depicted in blue and black. The 'isen-isen' filling the spaces consists of smaller floral patterns in red and blue against a black background. The layout features two distinct sections: one upper section with a black background and floral motifs, and a lower section with a white background featuring larger floral designs and birds.",False,no_class,Lamongan,lamongan,0.8418587446212769
/mnt/extended-home/dzakaaufa/dataset/all_images_captioning/Data 6 Batik Baronggung (Bunga Nirwana 2).jpg,"The batik fabric features the Tulungagung motif, characterized by blue, red tones. The main motifs include orchid flower, with intricate details shaping its visual identity. The 'isen-isen' consists of delicate patterns that fill the spaces between the larger motifs, adding texture and depth to the design. The pattern appears in a non-geometric arrangement, creating a harmonious and balanced composition across the surface.","The batik fabric is characterized by a light blue background and red, blue, and white motifs. The main motifs appear to be stylized floral or leaf-like shapes, predominantly in red, with some in blue and white. These motifs are interspersed throughout the fabric, creating an intricate pattern. The 'isen-isen', which fills the spaces between the larger motifs, consists of smaller, more abstract shapes that resemble swirling lines or waves, primarily in blue and white. The overall layout follows a repeating geometric pattern, giving the impression of a dense yet balanced design across the entire surface.",False,no_class,Tulungagung,trenggalek,0.49299952387809753
/mnt/extended-home/dzakaaufa/dataset/all_images_captioning/Data 21 Batik Rahayu (Kawung Kopi Pecah).jpg,"The batik fabric features the Trenggalek motif, characterized by orange, black tones. The main motifs include cloves, coffee beans, with intricate details shaping its visual identity. The 'isen-isen' consists of delicate patterns that fill the spaces between the larger motifs, adding texture and depth to the design. The pattern appears in a geometric arrangement, creating a harmonious and balanced composition across the surface.","The batik fabric is characterized by a red background and black motifs. The main motifs consist of four-pointed stars, each outlined in white and filled with a pinkish-red hue. These stars are interspersed within a grid-like pattern formed by intersecting lines that create smaller diamond shapes. The 'isen-isen' filling the spaces between these larger motifs consists of small, evenly spaced dots arranged in a repeating triangular pattern, alternating in light blue and white. The overall layout follows a symmetrical design where the motifs repeat in a consistent manner across the entire surface of the fabric.",False,no_class,Trenggalek,trenggalek,0.41561031341552734
/mnt/extended-home/dzakaaufa/dataset/all_images_captioning/Data 13 Batik Lana (Alam parang daun teh biru).jpg,"The batik fabric features the Malang motif, characterized by blue tones. The main motifs include teh leaf and machete motif, with intricate details shaping its visual identity. The 'isen-isen' consists of delicate patterns that fill the spaces between the larger motifs, adding texture and depth to the design. The pattern appears in a geometric arrangement, creating a harmonious and balanced composition across the surface.","The batik fabric is characterized by a deep blue background and white motifs. The main motifs consist of leaf-like shapes arranged in diagonal rows, creating a flowing pattern across the fabric. Between these larger motifs, smaller dots form an 'isen-isen' filling that adds texture to the design. The layout features alternating bands of larger leaf patterns and smaller dotted areas, arranged in a repeating horizontal sequence along the length of the fabric.",False,no_class,Malang,malang,0.9290302395820618
/mnt/extended-home/dzakaaufa/dataset/all_images_captioning/Data 1 Batik Tiepuk Trenggalek (Turonggo Yakso).jpg,"The batik fabric features the Trenggalek motif, characterized by black, chocolate tones. The main motifs include turonggoyakso dance culture and flora of cloves, jasmine, roses, with intricate details shaping its visual identity. The 'isen-isen' consists of delicate patterns that fill the spaces between the larger motifs, adding texture and depth to the design. The pattern appears in a non-geometric arrangement, creating a harmonious and balanced composition across the surface.","The batik fabric is characterized by a black background and white motifs. The main motifs consist of stylized flowers, each featuring a central petal surrounded by smaller petals and leaves, creating a symmetrical design. The 'isen-isen', or filler patterns, include intricate swirling lines and small floral elements that complement the larger motifs, adding depth to the overall pattern. The layout follows a repeating horizontal band along one edge, where the motifs are arranged in a linear fashion, while the rest of the fabric features scattered motifs across the surface, creating a dynamic yet balanced composition.",False,no_class,Trenggalek,trenggalek,0.9639694690704346
/mnt/extended-home/dzakaaufa/dataset/all_images_captioning/Data 13 Batik Blimbing (Daniswara Jiwa Trisna).jpg,"The batik fabric features the Malang motif, characterized by black, brown tones. The main motifs include hibiscus, butterfly and mask, koin, with intricate details shaping its visual identity. The 'isen-isen' consists of delicate patterns that fill the spaces between the larger motifs, adding texture and depth to the design. The pattern appears in a simetris arrangement, creating a harmonious and balanced composition across the surface.","The batik fabric is characterized by a black background and green, blue, white, and brown motifs. The main motifs include stylized flowers and leaves, which are intricately detailed with green outlines and filled in with various shades of blue and white. These motifs are interspersed throughout the fabric, creating a dense pattern that covers most of the surface area. The 'isen-isen', or filler patterns, consist of smaller floral designs and geometric shapes, predominantly in brown and white, which fill the spaces between the larger motifs, adding depth and complexity to the overall design. The layout follows a symmetrical arrangement, with larger motifs concentrated towards",False,no_class,Malang,malang,0.9592211842536926
/mnt/extended-home/dzakaaufa/dataset/all_images_captioning/Data 5 Batik Soendari (Arca GanesCandra Kapalaha).jpg,"The batik fabric features the Malang motif, characterized by emerald green tones. The main motifs include lotus and ganesha statue, with intricate details shaping its visual identity. The 'isen-isen' consists of delicate patterns that fill the spaces between the larger motifs, adding texture and depth to the design. The pattern appears in a geometric arrangement, creating a harmonious and balanced composition across the surface.","The batik fabric is characterized by a teal background and white motifs. The main motifs consist of stylized skulls adorned with crowns, each surrounded by intricate floral patterns. These skull-and-crown designs are interspersed with smaller, more ornate 'isen-isen' elements that fill the spaces between them. The layout follows a repeating pattern where these motifs are arranged in rows and columns across the entire surface of the fabric.",False,no_class,Malang,betawi,0.4242791533470154
/mnt/extended-home/dzakaaufa/dataset/all_images_captioning/Afiq Jaya_35241420061004_Irfan Hakim_2025_FLORA.jpg,"The batik fabric features the Lamongan motif, characterized by brown, red tones. The main motifs include ashoka flower, with intricate details shaping its visual identity. The 'isen-isen' consists of delicate patterns that fill the spaces between the larger motifs, adding texture and depth to the design. The pattern appears in a non-geometric arrangement, creating a harmonious and balanced composition across the surface.","The batik fabric is characterized by a deep maroon background and intricate white, red, and pink motifs. The main motifs include stylized floral designs with heart-shaped centers, surrounded by detailed petal-like patterns. These motifs are interspersed with smaller, more delicate 'isen-isen' elements that fill the spaces between them, creating a complex and layered appearance. The layout follows a symmetrical pattern, with larger motifs positioned at the top corners and smaller ones in the center and bottom sections, arranged in a balanced and harmonious manner across the fabric's surface.",False,no_class,Lamongan,lamongan,0.9462471604347229
/mnt/extended-home/dzakaaufa/dataset/all_images_captioning/Data 1 Batik Baronggung (Gayatri Putri).jpg,"The batik fabric features the Tulungagung motif, characterized by light green, dark green tones. The main motifs include gayatri temple and living plants, with intricate details shaping its visual identity. The 'isen-isen' consists of delicate patterns that fill the spaces between the larger motifs, adding texture and depth to the design. The pattern appears in a geometric arrangement, creating a harmonious and balanced composition across the surface.","The batik fabric is characterized by a green background and white motifs. The main motifs consist of circular designs, each containing intricate patterns within them. These circles are surrounded by diamond-shaped elements that form part of the 'isen-isen', which fills the spaces between the larger circular motifs. The layout/pattern arrangement follows a grid-like structure, creating a symmetrical and repetitive design across the entire surface of the fabric.",False,no_class,Tulungagung,tulungagung,0.9541934728622437
/mnt/extended-home/dzakaaufa/dataset/all_images_captioning/Azyfa_35241420060306_Bandeng Lele Manggar Kelapa_2025_FLORA_FAUNA_CULTURE.jpg,"The batik fabric features the Lamongan motif, characterized by reddish brown, black tones. The main motifs include coconut blossom, milkfish and catfish and singo mengkok, with intricate details shaping its visual identity. The 'isen-isen' consists of delicate patterns that fill the spaces between the larger motifs, adding texture and depth to the design. The pattern appears in a non-geometric arrangement, creating a harmonious and balanced composition across the surface.","The batik fabric is characterized by a black background and orange, red, and blue motifs. The main motifs include intricate floral patterns and abstract forms resembling leaves or petals, which are filled with small dots creating a textured effect known as 'isen-isen'. These motifs are arranged in a scattered yet balanced manner across the fabric, creating a dynamic and visually engaging design.",False,no_class,Lamongan,lamongan,0.9691182374954224
/mnt/extended-home/dzakaaufa/dataset/all_images_captioning/Tutut Data 4 Lamongan Megilan.jpg,"The batik fabric features the Lamongan motif, characterized by pitch black, black, red tones. The main motifs include lamongan cultural ornament, with intricate details shaping its visual identity. The 'isen-isen' consists of delicate patterns that fill the spaces between the larger motifs, adding texture and depth to the design. The pattern appears in a non-geometric arrangement, creating a harmonious and balanced composition across the surface.","The batik fabric is characterized by a deep red background and white motifs. The main motifs include stylized elephants, each adorned with intricate details such as tusks, trunks, and decorative patterns. These elephants are interspersed with smaller, abstract shapes resembling leaves or floral elements. The 'isen-isen', which fills the spaces between the main motifs, consists of small, evenly spaced dots that create a subtle texture across the fabric. The layout follows a symmetrical pattern, with the elephant motifs arranged in pairs at the corners and center of the fabric, while the 'isen-isen' fills the remaining areas, creating a balanced and",False,no_class,Lamongan,lamongan,0.9633831977844238
/mnt/extended-home/dzakaaufa/dataset/all_images_captioning/Data 10 Batik Lana (Bunga Matahari).jpg,"The batik fabric features the Malang motif, characterized by green tones. The main motifs include sunflower, with intricate details shaping its visual identity. The 'isen-isen' consists of delicate patterns that fill the spaces between the larger motifs, adding texture and depth to the design. The pattern appears in a non-geometric arrangement, creating a harmonious and balanced composition across the surface.","The batik fabric is characterized by a green background and sunflower motifs. The main motifs consist of yellow sunflowers with dark brown centers, surrounded by red and orange petals. The 'isen-isen' filling the spaces between the sunflowers includes various shades of green leaves and stems. The pattern arrangement consists of rows of sunflowers interspersed with leafy elements, creating a repetitive yet visually engaging design across the entire fabric surface.",False,no_class,Malang,malang,0.8976120948791504
/mnt/extended-home/dzakaaufa/dataset/all_images_captioning/Chotifa_35241420060103_Daun Sente (Talas)_2025_FLORA.jpg,"The batik fabric features the Lamongan motif, characterized by navy blue tones. The main motifs include taro leaves, with intricate details shaping its visual identity. The 'isen-isen' consists of delicate patterns that fill the spaces between the larger motifs, adding texture and depth to the design. The pattern appears in a non-geometric arrangement, creating a harmonious and balanced composition across the surface.","The batik fabric is characterized by a dark brown background and intricate blue, white, and brown motifs. The main motifs include swirling leaves and floral patterns, which are detailed and complex in their design. The 'isen-isen', or filler designs, consist of small dots and additional swirls that complement the larger motifs, creating a dense and layered appearance across the fabric. The pattern arrangement follows a symmetrical yet organic flow, with the motifs interlocking seamlessly to form a cohesive whole.",False,no_class,Lamongan,lamongan,0.8705846667289734
/mnt/extended-home/dzakaaufa/dataset/all_images_captioning/Data 7 Batik Bengkel (Mayuragari).jpg,"The batik fabric features the Malang motif, characterized by navy blue tones. The main motifs include peacock, with intricate details shaping its visual identity. The 'isen-isen' consists of delicate patterns that fill the spaces between the larger motifs, adding texture and depth to the design. The pattern appears in a non-geometric arrangement, creating a harmonious and balanced composition across the surface.","The batik fabric is characterized by a black background and white motifs. The main motifs appear to be stylized leaves, each composed of multiple smaller leaf-like shapes arranged in a fan-like pattern. These leaves are outlined in white, creating a crisp contrast against the dark background. The 'isen-isen', or the spaces between the motifs, are filled with a grid-like pattern that resembles small squares, adding texture and depth to the overall design. The layout follows a vertical arrangement where the motifs begin at the top right corner and extend downward along the edge of the fabric, leaving most of the left side as a plain black background.",False,no_class,Malang,malang,0.8597617745399475
/mnt/extended-home/dzakaaufa/dataset/all_images_captioning/Data 31 Batik Kantil (Mawar).jpg,"The batik fabric features the Malang motif, characterized by brick red tones. The main motifs include rose flower and butterfly, with intricate details shaping its visual identity. The 'isen-isen' consists of delicate patterns that fill the spaces between the larger motifs, adding texture and depth to the design. The pattern appears in a non-geometric arrangement, creating a harmonious and balanced composition across the surface.","The batik fabric is characterized by a red background and white, yellow, green, blue, and black motifs. The main motifs include stylized flowers with petals in white, yellow, and green, and butterflies in blue, green, and yellow. These motifs are interspersed with smaller 'isen-isen' patterns that fill the spaces between them. The layout features a symmetrical arrangement with larger floral and butterfly motifs concentrated towards one corner, while smaller 'isen-isen' designs are scattered across the rest of the fabric.",False,no_class,Malang,malang,0.9705603122711182
/mnt/extended-home/dzakaaufa/dataset/all_images_captioning/Data 14 Batik Krajan (Parang Kopi).jpg,"The batik fabric features the Malang motif, characterized by orange, brown tones. The main motifs include coffee beans and parang pattern, motif klasik, with intricate details shaping its visual identity. The 'isen-isen' consists of delicate patterns that fill the spaces between the larger motifs, adding texture and depth to the design. The pattern appears in a non-geometric arrangement, creating a harmonious and balanced composition across the surface.","The batik fabric is characterized by an orange background and white, brown, and red motifs. The main motifs include wavy lines that form elongated shapes resembling leaves or abstract forms, interspersed with smaller circular patterns filled with dots. These motifs are arranged in a diagonal pattern across the fabric, creating a dynamic and flowing effect. The 'isen-isen', which fills the spaces between the larger motifs, consists of small, evenly spaced dots forming a grid-like structure within each section.",False,no_class,Malang,malang,0.3504689335823059
/mnt/extended-home/dzakaaufa/dataset/all_images_captioning/Jayyida Data 17 Sendang Dhuwur.jpg,"The batik fabric features the Lamongan motif, characterized by black, red tones. The main motifs include a machete made from the elementary school letters sendang duwur and clover, with intricate details shaping its visual identity. The 'isen-isen' consists of delicate patterns that fill the spaces between the larger motifs, adding texture and depth to the design. The pattern appears in a non-geometric arrangement, creating a harmonious and balanced composition across the surface.","The batik fabric is characterized by a black background and red motifs. The main motifs include stylized flowers, leaves, and geometric patterns. These motifs are filled with small, intricate 'isen-isen' designs that resemble tiny dots or dashes, creating a dense texture within each shape. The layout features horizontal bands of these motifs running across the fabric, separated by thin white stripes. The edges of the fabric are adorned with larger floral and leafy patterns, which extend into the central design as well, adding depth to the overall pattern.",False,no_class,Lamongan,lamongan,0.8576411604881287
/mnt/extended-home/dzakaaufa/dataset/all_images_captioning/Mulifah Data 10 Singo Mengkok.jpg,"The batik fabric features the Lamongan motif, characterized by red, black tones. The main motifs include singo mengkok, with intricate details shaping its visual identity. The 'isen-isen' consists of delicate patterns that fill the spaces between the larger motifs, adding texture and depth to the design. The pattern appears in a non-geometric arrangement, creating a harmonious and balanced composition across the surface.","The batik fabric is characterized by a black background and red motifs. The main motifs include stylized floral patterns, geometric shapes, and abstract forms resembling leaves or petals. These motifs are interspersed with smaller, intricate 'isen-isen' designs that fill the spaces between them. The layout appears to be arranged in a symmetrical pattern, with larger motifs placed centrally and smaller ones surrounding them, creating a balanced and harmonious overall design.",False,no_class,Lamongan,lamongan,0.9109224081039429
/mnt/extended-home/dzakaaufa/dataset/all_images_captioning/Data 11 Batik Baronggung (Rumput Laut).jpg,"The batik fabric features the Tulungagung motif, characterized by brick red, chocolate tones. The main motifs include sea and seaweed, with intricate details shaping its visual identity. The 'isen-isen' consists of delicate patterns that fill the spaces between the larger motifs, adding texture and depth to the design. The pattern appears in a non-geometric arrangement, creating a harmonious and balanced composition across the surface.","The batik fabric is characterized by a dark brown background and red motifs. The main motifs consist of intricate, interconnected leaf-like shapes that form a complex network across the fabric. These motifs are filled with smaller, repeating patterns known as 'isen-isen,' which appear to be small, elongated ovals or teardrops in a lighter shade of brown. The layout of the pattern follows a grid-like structure, with vertical and horizontal lines intersecting at regular intervals, creating a symmetrical and balanced design throughout the entire piece.",False,no_class,Tulungagung,tulungagung,0.9872261881828308
/mnt/extended-home/dzakaaufa/dataset/all_images_captioning/Data 12 Batik Tiepuk (Ayam Bekisar).jpg,"The batik fabric features the Trenggalek motif, characterized by deep red, cream, golden yellow tones. The main motifs include bekisar chicken fauna and clove plant flora, tendrils, with intricate details shaping its visual identity. The 'isen-isen' consists of delicate patterns that fill the spaces between the larger motifs, adding texture and depth to the design. The pattern appears in a non-geometric arrangement, creating a harmonious and balanced composition across the surface.","The batik fabric is characterized by a black background and red, cream, and beige motifs. The main motifs include stylized flowers and leaves, some resembling lotus blossoms or similar floral forms, with intricate details in cream and beige. The 'isen-isen', which fills the spaces between these larger motifs, consists of smaller geometric patterns, including diamond shapes and star-like figures, predominantly in red against the black backdrop. The layout/pattern arrangement follows a symmetrical design, with the central area featuring more elaborate floral arrangements that radiate outward towards the edges where simpler geometric designs dominate.",False,no_class,Trenggalek,trenggalek,0.9478105902671814
/mnt/extended-home/dzakaaufa/dataset/all_images_captioning/Data 2 Batik Baronggung (Jahewono).jpg,"The batik fabric features the Tulungagung motif, characterized by red, black tones. The main motifs include ginger plant, with intricate details shaping its visual identity. The 'isen-isen' consists of delicate patterns that fill the spaces between the larger motifs, adding texture and depth to the design. The pattern appears in a non-geometric arrangement, creating a harmonious and balanced composition across the surface.","The batik fabric is characterized by a dark navy blue background and red motifs. The main motifs appear to be leaf-like, with pointed tips and intricate white outlines that define their shape. The 'isen-isen', or filler patterns, consist of small circular dots scattered throughout the spaces between the larger motifs. The layout follows a repeating pattern where each leaf motif is surrounded by smaller dots, creating a dense yet balanced design across the entire surface of the fabric.",False,no_class,Tulungagung,tulungagung,0.9944896697998047
/mnt/extended-home/dzakaaufa/dataset/all_images_captioning/Data 27 Batik Soendari (Sekartaji Latar Gede).jpg,"The batik fabric features the Malang motif, characterized by blue, black tones. The main motifs include sekartaji mask, with intricate details shaping its visual identity. The 'isen-isen' consists of delicate patterns that fill the spaces between the larger motifs, adding texture and depth to the design. The pattern appears in a geometric arrangement, creating a harmonious and balanced composition across the surface.","The batik fabric is characterized by a dark blue background and black, white, orange, and turquoise motifs. The main motifs consist of stylized faces with intricate details such as eyes, noses, and crowns, all outlined in white. These faces are filled with various colors including black, white, orange, and turquoise. The 'isen-isen' or filler patterns between the motifs are composed of intersecting lines forming a grid-like structure, predominantly in turquoise against the dark blue backdrop. The layout of the fabric features these motifs scattered across the surface, creating a visually engaging pattern that repeats consistently throughout the piece.",False,no_class,Malang,malang,0.5642359256744385
/mnt/extended-home/dzakaaufa/dataset/all_images_captioning/Azyfa_35241420060309_Sekar Jagad Lamongan_2025_FLORA.jpg,"The batik fabric features the Lamongan motif, characterized by blue, blue sapphire tones. The main motifs include jasmine, with intricate details shaping its visual identity. The 'isen-isen' consists of delicate patterns that fill the spaces between the larger motifs, adding texture and depth to the design. The pattern appears in a non-geometric arrangement, creating a harmonious and balanced composition across the surface.","The batik fabric is characterized by a deep navy blue background and intricate patterns in shades of blue, black, and white. The main motifs include floral designs and geometric shapes such as circles and dots, which are interspersed throughout the fabric. These motifs vary in size and complexity, creating a dynamic and visually engaging pattern. The 'isen-isen', or filler patterns, consist of smaller, detailed elements that complement the larger motifs, adding depth and texture to the overall design. The layout appears to be arranged in a random yet harmonious manner, ensuring that no two sections look identical while maintaining a cohesive aesthetic across the entire piece.",False,no_class,Lamongan,lamongan,0.9506769776344299
/mnt/extended-home/dzakaaufa/dataset/all_images_captioning/Data 3 Batik Rahayu (Seret Jedet.jpg,"The batik fabric features the Trenggalek motif, characterized by red, orange tones. The main motifs include clove and parang pattern, with intricate details shaping its visual identity. The 'isen-isen' consists of delicate patterns that fill the spaces between the larger motifs, adding texture and depth to the design. The pattern appears in a geometric arrangement, creating a harmonious and balanced composition across the surface.","The batik fabric is characterized by a deep red background and white motifs. The main motifs include small, evenly spaced circles, dots, and elongated shapes resembling leaves or feathers. These motifs are interspersed within the 'isen-isen', which consists of thin, vertical lines that create a grid-like pattern between the larger motifs. The layout/pattern arrangement features horizontal bands of varying widths, each containing different combinations of these motifs, creating a visually dynamic yet harmonious design across the entire surface.",False,no_class,Trenggalek,trenggalek,0.9804925322532654
/mnt/extended-home/dzakaaufa/dataset/all_images_captioning/Data 32 Batik Kantil (Kamalini Buana).jpg,"The batik fabric features the Malang motif, characterized by black, green tones. The main motifs include lotus, with intricate details shaping its visual identity. The 'isen-isen' consists of delicate patterns that fill the spaces between the larger motifs, adding texture and depth to the design. The pattern appears in a non-geometric arrangement, creating a harmonious and balanced composition across the surface.","The batik fabric is characterized by a black background and vibrant red, green, pink, and purple motifs. The main motifs consist of stylized lotus flowers with five petals each, arranged in a cascading pattern that flows from top to bottom. These lotus flowers are connected by thin vines adorned with small star-shaped elements. The 'isen-isen', or filler patterns, include smaller versions of the lotus flowers and additional star shapes, creating a dense and intricate design across the fabric. The overall layout follows a vertical flow, with the larger lotus flowers dominating the upper sections and transitioning into smaller motifs as they move downward, cul",False,no_class,Malang,malang,0.9506813883781433
/mnt/extended-home/dzakaaufa/dataset/all_images_captioning/Data 13 Batik Soendari (Batik Kopi).jpg,"The batik fabric features the Malang motif, characterized by chocolate, white tones. The main motifs include rose, with intricate details shaping its visual identity. The 'isen-isen' consists of delicate patterns that fill the spaces between the larger motifs, adding texture and depth to the design. The pattern appears in a geometric arrangement, creating a harmonious and balanced composition across the surface.","The batik fabric is characterized by a brown background and white motifs. The main motifs include coffee cups, coffee beans, and coffee plant leaves. The 'isen-isen' filling the spaces between these motifs consists of small, scattered coffee bean shapes. The layout/pattern arrangement features a random distribution of the motifs across the fabric, creating an overall scattered yet harmonious design.",False,no_class,Malang,malang,0.8728275895118713
/mnt/extended-home/dzakaaufa/dataset/all_images_captioning/Data 14 Batik Wagastu (Budidaya Melati).jpg,"The batik fabric features the Malang motif, characterized by orange, blue tones. The main motifs include jasmine plant, with intricate details shaping its visual identity. The 'isen-isen' consists of delicate patterns that fill the spaces between the larger motifs, adding texture and depth to the design. The pattern appears in a non-geometric arrangement, creating a harmonious and balanced composition across the surface.","The batik fabric is characterized by a dark blue background and orange motifs. The main motifs consist of elongated, teardrop-shaped forms in black, arranged in horizontal rows across the fabric. Between these larger motifs, smaller white floral patterns fill the spaces, creating an intricate 'isen-isen' design. The overall pattern arrangement follows a grid-like structure, with the large black teardrops forming the primary framework against which the white flowers are interspersed.",False,no_class,Malang,malang,0.8215856552124023
/mnt/extended-home/dzakaaufa/dataset/all_images_captioning/Data 5 Batik Sukun (Batik Pohon Kehidupan).jpg,"The batik fabric features the Malang motif, characterized by green, yellow tones. The main motifs include breadfruit leaf, buah pohon sukun, with intricate details shaping its visual identity. The 'isen-isen' consists of delicate patterns that fill the spaces between the larger motifs, adding texture and depth to the design. The pattern appears in a non-geometric arrangement, creating a harmonious and balanced composition across the surface.","The batik fabric is characterized by a dark green background and orange motifs. The main motifs consist of stylized leaves, which have a pointed shape with multiple lobes extending from the central stem. The 'isen-isen' filling the spaces between these leaf motifs includes circular shapes that resemble fruits or berries. These circular elements are evenly distributed across the fabric, creating a balanced pattern. The overall layout appears to be random yet harmonious, with no specific directional orientation, giving it a natural and organic feel.",False,no_class,Malang,malang,0.86456698179245
/mnt/extended-home/dzakaaufa/dataset/all_images_captioning/Data 17 Batik Blimbing (Ista Malang Kucecwara).jpg,"The batik fabric features the Malang motif, characterized by blue, white tones. The main motifs include monument, with intricate details shaping its visual identity. The 'isen-isen' consists of delicate patterns that fill the spaces between the larger motifs, adding texture and depth to the design. The pattern appears in a geometric arrangement, creating a harmonious and balanced composition across the surface.","The batik fabric is characterized by a deep blue background and white motifs. The main motifs consist of triangular shapes, each containing intricate designs that resemble floral or geometric patterns. These triangles are interspersed with smaller, more detailed motifs that fill the spaces between them. The layout follows a diagonal pattern, creating a dynamic and visually engaging design as the motifs repeat across the fabric in a consistent yet varied manner.",False,no_class,Malang,malang,0.5697103142738342
/mnt/extended-home/dzakaaufa/dataset/all_images_captioning/Data 8 Batik Krajan (Sekar Jagad).jpg,"The batik fabric features the Malang motif, characterized by brown, dark red tones. The main motifs include coffee beans, bunga mawar and sparrows, with intricate details shaping its visual identity. The 'isen-isen' consists of delicate patterns that fill the spaces between the larger motifs, adding texture and depth to the design. The pattern appears in a geometric arrangement, creating a harmonious and balanced composition across the surface.","The batik fabric is characterized by a brown background and various motifs in shades of brown, beige, and white. The main motifs include stylized flowers and leaves, some resembling lotus blossoms or similar floral forms, and others appearing as abstract patterns. These motifs are interspersed with smaller, repeating geometric shapes known as 'isen-isen,' which fill the spaces between them. The layout features a mix of larger, more complex designs arranged in a scattered yet harmonious manner across the fabric, creating a balanced and visually engaging pattern.",False,no_class,Malang,sekarjagad,0.6169230937957764
/mnt/extended-home/dzakaaufa/dataset/all_images_captioning/Mekar Sari Data 5 Putihan Mekar Sewindu.jpg,"The batik fabric features the Lamongan motif, characterized by red, black, white tones. The main motifs include flower, with intricate details shaping its visual identity. The 'isen-isen' consists of delicate patterns that fill the spaces between the larger motifs, adding texture and depth to the design. The pattern appears in a non-geometric arrangement, creating a harmonious and balanced composition across the surface.","The batik fabric is characterized by a light pink background and red, black, and white motifs. The main motifs consist of stylized flowers with intricate petal details, each featuring a central red flower surrounded by smaller black and white petals. The 'isen-isen', or filler patterns, include small red dots and interconnected black lines that form geometric shapes within the larger floral designs. The layout/pattern arrangement consists of repeating rows of these floral motifs, creating a harmonious and visually balanced design across the entire surface of the fabric.",False,no_class,Lamongan,lamongan,0.6791279315948486
/mnt/extended-home/dzakaaufa/dataset/all_images_captioning/Data 3 Batik Blimbing (Daniswara Silamukti).jpg,"The batik fabric features the Malang motif, characterized by blue, white tones. The main motifs include flower, padi, butterfly, banteng and mask, panji asmora bangun, ragil kuning, with intricate details shaping its visual identity. The 'isen-isen' consists of delicate patterns that fill the spaces between the larger motifs, adding texture and depth to the design. The pattern appears in a non-geometric arrangement, creating a harmonious and balanced composition across the surface.","The batik fabric is characterized by a white background and blue, yellow, and red motifs. The main motifs consist of intricate floral designs with swirling petals and detailed centers in blue and yellow. These motifs are interspersed with smaller, more abstract shapes that resemble leaves or tendrils, also in blue and yellow. The 'isen-isen', which fills the spaces between the larger motifs, includes small, repeating patterns such as flowers and geometric shapes in blue and yellow. The overall pattern arrangement appears random yet balanced, creating a visually dynamic composition across the fabric's surface.",False,no_class,Malang,malang,0.6169632077217102
/mnt/extended-home/dzakaaufa/dataset/all_images_captioning/Data 11 Batik Tiepuk (Turonggo Yakso Abstrak).jpg,"The batik fabric features the Trenggalek motif, characterized by black, milk chocolate, blue tones. The main motifs include clove plant flora, food ... and turonggoyakso dance culture, with intricate details shaping its visual identity. The 'isen-isen' consists of delicate patterns that fill the spaces between the larger motifs, adding texture and depth to the design. The pattern appears in a non-geometric arrangement, creating a harmonious and balanced composition across the surface.","The batik fabric is characterized by a black background and blue, beige, and red motifs. The main motifs appear to be abstract cloud-like shapes, some resembling dragons or serpentine forms, outlined in blue and filled with beige. These larger shapes are interspersed with smaller, more intricate designs that resemble flowers or leaves, detailed in red and beige against the blue background. The 'isen-isen' filling the spaces between these larger motifs consists of small, circular patterns scattered across the entire surface. The overall pattern arrangement follows a grid-like structure, creating a harmonious and balanced design throughout the fabric.",False,no_class,Trenggalek,lamongan,0.3444671332836151
/mnt/extended-home/dzakaaufa/dataset/all_images_captioning/Afiq Jaya_35241420061006_Bandeng Lele Teratai_2024_FAUNA_FLORA.jpg,"The batik fabric features the Lamongan motif, characterized by black, orange tones. The main motifs include milkfish and catfish and lotus, with intricate details shaping its visual identity. The 'isen-isen' consists of delicate patterns that fill the spaces between the larger motifs, adding texture and depth to the design. The pattern appears in a non-geometric arrangement, creating a harmonious and balanced composition across the surface.","The batik fabric is characterized by a black background and orange, red, blue, and white motifs. The main motifs include stylized flowers and leaves, some resembling lotus blossoms or similar floral forms, while others appear more abstract. The 'isen-isen', which fills the spaces between these larger motifs, consists of smaller, intricate patterns that resemble geometric shapes and possibly floral elements as well. The layout/pattern arrangement is dense and repetitive, creating a visually rich tapestry where each section appears to be a continuation of the next, forming an almost seamless design across the entire surface of the fabric.",False,no_class,Lamongan,lamongan,0.9393550753593445
/mnt/extended-home/dzakaaufa/dataset/all_images_captioning/Afiq Jaya_35241420061009_Gapuro Singo Mengkok_2025_CULTURE.jpg,"The batik fabric features the Lamongan motif, characterized by blue, grey tones. The main motifs include gapuro singo mengkok, with intricate details shaping its visual identity. The 'isen-isen' consists of delicate patterns that fill the spaces between the larger motifs, adding texture and depth to the design. The pattern appears in a non-geometric arrangement, creating a harmonious and balanced composition across the surface.","The batik fabric is characterized by a dark navy blue background and light blue, white, and silver motifs. The main motifs include symmetrical diamond-shaped designs filled with intricate patterns resembling stylized flowers or leaves. These diamond shapes are bordered by smaller, repeating floral and leaf-like elements that fill the spaces between them. The layout follows a grid-like pattern, with each diamond shape positioned symmetrically around the central area of the fabric.",False,no_class,Lamongan,lamongan,0.9278052449226379
/mnt/extended-home/dzakaaufa/dataset/all_images_captioning/Jayyida Data 15 Pager Ayu.jpg,"The batik fabric features the Lamongan motif, characterized by maroon tones. The main motifs include clover and milkfish and catfish, with intricate details shaping its visual identity. The 'isen-isen' consists of delicate patterns that fill the spaces between the larger motifs, adding texture and depth to the design. The pattern appears in a non-geometric arrangement, creating a harmonious and balanced composition across the surface.","The batik fabric is characterized by a deep red background and white motifs. The main motifs include stylized flowers, paisley-like patterns, and abstract shapes resembling leaves or feathers. These motifs are interspersed within the 'isen-isen', which consists of small, evenly spaced dots that fill the spaces between the larger designs. The layout features a symmetrical arrangement with two distinct sections, each containing its own set of motifs. On the left side, there is a vertical stripe pattern with additional floral elements, while the right side has a triangular shape filled with more abstract forms.",False,no_class,Lamongan,malang,0.6010594367980957
/mnt/extended-home/dzakaaufa/dataset/all_images_captioning/Data 1 Batik Krajan (Kopi).jpg,"The batik fabric features the Malang motif, characterized by brown, white tones. The main motifs include coffee beans, with intricate details shaping its visual identity. The 'isen-isen' consists of delicate patterns that fill the spaces between the larger motifs, adding texture and depth to the design. The pattern appears in a non-geometric arrangement, creating a harmonious and balanced composition across the surface.","The batik fabric is characterized by a dark brown background and white motifs. The main motifs consist of stylized leaves, some resembling lotus flowers or similar forms, arranged in a scattered pattern across the fabric. These motifs are interspersed with smaller, simpler leaf-like shapes that fill the spaces between them. The layout appears random yet balanced, creating an overall harmonious design without any specific directional orientation.",False,no_class,Malang,malang,0.6377699971199036
/mnt/extended-home/dzakaaufa/dataset/all_images_captioning/Data 9 Batik Tiepuk (Semen Romo).jpg,"The batik fabric features the Trenggalek motif, characterized by milk chocolate, orange red tones. The main motifs include clove plant flora, with intricate details shaping its visual identity. The 'isen-isen' consists of delicate patterns that fill the spaces between the larger motifs, adding texture and depth to the design. The pattern appears in a geometric arrangement, creating a harmonious and balanced composition across the surface.","The batik fabric is characterized by a black background and white, red, and gold motifs. The main motifs appear to be stylized floral or paisley-like shapes, each containing smaller geometric patterns within them. These motifs are interspersed throughout the fabric in a symmetrical pattern that repeats across both horizontal and vertical axes. The 'isen-isen', which fills the spaces between the larger motifs, consists of intricate linear designs and small triangular shapes, adding depth and complexity to the overall design.",False,no_class,Trenggalek,trenggalek,0.9138944745063782
/mnt/extended-home/dzakaaufa/dataset/all_images_captioning/Data 24 Batik Tiepuk (Larung Sembonyo).jpg,"The batik fabric features the Trenggalek motif, characterized by orange, yellow tones. The main motifs include larungsaji culture and floral flora..., with intricate details shaping its visual identity. The 'isen-isen' consists of delicate patterns that fill the spaces between the larger motifs, adding texture and depth to the design. The pattern appears in a non-geometric arrangement, creating a harmonious and balanced composition across the surface.","The batik fabric is characterized by an orange background and white, green, brown, red, and black motifs. The main motifs include stylized trees with branches extending outward, each adorned with leaves in varying shades of green. Within these tree structures, there are intricate designs resembling buildings or architectural elements, filled with white and green patterns that resemble waves or flowing lines. The 'isen-isen' filling the spaces between the main motifs consists of small geometric shapes such as triangles and squares, predominantly in white but also incorporating other colors like green and brown to create a detailed and layered effect. The overall pattern arrangement follows a symmetrical design, with",False,no_class,Trenggalek,trenggalek,0.8480463027954102
/mnt/extended-home/dzakaaufa/dataset/all_images_captioning/Data 5 Batik Lana (Jumputan).jpg,"The batik fabric features the Malang motif, characterized by purple tones. The main motifs include , with intricate details shaping its visual identity. The 'isen-isen' consists of delicate patterns that fill the spaces between the larger motifs, adding texture and depth to the design. The pattern appears in a geometric arrangement, creating a harmonious and balanced composition across the surface.","The batik fabric is characterized by a deep maroon background and light pink motifs. The main motifs consist of small, circular shapes that resemble flowers or dots, arranged in a grid-like pattern across the fabric. These circles are interspersed with smaller diamond-shaped 'isen-isen', which fill the spaces between them. The overall layout follows a repetitive, symmetrical design, creating a uniform and intricate appearance throughout the entire piece.",False,no_class,Malang,malang,0.749794602394104
/mnt/extended-home/dzakaaufa/dataset/all_images_captioning/Mutiara S Data 6 Karang Pring.jpg,"The batik fabric features the Lamongan motif, characterized by yellow, red, black, white tones. The main motifs include coral, with intricate details shaping its visual identity. The 'isen-isen' consists of delicate patterns that fill the spaces between the larger motifs, adding texture and depth to the design. The pattern appears in a non-geometric arrangement, creating a harmonious and balanced composition across the surface.","The batik fabric is characterized by an orange background and black, white, and brown motifs. The main motifs include stylized fish and coral-like structures. The fish have elongated bodies with pointed tails, while the coral features branching forms with small dots representing polyps or bubbles. The 'isen-isen', which fills the spaces between the larger motifs, consists of small, circular patterns resembling bubbles or droplets. The layout follows a repeating pattern where the fish and coral motifs alternate in rows across the fabric, creating a balanced and harmonious design.",False,no_class,Lamongan,malang,0.4863817095756531
/mnt/extended-home/dzakaaufa/dataset/all_images_captioning/Data 2 Batik Sukun (Batik Okus).jpg,"The batik fabric features the Malang motif, characterized by dark blue, red tones. The main motifs include sea plants, tilapia fish and cadik boat, aliran air, with intricate details shaping its visual identity. The 'isen-isen' consists of delicate patterns that fill the spaces between the larger motifs, adding texture and depth to the design. The pattern appears in a geometric arrangement, creating a harmonious and balanced composition across the surface.","The batik fabric is characterized by a black background and red, orange, white, green, and blue motifs. The main motifs include stylized boats arranged in rows across the fabric, with each boat having a distinct shape featuring pointed ends and a central body. The 'isen-isen' filling the spaces between the boats consists of wavy lines and small floral patterns. The layout/pattern arrangement features horizontal bands of different motifs, starting from the top with abstract designs, followed by rows of boats, then intricate white lace-like patterns, and finally, colorful fish and seaweed at the bottom.",False,no_class,Malang,malang,0.5813226699829102
/mnt/extended-home/dzakaaufa/dataset/all_images_captioning/Data 3 Batik Kantil (Topeng Kantil).jpg,"The batik fabric features the Malang motif, characterized by dark purple, white tones. The main motifs include kantil mask, with intricate details shaping its visual identity. The 'isen-isen' consists of delicate patterns that fill the spaces between the larger motifs, adding texture and depth to the design. The pattern appears in a non-geometric arrangement, creating a harmonious and balanced composition across the surface.","The batik fabric is characterized by a deep purple background and multicolored motifs. The main motifs include stylized faces in orange, blue, green, and red, surrounded by small floral patterns in white, yellow, and orange. These faces are interspersed with triangular 'isen-isen' designs that fill the spaces between them. The layout features a symmetrical arrangement with rows of these elements, creating a balanced and repetitive pattern across the entire fabric.",False,no_class,Malang,malang,0.8014695048332214
/mnt/extended-home/dzakaaufa/dataset/all_images_captioning/Afiq Jaya_35241420061008_Singo Mengkok Gagak Siup_2025_CULTURE.jpg,"The batik fabric features the Lamongan motif, characterized by blue, light brown tones. The main motifs include singo mengkok gagak siup, with intricate details shaping its visual identity. The 'isen-isen' consists of delicate patterns that fill the spaces between the larger motifs, adding texture and depth to the design. The pattern appears in a non-geometric arrangement, creating a harmonious and balanced composition across the surface.","The batik fabric is characterized by a deep navy blue background and intricate white, light blue, and gold motifs. The main motifs include stylized dragons or serpentine creatures, which are detailed with white and light blue accents, and smaller floral-like patterns that fill the spaces between them. These smaller motifs appear to be ""isen-isen,"" which are typically small decorative elements used in batik designs. The layout of the fabric features a symmetrical arrangement where the larger dragon motifs are positioned along the edges, while the smaller floral patterns are scattered across the rest of the surface.",False,no_class,Lamongan,lamongan,0.961168110370636
/mnt/extended-home/dzakaaufa/dataset/all_images_captioning/Tutut Data 8 Ceplik Melati Singo Mengkok.jpg,"The batik fabric features the Lamongan motif, characterized by turquoise, blue tones. The main motifs include jasmine and singo mengkok, with intricate details shaping its visual identity. The 'isen-isen' consists of delicate patterns that fill the spaces between the larger motifs, adding texture and depth to the design. The pattern appears in a geometric arrangement, creating a harmonious and balanced composition across the surface.","The batik fabric is characterized by a dark green background and white motifs. The main motifs appear to be small, intricate floral designs resembling daisies or similar flowers, each with five petals and a central dot. These motifs are interspersed throughout the fabric in a scattered pattern. The 'isen-isen', which fills the spaces between the main motifs, consists of smaller, simpler geometric shapes that resemble dots or small circles, creating a dense grid-like texture across the entire surface. The overall layout follows a random yet evenly distributed arrangement, ensuring no part of the fabric appears empty for an extended period.",False,no_class,Lamongan,lamongan,0.9653707146644592
/mnt/extended-home/dzakaaufa/dataset/all_images_captioning/Data 3 Batik Krajan (Bunga Terompet Garudeya).jpg,"The batik fabric features the Malang motif, characterized by black, yellow tones. The main motifs include trumpet flower and ガルデヤ, with intricate details shaping its visual identity. The 'isen-isen' consists of delicate patterns that fill the spaces between the larger motifs, adding texture and depth to the design. The pattern appears in a non-geometric arrangement, creating a harmonious and balanced composition across the surface.","The batik fabric is characterized by a black background and yellow, orange, and white motifs. The main motifs include stylized leaves and flowers, which are intricately detailed with small dots forming the 'isen-isen'. These motifs are arranged in a triangular formation at the top right corner of the fabric, with smaller circular patterns at the base, creating a sense of depth and balance.",False,no_class,Malang,malang,0.7801232933998108
/mnt/extended-home/dzakaaufa/dataset/all_images_captioning/Data 26 Batik Kantil (Kamalini Buana).jpg,"The batik fabric features the Malang motif, characterized by black, green tones. The main motifs include lotus, with intricate details shaping its visual identity. The 'isen-isen' consists of delicate patterns that fill the spaces between the larger motifs, adding texture and depth to the design. The pattern appears in a non-geometric arrangement, creating a harmonious and balanced composition across the surface.","The batik fabric is characterized by a black background and green, pink, purple, and white motifs. The main motifs consist of lotus flowers with five petals each, surrounded by star-shaped 'isen-isen'. These lotus flowers are interspersed with heart-shaped leaves that have small dots in their centers. The layout of the pattern appears to be random yet harmonious, with no specific repeating sequence or alignment, creating an overall balanced and intricate design across the entire surface.",False,no_class,Malang,malang,0.9280935525894165
/mnt/extended-home/dzakaaufa/dataset/all_images_captioning/Data 7 Batik Krajan (Bunga Sepatu).jpg,"The batik fabric features the Malang motif, characterized by black, brown tones. The main motifs include hibiscus, with intricate details shaping its visual identity. The 'isen-isen' consists of delicate patterns that fill the spaces between the larger motifs, adding texture and depth to the design. The pattern appears in a non-geometric arrangement, creating a harmonious and balanced composition across the surface.","The batik fabric is characterized by a black background and colorful floral motifs. The main motifs consist of various flowers, including hibiscus-like blooms in red, green, yellow, purple, and pink hues. These flowers have intricate petal structures and are surrounded by smaller leaves and buds that fill the spaces between them. The layout of the pattern appears to be random yet densely packed across the entire surface, creating a vibrant and lively design.",False,no_class,Malang,malang,0.572974681854248
