image_path,reference,prediction,motif_mentioned,used_prompt_mode,ground_truth_class,predicted_class,classification_confidence
/mnt/extended-home/dzakaaufa/dataset/all_images_captioning/Data 2 Batik Lana (Pakis Tutul).jpg,"The batik fabric features the Malang motif, characterized by dark green tones. The main motifs include fern plants, with intricate details shaping its visual identity. The 'isen-isen' consists of delicate patterns that fill the spaces between the larger motifs, adding texture and depth to the design. The pattern appears in a non-geometric arrangement, creating a harmonious and balanced composition across the surface.","The batik fabric features the malang motif, characterized by a dark green background and white motifs. The main motifs appear to be starfish-like in shape, with intricate details filled with small white dots resembling 'isen-isen'. These starfish motifs are scattered across the fabric, creating a random yet harmonious pattern. The 'isen-isen' within each starfish motif consists of smaller white dots arranged in a circular pattern, adding depth and texture to the design.",True,hard,Malang,malang,0.8088918924331665
/mnt/extended-home/dzakaaufa/dataset/all_images_captioning/Data 15 Batik Soendari (Sido Candra Kapala).jpg,"The batik fabric features the Malang motif, characterized by chocolate, blue tones. The main motifs include lotus and candra kapala, with intricate details shaping its visual identity. The 'isen-isen' consists of delicate patterns that fill the spaces between the larger motifs, adding texture and depth to the design. The pattern appears in a non-geometric arrangement, creating a harmonious and balanced composition across the surface.","The batik fabric features the sekarjagad motif, characterized by a blue background and red, brown, white, and beige motifs. The main motifs include circular patterns resembling flowers or mandalas, each filled with intricate designs such as dots, swirls, and lines. These central motifs are interspersed with smaller, more abstract shapes that fill the spaces between them, creating a dense and layered appearance. The overall pattern arrangement follows a symmetrical design, with the motifs arranged in a grid-like fashion across the fabric.",False,hard,Malang,sekarjagad,0.5962108373641968
/mnt/extended-home/dzakaaufa/dataset/all_images_captioning/Data 5 Batik Kantil (Mas-mas Mbois).jpg,"The batik fabric features the Malang motif, characterized by brown, orange tones. The main motifs include people dressed in javanese traditional clothes and cempaka putih, with intricate details shaping its visual identity. The 'isen-isen' consists of delicate patterns that fill the spaces between the larger motifs, adding texture and depth to the design. The pattern appears in a non-geometric arrangement, creating a harmonious and balanced composition across the surface.","The batik fabric features the malang motif, characterized by a brown background and colorful motifs. The main motifs consist of stylized human figures in various poses, including standing, sitting, and dancing, depicted in vibrant hues such as blue, green, red, yellow, and purple. These figures are interspersed with smaller, triangular ""isen-isen"" shapes that fill the spaces between them. The layout follows a symmetrical pattern, with rows of figures alternating directions to create a balanced and harmonious design across the entire fabric.",True,hard,Malang,malang,0.7394968271255493
/mnt/extended-home/dzakaaufa/dataset/all_images_captioning/Mulifah Data 11 Selempang Bandeng Lele.jpg,"The batik fabric features the Lamongan motif, characterized by red, black, white tones. The main motifs include milkfish and catfish, with intricate details shaping its visual identity. The 'isen-isen' consists of delicate patterns that fill the spaces between the larger motifs, adding texture and depth to the design. The pattern appears in a non-geometric arrangement, creating a harmonious and balanced composition across the surface.","The batik fabric features the trenggalek motif, characterized by a black background and red and white motifs. The main motifs consist of stylized leaves or floral patterns in red, interspersed with smaller white flowers. These motifs are arranged diagonally across the fabric, creating a dynamic and flowing pattern. The spaces between these larger motifs are filled with intricate white 'isen-isen', which appear to be small, interconnected geometric shapes resembling dots or tiny flowers, adding depth and complexity to the overall design.",False,hard,Lamongan,trenggalek,0.7729614973068237
/mnt/extended-home/dzakaaufa/dataset/all_images_captioning/Data 4 Batik Soendari (Ikan Maskoki).jpg,"The batik fabric features the Malang motif, characterized by dark blue, cream, pink tones. The main motifs include goldfish, with intricate details shaping its visual identity. The 'isen-isen' consists of delicate patterns that fill the spaces between the larger motifs, adding texture and depth to the design. The pattern appears in a non-geometric arrangement, creating a harmonious and balanced composition across the surface.","The batik fabric features the malang motif, characterized by a dark navy blue background and pink and gold motifs. The main motifs consist of stylized fish with flowing tails, each filled with intricate white patterns resembling scales or feathers. These fish are interspersed with smaller, simpler shapes that resemble coral or seaweed, also in pink and gold, which fill the spaces between the larger fish designs. The layout follows a repeating pattern where the fish and coral/seaweed motifs alternate across the fabric, creating a harmonious and balanced design.",True,hard,Malang,malang,0.9514274001121521
/mnt/extended-home/dzakaaufa/dataset/all_images_captioning/Istiqomah Data 6 Merak Nam Katil.jpg,"The batik fabric features the Lamongan motif, characterized by purple tones. The main motifs include peacock and nam, with intricate details shaping its visual identity. The 'isen-isen' consists of delicate patterns that fill the spaces between the larger motifs, adding texture and depth to the design. The pattern appears in a non-geometric arrangement, creating a harmonious and balanced composition across the surface.","The batik fabric features the lamongan motif, characterized by a light beige background and purple, red, black, and white motifs. The main motifs include stylized flowers in various shapes such as circular blossoms and elongated petals, along with birds depicted in a simplified form. These motifs are interspersed within an intricate 'isen-isen' pattern that fills the spaces between them. The layout follows a symmetrical design, with floral patterns arranged in rows across the fabric, bordered at the bottom by a geometric border featuring diamond shapes and triangular points in shades of purple and black.",True,hard,Lamongan,lamongan,0.9582538604736328
/mnt/extended-home/dzakaaufa/dataset/all_images_captioning/Data 1 Batik Rahayu (Kleten).jpg,"The batik fabric features the Trenggalek motif, characterized by sogan chocolate, black tones. The main motifs include jasmine flower flora, with intricate details shaping its visual identity. The 'isen-isen' consists of delicate patterns that fill the spaces between the larger motifs, adding texture and depth to the design. The pattern appears in a non-geometric arrangement, creating a harmonious and balanced composition across the surface.","The batik fabric features the trenggalek motif, characterized by a black background and orange motifs. The main motifs consist of swirling, cursive lines that resemble flowing water or vines, creating an intricate network across the fabric. These swirls are filled with smaller, star-like shapes in red and white, known as 'isen-isen,' which add depth and detail to the design. The layout of the pattern follows a repeating grid, ensuring uniformity while maintaining a visually dynamic appearance.",True,hard,Trenggalek,trenggalek,0.7371113896369934
/mnt/extended-home/dzakaaufa/dataset/all_images_captioning/Data 13 Batik Kantil (Buntel).jpg,"The batik fabric features the Malang motif, characterized by brown, green tones. The main motifs include jasmine flower, bunga kantil, with intricate details shaping its visual identity. The 'isen-isen' consists of delicate patterns that fill the spaces between the larger motifs, adding texture and depth to the design. The pattern appears in a non-geometric arrangement, creating a harmonious and balanced composition across the surface.","The batik fabric features the malang motif, characterized by a greenish-blue background and orange-brown motifs. The main motifs appear to be abstract, possibly representing leaves or vines, with intricate patterns that include dots and lines. These motifs are interspersed throughout the fabric in a scattered yet balanced manner. The 'isen-isen', which fills the spaces between the larger motifs, consists of smaller, detailed designs resembling flowers and geometric shapes, adding depth and complexity to the overall pattern.",True,hard,Malang,malang,0.6104966998100281
/mnt/extended-home/dzakaaufa/dataset/all_images_captioning/Data 23 Batik Soendari (Padma Latar Ceceg).jpg,"The batik fabric features the Malang motif, characterized by blue, cream tones. The main motifs include lotus and butterfly, with intricate details shaping its visual identity. The 'isen-isen' consists of delicate patterns that fill the spaces between the larger motifs, adding texture and depth to the design. The pattern appears in a non-geometric arrangement, creating a harmonious and balanced composition across the surface.","The batik fabric features the malang motif, characterized by a dark purple background and light pink, blue, and white motifs. The main motifs include stylized birds and lotus flowers, intricately detailed in light pink and blue against the darker backdrop. The 'isen-isen', or filler patterns, consist of small, delicate floral designs in white, adding texture to the overall pattern. The layout follows a repeating geometric grid, creating a harmonious balance between the larger bird and flower motifs and the smaller, intricate fillers that connect them across the fabric's surface.",True,hard,Malang,malang,0.9428062438964844
/mnt/extended-home/dzakaaufa/dataset/all_images_captioning/Mulifah Data 7 Pring Sedapur (Serumpun).jpg,"The batik fabric features the Lamongan motif, characterized by black, brown tones. The main motifs include bamboo, with intricate details shaping its visual identity. The 'isen-isen' consists of delicate patterns that fill the spaces between the larger motifs, adding texture and depth to the design. The pattern appears in a non-geometric arrangement, creating a harmonious and balanced composition across the surface.","The batik fabric features the lamongan motif, characterized by a black background and white motifs. The main motifs include stylized plants or trees with intricate branches and leaves, some resembling cacti or spiky foliage. These motifs are filled with small, delicate white dots known as 'isen-isen,' creating a textured appearance within the larger shapes. The layout arranges these motifs in a scattered yet balanced manner across the fabric, with no single motif dominating the composition.",True,hard,Lamongan,lamongan,0.9541308879852295
/mnt/extended-home/dzakaaufa/dataset/all_images_captioning/Istiqomah Data 3 Pisang Setandon.jpg,"The batik fabric features the Lamongan motif, characterized by turquoise, black, white tones. The main motifs include banana, with intricate details shaping its visual identity. The 'isen-isen' consists of delicate patterns that fill the spaces between the larger motifs, adding texture and depth to the design. The pattern appears in a non-geometric arrangement, creating a harmonious and balanced composition across the surface.","The batik fabric features the lamongan motif, characterized by a light teal background and white motifs. The main motifs consist of stylized flowers with five petals each, outlined in white and filled with dark brown centers. These floral designs are interspersed with smaller, simpler shapes resembling leaves or buds, also outlined in white but filled with a lighter shade of brown. The 'isen-isen', which fills the spaces between the larger motifs, consists of small, evenly spaced dots that create a subtle texture across the fabric. The overall pattern arrangement follows a grid-like structure, with the floral motifs distributed evenly throughout the surface, creating a harmonious",True,hard,Lamongan,lamongan,0.42715272307395935
/mnt/extended-home/dzakaaufa/dataset/all_images_captioning/Data 26 Batik Rahayu (Sido Mukti Rahayu).jpg,"The batik fabric features the Trenggalek motif, characterized by chocolate sogan tones. The main motifs include orchid flowers, cloves and sido mukti motif, with intricate details shaping its visual identity. The 'isen-isen' consists of delicate patterns that fill the spaces between the larger motifs, adding texture and depth to the design. The pattern appears in a non-geometric arrangement, creating a harmonious and balanced composition across the surface.","The batik fabric features the trenggalek motif, characterized by a red background and black motifs. The main motifs consist of diamond-shaped patterns with pointed ends, resembling stylized eyes or teardrops. These diamonds are interspersed with smaller, intricate designs that fill the spaces between them, creating a dense and complex pattern. The layout follows a grid-like arrangement, with rows of these diamond shapes running horizontally across the fabric, intersecting at right angles to form a crisscross pattern.",True,hard,Trenggalek,trenggalek,0.9570402503013611
/mnt/extended-home/dzakaaufa/dataset/all_images_captioning/Data 13 Batik Wagastu (Sayap Rona Harapan).jpg,"The batik fabric features the Malang motif, characterized by brick red, chocolate tones. The main motifs include mango tree and sparrows, with intricate details shaping its visual identity. The 'isen-isen' consists of delicate patterns that fill the spaces between the larger motifs, adding texture and depth to the design. The pattern appears in a non-geometric arrangement, creating a harmonious and balanced composition across the surface.","The batik fabric features the malang motif, characterized by a brown background and red, white, blue, and black motifs. The main motifs consist of stylized flowers or leaves with a central red petal surrounded by white petals, and smaller blue and black details within each flower. The 'isen-isen', which fills the spaces between these larger motifs, appears to be a series of small, interconnected shapes resembling dots or small circles in various colors including white, red, and blue. The layout/pattern arrangement follows a symmetrical design, with the larger motifs arranged in a grid-like pattern across the fabric, interspersed with the",True,hard,Malang,malang,0.8463723659515381
/mnt/extended-home/dzakaaufa/dataset/all_images_captioning/Data 17 Batik Rahayu (Gringsing Satrio Manah).jpg,"The batik fabric features the Trenggalek motif, characterized by green tones. The main motifs include satrio manah, with intricate details shaping its visual identity. The 'isen-isen' consists of delicate patterns that fill the spaces between the larger motifs, adding texture and depth to the design. The pattern appears in a non-geometric arrangement, creating a harmonious and balanced composition across the surface.","The batik fabric features the trenggalek motif, characterized by a reddish-brown background and black motifs. The main motifs consist of diamond-shaped patterns with intricate designs inside them, including star-like figures and other geometric shapes. These diamonds are arranged in a grid-like pattern across the fabric. The spaces between these diamond shapes are filled with smaller, interconnected shapes known as 'isen-isen,' which form a continuous network throughout the entire design.",True,hard,Trenggalek,trenggalek,0.6381943225860596
/mnt/extended-home/dzakaaufa/dataset/all_images_captioning/Mutiara S Data 8 Singo Mengkok Kembang Brokoli.jpg,"The batik fabric features the Lamongan motif, characterized by dark blue, light blue, black tones. The main motifs include singo mengkok and cauliflower, with intricate details shaping its visual identity. The 'isen-isen' consists of delicate patterns that fill the spaces between the larger motifs, adding texture and depth to the design. The pattern appears in a non-geometric arrangement, creating a harmonious and balanced composition across the surface.","The batik fabric features the lamongan motif, characterized by a bright blue background and black and white motifs. The main motifs consist of stylized flowers and leaves, intricately designed with flowing lines that give them a dynamic appearance. These floral patterns are interspersed with smaller, more intricate designs known as 'isen-isen,' which fill the spaces between the larger motifs. The layout follows a repeating pattern where each section contains a similar arrangement of these elements, creating a harmonious and balanced overall design across the entire fabric.",True,hard,Lamongan,lamongan,0.9061524868011475
/mnt/extended-home/dzakaaufa/dataset/all_images_captioning/Data 20 Batik Kantil (Bangau).jpg,"The batik fabric features the Malang motif, characterized by dark blue tones. The main motifs include stork and chrysanthemum flower, with intricate details shaping its visual identity. The 'isen-isen' consists of delicate patterns that fill the spaces between the larger motifs, adding texture and depth to the design. The pattern appears in a non-geometric arrangement, creating a harmonious and balanced composition across the surface.","The batik fabric features the malang motif, characterized by a deep blue background and white motifs. The main motifs include stylized birds in flight, each depicted with outstretched wings and detailed feather patterns. These birds are interspersed throughout the fabric. The 'isen-isen', or filler designs, consist of intricate circular and star-like patterns that fill the spaces between the larger bird motifs. The overall pattern arrangement creates a harmonious balance across the entire surface, with the birds appearing to float amidst the dense network of smaller geometric designs.",True,hard,Malang,malang,0.7450019121170044
/mnt/extended-home/dzakaaufa/dataset/all_images_captioning/Data 19 Batik Tiepuk (Parang Kawung Cengkeh).jpg,"The batik fabric features the Trenggalek motif, characterized by chocolate, black tones. The main motifs include clove plant flora, with intricate details shaping its visual identity. The 'isen-isen' consists of delicate patterns that fill the spaces between the larger motifs, adding texture and depth to the design. The pattern appears in a non-geometric arrangement, creating a harmonious and balanced composition across the surface.","The batik fabric features the trenggalek motif, characterized by a dark brown background and white motifs. The main motifs consist of small, intricate star-like shapes arranged in a grid pattern. These stars are filled with smaller, repeating geometric designs that create a dense, textured appearance within each star. The layout of the motifs follows diagonal lines across the fabric, creating a dynamic and visually engaging design.",True,hard,Trenggalek,trenggalek,0.9874938130378723
/mnt/extended-home/dzakaaufa/dataset/all_images_captioning/Data 1 Batik Wagastu (Sayap Sulur Kopi).jpg,"The batik fabric features the Malang motif, characterized by chocolate, green tones. The main motifs include coffee plant, sulur and bird wings, with intricate details shaping its visual identity. The 'isen-isen' consists of delicate patterns that fill the spaces between the larger motifs, adding texture and depth to the design. The pattern appears in a non-geometric arrangement, creating a harmonious and balanced composition across the surface.","The batik fabric features the malang motif, characterized by a brown background and green and white motifs. The main motifs consist of elongated, flowing lines that resemble leaves or vines, arranged in parallel rows across the fabric. These lines are filled with smaller, intricate patterns resembling small leaves or buds, creating a dense, textured appearance within each row. The layout follows a symmetrical design, with the green and white motifs alternating along the length of the fabric, bordered by additional decorative elements at the top and bottom edges.",True,hard,Malang,malang,0.6275090575218201
/mnt/extended-home/dzakaaufa/dataset/all_images_captioning/Data 15 Batik Rahayu (Koi Keberuntungan).jpg,"The batik fabric features the Trenggalek motif, characterized by green, blue tones. The main motifs include clove, teratai and koi fish, with intricate details shaping its visual identity. The 'isen-isen' consists of delicate patterns that fill the spaces between the larger motifs, adding texture and depth to the design. The pattern appears in a non-geometric arrangement, creating a harmonious and balanced composition across the surface.","The batik fabric features the trenggalek motif, characterized by a dark blue background and bright green and blue motifs. The main motifs consist of stylized fish, each with a distinct shape that includes a rounded body, a tail fin, and sometimes additional fins or details like eyes and mouths. These fish are interspersed throughout the fabric in various orientations. The 'isen-isen', which fills the spaces between the fish, consists of circular patterns resembling lotus flowers or similar floral designs, also in shades of green and blue. The layout/pattern arrangement appears to be random yet balanced, creating an overall harmonious and lively",True,hard,Trenggalek,trenggalek,0.8530349731445312
/mnt/extended-home/dzakaaufa/dataset/all_images_captioning/Mekar Sari Data 6 Melati Deret.jpg,"The batik fabric features the Lamongan motif, characterized by orange, brown, white tones. The main motifs include jasmine, with intricate details shaping its visual identity. The 'isen-isen' consists of delicate patterns that fill the spaces between the larger motifs, adding texture and depth to the design. The pattern appears in a non-geometric arrangement, creating a harmonious and balanced composition across the surface.","The batik fabric features the trenggalek motif, characterized by a deep maroon background and white motifs. The main motifs consist of small, circular shapes arranged in a grid-like pattern across the fabric. These circles are interspersed with smaller, intricate designs that fill the spaces between them, creating a dense and detailed texture. The layout follows a symmetrical design, with the motifs evenly distributed to form a cohesive and visually striking pattern throughout the entire piece.",False,hard,Lamongan,trenggalek,0.8463122248649597
/mnt/extended-home/dzakaaufa/dataset/all_images_captioning/Data 2 Batik Krajan (Truntum Garudeya).jpg,"The batik fabric features the Malang motif, characterized by black, white tones. The main motifs include flower and ガルデヤ, with intricate details shaping its visual identity. The 'isen-isen' consists of delicate patterns that fill the spaces between the larger motifs, adding texture and depth to the design. The pattern appears in a non-geometric arrangement, creating a harmonious and balanced composition across the surface.","The batik fabric features the malang motif, characterized by a black background and white motifs. The main motifs include a central figure resembling a bird or phoenix, surrounded by intricate floral patterns in white. These floral patterns extend outward, creating a symmetrical design that frames the central figure. The 'isen-isen', which fills the spaces between the main motifs, consists of small, evenly spaced dots arranged vertically across the entire piece, adding texture and depth to the overall pattern. The layout follows a horizontal banding style, where the vertical 'isen-isen' lines run parallel to each other, enhancing the structured yet flowing appearance of the bat",True,hard,Malang,malang,0.9389978647232056
/mnt/extended-home/dzakaaufa/dataset/all_images_captioning/Data 14 Batik Blimbing (Ista Malang Kucecwara Gunungan).jpg,"The batik fabric features the Malang motif, characterized by crimson, white tones. The main motifs include malang monument, tapak batu and fire, with intricate details shaping its visual identity. The 'isen-isen' consists of delicate patterns that fill the spaces between the larger motifs, adding texture and depth to the design. The pattern appears in a simetris arrangement, creating a harmonious and balanced composition across the surface.","The batik fabric features the malang motif, characterized by a dark maroon background and white motifs. The main motifs consist of stylized trees or bell-like shapes arranged in a vertical sequence. Each tree motif has a distinct shape with a pointed top and a wider base, resembling traditional Indonesian designs. The 'isen-isen', which fills the spaces between these main motifs, consists of intricate geometric patterns that resemble honeycomb structures, adding depth and complexity to the overall design. The layout follows a symmetrical pattern, with each tree motif separated by the honeycomb-like 'isen-isen'.",True,hard,Malang,malang,0.8894149661064148
/mnt/extended-home/dzakaaufa/dataset/all_images_captioning/Data 17 Batik Kantil (Mak-mak Mbois).jpg,"The batik fabric features the Malang motif, characterized by black, red tones. The main motifs include cempaka putih, with intricate details shaping its visual identity. The 'isen-isen' consists of delicate patterns that fill the spaces between the larger motifs, adding texture and depth to the design. The pattern appears in a non-geometric arrangement, creating a harmonious and balanced composition across the surface.","The batik fabric features the malang motif, characterized by a black background and red and orange motifs. The main motifs consist of stylized human figures wearing traditional attire, arranged in a grid-like pattern across the fabric. These figures are interspersed with star-shaped designs filled with smaller petal-like shapes in shades of red and orange, creating a dynamic and visually engaging effect. The layout follows a systematic arrangement where the human figures alternate with the star patterns, maintaining symmetry and balance throughout the design.",True,hard,Malang,malang,0.5282307267189026
/mnt/extended-home/dzakaaufa/dataset/all_images_captioning/Istiqomah Data 1 Bandeng Lele Watu Cacah.jpg,"The batik fabric features the Lamongan motif, characterized by dark blue, turquoise, red, white tones. The main motifs include milkfish and catfish and cracked stone, with intricate details shaping its visual identity. The 'isen-isen' consists of delicate patterns that fill the spaces between the larger motifs, adding texture and depth to the design. The pattern appears in a non-geometric arrangement, creating a harmonious and balanced composition across the surface.","The batik fabric features the malang motif, characterized by a dark gray background and red and light blue motifs. The main motifs appear to be stylized flowers or leaves, each composed of multiple smaller shapes that form a larger design. These smaller shapes include circular and petal-like forms, creating intricate patterns within each flower or leaf. The 'isen-isen', which fills the spaces between the main motifs, consists of small, evenly distributed dots in various shades of gray, adding texture and depth to the overall pattern. The layout follows a repeating grid-like structure, ensuring symmetry and balance across the entire fabric.",False,hard,Lamongan,malang,0.8690338134765625
/mnt/extended-home/dzakaaufa/dataset/all_images_captioning/Afiq Jaya_35241420061005_ Anggrek Sulur_2025_FLORA_CULTURE.jpg,"The batik fabric features the Lamongan motif, characterized by blue, light brown tones. The main motifs include orchid and tendrils, with intricate details shaping its visual identity. The 'isen-isen' consists of delicate patterns that fill the spaces between the larger motifs, adding texture and depth to the design. The pattern appears in a non-geometric arrangement, creating a harmonious and balanced composition across the surface.","The batik fabric features the lamongan motif, characterized by a black background and blue and brown motifs. The main motifs include stylized flowers and leaves, which are outlined in brown and filled with blue. These floral elements are connected by wavy lines that form intricate patterns across the fabric. The 'isen-isen', or filler designs, consist of small dots and star-like shapes scattered throughout the spaces between the larger motifs. The overall pattern arrangement follows a symmetrical design, with the central area featuring more complex floral arrangements surrounded by simpler geometric fillers along the edges.",True,hard,Lamongan,lamongan,0.9452335238456726
/mnt/extended-home/dzakaaufa/dataset/all_images_captioning/Data 25 Batik Tiepuk (Sekar Jagad Abstrak).jpg,"The batik fabric features the Trenggalek motif, characterized by red, pink tones. The main motifs include clove plant flora and bird fauna...., with intricate details shaping its visual identity. The 'isen-isen' consists of delicate patterns that fill the spaces between the larger motifs, adding texture and depth to the design. The pattern appears in a non-geometric arrangement, creating a harmonious and balanced composition across the surface.","The batik fabric features the trenggalek motif, characterized by a white background and red motifs. The main motifs include swirling patterns resembling leaves or vines, interspersed with smaller geometric shapes like triangles and dots. These motifs are filled with intricate designs such as zigzags, stars, and floral patterns in black ink against the red background. The layout follows a symmetrical design, with the motifs arranged in a balanced manner across the fabric, creating a harmonious and visually appealing pattern.",True,hard,Trenggalek,trenggalek,0.8336138129234314
/mnt/extended-home/dzakaaufa/dataset/all_images_captioning/Tutut Data 3 Sepyur Daun Melati.jpg,"The batik fabric features the Lamongan motif, characterized by pitch black, blue, golden brown tones. The main motifs include jasmine leaves, with intricate details shaping its visual identity. The 'isen-isen' consists of delicate patterns that fill the spaces between the larger motifs, adding texture and depth to the design. The pattern appears in a geometric arrangement, creating a harmonious and balanced composition across the surface.","The batik fabric features the lamongan motif, characterized by a dark brown background and small white star-like 'isen-isen' motifs. The main motifs include stylized birds in shades of red, orange, and black, interspersed with smaller floral patterns in white and orange. These elements are arranged in a repeating pattern across the entire surface, creating a dense yet harmonious design that covers the entire fabric.",True,hard,Lamongan,lamongan,0.9401201009750366
/mnt/extended-home/dzakaaufa/dataset/all_images_captioning/Data 8 Batik Tiepuk (Kapur Sirih).jpg,"The batik fabric features the Trenggalek motif, characterized by dark red, yellow tones. The main motifs include lime betel plant flora and cultural monument culture, with intricate details shaping its visual identity. The 'isen-isen' consists of delicate patterns that fill the spaces between the larger motifs, adding texture and depth to the design. The pattern appears in a non-geometric arrangement, creating a harmonious and balanced composition across the surface.","The batik fabric features the trenggalek motif, characterized by a black background and red, white, and yellow motifs. The main motifs include stylized leaves and flowers, predominantly in red and white, with some yellow accents. These motifs are arranged along the left side of the fabric, extending from top to bottom. The 'isen-isen', or filler patterns, consist of small circular designs in various shades of red, white, and yellow scattered across the rest of the fabric. The overall pattern arrangement creates a harmonious balance between the detailed trenggalek design on the left and the more evenly distributed 'isen-",True,hard,Trenggalek,trenggalek,0.43070656061172485
/mnt/extended-home/dzakaaufa/dataset/all_images_captioning/Data 9 Batik Kantil (Love Bird dan Kamboja).jpg,"The batik fabric features the Malang motif, characterized by bright purple, red tones. The main motifs include love bird and frangipani flower, with intricate details shaping its visual identity. The 'isen-isen' consists of delicate patterns that fill the spaces between the larger motifs, adding texture and depth to the design. The pattern appears in a non-geometric arrangement, creating a harmonious and balanced composition across the surface.","The batik fabric features the malang motif, characterized by a deep purple background and vibrant red and yellow floral motifs. The main motifs consist of stylized flowers with elongated petals in bright red and yellow hues, interspersed with green leaves. These floral patterns are arranged in a scattered yet harmonious manner across the fabric. The 'isen-isen', or filler designs, include smaller blossoms and additional green foliage that complement the larger flower motifs, creating a dense but balanced pattern throughout the entire piece.",True,hard,Malang,malang,0.6701887249946594
/mnt/extended-home/dzakaaufa/dataset/all_images_captioning/Data 3 Batik Tiepuk Malang (Gemah Ripah Jahe Cengkeh).jpg,"The batik fabric features the Trenggalek motif, characterized by orange, black tones. The main motifs include flora of ginger plants, cloves, with intricate details shaping its visual identity. The 'isen-isen' consists of delicate patterns that fill the spaces between the larger motifs, adding texture and depth to the design. The pattern appears in a non-geometric arrangement, creating a harmonious and balanced composition across the surface.","The batik fabric features the trenggalek motif, characterized by an orange background and black spots forming the main motifs. The main motifs consist of elongated, wavy lines that resemble flowing water or serpentine forms, interspersed with small, intricate designs resembling leaves or feathers. These motifs are filled with smaller, repeating patterns known as 'isen-isen,' which include additional black spots and white outlines. The layout/pattern arrangement follows a repetitive, grid-like structure across the entire surface of the fabric, creating a harmonious and visually engaging design.",True,hard,Trenggalek,trenggalek,0.9754126071929932
/mnt/extended-home/dzakaaufa/dataset/all_images_captioning/Data 2 Batik Rahayu (Parang Barong).jpg,"The batik fabric features the Trenggalek motif, characterized by sogan chocolate tones. The main motifs include machete, with intricate details shaping its visual identity. The 'isen-isen' consists of delicate patterns that fill the spaces between the larger motifs, adding texture and depth to the design. The pattern appears in a geometric arrangement, creating a harmonious and balanced composition across the surface.","The batik fabric features the parang motif, characterized by a black background and white motifs. The main motifs consist of elongated, curved shapes resembling stylized leaves or waves, arranged in diagonal lines across the fabric. These motifs are filled with smaller, intricate patterns known as 'isen-isen,' which include small dots and additional curves, adding depth to the design. The overall pattern arrangement creates a dynamic and visually engaging effect, with the motifs repeating consistently along the diagonals.",False,hard,Trenggalek,parang,0.870910108089447
/mnt/extended-home/dzakaaufa/dataset/all_images_captioning/Data 1 Batik Hamparan Rintik (Daun Waru dan Hujan).jpg,"The batik fabric features the Malang motif, characterized by grapes tones. The main motifs include flame tree, with intricate details shaping its visual identity. The 'isen-isen' consists of delicate patterns that fill the spaces between the larger motifs, adding texture and depth to the design. The pattern appears in a non-geometric arrangement, creating a harmonious and balanced composition across the surface.","The batik fabric features the malang motif, characterized by a deep maroon background and white motifs. The main motifs include stylized leaves in various forms such as elongated ovals and pointed triangles, interspersed with small dots and lines that form part of the 'isen-isen'. These smaller elements fill the spaces between larger leaf patterns, creating a dense yet balanced design. The layout follows a repeating horizontal band pattern across the fabric, with each band containing a series of these motifs arranged in a consistent sequence.",True,hard,Malang,malang,0.8849102854728699
/mnt/extended-home/dzakaaufa/dataset/all_images_captioning/Data 2 Batik Kantil (Sekar Jagad).jpg,"The batik fabric features the Malang motif, characterized by purple, white tones. The main motifs include white champaka, bunga sepatu and machete, truntum, kawung, with intricate details shaping its visual identity. The 'isen-isen' consists of delicate patterns that fill the spaces between the larger motifs, adding texture and depth to the design. The pattern appears in a non-geometric arrangement, creating a harmonious and balanced composition across the surface.","The batik fabric features the malang motif, characterized by a deep purple background and white motifs. The main motifs include hexagonal shapes filled with intricate cross-hatching patterns, creating a sense of depth and texture. These hexagons are interspersed with smaller circular and floral designs that fill the spaces between them. The overall pattern arrangement follows a grid-like structure, with each hexagon and circle carefully placed to create a harmonious and balanced design across the entire fabric.",True,hard,Malang,malang,0.7693686485290527
/mnt/extended-home/dzakaaufa/dataset/all_images_captioning/FC Data 2 Bandeng Lele Krisan KLecubung.jpg,"The batik fabric features the Lamongan motif, characterized by black, red tones. The main motifs include milkfish and catfish and chrysanthemum and datura, with intricate details shaping its visual identity. The 'isen-isen' consists of delicate patterns that fill the spaces between the larger motifs, adding texture and depth to the design. The pattern appears in a non-geometric arrangement, creating a harmonious and balanced composition across the surface.","The batik fabric features the lamongan motif, characterized by a black background and red motifs. The main motifs include stylized floral patterns with intricate details, including leaves and petals, arranged symmetrically around the central area. The 'isen-isen', or starburst designs, fill the spaces between these larger motifs, creating a dense and symmetrical pattern across the entire fabric. The layout follows a radial symmetry, with the central floral design expanding outward in concentric circles, bordered by repeating starburst patterns that enhance the overall geometric harmony of the piece.",True,hard,Lamongan,lamongan,0.9430640935897827
/mnt/extended-home/dzakaaufa/dataset/all_images_captioning/Data 3 Batik Hamparan Rintik (Teratai Senja).jpg,"The batik fabric features the Malang motif, characterized by violet, boysenberries tones. The main motifs include lotus, with intricate details shaping its visual identity. The 'isen-isen' consists of delicate patterns that fill the spaces between the larger motifs, adding texture and depth to the design. The pattern appears in a non-geometric arrangement, creating a harmonious and balanced composition across the surface.","The batik fabric features the malang motif, characterized by a deep red background and white motifs. The main motifs include stylized lotus flowers, leaves, and abstract geometric shapes such as diamonds and wavy lines. These motifs are interspersed with smaller dots forming an 'isen-isen' pattern that fills the spaces between them. The layout follows a horizontal banding system, where each row contains different repeating patterns, creating a harmonious yet dynamic design across the entire piece.",True,hard,Malang,malang,0.7292514443397522
/mnt/extended-home/dzakaaufa/dataset/all_images_captioning/Data 8 Batik Blimbing (Balai Kota Malang).jpg,"The batik fabric features the Malang motif, characterized by bright red, brown tones. The main motifs include lotus and malang monument, balai kota malang, with intricate details shaping its visual identity. The 'isen-isen' consists of delicate patterns that fill the spaces between the larger motifs, adding texture and depth to the design. The pattern appears in a simetris arrangement, creating a harmonious and balanced composition across the surface.","The batik fabric features the malang motif, characterized by a pink background and brown motifs. The main motifs include stylized houses and trees, depicted in a simplified geometric form. These motifs are interspersed with intricate 'isen-isen', which fill the spaces between them, creating a dense pattern that covers much of the fabric's surface. The layout follows a vertical arrangement, with the motifs stacked one above the other along the left side of the fabric, leaving a large portion of the right side blank for additional design or space.",True,hard,Malang,malang,0.9701677560806274
/mnt/extended-home/dzakaaufa/dataset/all_images_captioning/Mutiara S Data 10 Kipas Bunga Sepatu.jpg,"The batik fabric features the Lamongan motif, characterized by red, black, white tones. The main motifs include hibiscus and folding fan, with intricate details shaping its visual identity. The 'isen-isen' consists of delicate patterns that fill the spaces between the larger motifs, adding texture and depth to the design. The pattern appears in a non-geometric arrangement, creating a harmonious and balanced composition across the surface.","The batik fabric features the lamongan motif, characterized by a white background and red and black motifs. The main motifs include stylized birds perched on branches adorned with flowers and leaves. These birds have a distinct shape with rounded bodies and elongated necks. The 'isen-isen', or filler patterns, consist of small, intricate designs that fill the spaces between the larger bird and branch motifs. The layout alternates between rows of these main motifs and sections filled with the 'isen-isen'. The overall pattern arrangement creates a harmonious balance between the large and small elements, maintaining a consistent theme throughout the fabric.",True,hard,Lamongan,lamongan,0.9785065054893494
/mnt/extended-home/dzakaaufa/dataset/all_images_captioning/Data 29 Batik Rahayu (Udan Liris).jpg,"The batik fabric features the Trenggalek motif, characterized by chocolate, black tones. The main motifs include rainy nature, with intricate details shaping its visual identity. The 'isen-isen' consists of delicate patterns that fill the spaces between the larger motifs, adding texture and depth to the design. The pattern appears in a geometric arrangement, creating a harmonious and balanced composition across the surface.","The batik fabric features the trenggalek motif, characterized by a dark blue background and gold motifs. The main motifs consist of intricate geometric patterns including diamonds, triangles, and zigzags, which are filled with smaller repeating designs such as dots and lines. These motifs are arranged in diagonal stripes that run from the top left to the bottom right across the fabric. Each stripe contains multiple motifs, creating a dense and layered effect.",True,hard,Trenggalek,trenggalek,0.9912822246551514
/mnt/extended-home/dzakaaufa/dataset/all_images_captioning/Data 4 Batik Bengkel (Catur Padma Kahuripan).jpg,"The batik fabric features the Malang motif, characterized by white, black tones. The main motifs include lotus, with intricate details shaping its visual identity. The 'isen-isen' consists of delicate patterns that fill the spaces between the larger motifs, adding texture and depth to the design. The pattern appears in a non-geometric arrangement, creating a harmonious and balanced composition across the surface.","The batik fabric features the malang motif, characterized by a black and white checkered background and purple lotus flower motifs. The lotus flowers have five petals each, arranged symmetrically around their centers. The 'isen-isen', or filler patterns, consist of intricate geometric designs in black that fill the spaces between the lotus flowers. These geometric patterns include curved lines and diamond shapes, creating a dense yet balanced arrangement across the fabric. The overall pattern arrangement follows a grid-like structure, with the lotus flowers positioned at regular intervals along the vertical axis, while the 'isen-isen' fills the remaining areas, ensuring a harmon",True,hard,Malang,malang,0.7479203939437866
/mnt/extended-home/dzakaaufa/dataset/all_images_captioning/Data 12 Batik Kantil (Keong).jpg,"The batik fabric features the Malang motif, characterized by navy blue, navy blue, bright blue tones. The main motifs include cempaka putih and snail, with intricate details shaping its visual identity. The 'isen-isen' consists of delicate patterns that fill the spaces between the larger motifs, adding texture and depth to the design. The pattern appears in a non-geometric arrangement, creating a harmonious and balanced composition across the surface.","The batik fabric features the malang motif, characterized by a deep blue background and vibrant motifs in shades of green, yellow, pink, and light blue. The main motifs consist of stylized flowers and leaves arranged symmetrically around central circular forms that resemble vases or baskets filled with blossoms. These central forms are intricately detailed with swirling patterns and floral designs. The 'isen-isen', which fills the spaces between these larger motifs, includes smaller floral patterns and geometric shapes, adding depth and complexity to the overall design. The layout follows a repeating pattern across the fabric, creating a harmonious and balanced composition.",True,hard,Malang,malang,0.6953608989715576
/mnt/extended-home/dzakaaufa/dataset/all_images_captioning/Data 8 Batik Wagastu (Batik Musim Gugur).jpg,"The batik fabric features the Malang motif, characterized by red, turquoise tones. The main motifs include mango tree, with intricate details shaping its visual identity. The 'isen-isen' consists of delicate patterns that fill the spaces between the larger motifs, adding texture and depth to the design. The pattern appears in a non-geometric arrangement, creating a harmonious and balanced composition across the surface.","The batik fabric features the malang motif, characterized by a white background and red, yellow, green, and black motifs. The main motifs appear to be stylized fish or bird-like figures with elongated bodies and pointed heads, often featuring intricate patterns within their forms. These motifs are interspersed with smaller, simpler shapes that resemble leaves or feathers, which fill the spaces between them. The layout follows a diagonal pattern across the fabric, creating a dynamic and visually engaging design.",True,hard,Malang,malang,0.8266487717628479
/mnt/extended-home/dzakaaufa/dataset/all_images_captioning/Chotifa_35241420060107_Bandeng Lele Daun Imbo_2025_FLORA.jpg,"The batik fabric features the Lamongan motif, characterized by army green, grey tones. The main motifs include neem leaves, with intricate details shaping its visual identity. The 'isen-isen' consists of delicate patterns that fill the spaces between the larger motifs, adding texture and depth to the design. The pattern appears in a non-geometric arrangement, creating a harmonious and balanced composition across the surface.","The batik fabric features the lamongan motif, characterized by a brown background and green, pink, and white motifs. The main motifs appear to be stylized leaves or floral patterns, each outlined in green with pink and white accents. These motifs are interspersed within an intricate network of smaller, interconnected shapes resembling 'isen-isen', which fill the spaces between them. The pattern arrangement follows a repeating, symmetrical design that covers the entire surface of the fabric, creating a harmonious and balanced aesthetic.",True,hard,Lamongan,lamongan,0.6897334456443787
/mnt/extended-home/dzakaaufa/dataset/all_images_captioning/Istiqomah Data 2 Merak Latohan Kombinasi.jpg,"The batik fabric features the Lamongan motif, characterized by black, brown tones. The main motifs include peacock, with intricate details shaping its visual identity. The 'isen-isen' consists of delicate patterns that fill the spaces between the larger motifs, adding texture and depth to the design. The pattern appears in a non-geometric arrangement, creating a harmonious and balanced composition across the surface.","The batik fabric features the lamongan motif, characterized by a black background and gold motifs. The main motifs include intricate floral designs and abstract forms resembling leaves or tendrils. These motifs are densely packed across the fabric, creating a rich tapestry-like effect. The 'isen-isen', which fills the spaces between the larger motifs, consists of smaller, delicate patterns that resemble stars or geometric shapes, adding depth and complexity to the overall design. The layout follows a symmetrical yet organic pattern, with the motifs seemingly flowing and intertwining in a harmonious manner.",True,hard,Lamongan,lamongan,0.9909219145774841
/mnt/extended-home/dzakaaufa/dataset/all_images_captioning/Mekar Sari Data 2 Patran Pakis.jpg,"The batik fabric features the Lamongan motif, characterized by red, black, white tones. The main motifs include fern, with intricate details shaping its visual identity. The 'isen-isen' consists of delicate patterns that fill the spaces between the larger motifs, adding texture and depth to the design. The pattern appears in a non-geometric arrangement, creating a harmonious and balanced composition across the surface.","The batik fabric features the lamongan motif, characterized by a black background and red and white motifs. The main motifs consist of stylized leaves or floral patterns, each outlined in white with red centers. These motifs are interspersed with smaller, star-like 'isen-isen' designs that fill the spaces between them. The layout follows a repeating pattern where the larger motifs are arranged in rows, creating a symmetrical and balanced design across the entire fabric.",True,hard,Lamongan,lamongan,0.9774788618087769
/mnt/extended-home/dzakaaufa/dataset/all_images_captioning/Chotifa_35241420060102_Kepet Bandeng Lele_2025_CULTURE_FAUNA.jpg,"The batik fabric features the Lamongan motif, characterized by black, red tones. The main motifs include kepet and milkfish and catfish, with intricate details shaping its visual identity. The 'isen-isen' consists of delicate patterns that fill the spaces between the larger motifs, adding texture and depth to the design. The pattern appears in a non-geometric arrangement, creating a harmonious and balanced composition across the surface.","The batik fabric features the lamongan motif, characterized by a black background and red and white motifs. The main motifs include stylized birds and floral patterns, which are intricately detailed in red and white. These motifs are interspersed throughout the fabric, creating a harmonious balance between the different elements. The 'isen-isen', or filler designs, consist of small, delicate flowers and leaves in white, which fill the spaces between the larger motifs, adding depth and complexity to the overall pattern. The layout follows a symmetrical design, with the motifs arranged in a grid-like fashion across the entire surface of the fabric.",True,hard,Lamongan,lamongan,0.9700772166252136
/mnt/extended-home/dzakaaufa/dataset/all_images_captioning/Mutiara S Data 1 Bandeng Lele dalam Kolam.jpg,"The batik fabric features the Lamongan motif, characterized by red, orange, black tones. The main motifs include milkfish and catfish, with intricate details shaping its visual identity. The 'isen-isen' consists of delicate patterns that fill the spaces between the larger motifs, adding texture and depth to the design. The pattern appears in a non-geometric arrangement, creating a harmonious and balanced composition across the surface.","The batik fabric features the lamongan motif, characterized by a maroon background and white motifs. The main motifs include stylized birds and flowers, each intricately detailed with black outlines and red accents. The 'isen-isen', or filler patterns, consist of smaller floral designs in white, creating a dense network that fills the spaces between the larger motifs. The layout follows a repeating pattern where the central area showcases the primary design, while the edges feature a simpler polka dot pattern in black against the maroon background.",True,hard,Lamongan,lamongan,0.8715505599975586
/mnt/extended-home/dzakaaufa/dataset/all_images_captioning/Data 9 Batik Rahayu (Truntum Cengkeh).jpg,"The batik fabric features the Trenggalek motif, characterized by red sogan tones. The main motifs include clove, with intricate details shaping its visual identity. The 'isen-isen' consists of delicate patterns that fill the spaces between the larger motifs, adding texture and depth to the design. The pattern appears in a non-geometric arrangement, creating a harmonious and balanced composition across the surface.","The batik fabric features the lamongan motif, characterized by a dark navy blue background and red motifs. The main motifs consist of intricate swirling patterns resembling stylized leaves or flowers, each outlined in white to enhance their definition against the dark background. These motifs are interspersed with smaller, delicate 'isen-isen' designs that fill the spaces between them, adding texture and complexity to the overall pattern. The layout follows a symmetrical design, with the motifs arranged in a balanced manner across the fabric, creating a harmonious and visually appealing composition.",False,hard,Trenggalek,lamongan,0.5724504590034485
/mnt/extended-home/dzakaaufa/dataset/all_images_captioning/Data 15 Batik Kantil (Parang Mawar Kupu-kupu).jpg,"The batik fabric features the Malang motif, characterized by bright green, green tones. The main motifs include rose flower, butterfly and parang pattern, with intricate details shaping its visual identity. The 'isen-isen' consists of delicate patterns that fill the spaces between the larger motifs, adding texture and depth to the design. The pattern appears in a geometric arrangement, creating a harmonious and balanced composition across the surface.","The batik fabric features the malang motif, characterized by a dark green background and light green, yellow, and brown motifs. The main motifs include stylized leaves and flowers, with the leaves often forming elongated, wavy shapes that extend across the fabric. The flowers have circular petals in shades of light green and yellow, with some featuring a darker center. The 'isen-isen', or filler patterns, consist of intricate geometric designs such as diamonds and zigzags, predominantly in light green and yellow, which fill the spaces between the larger motifs. The overall pattern arrangement follows a horizontal banding style, where each band contains its",True,hard,Malang,malang,0.7330480813980103
/mnt/extended-home/dzakaaufa/dataset/all_images_captioning/Data 4 Batik Kantil (Rama Sinta Kantil).jpg,"The batik fabric features the Malang motif, characterized by dark purple, orange tones. The main motifs include rama sinta puppet and cempaka putih, with intricate details shaping its visual identity. The 'isen-isen' consists of delicate patterns that fill the spaces between the larger motifs, adding texture and depth to the design. The pattern appears in a non-geometric arrangement, creating a harmonious and balanced composition across the surface.","The batik fabric features the malang motif, characterized by a dark blue background and orange and white motifs. The main motifs include stylized figures that appear to be warriors or dancers, depicted in an abstract form with flowing lines and geometric shapes. These figures are outlined in white and filled with orange details, creating a striking contrast against the dark blue backdrop. The 'isen-isen', which fills the spaces between the main motifs, consists of small, repeating diamond-shaped patterns in orange and white, arranged symmetrically around each figure. The overall pattern arrangement follows a symmetrical design, with the central figures flanked by the 'isen-isen",True,hard,Malang,malang,0.5579952597618103
/mnt/extended-home/dzakaaufa/dataset/all_images_captioning/Data 11 Batik Lana (Bunga Wijaya Kusuma).jpg,"The batik fabric features the Malang motif, characterized by kepeng green tones. The main motifs include wijaya kusuma flower, with intricate details shaping its visual identity. The 'isen-isen' consists of delicate patterns that fill the spaces between the larger motifs, adding texture and depth to the design. The pattern appears in a non-geometric arrangement, creating a harmonious and balanced composition across the surface.","The batik fabric features the malang motif, characterized by a brown background and white motifs. The main motifs include stylized flowers and leaves, each with distinct petal and leaf shapes. The 'isen-isen', or small dots, fill the spaces between these larger motifs, creating a dense pattern that covers the entire surface. The layout follows a repeating geometric grid-like structure, ensuring uniformity across the fabric.",True,hard,Malang,malang,0.9764434099197388
/mnt/extended-home/dzakaaufa/dataset/all_images_captioning/Data 2 Batik Bengkel (Puspavardhati Sandhiya).jpg,"The batik fabric features the Malang motif, characterized by orange, red tones. The main motifs include roses and dusk, with intricate details shaping its visual identity. The 'isen-isen' consists of delicate patterns that fill the spaces between the larger motifs, adding texture and depth to the design. The pattern appears in a non-geometric arrangement, creating a harmonious and balanced composition across the surface.","The batik fabric features the malang motif, characterized by an orange background and floral motifs in shades of purple and red. The main motifs consist of stylized flowers arranged along the right side of the fabric, while small heart-shaped 'isen-isen' fill the remaining spaces. The layout follows a linear pattern, with the floral design concentrated on one edge and the 'isen-isen' scattered across the rest of the fabric.",True,hard,Malang,malang,0.9113131165504456
/mnt/extended-home/dzakaaufa/dataset/all_images_captioning/Data 23 Batik Kantil (Sarang Lebah).jpg,"The batik fabric features the Malang motif, characterized by dark blue tones. The main motifs include hibiscus and beehive, with intricate details shaping its visual identity. The 'isen-isen' consists of delicate patterns that fill the spaces between the larger motifs, adding texture and depth to the design. The pattern appears in a non-geometric arrangement, creating a harmonious and balanced composition across the surface.","The batik fabric features the malang motif, characterized by a dark blue background and light blue to white motifs. The main motifs include star-like shapes and smaller circular patterns that resemble flowers or dots. These motifs are interspersed throughout the fabric in varying densities. The 'isen-isen', which fills the spaces between the larger motifs, consists of small, intricate designs resembling lace or netting, adding texture and complexity to the overall pattern. The layout appears random yet harmonious, with no strict alignment but rather a natural flow across the fabric.",True,hard,Malang,malang,0.9560754895210266
/mnt/extended-home/dzakaaufa/dataset/all_images_captioning/Data 9 Batik Wagastu (Bon Kelengkeng).jpg,"The batik fabric features the Malang motif, characterized by navy blue, brick red tones. The main motifs include longan tree, with intricate details shaping its visual identity. The 'isen-isen' consists of delicate patterns that fill the spaces between the larger motifs, adding texture and depth to the design. The pattern appears in a non-geometric arrangement, creating a harmonious and balanced composition across the surface.","The batik fabric features the malang motif, characterized by a dark blue background and intricate patterns in shades of red, green, and white. The main motifs consist of elongated, wavy lines that resemble stylized leaves or vines, arranged diagonally across the fabric. These motifs are interspersed with smaller, circular 'isen-isen' designs filled with similar leaf-like patterns but in lighter tones. The overall pattern arrangement creates a dynamic interplay between the diagonal stripes and the scattered motifs, resulting in a visually rich and textured appearance.",True,hard,Malang,malang,0.35314735770225525
/mnt/extended-home/dzakaaufa/dataset/all_images_captioning/Data 28 Batik Soendari (Sekartaji Latar Daun Bambu).jpg,"The batik fabric features the Malang motif, characterized by red tones. The main motifs include bamboo leaf and sekartaji mask, with intricate details shaping its visual identity. The 'isen-isen' consists of delicate patterns that fill the spaces between the larger motifs, adding texture and depth to the design. The pattern appears in a geometric arrangement, creating a harmonious and balanced composition across the surface.","The batik fabric features the malang motif, characterized by a red background and white motifs. The main motifs consist of circular faces adorned with intricate crowns, each featuring stylized eyes, noses, and smiles. These faces are evenly spaced across the fabric. The 'isen-isen', or filler patterns, include small, petal-like shapes arranged in a diagonal grid that starts from the top right corner and extends downward to the bottom left. This arrangement creates a dynamic contrast between the bold, symmetrical face designs and the flowing, organic lines of the 'isen-isen'.",True,hard,Malang,malang,0.9732332825660706
/mnt/extended-home/dzakaaufa/dataset/all_images_captioning/Data 7 Batik Lana (Parang Anggrek).jpg,"The batik fabric features the Malang motif, characterized by brown tones. The main motifs include orchid flower, with intricate details shaping its visual identity. The 'isen-isen' consists of delicate patterns that fill the spaces between the larger motifs, adding texture and depth to the design. The pattern appears in a geometric arrangement, creating a harmonious and balanced composition across the surface.","The batik fabric features the malang motif, characterized by a brown background and beige motifs. The main motifs consist of stylized palm trees with five-pointed leaves, arranged in a scattered pattern across the fabric. The 'isen-isen', or filler patterns, include wavy lines and small dots that complement the palm tree designs, creating a harmonious and intricate overall design. The layout/pattern arrangement follows a random yet balanced distribution, ensuring each element has enough space to be clearly visible while maintaining an aesthetically pleasing balance throughout the entire piece.",True,hard,Malang,malang,0.7888545393943787
/mnt/extended-home/dzakaaufa/dataset/all_images_captioning/Data 5 Batik Bengkel (Ukel Kelana).jpg,"The batik fabric features the Malang motif, characterized by navy blue tones. The main motifs include mask, with intricate details shaping its visual identity. The 'isen-isen' consists of delicate patterns that fill the spaces between the larger motifs, adding texture and depth to the design. The pattern appears in a non-geometric arrangement, creating a harmonious and balanced composition across the surface.","The batik fabric features the malang motif, characterized by a dark blue background and white motifs. The main motifs consist of circular shapes resembling faces or masks, each filled with intricate patterns in red, yellow, black, and white. These face-like forms are interspersed across the fabric. The 'isen-isen', which fills the spaces between these central motifs, consists of dotted lines forming swirling patterns that connect to the edges of the fabric. The overall pattern arrangement creates a dynamic flow from one end of the fabric to the other, with the motifs appearing to move along the dotted lines.",True,hard,Malang,malang,0.942414402961731
/mnt/extended-home/dzakaaufa/dataset/all_images_captioning/Data 6 Batik Wagastu (Sulur Wiji Timun).jpg,"The batik fabric features the Malang motif, characterized by chocolate, orange tones. The main motifs include cucumber plant, with intricate details shaping its visual identity. The 'isen-isen' consists of delicate patterns that fill the spaces between the larger motifs, adding texture and depth to the design. The pattern appears in a geometric arrangement, creating a harmonious and balanced composition across the surface.","The batik fabric features the malang motif, characterized by a brown background and orange and blue motifs. The main motifs consist of elongated, curved shapes resembling leaves or petals, arranged in diagonal rows across the fabric. These motifs are filled with smaller, intricate patterns that resemble small dots or speckles, creating an 'isen-isen' effect within each larger shape. The overall pattern arrangement follows a consistent diagonal line from top left to bottom right, with the motifs overlapping slightly but maintaining a uniform spacing throughout the design.",True,hard,Malang,malang,0.8660508394241333
/mnt/extended-home/dzakaaufa/dataset/all_images_captioning/Data 10 Batik Krajan (Parang Lombok).jpg,"The batik fabric features the Malang motif, characterized by red, black tones. The main motifs include chili plant and classic pattern, with intricate details shaping its visual identity. The 'isen-isen' consists of delicate patterns that fill the spaces between the larger motifs, adding texture and depth to the design. The pattern appears in a non-geometric arrangement, creating a harmonious and balanced composition across the surface.","The batik fabric features the malang motif, characterized by a red background and black motifs. The main motifs include stylized floral and geometric shapes that form a central design. These shapes are interconnected to create a complex pattern. The 'isen-isen', or filler patterns, consist of repeating oval shapes arranged in horizontal bands across the central design. The layout arranges these elements symmetrically around a central point, creating a balanced and intricate overall composition.",True,hard,Malang,malang,0.8216343522071838
/mnt/extended-home/dzakaaufa/dataset/all_images_captioning/Data 2 Batik Hamparan Rintik (Tasik Madu).jpg,"The batik fabric features the Malang motif, characterized by violet tones. The main motifs include bee, with intricate details shaping its visual identity. The 'isen-isen' consists of delicate patterns that fill the spaces between the larger motifs, adding texture and depth to the design. The pattern appears in a non-geometric arrangement, creating a harmonious and balanced composition across the surface.","The batik fabric features the malang motif, characterized by a deep purple background and white motifs. The main motifs include stylized bees and honeycomb patterns. The bees have elongated bodies with wings spread out, while the honeycombs are depicted in various sizes and arrangements, some filled with smaller hexagons resembling bee larvae or pollen. The 'isen-isen' filling the spaces between these larger motifs consists of simple horizontal lines and small diamond shapes, creating a textured effect that adds depth to the design. The overall pattern arrangement is scattered across the fabric without a strict grid, allowing for a natural and organic feel.",True,hard,Malang,malang,0.9081131219863892
/mnt/extended-home/dzakaaufa/dataset/all_images_captioning/Data 6 Batik Soendari (Trembesi).jpg,"The batik fabric features the Malang motif, characterized by brown, turquoise tones. The main motifs include rain tree, with intricate details shaping its visual identity. The 'isen-isen' consists of delicate patterns that fill the spaces between the larger motifs, adding texture and depth to the design. The pattern appears in a geometric arrangement, creating a harmonious and balanced composition across the surface.","The batik fabric features the malang motif, characterized by a black background and white motifs. The main motifs include stylized leaves and floral patterns, each outlined in white with green centers. These motifs are interspersed with smaller, intricate designs resembling stars or snowflakes, also filled with green. The 'isen-isen', which fills the spaces between the larger motifs, consists of delicate, interconnected lines forming small, symmetrical shapes that resemble flowers or geometric patterns. The overall pattern arrangement is repetitive and balanced, creating a harmonious and visually pleasing design across the entire surface of the fabric.",True,hard,Malang,malang,0.7730728387832642
/mnt/extended-home/dzakaaufa/dataset/all_images_captioning/Data 26 Batik Tiepuk (Sekar Jagad Cengkeh).jpg,"The batik fabric features the Trenggalek motif, characterized by chocolate, blue tones. The main motifs include sekar universe culture, with intricate details shaping its visual identity. The 'isen-isen' consists of delicate patterns that fill the spaces between the larger motifs, adding texture and depth to the design. The pattern appears in a geometric arrangement, creating a harmonious and balanced composition across the surface.","The batik fabric features the trenggalek motif, characterized by a dark brown background and various geometric patterns in shades of black, red, white, and light pink. The main motifs consist of hexagonal shapes, some outlined in white or light blue, while others have intricate designs such as checkered patterns, small dots, and cross-hatching within them. These hexagons are interspersed with smaller circular and square shapes that fill the spaces between larger hexagons. The overall pattern arrangement follows a grid-like structure, creating a dense yet balanced composition across the entire surface of the fabric.",True,hard,Trenggalek,trenggalek,0.9757383465766907
/mnt/extended-home/dzakaaufa/dataset/all_images_captioning/Data 5 Batik Tiepuk (Kipas Cengkeh).jpg,"The batik fabric features the Trenggalek motif, characterized by moss green, black tones. The main motifs include fan motif culture and clove flora, with intricate details shaping its visual identity. The 'isen-isen' consists of delicate patterns that fill the spaces between the larger motifs, adding texture and depth to the design. The pattern appears in a non-geometric arrangement, creating a harmonious and balanced composition across the surface.","The batik fabric features the trenggalek motif, characterized by a black background and white motifs. The main motifs consist of intricate floral patterns resembling paisleys or lotus flowers, each filled with smaller detailed designs. These motifs are interspersed with 'isen-isen', which appear to be geometric shapes such as triangles and circles, adding depth and complexity to the overall design. The layout follows a repeating pattern where these motifs are arranged in rows and columns across the entire surface of the fabric, creating a symmetrical and harmonious visual effect.",True,hard,Trenggalek,trenggalek,0.9368793964385986
/mnt/extended-home/dzakaaufa/dataset/all_images_captioning/Data 11 Batik Krajan (Ukel-ukel).jpg,"The batik fabric features the Malang motif, characterized by navy blue tones. The main motifs include string of pearls, with intricate details shaping its visual identity. The 'isen-isen' consists of delicate patterns that fill the spaces between the larger motifs, adding texture and depth to the design. The pattern appears in a geometric arrangement, creating a harmonious and balanced composition across the surface.","The batik fabric features the malang motif, characterized by a dark blue background and white motifs. The main motifs appear to be elongated, possibly resembling fish or abstract forms, arranged in horizontal rows across the fabric. These main motifs are interspersed with smaller, intricate patterns known as 'isen-isen,' which fill the spaces between them. The overall pattern arrangement creates a dense yet harmonious design, typical of traditional batik craftsmanship.",True,hard,Malang,malang,0.4535021185874939
/mnt/extended-home/dzakaaufa/dataset/all_images_captioning/Jayyida Data 14 Singa Duduk (Mitos).jpg,"The batik fabric features the Lamongan motif, characterized by turmeric yellow, black tones. The main motifs include singa duduk, with intricate details shaping its visual identity. The 'isen-isen' consists of delicate patterns that fill the spaces between the larger motifs, adding texture and depth to the design. The pattern appears in a non-geometric arrangement, creating a harmonious and balanced composition across the surface.","The batik fabric features the lamongan motif, characterized by an orange background and black motifs. The main motifs consist of stylized birds or phoenixes with intricate details, including wings spread wide and decorative patterns within their bodies. These central figures are surrounded by smaller, repeating 'isen-isen' designs that fill the spaces between them. The layout follows a symmetrical pattern, with the larger bird motifs positioned centrally in each section, flanked by rows of smaller 'isen-isen' patterns extending outward.",True,hard,Lamongan,lamongan,0.6238970160484314
/mnt/extended-home/dzakaaufa/dataset/all_images_captioning/Afiq Jaya_35241420061002_Gapuro Teratai_2025_FLORA_FAUNA.jpg,"The batik fabric features the Lamongan motif, characterized by cobalt blue, grey tones. The main motifs include lotus and gapuro, with intricate details shaping its visual identity. The 'isen-isen' consists of delicate patterns that fill the spaces between the larger motifs, adding texture and depth to the design. The pattern appears in a non-geometric arrangement, creating a harmonious and balanced composition across the surface.","The batik fabric features the lamongan motif, characterized by a black background and white and blue motifs. The main motifs include stylized birds or peacocks, each adorned with intricate details such as feathers and decorative elements. These central figures are surrounded by smaller floral patterns and geometric designs in white and blue, which fill the spaces between them. The layout follows a symmetrical design, with two identical bird motifs flanking a larger central figure, creating a balanced and harmonious composition across the fabric.",True,hard,Lamongan,lamongan,0.9075153470039368
/mnt/extended-home/dzakaaufa/dataset/all_images_captioning/Afiq Jaya_35241420061003_Gapuro Parang_2024_CULTURE.jpg,"The batik fabric features the Lamongan motif, characterized by black, blue tones. The main motifs include gapuro and parang, with intricate details shaping its visual identity. The 'isen-isen' consists of delicate patterns that fill the spaces between the larger motifs, adding texture and depth to the design. The pattern appears in a non-geometric arrangement, creating a harmonious and balanced composition across the surface.","The batik fabric features the lamongan motif, characterized by a black background and blue motifs. The main motifs consist of circular designs filled with intricate patterns resembling floral or geometric shapes. These central motifs are surrounded by smaller, star-like 'isen-isen' that fill the spaces between them. The layout follows a symmetrical pattern, with the larger motifs positioned at the top corners and smaller ones scattered across the rest of the fabric in a balanced manner.",True,hard,Lamongan,lamongan,0.9263305068016052
/mnt/extended-home/dzakaaufa/dataset/all_images_captioning/Data 20 Batik Tiepuk (Junjung Derajat Mahkota Cengkeh).jpg,"The batik fabric features the Trenggalek motif, characterized by dark red, pink tones. The main motifs include clove plant flora and kawung motif culture, with intricate details shaping its visual identity. The 'isen-isen' consists of delicate patterns that fill the spaces between the larger motifs, adding texture and depth to the design. The pattern appears in a non-geometric arrangement, creating a harmonious and balanced composition across the surface.","The batik fabric features the trenggalek motif, characterized by a black background and white motifs. The main motifs consist of elongated, teardrop-shaped forms that resemble leaves or petals, arranged in a repeating pattern across the fabric. These motifs are interspersed with smaller, more intricate designs known as 'isen-isen,' which include small circles, dots, and linear patterns. The layout of the trenggalek motif follows a symmetrical design, with the white motifs creating a contrast against the dark background, while the 'isen-isen' fillings add complexity to the overall pattern.",True,hard,Trenggalek,trenggalek,0.9376032948493958
/mnt/extended-home/dzakaaufa/dataset/all_images_captioning/Data 19 Batik Kantil (Bunga Mawar).jpg,"The batik fabric features the Malang motif, characterized by milk chocolate, white tones. The main motifs include rose flower, with intricate details shaping its visual identity. The 'isen-isen' consists of delicate patterns that fill the spaces between the larger motifs, adding texture and depth to the design. The pattern appears in a non-geometric arrangement, creating a harmonious and balanced composition across the surface.","The batik fabric features the malang motif, characterized by a brown background and white motifs. The main motifs include stylized flowers and leaves, with some resembling roses or peonies, and others appearing more like abstract floral patterns. These motifs are interspersed throughout the fabric in a scattered yet balanced manner. The 'isen-isen', which fills the spaces between the larger motifs, consists of smaller dots and intricate line work that creates a textured appearance, adding depth to the overall design. The layout follows a random but harmonious pattern, ensuring no two sections look identical while maintaining a cohesive aesthetic across the entire piece.",True,hard,Malang,malang,0.8341366648674011
/mnt/extended-home/dzakaaufa/dataset/all_images_captioning/Data 21 Batik Kantil (Musahara Gauri).jpg,"The batik fabric features the Malang motif, characterized by foliage green tones. The main motifs include banana tree and phoenix bird, with intricate details shaping its visual identity. The 'isen-isen' consists of delicate patterns that fill the spaces between the larger motifs, adding texture and depth to the design. The pattern appears in a non-geometric arrangement, creating a harmonious and balanced composition across the surface.","The batik fabric features the malang motif, characterized by a green background and yellow and red motifs. The main motifs consist of stylized tree trunks and branches, with leaves depicted in a vibrant green. The 'isen-isen', or filler patterns, include small, repeating geometric shapes such as triangles and dots, primarily in yellow and red hues. These fillers are arranged symmetrically around the central tree motifs, creating a balanced and harmonious design across the entire fabric.",True,hard,Malang,malang,0.7774590849876404
/mnt/extended-home/dzakaaufa/dataset/all_images_captioning/Mutiara S Data 9 Camar Melati.jpg,"The batik fabric features the Lamongan motif, characterized by blue, black tones. The main motifs include seagull and jasmine, with intricate details shaping its visual identity. The 'isen-isen' consists of delicate patterns that fill the spaces between the larger motifs, adding texture and depth to the design. The pattern appears in a non-geometric arrangement, creating a harmonious and balanced composition across the surface.","The batik fabric features the lamongan motif, characterized by a white background and dark blue motifs. The main motifs include stylized birds and floral patterns, which are intricately detailed and filled with smaller 'isen-isen' designs that resemble leaves, flowers, and abstract shapes. These 'isen-isen' fill the spaces between larger motifs, creating a dense and intricate pattern across the entire surface. The layout follows a symmetrical design, with the central area featuring more complex bird and floral arrangements, while the borders incorporate simpler geometric and floral patterns in alternating dark blue stripes against the white background.",True,hard,Lamongan,lamongan,0.9700962901115417
/mnt/extended-home/dzakaaufa/dataset/all_images_captioning/Data 9 Batik Lana (Bunga Wijaya Kusuma).jpg,"The batik fabric features the Malang motif, characterized by red tones. The main motifs include wijaya kusuma flower, with intricate details shaping its visual identity. The 'isen-isen' consists of delicate patterns that fill the spaces between the larger motifs, adding texture and depth to the design. The pattern appears in a non-geometric arrangement, creating a harmonious and balanced composition across the surface.","The batik fabric features the malang motif, characterized by a red background and green motifs. The main motifs consist of elongated, snake-like forms that curve gracefully across the fabric. These snakes are filled with small, star-shaped flowers in yellow and white hues, creating an intricate 'isen-isen' pattern within each form. The layout of the motifs follows a random yet harmonious arrangement, with some overlapping and others spaced apart to create a dynamic and visually engaging design.",True,hard,Malang,malang,0.6497528553009033
/mnt/extended-home/dzakaaufa/dataset/all_images_captioning/Data 9 Batik Krajan (Bangau Terbang).jpg,"The batik fabric features the Malang motif, characterized by purple, blue tones. The main motifs include stork and cloud, with intricate details shaping its visual identity. The 'isen-isen' consists of delicate patterns that fill the spaces between the larger motifs, adding texture and depth to the design. The pattern appears in a non-geometric arrangement, creating a harmonious and balanced composition across the surface.","The batik fabric features the malang motif, characterized by a dark brown background and vibrant red, orange, green, blue, and white motifs. The main motifs depict stylized cranes in flight, each outlined in white against the darker background. The 'isen-isen', or filler patterns, consist of stylized clouds in shades of blue and white, interspersed between the cranes to create a sense of depth and movement across the fabric. The layout follows a repeating pattern where the cranes and clouds alternate, creating a dynamic and harmonious design that covers the entire surface of the fabric.",True,hard,Malang,malang,0.8506247997283936
/mnt/extended-home/dzakaaufa/dataset/all_images_captioning/Data 4 Batik Rahayu (Kupu-kupu Cengkeh).jpg,"The batik fabric features the Trenggalek motif, characterized by chocolate, and light brown tones. The main motifs include clove and butterfly, with intricate details shaping its visual identity. The 'isen-isen' consists of delicate patterns that fill the spaces between the larger motifs, adding texture and depth to the design. The pattern appears in a geometric arrangement, creating a harmonious and balanced composition across the surface.","The batik fabric features the trenggalek motif, characterized by a black background and white motifs. The main motifs include stylized butterflies in various sizes, some outlined in brown or beige, creating a striking contrast against the dark backdrop. The 'isen-isen', which are small decorative elements, are also predominantly white but feature subtle variations such as light brown or beige accents, adding depth to the design. These elements are scattered across the fabric, arranged in a seemingly random yet harmonious pattern that covers the entire surface.",True,hard,Trenggalek,trenggalek,0.6824456453323364
/mnt/extended-home/dzakaaufa/dataset/all_images_captioning/Data 18 Batik Wagastu (Motif Liris).jpg,"The batik fabric features the Malang motif, characterized by brick red tones. The main motifs include liris pattern and rainwater, with intricate details shaping its visual identity. The 'isen-isen' consists of delicate patterns that fill the spaces between the larger motifs, adding texture and depth to the design. The pattern appears in a geometric arrangement, creating a harmonious and balanced composition across the surface.","The batik fabric features the malang motif, characterized by a deep red background and white motifs. The main motifs appear to be stylized figures or abstract shapes, possibly representing birds or geometric forms, arranged in a diagonal pattern across the fabric. These motifs are interspersed with smaller, intricate 'isen-isen' designs that fill the spaces between them, adding depth and complexity to the overall pattern. The layout follows a consistent diagonal grid, creating a dynamic and visually engaging design.",True,hard,Malang,malang,0.5122157335281372
/mnt/extended-home/dzakaaufa/dataset/all_images_captioning/Data 15 Batik Lana (Candi Padma).jpg,"The batik fabric features the Malang motif, characterized by black, green tones. The main motifs include rafflesia arnoldii and temple, with intricate details shaping its visual identity. The 'isen-isen' consists of delicate patterns that fill the spaces between the larger motifs, adding texture and depth to the design. The pattern appears in a non-geometric arrangement, creating a harmonious and balanced composition across the surface.","The batik fabric features the malang motif, characterized by a dark brown background and green and white motifs. The main motifs consist of stylized pagoda-like structures in white, while the 'isen-isen' filling the spaces between them are depicted as intricate leaf patterns in green. The layout/pattern arrangement is repetitive and symmetrical, creating a dense and uniform design across the entire surface of the fabric.",True,hard,Malang,malang,0.9024738073348999
/mnt/extended-home/dzakaaufa/dataset/all_images_captioning/Data 33 Batik Soendari (Garudeya Latar Kawung).jpg,"The batik fabric features the Malang motif, characterized by red, white tones. The main motifs include garudeya, kawung, with intricate details shaping its visual identity. The 'isen-isen' consists of delicate patterns that fill the spaces between the larger motifs, adding texture and depth to the design. The pattern appears in a geometric arrangement, creating a harmonious and balanced composition across the surface.","The batik fabric features the kawung motif, characterized by a deep red background and white motifs. The main motifs consist of elongated, teardrop-shaped forms that are arranged in a repeating pattern across the fabric. These teardrops are filled with smaller diamond shapes, creating an intricate 'isen-isen' effect within each larger shape. The overall layout follows a symmetrical grid-like structure, with the motifs evenly distributed to create a balanced and harmonious design.",False,hard,Malang,kawung,0.5248509645462036
/mnt/extended-home/dzakaaufa/dataset/all_images_captioning/Afiq Jaya_35241420061010_Bunga Sulur Biji Timun_2025_FLORA-CULTURE.jpg,"The batik fabric features the Lamongan motif, characterized by black, blue, brown tones. The main motifs include flower and cucumber and tendrils, with intricate details shaping its visual identity. The 'isen-isen' consists of delicate patterns that fill the spaces between the larger motifs, adding texture and depth to the design. The pattern appears in a non-geometric arrangement, creating a harmonious and balanced composition across the surface.","The batik fabric features the lamongan motif, characterized by a dark brown background and light blue and white motifs. The main motifs include stylized flowers and swirling patterns that resemble leaves or vines, predominantly in light blue. These motifs are interspersed with smaller white dots and intricate white lines forming detailed 'isen-isen', which fill the spaces between larger motifs. The layout follows a symmetrical pattern, with each section mirroring its counterpart across the center, creating a balanced and harmonious design.",True,hard,Lamongan,lamongan,0.9703580141067505
/mnt/extended-home/dzakaaufa/dataset/all_images_captioning/Afiq Jaya_35241420061001_Bandeng Lele Gapuro Lamongan_2025_FAUNA_CULTURE.jpg,"The batik fabric features the Lamongan motif, characterized by black, brown tones. The main motifs include milkfish and catfish and gapuro lamongan, with intricate details shaping its visual identity. The 'isen-isen' consists of delicate patterns that fill the spaces between the larger motifs, adding texture and depth to the design. The pattern appears in a non-geometric arrangement, creating a harmonious and balanced composition across the surface.","The batik fabric features the lamongan motif, characterized by a black background and orange motifs. The main motifs consist of symmetrical, ornate designs resembling stylized birds or phoenixes, each adorned with intricate patterns including geometric shapes like triangles and rectangles, and floral elements. These motifs are filled with 'isen-isen', which appear to be small, star-like shapes scattered throughout the design. The layout/pattern arrangement consists of these motifs repeated in a grid-like fashion across the entire fabric, creating a harmonious and balanced overall appearance.",True,hard,Lamongan,lamongan,0.9630472660064697
/mnt/extended-home/dzakaaufa/dataset/all_images_captioning/FC Data 5 Sulur Sukun.jpg,"The batik fabric features the Lamongan motif, characterized by white, red, black tones. The main motifs include breadfruit tendrils, with intricate details shaping its visual identity. The 'isen-isen' consists of delicate patterns that fill the spaces between the larger motifs, adding texture and depth to the design. The pattern appears in a non-geometric arrangement, creating a harmonious and balanced composition across the surface.","The batik fabric features the lamongan motif, characterized by a white background and red and black motifs. The main motifs include stylized leaves and flowers that are intricately designed with pointed tips and curved edges. These motifs are interspersed throughout the fabric in a dense pattern, creating a visually rich texture. The 'isen-isen', or filler patterns, consist of smaller floral designs and geometric shapes, which fill the spaces between the larger motifs, adding depth and complexity to the overall design. The layout follows a repeating grid-like structure, ensuring uniformity across the entire piece while maintaining an organic flow through the varied shapes and sizes of the",True,hard,Lamongan,lamongan,0.9285719990730286
/mnt/extended-home/dzakaaufa/dataset/all_images_captioning/Data 30 Batik Soendari (Noni Latar Gedeg).jpg,"The batik fabric features the Malang motif, characterized by brown tones. The main motifs include dutch lady, with intricate details shaping its visual identity. The 'isen-isen' consists of delicate patterns that fill the spaces between the larger motifs, adding texture and depth to the design. The pattern appears in a geometric arrangement, creating a harmonious and balanced composition across the surface.","The batik fabric features the malang motif, characterized by a reddish-brown background and white motifs. The main motifs include two figures dressed in traditional attire, one male wearing a hat and another female figure adorned with a headpiece. There is also a stylized tree with leaves. These central figures are surrounded by an 'isen-isen' pattern that fills the spaces between them, consisting of small, evenly spaced lines forming a grid-like structure. The layout arranges these elements symmetrically around the central figures, creating a balanced composition against the backdrop.",True,hard,Malang,malang,0.9094877243041992
/mnt/extended-home/dzakaaufa/dataset/all_images_captioning/Data 1 Batik Sukun (Batik Akar Kehidupan).jpg,"The batik fabric features the Malang motif, characterized by cream, green tones. The main motifs include breadfruit leaf and kawung, with intricate details shaping its visual identity. The 'isen-isen' consists of delicate patterns that fill the spaces between the larger motifs, adding texture and depth to the design. The pattern appears in a non-geometric arrangement, creating a harmonious and balanced composition across the surface.","The batik fabric features the malang motif, characterized by a beige background and green and brown motifs. The main motifs consist of acorn-like shapes with detailed caps in brown, surrounded by green leaves that have pointed tips. The 'isen-isen', or filler patterns, include smaller versions of these acorns and leaves, creating a dense and intricate design across the fabric. The layout follows a repeating pattern where each motif is evenly spaced, forming a grid-like structure that covers the entire surface of the fabric.",True,hard,Malang,malang,0.9228516221046448
/mnt/extended-home/dzakaaufa/dataset/all_images_captioning/Data 32 Batik Soendari (Bunga Apel).jpg,"The batik fabric features the Malang motif, characterized by blue, white tones. The main motifs include dragon, with intricate details shaping its visual identity. The 'isen-isen' consists of delicate patterns that fill the spaces between the larger motifs, adding texture and depth to the design. The pattern appears in a geometric arrangement, creating a harmonious and balanced composition across the surface.","The batik fabric features the malang motif, characterized by a deep blue background and white motifs. The main motifs consist of stylized dragons or serpents, each adorned with intricate details such as scales and horns. These dragons are positioned in the upper right corner of the fabric. The 'isen-isen' filling the spaces between these dragon motifs consists of repeating circular patterns, creating a dense geometric lattice that covers the entire surface of the fabric. The layout/pattern arrangement follows a symmetrical design, with the central area dominated by the repeating circular 'isen-isen' pattern, while the corners feature the detailed dragon motifs.",True,hard,Malang,malang,0.7609214186668396
/mnt/extended-home/dzakaaufa/dataset/all_images_captioning/Data 6 Batik Kantil (Burung Perkutut).jpg,"The batik fabric features the Malang motif, characterized by green, pink tones. The main motifs include turtledove and grape fruit, bunga anggrek, with intricate details shaping its visual identity. The 'isen-isen' consists of delicate patterns that fill the spaces between the larger motifs, adding texture and depth to the design. The pattern appears in a non-geometric arrangement, creating a harmonious and balanced composition across the surface.","The batik fabric features the malang motif, characterized by a dark green background and white and light pink motifs. The main motifs include stylized birds in flight, depicted with elongated bodies and outstretched wings, and intricate floral patterns that fill the spaces between them. These floral designs consist of small blossoms connected by delicate vines, creating a dense yet harmonious pattern across the fabric. The layout follows a repeating horizontal band design, where each section alternates between the bird and floral motifs, separated by a dotted border at the bottom.",True,hard,Malang,malang,0.6238106489181519
/mnt/extended-home/dzakaaufa/dataset/all_images_captioning/Data 1 Batik Soendari (Lereng Singa Kawung).jpg,"The batik fabric features the Malang motif, characterized by brown, green tones. The main motifs include lotus and lion, with intricate details shaping its visual identity. The 'isen-isen' consists of delicate patterns that fill the spaces between the larger motifs, adding texture and depth to the design. The pattern appears in a geometric arrangement, creating a harmonious and balanced composition across the surface.","The batik fabric features the malang motif, characterized by a maroon background and white and green motifs. The main motifs consist of stylized lion heads in white and green, arranged symmetrically across the fabric. These lions are interspersed with intricate interlocking circles forming the 'isen-isen', which fill the spaces between them. The pattern arrangement follows a diagonal line from top left to bottom right, creating a dynamic flow that guides the viewer's eye through the design. At the bottom edge, there is an additional decorative border featuring vertical lines in white against a green background, adding a contrasting element to the overall composition.",True,hard,Malang,malang,0.5749129056930542
/mnt/extended-home/dzakaaufa/dataset/all_images_captioning/Data 10 Batik Rahayu (Sido Asih Rahayu).jpg,"The batik fabric features the Trenggalek motif, characterized by maroon, black tones. The main motifs include clove and gurdo motif culture, with intricate details shaping its visual identity. The 'isen-isen' consists of delicate patterns that fill the spaces between the larger motifs, adding texture and depth to the design. The pattern appears in a non-geometric arrangement, creating a harmonious and balanced composition across the surface.","The batik fabric features the trenggalek motif, characterized by a black background and red motifs. The main motifs are intricate paisley-like shapes, each filled with smaller floral patterns in blue and white. These paisleys are densely packed across the entire surface, creating a rich tapestry effect. The 'isen-isen', or filler designs, consist of small dots and lines that connect the larger motifs, enhancing the overall complexity and depth of the pattern. The layout follows a symmetrical yet dynamic arrangement, ensuring no two sections look identical while maintaining a cohesive visual flow throughout the fabric.",True,hard,Trenggalek,trenggalek,0.9744184017181396
/mnt/extended-home/dzakaaufa/dataset/all_images_captioning/Data 10 Batik Kantil (Merak Wolak-walik).jpg,"The batik fabric features the Malang motif, characterized by milk chocolate, pink tones. The main motifs include chrysanthemum flower and peacock, with intricate details shaping its visual identity. The 'isen-isen' consists of delicate patterns that fill the spaces between the larger motifs, adding texture and depth to the design. The pattern appears in a non-geometric arrangement, creating a harmonious and balanced composition across the surface.","The batik fabric features the malang motif, characterized by a peach-colored background and blue, red, and white motifs. The main motifs include stylized birds with long, flowing tails, and floral patterns. The 'isen-isen', or filler designs, consist of intricate geometric shapes and floral motifs in shades of blue, red, and white, which fill the spaces between the larger bird and flower designs. The layout follows a symmetrical pattern, with the central area featuring a large bird surrounded by smaller birds and flowers, creating a balanced and harmonious design across the entire fabric.",True,hard,Malang,malang,0.7075459361076355
/mnt/extended-home/dzakaaufa/dataset/all_images_captioning/Data 29 Batik Soendari (Sekartaji Latar Kawung).jpg,"The batik fabric features the Malang motif, characterized by black, white tones. The main motifs include sekartaji mask, with intricate details shaping its visual identity. The 'isen-isen' consists of delicate patterns that fill the spaces between the larger motifs, adding texture and depth to the design. The pattern appears in a geometric arrangement, creating a harmonious and balanced composition across the surface.","The batik fabric features the malang motif, characterized by a black background and white motifs. The main motifs consist of circular shapes resembling crowns or headdresses, each containing a face-like design in the center. These central faces have distinct facial features such as eyes, noses, and mouths. The spaces between these crown-like shapes are filled with intricate interlocking circles forming an 'isen-isen' pattern that creates a dense geometric lattice across the entire surface. The layout follows a symmetrical arrangement, with the crown-shaped motifs evenly distributed throughout the fabric, creating a balanced and harmonious overall design.",True,hard,Malang,malang,0.7804552912712097
/mnt/extended-home/dzakaaufa/dataset/all_images_captioning/Istiqomah Data 5 Bandeng Lele Batu Karang.jpg,"The batik fabric features the Lamongan motif, characterized by black, yellow tones. The main motifs include milkfish and catfish and coral reef, with intricate details shaping its visual identity. The 'isen-isen' consists of delicate patterns that fill the spaces between the larger motifs, adding texture and depth to the design. The pattern appears in a non-geometric arrangement, creating a harmonious and balanced composition across the surface.","The batik fabric features the lamongan motif, characterized by a dark blue background and white dots forming the 'isen-isen'. The main motifs include stylized fish in shades of orange and red, swimming amidst the dotted pattern. These fish have elongated bodies with distinct fins and tails. The 'isen-isen', or filler patterns, consist of small white dots arranged in a grid-like fashion across the entire surface. The layout follows a symmetrical design, with the fish positioned centrally against the backdrop of the dots, creating a harmonious balance between the main motifs and the intricate dotwork.",True,hard,Lamongan,lamongan,0.6052200794219971
/mnt/extended-home/dzakaaufa/dataset/all_images_captioning/Data 6 Batik Rahayu (Pelabuhan Prigi).jpg,"The batik fabric features the Trenggalek motif, characterized by red, black tones. The main motifs include fish, sea and pinisi ship culture, with intricate details shaping its visual identity. The 'isen-isen' consists of delicate patterns that fill the spaces between the larger motifs, adding texture and depth to the design. The pattern appears in a non-geometric arrangement, creating a harmonious and balanced composition across the surface.","The batik fabric features the trenggalek motif, characterized by a red background and black motifs. The main motifs include stylized boats with striped sails and various geometric shapes such as circles and ovals that fill the spaces between them. These geometric shapes appear to be filled with smaller patterns resembling flowers or leaves. The layout follows a repeating pattern where the boats are arranged in rows, interspersed with the circular and oval shapes, creating a balanced and symmetrical design across the entire fabric.",True,hard,Trenggalek,trenggalek,0.949870765209198
/mnt/extended-home/dzakaaufa/dataset/all_images_captioning/Mekar Sari Data 4 Putihan Amarilis.jpg,"The batik fabric features the Lamongan motif, characterized by red, black, white tones. The main motifs include amarylis, with intricate details shaping its visual identity. The 'isen-isen' consists of delicate patterns that fill the spaces between the larger motifs, adding texture and depth to the design. The pattern appears in a non-geometric arrangement, creating a harmonious and balanced composition across the surface.","The batik fabric features the lamongan motif, characterized by a white background and red and black motifs. The main motifs consist of intricate swirling patterns resembling paisleys or floral designs, which are filled with smaller red and black floral and leafy details. These motifs are arranged in a dense, repeating pattern across the entire surface of the fabric, creating a visually rich and complex design.",True,hard,Lamongan,lamongan,0.9296844601631165
/mnt/extended-home/dzakaaufa/dataset/all_images_captioning/Jayyida Data 8 Urang Kucing.jpg,"The batik fabric features the Lamongan motif, characterized by black, light brown tones. The main motifs include cat shrimps and moringa leaves, with intricate details shaping its visual identity. The 'isen-isen' consists of delicate patterns that fill the spaces between the larger motifs, adding texture and depth to the design. The pattern appears in a non-geometric arrangement, creating a harmonious and balanced composition across the surface.","The batik fabric features the lamongan motif, characterized by a dark navy blue background and light beige motifs. The main motifs include stylized birds, flowers, and leaves, each intricately detailed with flowing lines and curves. The 'isen-isen', or filler patterns, consist of small dots and wavy lines that connect the larger motifs, creating a dense yet harmonious pattern across the fabric. The layout follows a repeating geometric grid, ensuring symmetry and balance in the overall design.",True,hard,Lamongan,lamongan,0.920796811580658
/mnt/extended-home/dzakaaufa/dataset/all_images_captioning/Data 16 Batik Tiepuk (Sidoluhur Bledhak).jpg,"The batik fabric features the Trenggalek motif, characterized by chocolate, brownish orange tones. The main motifs include garuda wings culture, with intricate details shaping its visual identity. The 'isen-isen' consists of delicate patterns that fill the spaces between the larger motifs, adding texture and depth to the design. The pattern appears in a geometric arrangement, creating a harmonious and balanced composition across the surface.","The batik fabric features the trenggalek motif, characterized by a white background and black, orange, and brown motifs. The main motifs consist of diamond-shaped patterns filled with smaller geometric shapes resembling stylized leaves or flowers in orange and brown hues. These diamond shapes are interspersed within a grid-like pattern formed by intersecting lines that create smaller diamond shapes themselves. The 'isen-isen', which fills the spaces between these larger diamonds, consists of small circular designs in black and orange, adding intricate detail to the overall design.",True,hard,Trenggalek,trenggalek,0.8884845972061157
/mnt/extended-home/dzakaaufa/dataset/all_images_captioning/Data 18 Batik Rahayu (Sekar Jagat Rahayu).jpg,"The batik fabric features the Trenggalek motif, characterized by sogan chocolate, black tones. The main motifs include orange blossom, truntum, cloves, with intricate details shaping its visual identity. The 'isen-isen' consists of delicate patterns that fill the spaces between the larger motifs, adding texture and depth to the design. The pattern appears in a non-geometric arrangement, creating a harmonious and balanced composition across the surface.","The batik fabric features the trenggalek motif, characterized by a black background and orange motifs. The main motifs are hexagonal in shape, filled with intricate patterns such as stars, flowers, and geometric designs. These hexagons are interspersed with smaller, diamond-shaped 'isen-isen,' which also contain detailed floral and geometric patterns. The overall pattern arrangement is symmetrical and repetitive, creating a dense and visually complex design that covers the entire surface of the fabric.",True,hard,Trenggalek,trenggalek,0.9038840532302856
/mnt/extended-home/dzakaaufa/dataset/all_images_captioning/Data 4 Batik Wagastu (Kawung Daur Rambat).jpg,"The batik fabric features the Malang motif, characterized by brick red, yellow tones. The main motifs include ivy, with intricate details shaping its visual identity. The 'isen-isen' consists of delicate patterns that fill the spaces between the larger motifs, adding texture and depth to the design. The pattern appears in a geometric arrangement, creating a harmonious and balanced composition across the surface.","The batik fabric features the malang motif, characterized by a red background and black, white, yellow, and orange motifs. The main motifs consist of circular shapes with radiating lines, resembling sunbursts or geometric fans, while smaller, intricate patterns fill the spaces between them. These smaller patterns include floral designs and other geometric shapes. The layout follows a repeating pattern where these motifs are arranged in rows, creating a harmonious and symmetrical design across the entire fabric.",True,hard,Malang,malang,0.4352998733520508
/mnt/extended-home/dzakaaufa/dataset/all_images_captioning/Data 10 Batik Blimbing ( Daniswara Sukumara).jpg,"The batik fabric features the Malang motif, characterized by brown, red tones. The main motifs include yellow ragil mask, banner and frangipani, with intricate details shaping its visual identity. The 'isen-isen' consists of delicate patterns that fill the spaces between the larger motifs, adding texture and depth to the design. The pattern appears in a geometric arrangement, creating a harmonious and balanced composition across the surface.","The batik fabric features the malang motif, characterized by a black background and red and green motifs. The main motifs consist of stylized strawberries with leaves in shades of green and red, arranged in a scattered pattern across the fabric. The 'isen-isen', or filler patterns, include intricate floral designs in orange and white, which fill the spaces between the larger strawberry motifs. The layout/pattern arrangement follows a random yet harmonious distribution, creating a visually engaging and balanced design.",True,hard,Malang,malang,0.9195725321769714
/mnt/extended-home/dzakaaufa/dataset/all_images_captioning/Data 2 Batik Tiepuk Trenggalek (Manggis Pecah).jpg,"The batik fabric features the Trenggalek motif, characterized by purple, eggplant tones. The main motifs include mangosteen fruit flora, truntum, cloves and kawung motif culture, with intricate details shaping its visual identity. The 'isen-isen' consists of delicate patterns that fill the spaces between the larger motifs, adding texture and depth to the design. The pattern appears in a non-geometric arrangement, creating a harmonious and balanced composition across the surface.","The batik fabric features the trenggalek motif, characterized by a black background and pink floral motifs. The main motifs consist of stylized flowers with five petals each, arranged in a repeating pattern across the fabric. These flowers have dark centers that contrast sharply with their light pink petals. The 'isen-isen', or filler patterns, include small white dots scattered throughout the background and intricate geometric designs along the edges, adding depth and complexity to the overall design. The layout follows a symmetrical arrangement, with the floral motifs evenly distributed and the geometric patterns framing the central floral sections.",True,hard,Trenggalek,trenggalek,0.9244588613510132
/mnt/extended-home/dzakaaufa/dataset/all_images_captioning/Data 27 Batik Rahayu (Mustika Ayu).jpg,"The batik fabric features the Trenggalek motif, characterized by dark brown, light brown tones. The main motifs include crown flower flora and kawung motif culture, with intricate details shaping its visual identity. The 'isen-isen' consists of delicate patterns that fill the spaces between the larger motifs, adding texture and depth to the design. The pattern appears in a non-geometric arrangement, creating a harmonious and balanced composition across the surface.","The batik fabric features the trenggalek motif, characterized by a black background and white motifs. The main motifs include stylized leaves and flowers in shades of brown and beige, arranged symmetrically around a central floral cluster. The 'isen-isen', or filler patterns, consist of intricate geometric designs in white and brown, creating a dense network that fills the spaces between the larger motifs. The overall pattern arrangement follows a radial symmetry, radiating outward from the central floral design towards the edges of the fabric.",True,hard,Trenggalek,trenggalek,0.9625069499015808
/mnt/extended-home/dzakaaufa/dataset/all_images_captioning/FC Data 4 Selempang Gunungan.jpg,"The batik fabric features the Lamongan motif, characterized by orange, red, black, white tones. The main motifs include tendrils and limestone, with intricate details shaping its visual identity. The 'isen-isen' consists of delicate patterns that fill the spaces between the larger motifs, adding texture and depth to the design. The pattern appears in a non-geometric arrangement, creating a harmonious and balanced composition across the surface.","The batik fabric features the lamongan motif, characterized by a white background and red and black motifs. The main motifs consist of stylized floral patterns, including leaves and flowers, which are intricately outlined in red against the white backdrop. These motifs are interspersed with smaller, circular 'isen-isen' designs filled with small dots, creating a dense and intricate pattern throughout the fabric. The layout alternates between rows of larger floral motifs and sections densely packed with the 'isen-isen' designs, forming a harmonious yet complex overall design.",True,hard,Lamongan,lamongan,0.9356476664543152
/mnt/extended-home/dzakaaufa/dataset/all_images_captioning/Data 12 Batik Soendari (Tugu Teratai).jpg,"The batik fabric features the Malang motif, characterized by bright red tones. The main motifs include rain tree and malang statue, with intricate details shaping its visual identity. The 'isen-isen' consists of delicate patterns that fill the spaces between the larger motifs, adding texture and depth to the design. The pattern appears in a geometric arrangement, creating a harmonious and balanced composition across the surface.","The batik fabric features the betawi motif, characterized by a red background and white motifs. The main motifs include stylized flowers and leaves arranged symmetrically around a central element resembling an ornate vase or tower. These floral elements have rounded petals and elongated stems, creating a lush, organic pattern. The 'isen-isen', or filler patterns, consist of smaller, intricate designs that complement the larger motifs without overpowering them. The overall layout follows a balanced, symmetrical design, with the central motif flanked by repeating floral arrangements extending outward in a radial pattern.",False,hard,Malang,betawi,0.606857419013977
/mnt/extended-home/dzakaaufa/dataset/all_images_captioning/Mulifah Data 9 Biota Laut.jpg,"The batik fabric features the Lamongan motif, characterized by black, orange, brown tones. The main motifs include sea life, with intricate details shaping its visual identity. The 'isen-isen' consists of delicate patterns that fill the spaces between the larger motifs, adding texture and depth to the design. The pattern appears in a non-geometric arrangement, creating a harmonious and balanced composition across the surface.","The batik fabric features the lamongan motif, characterized by a black background and red and white motifs. The main motifs include stylized fish, jellyfish, and seaweed-like forms, all intricately detailed in red and white against the dark backdrop. The 'isen-isen', or filler patterns, consist of small circles and dots, adding texture and depth to the design. The layout arranges these elements in a dynamic, almost underwater scene, with the fish swimming among the seaweed and jellyfish floating above, creating a sense of movement and life within the static fabric.",True,hard,Lamongan,lamongan,0.9177345037460327
/mnt/extended-home/dzakaaufa/dataset/all_images_captioning/Data 5 Batik Baronggung (Bunga Nirwana 1).jpg,"The batik fabric features the Tulungagung motif, characterized by green, red tones. The main motifs include orchid flower, with intricate details shaping its visual identity. The 'isen-isen' consists of delicate patterns that fill the spaces between the larger motifs, adding texture and depth to the design. The pattern appears in a non-geometric arrangement, creating a harmonious and balanced composition across the surface.","The batik fabric features the tulungagung motif, characterized by a white background and red, green, and purple motifs. The main motifs appear to be abstract floral or leaf-like shapes, while the 'isen-isen' (filling) consists of smaller, intricate patterns that resemble small flowers or leaves in various shades of green and purple. The layout/pattern arrangement is dense and repetitive, covering the entire surface of the fabric without any clear directional flow, creating a visually rich and complex design.",True,hard,Tulungagung,tulungagung,0.7656829357147217
/mnt/extended-home/dzakaaufa/dataset/all_images_captioning/Data 16 Batik Kantil (Kembang Sepatu).jpg,"The batik fabric features the Malang motif, characterized by fuchsia pink, blue tones. The main motifs include hibiscus, with intricate details shaping its visual identity. The 'isen-isen' consists of delicate patterns that fill the spaces between the larger motifs, adding texture and depth to the design. The pattern appears in a non-geometric arrangement, creating a harmonious and balanced composition across the surface.","The batik fabric features the malang motif, characterized by a red background and blue, orange, and green motifs. The main motifs consist of stylized flowers with rounded petals and leaves, while the 'isen-isen' (filling) includes smaller floral patterns in similar colors but more intricate details. The layout/pattern arrangement is dense and evenly distributed across the fabric, creating a harmonious blend of large and small motifs that cover the entire surface without any gaps or repetition.",True,hard,Malang,malang,0.7133593559265137
/mnt/extended-home/dzakaaufa/dataset/all_images_captioning/Mutiara S Data 4 Bangau dan Mawar Kombinasi.jpg,"The batik fabric features the Lamongan motif, characterized by red, dark blue, light blue, white tones. The main motifs include strok and rose, with intricate details shaping its visual identity. The 'isen-isen' consists of delicate patterns that fill the spaces between the larger motifs, adding texture and depth to the design. The pattern appears in a non-geometric arrangement, creating a harmonious and balanced composition across the surface.","The batik fabric features the lamongan motif, characterized by a white background and red, blue, and black motifs. The main motifs include stylized birds in flight, depicted in blue and black, surrounded by intricate floral patterns in red and blue. These flowers are connected by delicate lines forming a network that fills the spaces between them. The layout/pattern arrangement consists of repeating units where each unit contains one bird and surrounding floral designs, creating a harmonious and balanced composition across the entire fabric.",True,hard,Lamongan,lamongan,0.8418587446212769
/mnt/extended-home/dzakaaufa/dataset/all_images_captioning/Data 6 Batik Baronggung (Bunga Nirwana 2).jpg,"The batik fabric features the Tulungagung motif, characterized by blue, red tones. The main motifs include orchid flower, with intricate details shaping its visual identity. The 'isen-isen' consists of delicate patterns that fill the spaces between the larger motifs, adding texture and depth to the design. The pattern appears in a non-geometric arrangement, creating a harmonious and balanced composition across the surface.","The batik fabric features the trenggalek motif, characterized by a light blue background and red and blue motifs. The main motifs consist of stylized floral and leaf patterns, predominantly in red, with intricate details that include swirling tendrils and petal-like structures. These motifs are interspersed with smaller, more abstract shapes resembling leaves or petals in blue, which fill the spaces between them. The layout/pattern arrangement follows a repeating grid-like structure, creating a harmonious and balanced design across the entire surface of the fabric.",False,hard,Tulungagung,trenggalek,0.49299952387809753
/mnt/extended-home/dzakaaufa/dataset/all_images_captioning/Data 21 Batik Rahayu (Kawung Kopi Pecah).jpg,"The batik fabric features the Trenggalek motif, characterized by orange, black tones. The main motifs include cloves, coffee beans, with intricate details shaping its visual identity. The 'isen-isen' consists of delicate patterns that fill the spaces between the larger motifs, adding texture and depth to the design. The pattern appears in a geometric arrangement, creating a harmonious and balanced composition across the surface.","The batik fabric features the trenggalek motif, characterized by a red background and black motifs. The main motifs consist of stylized floral shapes with pink centers, arranged in a grid-like pattern. These floral shapes are interspersed with smaller diamond-shaped 'isen-isen', which fill the spaces between them. The overall layout follows a repeating geometric design, creating a harmonious and balanced appearance across the entire surface.",True,hard,Trenggalek,trenggalek,0.41561031341552734
/mnt/extended-home/dzakaaufa/dataset/all_images_captioning/Data 13 Batik Lana (Alam parang daun teh biru).jpg,"The batik fabric features the Malang motif, characterized by blue tones. The main motifs include teh leaf and machete motif, with intricate details shaping its visual identity. The 'isen-isen' consists of delicate patterns that fill the spaces between the larger motifs, adding texture and depth to the design. The pattern appears in a geometric arrangement, creating a harmonious and balanced composition across the surface.","The batik fabric features the malang motif, characterized by a deep blue background and white motifs. The main motifs consist of intricate leaf-like patterns arranged in diagonal rows, creating a sense of movement across the fabric. These leaves are connected by small dots forming a continuous line that runs through each row. The 'isen-isen', or filler designs, include smaller, more detailed floral and geometric patterns interspersed between the larger leaf motifs, adding depth and complexity to the overall design. The layout follows a symmetrical pattern, with the leaf motifs alternating directions from one row to the next, enhancing the dynamic feel of the piece.",True,hard,Malang,malang,0.9290302395820618
/mnt/extended-home/dzakaaufa/dataset/all_images_captioning/Data 1 Batik Tiepuk Trenggalek (Turonggo Yakso).jpg,"The batik fabric features the Trenggalek motif, characterized by black, chocolate tones. The main motifs include turonggoyakso dance culture and flora of cloves, jasmine, roses, with intricate details shaping its visual identity. The 'isen-isen' consists of delicate patterns that fill the spaces between the larger motifs, adding texture and depth to the design. The pattern appears in a non-geometric arrangement, creating a harmonious and balanced composition across the surface.","The batik fabric features the trenggalek motif, characterized by a black background and white motifs. The main motifs consist of stylized flowers and leaves, each featuring a central petal surrounded by smaller petals and leaf-like extensions. These motifs are interspersed within intricate red 'isen-isen', which form swirling patterns that fill the spaces between the larger white designs. The layout follows a repeating pattern where the white floral motifs are distributed across the black field, while the red 'isen-isen' create a dynamic contrast and texture throughout the design.",True,hard,Trenggalek,trenggalek,0.9639694690704346
/mnt/extended-home/dzakaaufa/dataset/all_images_captioning/Data 13 Batik Blimbing (Daniswara Jiwa Trisna).jpg,"The batik fabric features the Malang motif, characterized by black, brown tones. The main motifs include hibiscus, butterfly and mask, koin, with intricate details shaping its visual identity. The 'isen-isen' consists of delicate patterns that fill the spaces between the larger motifs, adding texture and depth to the design. The pattern appears in a simetris arrangement, creating a harmonious and balanced composition across the surface.","The batik fabric features the malang motif, characterized by a black background and green and blue motifs. The main motifs include stylized flowers and leaves, which are intricately detailed with green outlines and filled in with various shades of blue. These floral designs are interspersed throughout the fabric. The 'isen-isen', or filler patterns, consist of smaller, repeating geometric shapes that complement the larger floral motifs, adding depth and complexity to the overall design. The layout follows a symmetrical pattern, with the central area featuring larger, more prominent floral arrangements surrounded by smaller, repeating patterns along the edges.",True,hard,Malang,malang,0.9592211842536926
/mnt/extended-home/dzakaaufa/dataset/all_images_captioning/Data 5 Batik Soendari (Arca GanesCandra Kapalaha).jpg,"The batik fabric features the Malang motif, characterized by emerald green tones. The main motifs include lotus and ganesha statue, with intricate details shaping its visual identity. The 'isen-isen' consists of delicate patterns that fill the spaces between the larger motifs, adding texture and depth to the design. The pattern appears in a geometric arrangement, creating a harmonious and balanced composition across the surface.","The batik fabric features the betawi motif, characterized by a teal background and white motifs. The main motifs consist of stylized skulls adorned with crowns and intricate floral designs, including leaves and petals. These skull motifs are arranged in a repeating pattern across the fabric, creating a dense and symmetrical design. The 'isen-isen', or filler patterns, include geometric shapes such as diamonds and star-like figures, which are interspersed between the larger motifs to fill the spaces evenly.",False,hard,Malang,betawi,0.4242791533470154
/mnt/extended-home/dzakaaufa/dataset/all_images_captioning/Afiq Jaya_35241420061004_Irfan Hakim_2025_FLORA.jpg,"The batik fabric features the Lamongan motif, characterized by brown, red tones. The main motifs include ashoka flower, with intricate details shaping its visual identity. The 'isen-isen' consists of delicate patterns that fill the spaces between the larger motifs, adding texture and depth to the design. The pattern appears in a non-geometric arrangement, creating a harmonious and balanced composition across the surface.","The batik fabric features the lamongan motif, characterized by a dark maroon background and red and white motifs. The main motifs consist of heart-shaped figures filled with intricate floral patterns in red and white, interspersed with smaller star-like shapes also in red and white. These heart-shaped figures are arranged symmetrically across the fabric, creating a balanced and harmonious pattern. The 'isen-isen', or filler designs, include small starbursts and additional floral elements that complement the larger motifs, enhancing the overall complexity and beauty of the design.",True,hard,Lamongan,lamongan,0.9462471604347229
/mnt/extended-home/dzakaaufa/dataset/all_images_captioning/Data 1 Batik Baronggung (Gayatri Putri).jpg,"The batik fabric features the Tulungagung motif, characterized by light green, dark green tones. The main motifs include gayatri temple and living plants, with intricate details shaping its visual identity. The 'isen-isen' consists of delicate patterns that fill the spaces between the larger motifs, adding texture and depth to the design. The pattern appears in a geometric arrangement, creating a harmonious and balanced composition across the surface.","The batik fabric features the tulungagung motif, characterized by a green background and white motifs. The main motifs consist of circular designs filled with intricate patterns, surrounded by smaller diamond-shaped 'isen-isen'. These 'isen-isen' are densely packed within each larger circle, creating a complex and detailed texture. The pattern is arranged in a grid-like fashion, with rows of circles alternating with rows of diamonds, forming a symmetrical and repetitive design across the entire fabric.",True,hard,Tulungagung,tulungagung,0.9541934728622437
/mnt/extended-home/dzakaaufa/dataset/all_images_captioning/Azyfa_35241420060306_Bandeng Lele Manggar Kelapa_2025_FLORA_FAUNA_CULTURE.jpg,"The batik fabric features the Lamongan motif, characterized by reddish brown, black tones. The main motifs include coconut blossom, milkfish and catfish and singo mengkok, with intricate details shaping its visual identity. The 'isen-isen' consists of delicate patterns that fill the spaces between the larger motifs, adding texture and depth to the design. The pattern appears in a non-geometric arrangement, creating a harmonious and balanced composition across the surface.","The batik fabric features the lamongan motif, characterized by a black background and orange motifs. The main motifs include intricate floral patterns and abstract forms resembling leaves or petals, filled with small dots creating a textured effect. These motifs are arranged in a symmetrical pattern across the fabric, with some overlapping to create depth and complexity. The 'isen-isen', which are the smaller decorative elements within the larger motifs, consist of detailed dotwork designs that add to the overall richness of the pattern.",True,hard,Lamongan,lamongan,0.9691182374954224
/mnt/extended-home/dzakaaufa/dataset/all_images_captioning/Tutut Data 4 Lamongan Megilan.jpg,"The batik fabric features the Lamongan motif, characterized by pitch black, black, red tones. The main motifs include lamongan cultural ornament, with intricate details shaping its visual identity. The 'isen-isen' consists of delicate patterns that fill the spaces between the larger motifs, adding texture and depth to the design. The pattern appears in a non-geometric arrangement, creating a harmonious and balanced composition across the surface.","The batik fabric features the lamongan motif, characterized by a deep red background and black and white motifs. The main motifs include stylized elephants adorned with intricate patterns, including floral and geometric designs. These elephants are connected by 'isen-isen,' which are small, star-like shapes that fill the spaces between them. The layout/pattern arrangement follows a symmetrical design, with the elephants positioned at the corners and center of the fabric, creating a balanced and harmonious composition.",True,hard,Lamongan,lamongan,0.9633831977844238
/mnt/extended-home/dzakaaufa/dataset/all_images_captioning/Data 10 Batik Lana (Bunga Matahari).jpg,"The batik fabric features the Malang motif, characterized by green tones. The main motifs include sunflower, with intricate details shaping its visual identity. The 'isen-isen' consists of delicate patterns that fill the spaces between the larger motifs, adding texture and depth to the design. The pattern appears in a non-geometric arrangement, creating a harmonious and balanced composition across the surface.","The batik fabric features the malang motif, characterized by a green background and sunflower motifs. The sunflowers have yellow petals with red centers and dark brown spots in the middle. The 'isen-isen' filling the spaces between the sunflowers consists of elongated, teardrop-shaped leaves that are also green but vary slightly in shade to create depth. The layout/pattern arrangement is repetitive, with each sunflower surrounded by its respective set of leaves, creating a uniform and symmetrical design across the entire fabric.",True,hard,Malang,malang,0.8976120948791504
/mnt/extended-home/dzakaaufa/dataset/all_images_captioning/Chotifa_35241420060103_Daun Sente (Talas)_2025_FLORA.jpg,"The batik fabric features the Lamongan motif, characterized by navy blue tones. The main motifs include taro leaves, with intricate details shaping its visual identity. The 'isen-isen' consists of delicate patterns that fill the spaces between the larger motifs, adding texture and depth to the design. The pattern appears in a non-geometric arrangement, creating a harmonious and balanced composition across the surface.","The batik fabric features the lamongan motif, characterized by a dark brown background and intricate white and light blue motifs. The main motifs include swirling leaves and floral patterns, which are detailed and complex in their design. These motifs are interspersed with smaller 'isen-isen', or filler designs, that consist of small dots and geometric shapes, adding to the overall intricacy of the pattern. The layout of the motifs follows a symmetrical yet dynamic arrangement, creating a balanced yet visually engaging composition across the entire fabric.",True,hard,Lamongan,lamongan,0.8705846667289734
/mnt/extended-home/dzakaaufa/dataset/all_images_captioning/Data 7 Batik Bengkel (Mayuragari).jpg,"The batik fabric features the Malang motif, characterized by navy blue tones. The main motifs include peacock, with intricate details shaping its visual identity. The 'isen-isen' consists of delicate patterns that fill the spaces between the larger motifs, adding texture and depth to the design. The pattern appears in a non-geometric arrangement, creating a harmonious and balanced composition across the surface.","The batik fabric features the malang motif, characterized by a black background and white motifs. The main motifs consist of stylized leaves or feathers, intricately detailed in white against the dark backdrop. These motifs are arranged in a vertical column along the right side of the fabric. The 'isen-isen', which fills the spaces between the main motifs, appears as small, evenly spaced dots, creating a grid-like pattern that enhances the overall design's symmetry and balance.",True,hard,Malang,malang,0.8597617745399475
/mnt/extended-home/dzakaaufa/dataset/all_images_captioning/Data 31 Batik Kantil (Mawar).jpg,"The batik fabric features the Malang motif, characterized by brick red tones. The main motifs include rose flower and butterfly, with intricate details shaping its visual identity. The 'isen-isen' consists of delicate patterns that fill the spaces between the larger motifs, adding texture and depth to the design. The pattern appears in a non-geometric arrangement, creating a harmonious and balanced composition across the surface.","The batik fabric features the malang motif, characterized by a red background and white motifs. The main motifs include stylized flowers and leaves in white, outlined with black, filled with green centers and yellow petals. These floral designs are interspersed with smaller, simpler shapes resembling leaves or petals in white, outlined with black, and filled with light blue or green hues. The 'isen-isen', which fills the spaces between the larger motifs, consists of small, scattered white dots arranged in a grid-like pattern across the entire surface. The overall layout follows a symmetrical design, with the central area featuring more complex patterns that gradually become",True,hard,Malang,malang,0.9705603122711182
/mnt/extended-home/dzakaaufa/dataset/all_images_captioning/Data 14 Batik Krajan (Parang Kopi).jpg,"The batik fabric features the Malang motif, characterized by orange, brown tones. The main motifs include coffee beans and parang pattern, motif klasik, with intricate details shaping its visual identity. The 'isen-isen' consists of delicate patterns that fill the spaces between the larger motifs, adding texture and depth to the design. The pattern appears in a non-geometric arrangement, creating a harmonious and balanced composition across the surface.","The batik fabric features the malang motif, characterized by an orange background and brown and white motifs. The main motifs include elongated, wavy shapes that resemble flowing lines or abstract hands, filled with smaller white dots and small floral patterns. These shapes are arranged in a diagonal pattern across the fabric, creating a dynamic and fluid appearance. The 'isen-isen', which fills the spaces between the main motifs, consists of repeating geometric shapes such as diamonds and squares, also adorned with small white dots and floral designs.",True,hard,Malang,malang,0.3504689335823059
/mnt/extended-home/dzakaaufa/dataset/all_images_captioning/Jayyida Data 17 Sendang Dhuwur.jpg,"The batik fabric features the Lamongan motif, characterized by black, red tones. The main motifs include a machete made from the elementary school letters sendang duwur and clover, with intricate details shaping its visual identity. The 'isen-isen' consists of delicate patterns that fill the spaces between the larger motifs, adding texture and depth to the design. The pattern appears in a non-geometric arrangement, creating a harmonious and balanced composition across the surface.","The batik fabric features the lamongan motif, characterized by a black background and red motifs. The main motifs include stylized flowers and leaves, which are intricately outlined in white against the red background. These floral designs are interspersed with small, repeating patterns that fill the spaces between them, creating an 'isen-isen' effect. The layout follows a symmetrical design, with the floral motifs arranged along the edges and extending into the center, where they transition into smaller, interconnected patterns that cover the entire surface.",True,hard,Lamongan,lamongan,0.8576411604881287
/mnt/extended-home/dzakaaufa/dataset/all_images_captioning/Mulifah Data 10 Singo Mengkok.jpg,"The batik fabric features the Lamongan motif, characterized by red, black tones. The main motifs include singo mengkok, with intricate details shaping its visual identity. The 'isen-isen' consists of delicate patterns that fill the spaces between the larger motifs, adding texture and depth to the design. The pattern appears in a non-geometric arrangement, creating a harmonious and balanced composition across the surface.","The batik fabric features the lamongan motif, characterized by a black background and red motifs. The main motifs include stylized birds and floral patterns, which are intricately detailed. The 'isen-isen', or geometric filler designs, consist of interconnected diamond shapes in white against the black background. These geometric patterns fill the spaces between the larger motifs, creating a balanced and harmonious composition across the entire piece.",True,hard,Lamongan,lamongan,0.9109224081039429
/mnt/extended-home/dzakaaufa/dataset/all_images_captioning/Data 11 Batik Baronggung (Rumput Laut).jpg,"The batik fabric features the Tulungagung motif, characterized by brick red, chocolate tones. The main motifs include sea and seaweed, with intricate details shaping its visual identity. The 'isen-isen' consists of delicate patterns that fill the spaces between the larger motifs, adding texture and depth to the design. The pattern appears in a non-geometric arrangement, creating a harmonious and balanced composition across the surface.","The batik fabric features the tulungagung motif, characterized by a dark brown background and red motifs. The main motifs consist of intricate tree-like structures with branches extending outward in various directions, creating a complex network across the fabric. These motifs are filled with smaller, repeating patterns that resemble leaves or floral designs, adding depth to the overall design. The layout follows a symmetrical pattern, with vertical lines dividing the fabric into sections, each containing identical motifs arranged in a grid-like fashion.",True,hard,Tulungagung,tulungagung,0.9872261881828308
/mnt/extended-home/dzakaaufa/dataset/all_images_captioning/Data 12 Batik Tiepuk (Ayam Bekisar).jpg,"The batik fabric features the Trenggalek motif, characterized by deep red, cream, golden yellow tones. The main motifs include bekisar chicken fauna and clove plant flora, tendrils, with intricate details shaping its visual identity. The 'isen-isen' consists of delicate patterns that fill the spaces between the larger motifs, adding texture and depth to the design. The pattern appears in a non-geometric arrangement, creating a harmonious and balanced composition across the surface.","The batik fabric features the trenggalek motif, characterized by a black background and red and cream-colored motifs. The main motifs include stylized flowers and leaves in cream and red, arranged in a scattered pattern across the fabric. The 'isen-isen', or filler patterns, consist of geometric shapes such as diamonds and squares in red, creating a dense network that fills the spaces between the larger floral designs. The overall layout follows a random yet harmonious distribution, ensuring an even spread of the intricate details throughout the piece.",True,hard,Trenggalek,trenggalek,0.9478105902671814
/mnt/extended-home/dzakaaufa/dataset/all_images_captioning/Data 2 Batik Baronggung (Jahewono).jpg,"The batik fabric features the Tulungagung motif, characterized by red, black tones. The main motifs include ginger plant, with intricate details shaping its visual identity. The 'isen-isen' consists of delicate patterns that fill the spaces between the larger motifs, adding texture and depth to the design. The pattern appears in a non-geometric arrangement, creating a harmonious and balanced composition across the surface.","The batik fabric features the tulungagung motif, characterized by a dark navy blue background and red motifs. The main motifs appear to be leaf-like in shape, with pointed tips and intricate white outlines that define their form. These leaves are densely packed across the fabric, creating a continuous pattern without any gaps between them. The 'isen-isen', or small dots, are scattered sparsely within the spaces between the larger motifs, adding texture and detail to the overall design. The layout follows a repeating geometric pattern, ensuring uniformity throughout the piece.",True,hard,Tulungagung,tulungagung,0.9944896697998047
/mnt/extended-home/dzakaaufa/dataset/all_images_captioning/Data 27 Batik Soendari (Sekartaji Latar Gede).jpg,"The batik fabric features the Malang motif, characterized by blue, black tones. The main motifs include sekartaji mask, with intricate details shaping its visual identity. The 'isen-isen' consists of delicate patterns that fill the spaces between the larger motifs, adding texture and depth to the design. The pattern appears in a geometric arrangement, creating a harmonious and balanced composition across the surface.","The batik fabric features the malang motif, characterized by a dark blue background and black motifs. The main motifs consist of stylized faces with intricate details such as eyes, noses, and crowns in shades of orange and white. These faces are surrounded by an 'isen-isen' pattern that fills the spaces between them, featuring a grid-like design in light blue. The layout/pattern arrangement consists of repeated rows of these face motifs, creating a symmetrical and visually balanced composition across the entire fabric.",True,hard,Malang,malang,0.5642359256744385
/mnt/extended-home/dzakaaufa/dataset/all_images_captioning/Azyfa_35241420060309_Sekar Jagad Lamongan_2025_FLORA.jpg,"The batik fabric features the Lamongan motif, characterized by blue, blue sapphire tones. The main motifs include jasmine, with intricate details shaping its visual identity. The 'isen-isen' consists of delicate patterns that fill the spaces between the larger motifs, adding texture and depth to the design. The pattern appears in a non-geometric arrangement, creating a harmonious and balanced composition across the surface.","The batik fabric features the lamongan motif, characterized by a deep navy blue background and intricate white and light blue motifs. The main motifs include floral patterns and geometric designs, which are filled with smaller dots and lines creating a detailed texture. These motifs are arranged in a symmetrical pattern across the fabric, with larger central figures surrounded by smaller repeating elements that fill the spaces between them.",True,hard,Lamongan,lamongan,0.9506769776344299
/mnt/extended-home/dzakaaufa/dataset/all_images_captioning/Data 3 Batik Rahayu (Seret Jedet.jpg,"The batik fabric features the Trenggalek motif, characterized by red, orange tones. The main motifs include clove and parang pattern, with intricate details shaping its visual identity. The 'isen-isen' consists of delicate patterns that fill the spaces between the larger motifs, adding texture and depth to the design. The pattern appears in a geometric arrangement, creating a harmonious and balanced composition across the surface.","The batik fabric features the trenggalek motif, characterized by a deep red background and white motifs. The main motifs include elongated ovals and small circular patterns, while the 'isen-isen' (filling) consists of smaller dots and lines that create intricate geometric designs. The layout/pattern arrangement follows horizontal bands, each containing different combinations of these motifs, creating a visually dynamic yet harmonious design.",True,hard,Trenggalek,trenggalek,0.9804925322532654
/mnt/extended-home/dzakaaufa/dataset/all_images_captioning/Data 32 Batik Kantil (Kamalini Buana).jpg,"The batik fabric features the Malang motif, characterized by black, green tones. The main motifs include lotus, with intricate details shaping its visual identity. The 'isen-isen' consists of delicate patterns that fill the spaces between the larger motifs, adding texture and depth to the design. The pattern appears in a non-geometric arrangement, creating a harmonious and balanced composition across the surface.","The batik fabric features the malang motif, characterized by a black background and vibrant red, pink, and green motifs. The main motifs consist of stylized lotus flowers with pointed petals in shades of red and pink, surrounded by large, rounded leaves in bright green. These lotuses are interspersed with smaller star-shaped designs in pink and white, which fill the spaces between them. The layout follows a repeating pattern where each lotus flower is connected to others through stems that weave across the fabric, creating a dynamic and interconnected design.",True,hard,Malang,malang,0.9506813883781433
/mnt/extended-home/dzakaaufa/dataset/all_images_captioning/Data 13 Batik Soendari (Batik Kopi).jpg,"The batik fabric features the Malang motif, characterized by chocolate, white tones. The main motifs include rose, with intricate details shaping its visual identity. The 'isen-isen' consists of delicate patterns that fill the spaces between the larger motifs, adding texture and depth to the design. The pattern appears in a geometric arrangement, creating a harmonious and balanced composition across the surface.","The batik fabric features the malang motif, characterized by a brown background and white motifs. The main motifs include stylized coffee cups and coffee beans, along with small leafy sprigs resembling coffee plants. These motifs are interspersed throughout the fabric in a scattered pattern, creating an overall theme that evokes a coffee shop or café setting. The layout appears random yet balanced, ensuring no single area becomes overcrowded while maintaining a cohesive design across the entire piece.",True,hard,Malang,malang,0.8728275895118713
/mnt/extended-home/dzakaaufa/dataset/all_images_captioning/Data 14 Batik Wagastu (Budidaya Melati).jpg,"The batik fabric features the Malang motif, characterized by orange, blue tones. The main motifs include jasmine plant, with intricate details shaping its visual identity. The 'isen-isen' consists of delicate patterns that fill the spaces between the larger motifs, adding texture and depth to the design. The pattern appears in a non-geometric arrangement, creating a harmonious and balanced composition across the surface.","The batik fabric features the malang motif, characterized by an orange background and black motifs. The main motifs consist of elongated, teardrop-shaped forms arranged in horizontal rows across the fabric. These shapes are filled with intricate white 'isen-isen', which appear to be floral or geometric patterns, adding depth and complexity to each form. The overall pattern arrangement follows a grid-like structure, with the black motifs evenly spaced against the vibrant orange backdrop, creating a striking contrast that highlights the detailed white 'isen-isen'.",True,hard,Malang,malang,0.8215856552124023
/mnt/extended-home/dzakaaufa/dataset/all_images_captioning/Data 5 Batik Sukun (Batik Pohon Kehidupan).jpg,"The batik fabric features the Malang motif, characterized by green, yellow tones. The main motifs include breadfruit leaf, buah pohon sukun, with intricate details shaping its visual identity. The 'isen-isen' consists of delicate patterns that fill the spaces between the larger motifs, adding texture and depth to the design. The pattern appears in a non-geometric arrangement, creating a harmonious and balanced composition across the surface.","The batik fabric features the malang motif, characterized by a dark green background and orange motifs. The main motifs consist of stylized leaves and circular shapes resembling fruits or berries. These motifs are interspersed throughout the fabric in a scattered pattern, creating a visually dynamic design. The 'isen-isen', which fills the spaces between the main motifs, appears to be smaller versions of the same leafy and fruit-like forms, adding depth and texture to the overall pattern.",True,hard,Malang,malang,0.86456698179245
/mnt/extended-home/dzakaaufa/dataset/all_images_captioning/Data 17 Batik Blimbing (Ista Malang Kucecwara).jpg,"The batik fabric features the Malang motif, characterized by blue, white tones. The main motifs include monument, with intricate details shaping its visual identity. The 'isen-isen' consists of delicate patterns that fill the spaces between the larger motifs, adding texture and depth to the design. The pattern appears in a geometric arrangement, creating a harmonious and balanced composition across the surface.","The batik fabric features the malang motif, characterized by a deep blue background and white motifs. The main motifs consist of intricate geometric shapes, including triangles and diamond patterns, which are filled with smaller white designs resembling floral or abstract motifs. These white motifs are interspersed within the larger shapes, creating a detailed and layered effect. The layout follows a diagonal arrangement, with alternating stripes of white and dark blue, each stripe containing multiple layers of these geometric and floral designs.",True,hard,Malang,malang,0.5697103142738342
/mnt/extended-home/dzakaaufa/dataset/all_images_captioning/Data 8 Batik Krajan (Sekar Jagad).jpg,"The batik fabric features the Malang motif, characterized by brown, dark red tones. The main motifs include coffee beans, bunga mawar and sparrows, with intricate details shaping its visual identity. The 'isen-isen' consists of delicate patterns that fill the spaces between the larger motifs, adding texture and depth to the design. The pattern appears in a geometric arrangement, creating a harmonious and balanced composition across the surface.","The batik fabric features the sekarjagad motif, characterized by a dark brown background and light beige motifs. The main motifs include star-like shapes filled with small floral patterns in beige, creating intricate designs that cover much of the fabric. These stars are interspersed with larger, more complex patterns such as birds and flowers, which are depicted in vibrant reds, pinks, and greens against the darker background. The 'isen-isen', or filler patterns, consist of smaller, repeating geometric shapes like dots and lines, adding texture and depth to the overall design. The layout follows a symmetrical pattern, with the central area",False,hard,Malang,sekarjagad,0.6169230937957764
/mnt/extended-home/dzakaaufa/dataset/all_images_captioning/Mekar Sari Data 5 Putihan Mekar Sewindu.jpg,"The batik fabric features the Lamongan motif, characterized by red, black, white tones. The main motifs include flower, with intricate details shaping its visual identity. The 'isen-isen' consists of delicate patterns that fill the spaces between the larger motifs, adding texture and depth to the design. The pattern appears in a non-geometric arrangement, creating a harmonious and balanced composition across the surface.","The batik fabric features the lamongan motif, characterized by a light pink background and red and black motifs. The main motifs consist of stylized floral designs with intricate petal patterns, while the 'isen-isen' (filling) between them includes smaller, more detailed floral and leafy patterns in both red and black. The layout/pattern arrangement follows a repeating grid-like structure, creating a harmonious and balanced design across the entire surface of the fabric.",True,hard,Lamongan,lamongan,0.6791279315948486
/mnt/extended-home/dzakaaufa/dataset/all_images_captioning/Data 3 Batik Blimbing (Daniswara Silamukti).jpg,"The batik fabric features the Malang motif, characterized by blue, white tones. The main motifs include flower, padi, butterfly, banteng and mask, panji asmora bangun, ragil kuning, with intricate details shaping its visual identity. The 'isen-isen' consists of delicate patterns that fill the spaces between the larger motifs, adding texture and depth to the design. The pattern appears in a non-geometric arrangement, creating a harmonious and balanced composition across the surface.","The batik fabric features the malang motif, characterized by a white background and blue, yellow, and red motifs. The main motifs consist of intricate floral patterns with swirling lines forming complex shapes resembling flowers or leaves. These motifs are filled with smaller, detailed designs that resemble petals or ornamental details in shades of blue, yellow, and red. The layout/pattern arrangement consists of these motifs scattered across the fabric, creating a visually dynamic yet harmonious design.",True,hard,Malang,malang,0.6169632077217102
/mnt/extended-home/dzakaaufa/dataset/all_images_captioning/Data 11 Batik Tiepuk (Turonggo Yakso Abstrak).jpg,"The batik fabric features the Trenggalek motif, characterized by black, milk chocolate, blue tones. The main motifs include clove plant flora, food ... and turonggoyakso dance culture, with intricate details shaping its visual identity. The 'isen-isen' consists of delicate patterns that fill the spaces between the larger motifs, adding texture and depth to the design. The pattern appears in a non-geometric arrangement, creating a harmonious and balanced composition across the surface.","The batik fabric features the lamongan motif, characterized by a black background and blue, beige, red, and white motifs. The main motifs include stylized dragons or serpentine figures in blue, which are interspersed with smaller beige and red floral-like designs. These larger blue motifs are surrounded by intricate 'isen-isen', which appear to be small, circular patterns in beige and white, filling the spaces between them. The layout follows a repeating pattern where each section contains one large blue dragon motif flanked by two smaller beige and red floral designs, all set against the dark background.",False,hard,Trenggalek,lamongan,0.3444671332836151
/mnt/extended-home/dzakaaufa/dataset/all_images_captioning/Afiq Jaya_35241420061006_Bandeng Lele Teratai_2024_FAUNA_FLORA.jpg,"The batik fabric features the Lamongan motif, characterized by black, orange tones. The main motifs include milkfish and catfish and lotus, with intricate details shaping its visual identity. The 'isen-isen' consists of delicate patterns that fill the spaces between the larger motifs, adding texture and depth to the design. The pattern appears in a non-geometric arrangement, creating a harmonious and balanced composition across the surface.","The batik fabric features the lamongan motif, characterized by a black background and orange motifs. The main motifs include stylized flowers and leaves in orange, with intricate white and blue 'isen-isen' (filling) details that add depth and complexity to each shape. These floral forms vary slightly in size but maintain a consistent pattern across the fabric. The layout follows a repeating grid-like structure, ensuring uniformity while allowing for the vibrant orange and detailed white and blue patterns to stand out against the dark backdrop.",True,hard,Lamongan,lamongan,0.9393550753593445
/mnt/extended-home/dzakaaufa/dataset/all_images_captioning/Afiq Jaya_35241420061009_Gapuro Singo Mengkok_2025_CULTURE.jpg,"The batik fabric features the Lamongan motif, characterized by blue, grey tones. The main motifs include gapuro singo mengkok, with intricate details shaping its visual identity. The 'isen-isen' consists of delicate patterns that fill the spaces between the larger motifs, adding texture and depth to the design. The pattern appears in a non-geometric arrangement, creating a harmonious and balanced composition across the surface.","The batik fabric features the lamongan motif, characterized by a dark blue background and light blue motifs. The main motifs include symmetrical diamond-shaped designs filled with intricate patterns resembling stylized flowers or leaves. These diamond shapes are bordered by smaller, repeating floral motifs that fill the spaces between them. The overall pattern arrangement follows a grid-like structure, creating a harmonious balance across the fabric.",True,hard,Lamongan,lamongan,0.9278052449226379
/mnt/extended-home/dzakaaufa/dataset/all_images_captioning/Jayyida Data 15 Pager Ayu.jpg,"The batik fabric features the Lamongan motif, characterized by maroon tones. The main motifs include clover and milkfish and catfish, with intricate details shaping its visual identity. The 'isen-isen' consists of delicate patterns that fill the spaces between the larger motifs, adding texture and depth to the design. The pattern appears in a non-geometric arrangement, creating a harmonious and balanced composition across the surface.","The batik fabric features the malang motif, characterized by a deep red background and white motifs. The main motifs include stylized flowers and abstract shapes resembling leaves or swirls, which are interspersed throughout the design. These motifs are filled with intricate 'isen-isen', creating a detailed lace-like pattern that adds depth to the overall design. The layout follows a symmetrical arrangement, with floral patterns concentrated in the lower left corner and abstract shapes positioned towards the right side, leading up to a triangular section at the bottom right.",False,hard,Lamongan,malang,0.6010594367980957
/mnt/extended-home/dzakaaufa/dataset/all_images_captioning/Data 1 Batik Krajan (Kopi).jpg,"The batik fabric features the Malang motif, characterized by brown, white tones. The main motifs include coffee beans, with intricate details shaping its visual identity. The 'isen-isen' consists of delicate patterns that fill the spaces between the larger motifs, adding texture and depth to the design. The pattern appears in a non-geometric arrangement, creating a harmonious and balanced composition across the surface.","The batik fabric features the malang motif, characterized by a dark brown background and white motifs. The main motifs include stylized leaves or petal-like shapes that form a central design resembling a cup with steam rising from it. These motifs are intricately detailed, with some appearing to be layered or overlapping for depth. The 'isen-isen', which fills the spaces between these larger motifs, consists of smaller, simpler leaf or petal shapes scattered throughout the background in a random yet harmonious pattern. The overall layout arranges the large central motif prominently at the bottom center, surrounded by the intricate 'isen-isen' patterns that extend",True,hard,Malang,malang,0.6377699971199036
/mnt/extended-home/dzakaaufa/dataset/all_images_captioning/Data 9 Batik Tiepuk (Semen Romo).jpg,"The batik fabric features the Trenggalek motif, characterized by milk chocolate, orange red tones. The main motifs include clove plant flora, with intricate details shaping its visual identity. The 'isen-isen' consists of delicate patterns that fill the spaces between the larger motifs, adding texture and depth to the design. The pattern appears in a geometric arrangement, creating a harmonious and balanced composition across the surface.","The batik fabric features the trenggalek motif, characterized by a black background and white motifs. The main motifs consist of symmetrical, floral-like shapes with pointed ends, resembling stylized flowers or leaves. These motifs are intricately filled with smaller, detailed patterns known as 'isen-isen,' which include geometric shapes like triangles and lines in shades of red and beige. The layout of the pattern follows a repeating, grid-like structure across the entire fabric, creating a harmonious and balanced design that covers the entire surface uniformly.",True,hard,Trenggalek,trenggalek,0.9138944745063782
/mnt/extended-home/dzakaaufa/dataset/all_images_captioning/Data 24 Batik Tiepuk (Larung Sembonyo).jpg,"The batik fabric features the Trenggalek motif, characterized by orange, yellow tones. The main motifs include larungsaji culture and floral flora..., with intricate details shaping its visual identity. The 'isen-isen' consists of delicate patterns that fill the spaces between the larger motifs, adding texture and depth to the design. The pattern appears in a non-geometric arrangement, creating a harmonious and balanced composition across the surface.","The batik fabric features the trenggalek motif, characterized by an orange background and white, green, brown, red, and black motifs. The main motifs include stylized trees with intricate branches and leaves, and various geometric shapes such as triangles and rectangles that form the 'isen-isen'. These shapes fill the spaces between the larger tree forms, creating a dense and layered pattern. The layout follows a symmetrical design, with the central tree motif dominating the composition, flanked by smaller repeating patterns along the edges.",True,hard,Trenggalek,trenggalek,0.8480463027954102
/mnt/extended-home/dzakaaufa/dataset/all_images_captioning/Data 5 Batik Lana (Jumputan).jpg,"The batik fabric features the Malang motif, characterized by purple tones. The main motifs include , with intricate details shaping its visual identity. The 'isen-isen' consists of delicate patterns that fill the spaces between the larger motifs, adding texture and depth to the design. The pattern appears in a geometric arrangement, creating a harmonious and balanced composition across the surface.","The batik fabric features the malang motif, characterized by a deep maroon background and light pink motifs. The main motifs consist of diamond shapes, each containing smaller circular patterns within them. These diamonds are interspersed with small, intricate 'isen-isen' designs that fill the spaces between the larger diamond shapes. The pattern is arranged in a grid-like fashion, creating a uniform and repetitive design across the entire surface of the fabric.",True,hard,Malang,malang,0.749794602394104
/mnt/extended-home/dzakaaufa/dataset/all_images_captioning/Mutiara S Data 6 Karang Pring.jpg,"The batik fabric features the Lamongan motif, characterized by yellow, red, black, white tones. The main motifs include coral, with intricate details shaping its visual identity. The 'isen-isen' consists of delicate patterns that fill the spaces between the larger motifs, adding texture and depth to the design. The pattern appears in a non-geometric arrangement, creating a harmonious and balanced composition across the surface.","The batik fabric features the malang motif, characterized by an orange background and black, white, and brown motifs. The main motifs include stylized fish and plants, while the 'isen-isen' (filling) consists of small dots and lines in various shades of black and white. The layout/pattern arrangement shows a repeating sequence where the fish and plant motifs alternate across the fabric, creating a dynamic and balanced design.",False,hard,Lamongan,malang,0.4863817095756531
/mnt/extended-home/dzakaaufa/dataset/all_images_captioning/Data 2 Batik Sukun (Batik Okus).jpg,"The batik fabric features the Malang motif, characterized by dark blue, red tones. The main motifs include sea plants, tilapia fish and cadik boat, aliran air, with intricate details shaping its visual identity. The 'isen-isen' consists of delicate patterns that fill the spaces between the larger motifs, adding texture and depth to the design. The pattern appears in a geometric arrangement, creating a harmonious and balanced composition across the surface.","The batik fabric features the malang motif, characterized by a black background and red, orange, white, green, and yellow motifs. The main motifs include stylized boats arranged in a horizontal line across the fabric, interspersed with small red and white flowers forming an 'isen-isen' pattern that fills the spaces between them. Below this row, there are additional smaller motifs depicting fish and seaweed in various colors including green, orange, and red, set against the same black background. The layout follows a repeating horizontal band design, with each band containing its own distinct elements but maintaining a cohesive overall theme.",True,hard,Malang,malang,0.5813226699829102
/mnt/extended-home/dzakaaufa/dataset/all_images_captioning/Data 3 Batik Kantil (Topeng Kantil).jpg,"The batik fabric features the Malang motif, characterized by dark purple, white tones. The main motifs include kantil mask, with intricate details shaping its visual identity. The 'isen-isen' consists of delicate patterns that fill the spaces between the larger motifs, adding texture and depth to the design. The pattern appears in a non-geometric arrangement, creating a harmonious and balanced composition across the surface.","The batik fabric features the malang motif, characterized by a deep purple background and vibrant orange, blue, green, and white motifs. The main motifs include stylized faces with distinct facial features such as eyes, noses, and mouths, surrounded by small red leaves or petals. These faces are interspersed with geometric patterns like zigzags and triangles that fill the spaces between them. The layout follows a symmetrical design, with the central band featuring larger, more intricate patterns bordered by simpler designs on either side.",True,hard,Malang,malang,0.8014695048332214
/mnt/extended-home/dzakaaufa/dataset/all_images_captioning/Afiq Jaya_35241420061008_Singo Mengkok Gagak Siup_2025_CULTURE.jpg,"The batik fabric features the Lamongan motif, characterized by blue, light brown tones. The main motifs include singo mengkok gagak siup, with intricate details shaping its visual identity. The 'isen-isen' consists of delicate patterns that fill the spaces between the larger motifs, adding texture and depth to the design. The pattern appears in a non-geometric arrangement, creating a harmonious and balanced composition across the surface.","The batik fabric features the lamongan motif, characterized by a deep navy blue background and intricate white and light blue motifs. The main motifs include stylized dragons or serpentine creatures, which are intricately detailed with scales and flowing forms. These central figures are complemented by smaller, repeating 'isen-isen' patterns that fill the spaces between them, consisting of delicate floral and geometric designs in white and light blue hues. The layout follows a symmetrical design, with the larger dragon-like figures positioned along one side of the fabric, while the smaller 'isen-isen' motifs are distributed evenly across the rest of the surface.",True,hard,Lamongan,lamongan,0.961168110370636
/mnt/extended-home/dzakaaufa/dataset/all_images_captioning/Tutut Data 8 Ceplik Melati Singo Mengkok.jpg,"The batik fabric features the Lamongan motif, characterized by turquoise, blue tones. The main motifs include jasmine and singo mengkok, with intricate details shaping its visual identity. The 'isen-isen' consists of delicate patterns that fill the spaces between the larger motifs, adding texture and depth to the design. The pattern appears in a geometric arrangement, creating a harmonious and balanced composition across the surface.","The batik fabric features the lamongan motif, characterized by a dark green background and white motifs. The main motifs appear to be small, intricate floral patterns, while the 'isen-isen' filling the spaces consists of smaller, evenly distributed dots in white. The layout/pattern arrangement follows a grid-like structure, with the floral motifs scattered across the surface, creating a harmonious balance between the larger and smaller elements.",True,hard,Lamongan,lamongan,0.9653707146644592
/mnt/extended-home/dzakaaufa/dataset/all_images_captioning/Data 3 Batik Krajan (Bunga Terompet Garudeya).jpg,"The batik fabric features the Malang motif, characterized by black, yellow tones. The main motifs include trumpet flower and ガルデヤ, with intricate details shaping its visual identity. The 'isen-isen' consists of delicate patterns that fill the spaces between the larger motifs, adding texture and depth to the design. The pattern appears in a non-geometric arrangement, creating a harmonious and balanced composition across the surface.","The batik fabric features the malang motif, characterized by a black background and yellow motifs. The main motifs include stylized leaves and flowers in vibrant yellow hues, with some brown accents for depth and detail. These motifs are intricately connected to form a cohesive design. The 'isen-isen', or small decorative patterns, fill the spaces between the larger motifs, adding texture and complexity to the overall pattern. The layout follows a symmetrical arrangement, with the floral elements curving upwards from a base that transitions into a gradient of yellow, creating a dynamic and visually engaging composition.",True,hard,Malang,malang,0.7801232933998108
/mnt/extended-home/dzakaaufa/dataset/all_images_captioning/Data 26 Batik Kantil (Kamalini Buana).jpg,"The batik fabric features the Malang motif, characterized by black, green tones. The main motifs include lotus, with intricate details shaping its visual identity. The 'isen-isen' consists of delicate patterns that fill the spaces between the larger motifs, adding texture and depth to the design. The pattern appears in a non-geometric arrangement, creating a harmonious and balanced composition across the surface.","The batik fabric features the malang motif, characterized by a black background and green, pink, and white motifs. The main motifs consist of lotus flowers with intricate petal patterns in shades of pink and green, while the 'isen-isen' (filling) includes smaller star-like shapes in white and green. The layout/pattern arrangement is symmetrical and repetitive, with the lotus flowers and stars interwoven across the entire surface, creating a harmonious and balanced design.",True,hard,Malang,malang,0.9280935525894165
/mnt/extended-home/dzakaaufa/dataset/all_images_captioning/Data 7 Batik Krajan (Bunga Sepatu).jpg,"The batik fabric features the Malang motif, characterized by black, brown tones. The main motifs include hibiscus, with intricate details shaping its visual identity. The 'isen-isen' consists of delicate patterns that fill the spaces between the larger motifs, adding texture and depth to the design. The pattern appears in a non-geometric arrangement, creating a harmonious and balanced composition across the surface.","The batik fabric features the malang motif, characterized by a black background and colorful motifs. The main motifs are stylized flowers in various shapes including circular, oval, and elongated forms, filled with vibrant hues such as red, green, yellow, purple, and blue. These floral designs are interspersed with smaller, simpler shapes resembling leaves or buds that fill the spaces between them. The layout follows a dense, scattered pattern across the entire surface, creating a visually rich and intricate design.",True,hard,Malang,malang,0.572974681854248
