Nama,Image Path,CLASS
tribusono1.jpg,/mnt/extended-home/dzakaaufa/dataset/all_images_captioning/tribusono1.jpg,tribusono
tribusono10.jpg,/mnt/extended-home/dzakaaufa/dataset/all_images_captioning/tribusono10.jpg,tribusono
tribusono100.jpg,/mnt/extended-home/dzakaaufa/dataset/all_images_captioning/tribusono100.jpg,tribusono
tribusono101.jpg,/mnt/extended-home/dzakaaufa/dataset/all_images_captioning/tribusono101.jpg,tribusono
tribusono102.jpg,/mnt/extended-home/dzakaaufa/dataset/all_images_captioning/tribusono102.jpg,tribusono
tribusono103.jpg,/mnt/extended-home/dzakaaufa/dataset/all_images_captioning/tribusono103.jpg,tribusono
tribusono104.jpg,/mnt/extended-home/dzakaaufa/dataset/all_images_captioning/tribusono104.jpg,tribusono
tribusono105.jpg,/mnt/extended-home/dzakaaufa/dataset/all_images_captioning/tribusono105.jpg,tribusono
tribusono106.jpg,/mnt/extended-home/dzakaaufa/dataset/all_images_captioning/tribusono106.jpg,tribusono
tribusono107.jpg,/mnt/extended-home/dzakaaufa/dataset/all_images_captioning/tribusono107.jpg,tribusono
tribusono108.jpg,/mnt/extended-home/dzakaaufa/dataset/all_images_captioning/tribusono108.jpg,tribusono
tribusono109.jpg,/mnt/extended-home/dzakaaufa/dataset/all_images_captioning/tribusono109.jpg,tribusono
tribusono11.jpg,/mnt/extended-home/dzakaaufa/dataset/all_images_captioning/tribusono11.jpg,tribusono
tribusono110.jpg,/mnt/extended-home/dzakaaufa/dataset/all_images_captioning/tribusono110.jpg,tribusono
tribusono111.jpg,/mnt/extended-home/dzakaaufa/dataset/all_images_captioning/tribusono111.jpg,tribusono
tribusono112.jpg,/mnt/extended-home/dzakaaufa/dataset/all_images_captioning/tribusono112.jpg,tribusono
tribusono113.jpg,/mnt/extended-home/dzakaaufa/dataset/all_images_captioning/tribusono113.jpg,tribusono
tribusono114.jpg,/mnt/extended-home/dzakaaufa/dataset/all_images_captioning/tribusono114.jpg,tribusono
tribusono115.jpg,/mnt/extended-home/dzakaaufa/dataset/all_images_captioning/tribusono115.jpg,tribusono
tribusono116.jpg,/mnt/extended-home/dzakaaufa/dataset/all_images_captioning/tribusono116.jpg,tribusono
tribusono117.jpg,/mnt/extended-home/dzakaaufa/dataset/all_images_captioning/tribusono117.jpg,tribusono
tribusono118.jpg,/mnt/extended-home/dzakaaufa/dataset/all_images_captioning/tribusono118.jpg,tribusono
tribusono119.jpg,/mnt/extended-home/dzakaaufa/dataset/all_images_captioning/tribusono119.jpg,tribusono
tribusono12.jpg,/mnt/extended-home/dzakaaufa/dataset/all_images_captioning/tribusono12.jpg,tribusono
tribusono120.jpg,/mnt/extended-home/dzakaaufa/dataset/all_images_captioning/tribusono120.jpg,tribusono
tribusono121.jpg,/mnt/extended-home/dzakaaufa/dataset/all_images_captioning/tribusono121.jpg,tribusono
tribusono122.jpg,/mnt/extended-home/dzakaaufa/dataset/all_images_captioning/tribusono122.jpg,tribusono
tribusono123.jpg,/mnt/extended-home/dzakaaufa/dataset/all_images_captioning/tribusono123.jpg,tribusono
tribusono124.jpg,/mnt/extended-home/dzakaaufa/dataset/all_images_captioning/tribusono124.jpg,tribusono
tribusono125.jpg,/mnt/extended-home/dzakaaufa/dataset/all_images_captioning/tribusono125.jpg,tribusono
tribusono126.jpg,/mnt/extended-home/dzakaaufa/dataset/all_images_captioning/tribusono126.jpg,tribusono
tribusono127.jpg,/mnt/extended-home/dzakaaufa/dataset/all_images_captioning/tribusono127.jpg,tribusono
tribusono128.jpg,/mnt/extended-home/dzakaaufa/dataset/all_images_captioning/tribusono128.jpg,tribusono
tribusono129.jpg,/mnt/extended-home/dzakaaufa/dataset/all_images_captioning/tribusono129.jpg,tribusono
tribusono13.jpg,/mnt/extended-home/dzakaaufa/dataset/all_images_captioning/tribusono13.jpg,tribusono
tribusono130.jpg,/mnt/extended-home/dzakaaufa/dataset/all_images_captioning/tribusono130.jpg,tribusono
tribusono131.jpg,/mnt/extended-home/dzakaaufa/dataset/all_images_captioning/tribusono131.jpg,tribusono
tribusono132.jpg,/mnt/extended-home/dzakaaufa/dataset/all_images_captioning/tribusono132.jpg,tribusono
tribusono133.jpg,/mnt/extended-home/dzakaaufa/dataset/all_images_captioning/tribusono133.jpg,tribusono
tribusono134.jpg,/mnt/extended-home/dzakaaufa/dataset/all_images_captioning/tribusono134.jpg,tribusono
tribusono135.jpg,/mnt/extended-home/dzakaaufa/dataset/all_images_captioning/tribusono135.jpg,tribusono
tribusono136.jpg,/mnt/extended-home/dzakaaufa/dataset/all_images_captioning/tribusono136.jpg,tribusono
tribusono137.jpg,/mnt/extended-home/dzakaaufa/dataset/all_images_captioning/tribusono137.jpg,tribusono
tribusono138.jpg,/mnt/extended-home/dzakaaufa/dataset/all_images_captioning/tribusono138.jpg,tribusono
tribusono139.jpg,/mnt/extended-home/dzakaaufa/dataset/all_images_captioning/tribusono139.jpg,tribusono
tribusono14.jpg,/mnt/extended-home/dzakaaufa/dataset/all_images_captioning/tribusono14.jpg,tribusono
tribusono140.jpg,/mnt/extended-home/dzakaaufa/dataset/all_images_captioning/tribusono140.jpg,tribusono
tribusono141.jpg,/mnt/extended-home/dzakaaufa/dataset/all_images_captioning/tribusono141.jpg,tribusono
tribusono142.jpg,/mnt/extended-home/dzakaaufa/dataset/all_images_captioning/tribusono142.jpg,tribusono
tribusono143.jpg,/mnt/extended-home/dzakaaufa/dataset/all_images_captioning/tribusono143.jpg,tribusono
tribusono144.jpg,/mnt/extended-home/dzakaaufa/dataset/all_images_captioning/tribusono144.jpg,tribusono
tribusono145.jpg,/mnt/extended-home/dzakaaufa/dataset/all_images_captioning/tribusono145.jpg,tribusono
tribusono146.jpg,/mnt/extended-home/dzakaaufa/dataset/all_images_captioning/tribusono146.jpg,tribusono
tribusono147.jpg,/mnt/extended-home/dzakaaufa/dataset/all_images_captioning/tribusono147.jpg,tribusono
tribusono148.jpg,/mnt/extended-home/dzakaaufa/dataset/all_images_captioning/tribusono148.jpg,tribusono
tribusono149.jpg,/mnt/extended-home/dzakaaufa/dataset/all_images_captioning/tribusono149.jpg,tribusono
tribusono15.jpg,/mnt/extended-home/dzakaaufa/dataset/all_images_captioning/tribusono15.jpg,tribusono
tribusono150.jpg,/mnt/extended-home/dzakaaufa/dataset/all_images_captioning/tribusono150.jpg,tribusono
tribusono16.jpg,/mnt/extended-home/dzakaaufa/dataset/all_images_captioning/tribusono16.jpg,tribusono
tribusono17.jpg,/mnt/extended-home/dzakaaufa/dataset/all_images_captioning/tribusono17.jpg,tribusono
tribusono18.jpg,/mnt/extended-home/dzakaaufa/dataset/all_images_captioning/tribusono18.jpg,tribusono
tribusono19.jpg,/mnt/extended-home/dzakaaufa/dataset/all_images_captioning/tribusono19.jpg,tribusono
tribusono2.jpg,/mnt/extended-home/dzakaaufa/dataset/all_images_captioning/tribusono2.jpg,tribusono
tribusono20.jpg,/mnt/extended-home/dzakaaufa/dataset/all_images_captioning/tribusono20.jpg,tribusono
tribusono21.jpg,/mnt/extended-home/dzakaaufa/dataset/all_images_captioning/tribusono21.jpg,tribusono
tribusono22.jpg,/mnt/extended-home/dzakaaufa/dataset/all_images_captioning/tribusono22.jpg,tribusono
tribusono23.jpg,/mnt/extended-home/dzakaaufa/dataset/all_images_captioning/tribusono23.jpg,tribusono
tribusono24.jpg,/mnt/extended-home/dzakaaufa/dataset/all_images_captioning/tribusono24.jpg,tribusono
tribusono25.jpg,/mnt/extended-home/dzakaaufa/dataset/all_images_captioning/tribusono25.jpg,tribusono
tribusono26.jpg,/mnt/extended-home/dzakaaufa/dataset/all_images_captioning/tribusono26.jpg,tribusono
tribusono27.jpg,/mnt/extended-home/dzakaaufa/dataset/all_images_captioning/tribusono27.jpg,tribusono
tribusono28.jpg,/mnt/extended-home/dzakaaufa/dataset/all_images_captioning/tribusono28.jpg,tribusono
tribusono29.jpg,/mnt/extended-home/dzakaaufa/dataset/all_images_captioning/tribusono29.jpg,tribusono
tribusono3.jpg,/mnt/extended-home/dzakaaufa/dataset/all_images_captioning/tribusono3.jpg,tribusono
tribusono30.jpg,/mnt/extended-home/dzakaaufa/dataset/all_images_captioning/tribusono30.jpg,tribusono
tribusono31.jpg,/mnt/extended-home/dzakaaufa/dataset/all_images_captioning/tribusono31.jpg,tribusono
tribusono32.jpg,/mnt/extended-home/dzakaaufa/dataset/all_images_captioning/tribusono32.jpg,tribusono
tribusono33.jpg,/mnt/extended-home/dzakaaufa/dataset/all_images_captioning/tribusono33.jpg,tribusono
tribusono34.jpg,/mnt/extended-home/dzakaaufa/dataset/all_images_captioning/tribusono34.jpg,tribusono
tribusono35.jpg,/mnt/extended-home/dzakaaufa/dataset/all_images_captioning/tribusono35.jpg,tribusono
tribusono36.jpg,/mnt/extended-home/dzakaaufa/dataset/all_images_captioning/tribusono36.jpg,tribusono
tribusono37.jpg,/mnt/extended-home/dzakaaufa/dataset/all_images_captioning/tribusono37.jpg,tribusono
tribusono38.jpg,/mnt/extended-home/dzakaaufa/dataset/all_images_captioning/tribusono38.jpg,tribusono
tribusono39.jpg,/mnt/extended-home/dzakaaufa/dataset/all_images_captioning/tribusono39.jpg,tribusono
tribusono4.jpg,/mnt/extended-home/dzakaaufa/dataset/all_images_captioning/tribusono4.jpg,tribusono
tribusono40.jpg,/mnt/extended-home/dzakaaufa/dataset/all_images_captioning/tribusono40.jpg,tribusono
tribusono41.jpg,/mnt/extended-home/dzakaaufa/dataset/all_images_captioning/tribusono41.jpg,tribusono
tribusono42.jpg,/mnt/extended-home/dzakaaufa/dataset/all_images_captioning/tribusono42.jpg,tribusono
tribusono43.jpg,/mnt/extended-home/dzakaaufa/dataset/all_images_captioning/tribusono43.jpg,tribusono
tribusono44.jpg,/mnt/extended-home/dzakaaufa/dataset/all_images_captioning/tribusono44.jpg,tribusono
tribusono45.jpg,/mnt/extended-home/dzakaaufa/dataset/all_images_captioning/tribusono45.jpg,tribusono
tribusono46.jpg,/mnt/extended-home/dzakaaufa/dataset/all_images_captioning/tribusono46.jpg,tribusono
tribusono47.jpg,/mnt/extended-home/dzakaaufa/dataset/all_images_captioning/tribusono47.jpg,tribusono
tribusono48.jpg,/mnt/extended-home/dzakaaufa/dataset/all_images_captioning/tribusono48.jpg,tribusono
tribusono49.jpg,/mnt/extended-home/dzakaaufa/dataset/all_images_captioning/tribusono49.jpg,tribusono
tribusono5.jpg,/mnt/extended-home/dzakaaufa/dataset/all_images_captioning/tribusono5.jpg,tribusono
tribusono50.jpg,/mnt/extended-home/dzakaaufa/dataset/all_images_captioning/tribusono50.jpg,tribusono
tribusono51.jpg,/mnt/extended-home/dzakaaufa/dataset/all_images_captioning/tribusono51.jpg,tribusono
tribusono52.jpg,/mnt/extended-home/dzakaaufa/dataset/all_images_captioning/tribusono52.jpg,tribusono
tribusono53.jpg,/mnt/extended-home/dzakaaufa/dataset/all_images_captioning/tribusono53.jpg,tribusono
tribusono54.jpg,/mnt/extended-home/dzakaaufa/dataset/all_images_captioning/tribusono54.jpg,tribusono
tribusono55.jpg,/mnt/extended-home/dzakaaufa/dataset/all_images_captioning/tribusono55.jpg,tribusono
tribusono56.jpg,/mnt/extended-home/dzakaaufa/dataset/all_images_captioning/tribusono56.jpg,tribusono
tribusono57.jpg,/mnt/extended-home/dzakaaufa/dataset/all_images_captioning/tribusono57.jpg,tribusono
tribusono58.jpg,/mnt/extended-home/dzakaaufa/dataset/all_images_captioning/tribusono58.jpg,tribusono
tribusono59.jpg,/mnt/extended-home/dzakaaufa/dataset/all_images_captioning/tribusono59.jpg,tribusono
tribusono6.jpg,/mnt/extended-home/dzakaaufa/dataset/all_images_captioning/tribusono6.jpg,tribusono
tribusono60.jpg,/mnt/extended-home/dzakaaufa/dataset/all_images_captioning/tribusono60.jpg,tribusono
tribusono61.jpg,/mnt/extended-home/dzakaaufa/dataset/all_images_captioning/tribusono61.jpg,tribusono
tribusono62.jpg,/mnt/extended-home/dzakaaufa/dataset/all_images_captioning/tribusono62.jpg,tribusono
tribusono63.jpg,/mnt/extended-home/dzakaaufa/dataset/all_images_captioning/tribusono63.jpg,tribusono
tribusono64.jpg,/mnt/extended-home/dzakaaufa/dataset/all_images_captioning/tribusono64.jpg,tribusono
tribusono65.jpg,/mnt/extended-home/dzakaaufa/dataset/all_images_captioning/tribusono65.jpg,tribusono
tribusono66.jpg,/mnt/extended-home/dzakaaufa/dataset/all_images_captioning/tribusono66.jpg,tribusono
tribusono67.jpg,/mnt/extended-home/dzakaaufa/dataset/all_images_captioning/tribusono67.jpg,tribusono
tribusono68.jpg,/mnt/extended-home/dzakaaufa/dataset/all_images_captioning/tribusono68.jpg,tribusono
tribusono69.jpg,/mnt/extended-home/dzakaaufa/dataset/all_images_captioning/tribusono69.jpg,tribusono
tribusono7.jpg,/mnt/extended-home/dzakaaufa/dataset/all_images_captioning/tribusono7.jpg,tribusono
tribusono70.jpg,/mnt/extended-home/dzakaaufa/dataset/all_images_captioning/tribusono70.jpg,tribusono
tribusono71.jpg,/mnt/extended-home/dzakaaufa/dataset/all_images_captioning/tribusono71.jpg,tribusono
tribusono72.jpg,/mnt/extended-home/dzakaaufa/dataset/all_images_captioning/tribusono72.jpg,tribusono
tribusono73.jpg,/mnt/extended-home/dzakaaufa/dataset/all_images_captioning/tribusono73.jpg,tribusono
tribusono74.jpg,/mnt/extended-home/dzakaaufa/dataset/all_images_captioning/tribusono74.jpg,tribusono
tribusono75.jpg,/mnt/extended-home/dzakaaufa/dataset/all_images_captioning/tribusono75.jpg,tribusono
tribusono76.jpg,/mnt/extended-home/dzakaaufa/dataset/all_images_captioning/tribusono76.jpg,tribusono
tribusono77.jpg,/mnt/extended-home/dzakaaufa/dataset/all_images_captioning/tribusono77.jpg,tribusono
tribusono78.jpg,/mnt/extended-home/dzakaaufa/dataset/all_images_captioning/tribusono78.jpg,tribusono
tribusono79.jpg,/mnt/extended-home/dzakaaufa/dataset/all_images_captioning/tribusono79.jpg,tribusono
tribusono8.jpg,/mnt/extended-home/dzakaaufa/dataset/all_images_captioning/tribusono8.jpg,tribusono
tribusono80.jpg,/mnt/extended-home/dzakaaufa/dataset/all_images_captioning/tribusono80.jpg,tribusono
tribusono81.jpg,/mnt/extended-home/dzakaaufa/dataset/all_images_captioning/tribusono81.jpg,tribusono
tribusono82.jpg,/mnt/extended-home/dzakaaufa/dataset/all_images_captioning/tribusono82.jpg,tribusono
tribusono83.jpg,/mnt/extended-home/dzakaaufa/dataset/all_images_captioning/tribusono83.jpg,tribusono
tribusono84.jpg,/mnt/extended-home/dzakaaufa/dataset/all_images_captioning/tribusono84.jpg,tribusono
tribusono85.jpg,/mnt/extended-home/dzakaaufa/dataset/all_images_captioning/tribusono85.jpg,tribusono
tribusono86.jpg,/mnt/extended-home/dzakaaufa/dataset/all_images_captioning/tribusono86.jpg,tribusono
tribusono87.jpg,/mnt/extended-home/dzakaaufa/dataset/all_images_captioning/tribusono87.jpg,tribusono
tribusono88.jpg,/mnt/extended-home/dzakaaufa/dataset/all_images_captioning/tribusono88.jpg,tribusono
tribusono89.jpg,/mnt/extended-home/dzakaaufa/dataset/all_images_captioning/tribusono89.jpg,tribusono
tribusono9.jpg,/mnt/extended-home/dzakaaufa/dataset/all_images_captioning/tribusono9.jpg,tribusono
tribusono90.jpg,/mnt/extended-home/dzakaaufa/dataset/all_images_captioning/tribusono90.jpg,tribusono
tribusono91.jpg,/mnt/extended-home/dzakaaufa/dataset/all_images_captioning/tribusono91.jpg,tribusono
tribusono92.jpg,/mnt/extended-home/dzakaaufa/dataset/all_images_captioning/tribusono92.jpg,tribusono
tribusono93.jpg,/mnt/extended-home/dzakaaufa/dataset/all_images_captioning/tribusono93.jpg,tribusono
tribusono94.jpg,/mnt/extended-home/dzakaaufa/dataset/all_images_captioning/tribusono94.jpg,tribusono
tribusono95.jpg,/mnt/extended-home/dzakaaufa/dataset/all_images_captioning/tribusono95.jpg,tribusono
tribusono96.jpg,/mnt/extended-home/dzakaaufa/dataset/all_images_captioning/tribusono96.jpg,tribusono
tribusono97.jpg,/mnt/extended-home/dzakaaufa/dataset/all_images_captioning/tribusono97.jpg,tribusono
tribusono98.jpg,/mnt/extended-home/dzakaaufa/dataset/all_images_captioning/tribusono98.jpg,tribusono
tribusono99.jpg,/mnt/extended-home/dzakaaufa/dataset/all_images_captioning/tribusono99.jpg,tribusono
buketan1.jpg,/mnt/extended-home/dzakaaufa/dataset/all_images_captioning/buketan1.jpg,buketan
buketan10.jpg,/mnt/extended-home/dzakaaufa/dataset/all_images_captioning/buketan10.jpg,buketan
buketan100.jpg,/mnt/extended-home/dzakaaufa/dataset/all_images_captioning/buketan100.jpg,buketan
buketan101.jpg,/mnt/extended-home/dzakaaufa/dataset/all_images_captioning/buketan101.jpg,buketan
buketan102.jpg,/mnt/extended-home/dzakaaufa/dataset/all_images_captioning/buketan102.jpg,buketan
buketan103.jpg,/mnt/extended-home/dzakaaufa/dataset/all_images_captioning/buketan103.jpg,buketan
buketan104.jpg,/mnt/extended-home/dzakaaufa/dataset/all_images_captioning/buketan104.jpg,buketan
buketan105.jpg,/mnt/extended-home/dzakaaufa/dataset/all_images_captioning/buketan105.jpg,buketan
buketan106.jpg,/mnt/extended-home/dzakaaufa/dataset/all_images_captioning/buketan106.jpg,buketan
buketan107.jpg,/mnt/extended-home/dzakaaufa/dataset/all_images_captioning/buketan107.jpg,buketan
buketan108.jpg,/mnt/extended-home/dzakaaufa/dataset/all_images_captioning/buketan108.jpg,buketan
buketan109.jpg,/mnt/extended-home/dzakaaufa/dataset/all_images_captioning/buketan109.jpg,buketan
buketan11.jpg,/mnt/extended-home/dzakaaufa/dataset/all_images_captioning/buketan11.jpg,buketan
buketan110.jpg,/mnt/extended-home/dzakaaufa/dataset/all_images_captioning/buketan110.jpg,buketan
buketan111.jpg,/mnt/extended-home/dzakaaufa/dataset/all_images_captioning/buketan111.jpg,buketan
buketan112.jpg,/mnt/extended-home/dzakaaufa/dataset/all_images_captioning/buketan112.jpg,buketan
buketan113.png,/mnt/extended-home/dzakaaufa/dataset/all_images_captioning/buketan113.png,buketan
buketan114.jpg,/mnt/extended-home/dzakaaufa/dataset/all_images_captioning/buketan114.jpg,buketan
buketan115.jpg,/mnt/extended-home/dzakaaufa/dataset/all_images_captioning/buketan115.jpg,buketan
buketan116.jpg,/mnt/extended-home/dzakaaufa/dataset/all_images_captioning/buketan116.jpg,buketan
buketan117.png,/mnt/extended-home/dzakaaufa/dataset/all_images_captioning/buketan117.png,buketan
buketan118.png,/mnt/extended-home/dzakaaufa/dataset/all_images_captioning/buketan118.png,buketan
buketan119.jpg,/mnt/extended-home/dzakaaufa/dataset/all_images_captioning/buketan119.jpg,buketan
buketan12.jpg,/mnt/extended-home/dzakaaufa/dataset/all_images_captioning/buketan12.jpg,buketan
buketan120.jpg,/mnt/extended-home/dzakaaufa/dataset/all_images_captioning/buketan120.jpg,buketan
buketan121.jpg,/mnt/extended-home/dzakaaufa/dataset/all_images_captioning/buketan121.jpg,buketan
buketan122.jpg,/mnt/extended-home/dzakaaufa/dataset/all_images_captioning/buketan122.jpg,buketan
buketan123.jpg,/mnt/extended-home/dzakaaufa/dataset/all_images_captioning/buketan123.jpg,buketan
buketan124.png,/mnt/extended-home/dzakaaufa/dataset/all_images_captioning/buketan124.png,buketan
buketan125.jpg,/mnt/extended-home/dzakaaufa/dataset/all_images_captioning/buketan125.jpg,buketan
buketan126.jpg,/mnt/extended-home/dzakaaufa/dataset/all_images_captioning/buketan126.jpg,buketan
buketan127.jpg,/mnt/extended-home/dzakaaufa/dataset/all_images_captioning/buketan127.jpg,buketan
buketan128.jpg,/mnt/extended-home/dzakaaufa/dataset/all_images_captioning/buketan128.jpg,buketan
buketan129.png,/mnt/extended-home/dzakaaufa/dataset/all_images_captioning/buketan129.png,buketan
buketan13.jpg,/mnt/extended-home/dzakaaufa/dataset/all_images_captioning/buketan13.jpg,buketan
buketan130.jpg,/mnt/extended-home/dzakaaufa/dataset/all_images_captioning/buketan130.jpg,buketan
buketan131.jpg,/mnt/extended-home/dzakaaufa/dataset/all_images_captioning/buketan131.jpg,buketan
buketan132.jpg,/mnt/extended-home/dzakaaufa/dataset/all_images_captioning/buketan132.jpg,buketan
buketan133.jpg,/mnt/extended-home/dzakaaufa/dataset/all_images_captioning/buketan133.jpg,buketan
buketan134.jpg,/mnt/extended-home/dzakaaufa/dataset/all_images_captioning/buketan134.jpg,buketan
buketan135.jpg,/mnt/extended-home/dzakaaufa/dataset/all_images_captioning/buketan135.jpg,buketan
buketan136.jpg,/mnt/extended-home/dzakaaufa/dataset/all_images_captioning/buketan136.jpg,buketan
buketan137.jpg,/mnt/extended-home/dzakaaufa/dataset/all_images_captioning/buketan137.jpg,buketan
buketan138.jpg,/mnt/extended-home/dzakaaufa/dataset/all_images_captioning/buketan138.jpg,buketan
buketan139.JPG,/mnt/extended-home/dzakaaufa/dataset/all_images_captioning/buketan139.JPG,buketan
buketan14.png,/mnt/extended-home/dzakaaufa/dataset/all_images_captioning/buketan14.png,buketan
buketan140.jpg,/mnt/extended-home/dzakaaufa/dataset/all_images_captioning/buketan140.jpg,buketan
buketan141.jpg,/mnt/extended-home/dzakaaufa/dataset/all_images_captioning/buketan141.jpg,buketan
buketan142.jpg,/mnt/extended-home/dzakaaufa/dataset/all_images_captioning/buketan142.jpg,buketan
buketan143.jpg,/mnt/extended-home/dzakaaufa/dataset/all_images_captioning/buketan143.jpg,buketan
buketan144.jpg,/mnt/extended-home/dzakaaufa/dataset/all_images_captioning/buketan144.jpg,buketan
buketan145.jpg,/mnt/extended-home/dzakaaufa/dataset/all_images_captioning/buketan145.jpg,buketan
buketan146.jpg,/mnt/extended-home/dzakaaufa/dataset/all_images_captioning/buketan146.jpg,buketan
buketan147.jpg,/mnt/extended-home/dzakaaufa/dataset/all_images_captioning/buketan147.jpg,buketan
buketan148.jpg,/mnt/extended-home/dzakaaufa/dataset/all_images_captioning/buketan148.jpg,buketan
buketan149.jpg,/mnt/extended-home/dzakaaufa/dataset/all_images_captioning/buketan149.jpg,buketan
buketan15.jpg,/mnt/extended-home/dzakaaufa/dataset/all_images_captioning/buketan15.jpg,buketan
buketan150.jpg,/mnt/extended-home/dzakaaufa/dataset/all_images_captioning/buketan150.jpg,buketan
buketan16.jpg,/mnt/extended-home/dzakaaufa/dataset/all_images_captioning/buketan16.jpg,buketan
buketan17.jpg,/mnt/extended-home/dzakaaufa/dataset/all_images_captioning/buketan17.jpg,buketan
buketan18.jpg,/mnt/extended-home/dzakaaufa/dataset/all_images_captioning/buketan18.jpg,buketan
buketan19.jpg,/mnt/extended-home/dzakaaufa/dataset/all_images_captioning/buketan19.jpg,buketan
buketan2.jpg,/mnt/extended-home/dzakaaufa/dataset/all_images_captioning/buketan2.jpg,buketan
buketan20.jpg,/mnt/extended-home/dzakaaufa/dataset/all_images_captioning/buketan20.jpg,buketan
buketan21.jpg,/mnt/extended-home/dzakaaufa/dataset/all_images_captioning/buketan21.jpg,buketan
buketan22.jpg,/mnt/extended-home/dzakaaufa/dataset/all_images_captioning/buketan22.jpg,buketan
buketan23.jpg,/mnt/extended-home/dzakaaufa/dataset/all_images_captioning/buketan23.jpg,buketan
buketan24.jpg,/mnt/extended-home/dzakaaufa/dataset/all_images_captioning/buketan24.jpg,buketan
buketan25.jpg,/mnt/extended-home/dzakaaufa/dataset/all_images_captioning/buketan25.jpg,buketan
buketan26.jpg,/mnt/extended-home/dzakaaufa/dataset/all_images_captioning/buketan26.jpg,buketan
buketan27.png,/mnt/extended-home/dzakaaufa/dataset/all_images_captioning/buketan27.png,buketan
buketan28.jpg,/mnt/extended-home/dzakaaufa/dataset/all_images_captioning/buketan28.jpg,buketan
buketan29.jpg,/mnt/extended-home/dzakaaufa/dataset/all_images_captioning/buketan29.jpg,buketan
buketan3.jpg,/mnt/extended-home/dzakaaufa/dataset/all_images_captioning/buketan3.jpg,buketan
buketan30.png,/mnt/extended-home/dzakaaufa/dataset/all_images_captioning/buketan30.png,buketan
buketan31.jpg,/mnt/extended-home/dzakaaufa/dataset/all_images_captioning/buketan31.jpg,buketan
buketan32.jpg,/mnt/extended-home/dzakaaufa/dataset/all_images_captioning/buketan32.jpg,buketan
buketan33.jpg,/mnt/extended-home/dzakaaufa/dataset/all_images_captioning/buketan33.jpg,buketan
buketan34.jpg,/mnt/extended-home/dzakaaufa/dataset/all_images_captioning/buketan34.jpg,buketan
buketan35.jpg,/mnt/extended-home/dzakaaufa/dataset/all_images_captioning/buketan35.jpg,buketan
buketan36.jpg,/mnt/extended-home/dzakaaufa/dataset/all_images_captioning/buketan36.jpg,buketan
buketan37.jpg,/mnt/extended-home/dzakaaufa/dataset/all_images_captioning/buketan37.jpg,buketan
buketan38.png,/mnt/extended-home/dzakaaufa/dataset/all_images_captioning/buketan38.png,buketan
buketan39.jpg,/mnt/extended-home/dzakaaufa/dataset/all_images_captioning/buketan39.jpg,buketan
buketan4.jpg,/mnt/extended-home/dzakaaufa/dataset/all_images_captioning/buketan4.jpg,buketan
buketan40.jpg,/mnt/extended-home/dzakaaufa/dataset/all_images_captioning/buketan40.jpg,buketan
buketan41.jpg,/mnt/extended-home/dzakaaufa/dataset/all_images_captioning/buketan41.jpg,buketan
buketan42.jpg,/mnt/extended-home/dzakaaufa/dataset/all_images_captioning/buketan42.jpg,buketan
buketan43.jpg,/mnt/extended-home/dzakaaufa/dataset/all_images_captioning/buketan43.jpg,buketan
buketan44.png,/mnt/extended-home/dzakaaufa/dataset/all_images_captioning/buketan44.png,buketan
buketan45.jpg,/mnt/extended-home/dzakaaufa/dataset/all_images_captioning/buketan45.jpg,buketan
buketan46.jpg,/mnt/extended-home/dzakaaufa/dataset/all_images_captioning/buketan46.jpg,buketan
buketan47.jpg,/mnt/extended-home/dzakaaufa/dataset/all_images_captioning/buketan47.jpg,buketan
buketan48.jpg,/mnt/extended-home/dzakaaufa/dataset/all_images_captioning/buketan48.jpg,buketan
buketan49.jpg,/mnt/extended-home/dzakaaufa/dataset/all_images_captioning/buketan49.jpg,buketan
buketan5.jpg,/mnt/extended-home/dzakaaufa/dataset/all_images_captioning/buketan5.jpg,buketan
buketan50.jpg,/mnt/extended-home/dzakaaufa/dataset/all_images_captioning/buketan50.jpg,buketan
buketan51.jpg,/mnt/extended-home/dzakaaufa/dataset/all_images_captioning/buketan51.jpg,buketan
buketan52.jpg,/mnt/extended-home/dzakaaufa/dataset/all_images_captioning/buketan52.jpg,buketan
buketan53.png,/mnt/extended-home/dzakaaufa/dataset/all_images_captioning/buketan53.png,buketan
buketan54.jpg,/mnt/extended-home/dzakaaufa/dataset/all_images_captioning/buketan54.jpg,buketan
buketan55.png,/mnt/extended-home/dzakaaufa/dataset/all_images_captioning/buketan55.png,buketan
buketan56.jpg,/mnt/extended-home/dzakaaufa/dataset/all_images_captioning/buketan56.jpg,buketan
buketan57.jpg,/mnt/extended-home/dzakaaufa/dataset/all_images_captioning/buketan57.jpg,buketan
buketan58.jpg,/mnt/extended-home/dzakaaufa/dataset/all_images_captioning/buketan58.jpg,buketan
buketan59.jpg,/mnt/extended-home/dzakaaufa/dataset/all_images_captioning/buketan59.jpg,buketan
buketan6.png,/mnt/extended-home/dzakaaufa/dataset/all_images_captioning/buketan6.png,buketan
buketan60.jpg,/mnt/extended-home/dzakaaufa/dataset/all_images_captioning/buketan60.jpg,buketan
buketan61.jpg,/mnt/extended-home/dzakaaufa/dataset/all_images_captioning/buketan61.jpg,buketan
buketan62.jpg,/mnt/extended-home/dzakaaufa/dataset/all_images_captioning/buketan62.jpg,buketan
buketan63.jpg,/mnt/extended-home/dzakaaufa/dataset/all_images_captioning/buketan63.jpg,buketan
buketan64.jpg,/mnt/extended-home/dzakaaufa/dataset/all_images_captioning/buketan64.jpg,buketan
buketan65.jpg,/mnt/extended-home/dzakaaufa/dataset/all_images_captioning/buketan65.jpg,buketan
buketan66.jpg,/mnt/extended-home/dzakaaufa/dataset/all_images_captioning/buketan66.jpg,buketan
buketan67.jpg,/mnt/extended-home/dzakaaufa/dataset/all_images_captioning/buketan67.jpg,buketan
buketan68.jpg,/mnt/extended-home/dzakaaufa/dataset/all_images_captioning/buketan68.jpg,buketan
buketan69.jpg,/mnt/extended-home/dzakaaufa/dataset/all_images_captioning/buketan69.jpg,buketan
buketan7.jpg,/mnt/extended-home/dzakaaufa/dataset/all_images_captioning/buketan7.jpg,buketan
buketan70.jpg,/mnt/extended-home/dzakaaufa/dataset/all_images_captioning/buketan70.jpg,buketan
buketan71.png,/mnt/extended-home/dzakaaufa/dataset/all_images_captioning/buketan71.png,buketan
buketan72.jpg,/mnt/extended-home/dzakaaufa/dataset/all_images_captioning/buketan72.jpg,buketan
buketan73.jpg,/mnt/extended-home/dzakaaufa/dataset/all_images_captioning/buketan73.jpg,buketan
buketan74.jpg,/mnt/extended-home/dzakaaufa/dataset/all_images_captioning/buketan74.jpg,buketan
buketan75.jpg,/mnt/extended-home/dzakaaufa/dataset/all_images_captioning/buketan75.jpg,buketan
buketan76.jpg,/mnt/extended-home/dzakaaufa/dataset/all_images_captioning/buketan76.jpg,buketan
buketan77.jpg,/mnt/extended-home/dzakaaufa/dataset/all_images_captioning/buketan77.jpg,buketan
buketan78.jpg,/mnt/extended-home/dzakaaufa/dataset/all_images_captioning/buketan78.jpg,buketan
buketan79.jpg,/mnt/extended-home/dzakaaufa/dataset/all_images_captioning/buketan79.jpg,buketan
buketan8.jpg,/mnt/extended-home/dzakaaufa/dataset/all_images_captioning/buketan8.jpg,buketan
buketan80.jpg,/mnt/extended-home/dzakaaufa/dataset/all_images_captioning/buketan80.jpg,buketan
buketan81.jpg,/mnt/extended-home/dzakaaufa/dataset/all_images_captioning/buketan81.jpg,buketan
buketan82.jpg,/mnt/extended-home/dzakaaufa/dataset/all_images_captioning/buketan82.jpg,buketan
buketan83.jpg,/mnt/extended-home/dzakaaufa/dataset/all_images_captioning/buketan83.jpg,buketan
buketan84.jpg,/mnt/extended-home/dzakaaufa/dataset/all_images_captioning/buketan84.jpg,buketan
buketan85.jpg,/mnt/extended-home/dzakaaufa/dataset/all_images_captioning/buketan85.jpg,buketan
buketan86.jpg,/mnt/extended-home/dzakaaufa/dataset/all_images_captioning/buketan86.jpg,buketan
buketan87.JPG,/mnt/extended-home/dzakaaufa/dataset/all_images_captioning/buketan87.JPG,buketan
buketan88.jpg,/mnt/extended-home/dzakaaufa/dataset/all_images_captioning/buketan88.jpg,buketan
buketan89.JPG,/mnt/extended-home/dzakaaufa/dataset/all_images_captioning/buketan89.JPG,buketan
buketan9.jpg,/mnt/extended-home/dzakaaufa/dataset/all_images_captioning/buketan9.jpg,buketan
buketan90.JPG,/mnt/extended-home/dzakaaufa/dataset/all_images_captioning/buketan90.JPG,buketan
buketan91.jpg,/mnt/extended-home/dzakaaufa/dataset/all_images_captioning/buketan91.jpg,buketan
buketan92.jpg,/mnt/extended-home/dzakaaufa/dataset/all_images_captioning/buketan92.jpg,buketan
buketan93.jpg,/mnt/extended-home/dzakaaufa/dataset/all_images_captioning/buketan93.jpg,buketan
buketan94.jpg,/mnt/extended-home/dzakaaufa/dataset/all_images_captioning/buketan94.jpg,buketan
buketan95.png,/mnt/extended-home/dzakaaufa/dataset/all_images_captioning/buketan95.png,buketan
buketan96.jpg,/mnt/extended-home/dzakaaufa/dataset/all_images_captioning/buketan96.jpg,buketan
buketan97.jpg,/mnt/extended-home/dzakaaufa/dataset/all_images_captioning/buketan97.jpg,buketan
buketan98.jpg,/mnt/extended-home/dzakaaufa/dataset/all_images_captioning/buketan98.jpg,buketan
buketan99.jpg,/mnt/extended-home/dzakaaufa/dataset/all_images_captioning/buketan99.jpg,buketan
sekarjagad1.jpg,/mnt/extended-home/dzakaaufa/dataset/all_images_captioning/sekarjagad1.jpg,sekarjagad
sekarjagad10.jpg,/mnt/extended-home/dzakaaufa/dataset/all_images_captioning/sekarjagad10.jpg,sekarjagad
sekarjagad100.jpg,/mnt/extended-home/dzakaaufa/dataset/all_images_captioning/sekarjagad100.jpg,sekarjagad
sekarjagad101.jpg,/mnt/extended-home/dzakaaufa/dataset/all_images_captioning/sekarjagad101.jpg,sekarjagad
sekarjagad102.jpg,/mnt/extended-home/dzakaaufa/dataset/all_images_captioning/sekarjagad102.jpg,sekarjagad
sekarjagad103.jpg,/mnt/extended-home/dzakaaufa/dataset/all_images_captioning/sekarjagad103.jpg,sekarjagad
sekarjagad104.jpg,/mnt/extended-home/dzakaaufa/dataset/all_images_captioning/sekarjagad104.jpg,sekarjagad
sekarjagad105.jpg,/mnt/extended-home/dzakaaufa/dataset/all_images_captioning/sekarjagad105.jpg,sekarjagad
sekarjagad106.jpg,/mnt/extended-home/dzakaaufa/dataset/all_images_captioning/sekarjagad106.jpg,sekarjagad
sekarjagad107.jpg,/mnt/extended-home/dzakaaufa/dataset/all_images_captioning/sekarjagad107.jpg,sekarjagad
sekarjagad108.jpg,/mnt/extended-home/dzakaaufa/dataset/all_images_captioning/sekarjagad108.jpg,sekarjagad
sekarjagad109.jpg,/mnt/extended-home/dzakaaufa/dataset/all_images_captioning/sekarjagad109.jpg,sekarjagad
sekarjagad11.jpg,/mnt/extended-home/dzakaaufa/dataset/all_images_captioning/sekarjagad11.jpg,sekarjagad
sekarjagad110.jpg,/mnt/extended-home/dzakaaufa/dataset/all_images_captioning/sekarjagad110.jpg,sekarjagad
sekarjagad111.jpg,/mnt/extended-home/dzakaaufa/dataset/all_images_captioning/sekarjagad111.jpg,sekarjagad
sekarjagad112.jpg,/mnt/extended-home/dzakaaufa/dataset/all_images_captioning/sekarjagad112.jpg,sekarjagad
sekarjagad113.jpg,/mnt/extended-home/dzakaaufa/dataset/all_images_captioning/sekarjagad113.jpg,sekarjagad
sekarjagad114.jpg,/mnt/extended-home/dzakaaufa/dataset/all_images_captioning/sekarjagad114.jpg,sekarjagad
sekarjagad115.jpg,/mnt/extended-home/dzakaaufa/dataset/all_images_captioning/sekarjagad115.jpg,sekarjagad
sekarjagad116.jpg,/mnt/extended-home/dzakaaufa/dataset/all_images_captioning/sekarjagad116.jpg,sekarjagad
sekarjagad117.jpg,/mnt/extended-home/dzakaaufa/dataset/all_images_captioning/sekarjagad117.jpg,sekarjagad
sekarjagad118.jpg,/mnt/extended-home/dzakaaufa/dataset/all_images_captioning/sekarjagad118.jpg,sekarjagad
sekarjagad119.jpg,/mnt/extended-home/dzakaaufa/dataset/all_images_captioning/sekarjagad119.jpg,sekarjagad
sekarjagad12.jpg,/mnt/extended-home/dzakaaufa/dataset/all_images_captioning/sekarjagad12.jpg,sekarjagad
sekarjagad120.jpg,/mnt/extended-home/dzakaaufa/dataset/all_images_captioning/sekarjagad120.jpg,sekarjagad
sekarjagad121.jpg,/mnt/extended-home/dzakaaufa/dataset/all_images_captioning/sekarjagad121.jpg,sekarjagad
sekarjagad122.jpg,/mnt/extended-home/dzakaaufa/dataset/all_images_captioning/sekarjagad122.jpg,sekarjagad
sekarjagad123.jpg,/mnt/extended-home/dzakaaufa/dataset/all_images_captioning/sekarjagad123.jpg,sekarjagad
sekarjagad124.jpg,/mnt/extended-home/dzakaaufa/dataset/all_images_captioning/sekarjagad124.jpg,sekarjagad
sekarjagad125.jpg,/mnt/extended-home/dzakaaufa/dataset/all_images_captioning/sekarjagad125.jpg,sekarjagad
sekarjagad126.jpg,/mnt/extended-home/dzakaaufa/dataset/all_images_captioning/sekarjagad126.jpg,sekarjagad
sekarjagad127.jpg,/mnt/extended-home/dzakaaufa/dataset/all_images_captioning/sekarjagad127.jpg,sekarjagad
sekarjagad128.jpg,/mnt/extended-home/dzakaaufa/dataset/all_images_captioning/sekarjagad128.jpg,sekarjagad
sekarjagad129.jpg,/mnt/extended-home/dzakaaufa/dataset/all_images_captioning/sekarjagad129.jpg,sekarjagad
sekarjagad13.jpg,/mnt/extended-home/dzakaaufa/dataset/all_images_captioning/sekarjagad13.jpg,sekarjagad
sekarjagad130.jpg,/mnt/extended-home/dzakaaufa/dataset/all_images_captioning/sekarjagad130.jpg,sekarjagad
sekarjagad131.jpg,/mnt/extended-home/dzakaaufa/dataset/all_images_captioning/sekarjagad131.jpg,sekarjagad
sekarjagad132.jpg,/mnt/extended-home/dzakaaufa/dataset/all_images_captioning/sekarjagad132.jpg,sekarjagad
sekarjagad133.jpg,/mnt/extended-home/dzakaaufa/dataset/all_images_captioning/sekarjagad133.jpg,sekarjagad
sekarjagad134.jpg,/mnt/extended-home/dzakaaufa/dataset/all_images_captioning/sekarjagad134.jpg,sekarjagad
sekarjagad135.jpg,/mnt/extended-home/dzakaaufa/dataset/all_images_captioning/sekarjagad135.jpg,sekarjagad
sekarjagad136.jpg,/mnt/extended-home/dzakaaufa/dataset/all_images_captioning/sekarjagad136.jpg,sekarjagad
sekarjagad137.jpg,/mnt/extended-home/dzakaaufa/dataset/all_images_captioning/sekarjagad137.jpg,sekarjagad
sekarjagad138.jpg,/mnt/extended-home/dzakaaufa/dataset/all_images_captioning/sekarjagad138.jpg,sekarjagad
sekarjagad139.jpg,/mnt/extended-home/dzakaaufa/dataset/all_images_captioning/sekarjagad139.jpg,sekarjagad
sekarjagad14.jpg,/mnt/extended-home/dzakaaufa/dataset/all_images_captioning/sekarjagad14.jpg,sekarjagad
sekarjagad140.jpg,/mnt/extended-home/dzakaaufa/dataset/all_images_captioning/sekarjagad140.jpg,sekarjagad
sekarjagad141.jpg,/mnt/extended-home/dzakaaufa/dataset/all_images_captioning/sekarjagad141.jpg,sekarjagad
sekarjagad142.jpg,/mnt/extended-home/dzakaaufa/dataset/all_images_captioning/sekarjagad142.jpg,sekarjagad
sekarjagad143.jpg,/mnt/extended-home/dzakaaufa/dataset/all_images_captioning/sekarjagad143.jpg,sekarjagad
sekarjagad144.jpg,/mnt/extended-home/dzakaaufa/dataset/all_images_captioning/sekarjagad144.jpg,sekarjagad
sekarjagad145.jpg,/mnt/extended-home/dzakaaufa/dataset/all_images_captioning/sekarjagad145.jpg,sekarjagad
sekarjagad146.jpg,/mnt/extended-home/dzakaaufa/dataset/all_images_captioning/sekarjagad146.jpg,sekarjagad
sekarjagad147.jpg,/mnt/extended-home/dzakaaufa/dataset/all_images_captioning/sekarjagad147.jpg,sekarjagad
sekarjagad148.jpg,/mnt/extended-home/dzakaaufa/dataset/all_images_captioning/sekarjagad148.jpg,sekarjagad
sekarjagad149.jpg,/mnt/extended-home/dzakaaufa/dataset/all_images_captioning/sekarjagad149.jpg,sekarjagad
sekarjagad15.jpg,/mnt/extended-home/dzakaaufa/dataset/all_images_captioning/sekarjagad15.jpg,sekarjagad
sekarjagad150.jpg,/mnt/extended-home/dzakaaufa/dataset/all_images_captioning/sekarjagad150.jpg,sekarjagad
sekarjagad16.jpg,/mnt/extended-home/dzakaaufa/dataset/all_images_captioning/sekarjagad16.jpg,sekarjagad
sekarjagad17.jpg,/mnt/extended-home/dzakaaufa/dataset/all_images_captioning/sekarjagad17.jpg,sekarjagad
sekarjagad18.jpg,/mnt/extended-home/dzakaaufa/dataset/all_images_captioning/sekarjagad18.jpg,sekarjagad
sekarjagad19.jpg,/mnt/extended-home/dzakaaufa/dataset/all_images_captioning/sekarjagad19.jpg,sekarjagad
sekarjagad2.jpg,/mnt/extended-home/dzakaaufa/dataset/all_images_captioning/sekarjagad2.jpg,sekarjagad
sekarjagad20.jpg,/mnt/extended-home/dzakaaufa/dataset/all_images_captioning/sekarjagad20.jpg,sekarjagad
sekarjagad21.jpg,/mnt/extended-home/dzakaaufa/dataset/all_images_captioning/sekarjagad21.jpg,sekarjagad
sekarjagad22.jpg,/mnt/extended-home/dzakaaufa/dataset/all_images_captioning/sekarjagad22.jpg,sekarjagad
sekarjagad23.jpg,/mnt/extended-home/dzakaaufa/dataset/all_images_captioning/sekarjagad23.jpg,sekarjagad
sekarjagad24.jpg,/mnt/extended-home/dzakaaufa/dataset/all_images_captioning/sekarjagad24.jpg,sekarjagad
sekarjagad25.jpg,/mnt/extended-home/dzakaaufa/dataset/all_images_captioning/sekarjagad25.jpg,sekarjagad
sekarjagad26.jpg,/mnt/extended-home/dzakaaufa/dataset/all_images_captioning/sekarjagad26.jpg,sekarjagad
sekarjagad27.jpg,/mnt/extended-home/dzakaaufa/dataset/all_images_captioning/sekarjagad27.jpg,sekarjagad
sekarjagad28.jpg,/mnt/extended-home/dzakaaufa/dataset/all_images_captioning/sekarjagad28.jpg,sekarjagad
sekarjagad29.jpg,/mnt/extended-home/dzakaaufa/dataset/all_images_captioning/sekarjagad29.jpg,sekarjagad
sekarjagad3.jpg,/mnt/extended-home/dzakaaufa/dataset/all_images_captioning/sekarjagad3.jpg,sekarjagad
sekarjagad30.jpg,/mnt/extended-home/dzakaaufa/dataset/all_images_captioning/sekarjagad30.jpg,sekarjagad
sekarjagad31.jpg,/mnt/extended-home/dzakaaufa/dataset/all_images_captioning/sekarjagad31.jpg,sekarjagad
sekarjagad32.jpg,/mnt/extended-home/dzakaaufa/dataset/all_images_captioning/sekarjagad32.jpg,sekarjagad
sekarjagad33.jpg,/mnt/extended-home/dzakaaufa/dataset/all_images_captioning/sekarjagad33.jpg,sekarjagad
sekarjagad34.jpg,/mnt/extended-home/dzakaaufa/dataset/all_images_captioning/sekarjagad34.jpg,sekarjagad
sekarjagad35.jpg,/mnt/extended-home/dzakaaufa/dataset/all_images_captioning/sekarjagad35.jpg,sekarjagad
sekarjagad36.jpg,/mnt/extended-home/dzakaaufa/dataset/all_images_captioning/sekarjagad36.jpg,sekarjagad
sekarjagad37.jpg,/mnt/extended-home/dzakaaufa/dataset/all_images_captioning/sekarjagad37.jpg,sekarjagad
sekarjagad38.jpg,/mnt/extended-home/dzakaaufa/dataset/all_images_captioning/sekarjagad38.jpg,sekarjagad
sekarjagad39.jpg,/mnt/extended-home/dzakaaufa/dataset/all_images_captioning/sekarjagad39.jpg,sekarjagad
sekarjagad4.jpg,/mnt/extended-home/dzakaaufa/dataset/all_images_captioning/sekarjagad4.jpg,sekarjagad
sekarjagad40.jpg,/mnt/extended-home/dzakaaufa/dataset/all_images_captioning/sekarjagad40.jpg,sekarjagad
sekarjagad41.jpg,/mnt/extended-home/dzakaaufa/dataset/all_images_captioning/sekarjagad41.jpg,sekarjagad
sekarjagad42.jpg,/mnt/extended-home/dzakaaufa/dataset/all_images_captioning/sekarjagad42.jpg,sekarjagad
sekarjagad43.jpg,/mnt/extended-home/dzakaaufa/dataset/all_images_captioning/sekarjagad43.jpg,sekarjagad
sekarjagad44.jpg,/mnt/extended-home/dzakaaufa/dataset/all_images_captioning/sekarjagad44.jpg,sekarjagad
sekarjagad45.jpg,/mnt/extended-home/dzakaaufa/dataset/all_images_captioning/sekarjagad45.jpg,sekarjagad
sekarjagad46.jpg,/mnt/extended-home/dzakaaufa/dataset/all_images_captioning/sekarjagad46.jpg,sekarjagad
sekarjagad47.jpg,/mnt/extended-home/dzakaaufa/dataset/all_images_captioning/sekarjagad47.jpg,sekarjagad
sekarjagad48.jpg,/mnt/extended-home/dzakaaufa/dataset/all_images_captioning/sekarjagad48.jpg,sekarjagad
sekarjagad49.jpg,/mnt/extended-home/dzakaaufa/dataset/all_images_captioning/sekarjagad49.jpg,sekarjagad
sekarjagad5.jpg,/mnt/extended-home/dzakaaufa/dataset/all_images_captioning/sekarjagad5.jpg,sekarjagad
sekarjagad50.jpg,/mnt/extended-home/dzakaaufa/dataset/all_images_captioning/sekarjagad50.jpg,sekarjagad
sekarjagad51.jpg,/mnt/extended-home/dzakaaufa/dataset/all_images_captioning/sekarjagad51.jpg,sekarjagad
sekarjagad52.jpg,/mnt/extended-home/dzakaaufa/dataset/all_images_captioning/sekarjagad52.jpg,sekarjagad
sekarjagad53.jpg,/mnt/extended-home/dzakaaufa/dataset/all_images_captioning/sekarjagad53.jpg,sekarjagad
sekarjagad54.jpg,/mnt/extended-home/dzakaaufa/dataset/all_images_captioning/sekarjagad54.jpg,sekarjagad
sekarjagad55.jpg,/mnt/extended-home/dzakaaufa/dataset/all_images_captioning/sekarjagad55.jpg,sekarjagad
sekarjagad56.jpg,/mnt/extended-home/dzakaaufa/dataset/all_images_captioning/sekarjagad56.jpg,sekarjagad
sekarjagad57.jpg,/mnt/extended-home/dzakaaufa/dataset/all_images_captioning/sekarjagad57.jpg,sekarjagad
sekarjagad58.jpg,/mnt/extended-home/dzakaaufa/dataset/all_images_captioning/sekarjagad58.jpg,sekarjagad
sekarjagad59.jpg,/mnt/extended-home/dzakaaufa/dataset/all_images_captioning/sekarjagad59.jpg,sekarjagad
sekarjagad6.jpg,/mnt/extended-home/dzakaaufa/dataset/all_images_captioning/sekarjagad6.jpg,sekarjagad
sekarjagad60.jpg,/mnt/extended-home/dzakaaufa/dataset/all_images_captioning/sekarjagad60.jpg,sekarjagad
sekarjagad61.jpg,/mnt/extended-home/dzakaaufa/dataset/all_images_captioning/sekarjagad61.jpg,sekarjagad
sekarjagad62.jpg,/mnt/extended-home/dzakaaufa/dataset/all_images_captioning/sekarjagad62.jpg,sekarjagad
sekarjagad63.jpg,/mnt/extended-home/dzakaaufa/dataset/all_images_captioning/sekarjagad63.jpg,sekarjagad
sekarjagad64.jpg,/mnt/extended-home/dzakaaufa/dataset/all_images_captioning/sekarjagad64.jpg,sekarjagad
sekarjagad65.jpg,/mnt/extended-home/dzakaaufa/dataset/all_images_captioning/sekarjagad65.jpg,sekarjagad
sekarjagad66.jpg,/mnt/extended-home/dzakaaufa/dataset/all_images_captioning/sekarjagad66.jpg,sekarjagad
sekarjagad67.jpg,/mnt/extended-home/dzakaaufa/dataset/all_images_captioning/sekarjagad67.jpg,sekarjagad
sekarjagad68.jpg,/mnt/extended-home/dzakaaufa/dataset/all_images_captioning/sekarjagad68.jpg,sekarjagad
sekarjagad69.jpg,/mnt/extended-home/dzakaaufa/dataset/all_images_captioning/sekarjagad69.jpg,sekarjagad
sekarjagad7.jpg,/mnt/extended-home/dzakaaufa/dataset/all_images_captioning/sekarjagad7.jpg,sekarjagad
sekarjagad70.jpg,/mnt/extended-home/dzakaaufa/dataset/all_images_captioning/sekarjagad70.jpg,sekarjagad
sekarjagad71.jpg,/mnt/extended-home/dzakaaufa/dataset/all_images_captioning/sekarjagad71.jpg,sekarjagad
sekarjagad72.jpg,/mnt/extended-home/dzakaaufa/dataset/all_images_captioning/sekarjagad72.jpg,sekarjagad
sekarjagad73.jpg,/mnt/extended-home/dzakaaufa/dataset/all_images_captioning/sekarjagad73.jpg,sekarjagad
sekarjagad74.jpg,/mnt/extended-home/dzakaaufa/dataset/all_images_captioning/sekarjagad74.jpg,sekarjagad
sekarjagad75.jpg,/mnt/extended-home/dzakaaufa/dataset/all_images_captioning/sekarjagad75.jpg,sekarjagad
sekarjagad76.jpg,/mnt/extended-home/dzakaaufa/dataset/all_images_captioning/sekarjagad76.jpg,sekarjagad
sekarjagad77.jpg,/mnt/extended-home/dzakaaufa/dataset/all_images_captioning/sekarjagad77.jpg,sekarjagad
sekarjagad78.jpg,/mnt/extended-home/dzakaaufa/dataset/all_images_captioning/sekarjagad78.jpg,sekarjagad
sekarjagad79.jpg,/mnt/extended-home/dzakaaufa/dataset/all_images_captioning/sekarjagad79.jpg,sekarjagad
sekarjagad8.jpg,/mnt/extended-home/dzakaaufa/dataset/all_images_captioning/sekarjagad8.jpg,sekarjagad
sekarjagad80.jpg,/mnt/extended-home/dzakaaufa/dataset/all_images_captioning/sekarjagad80.jpg,sekarjagad
sekarjagad81.jpg,/mnt/extended-home/dzakaaufa/dataset/all_images_captioning/sekarjagad81.jpg,sekarjagad
sekarjagad82.jpg,/mnt/extended-home/dzakaaufa/dataset/all_images_captioning/sekarjagad82.jpg,sekarjagad
sekarjagad83.jpg,/mnt/extended-home/dzakaaufa/dataset/all_images_captioning/sekarjagad83.jpg,sekarjagad
sekarjagad84.jpg,/mnt/extended-home/dzakaaufa/dataset/all_images_captioning/sekarjagad84.jpg,sekarjagad
sekarjagad85.jpg,/mnt/extended-home/dzakaaufa/dataset/all_images_captioning/sekarjagad85.jpg,sekarjagad
sekarjagad86.jpg,/mnt/extended-home/dzakaaufa/dataset/all_images_captioning/sekarjagad86.jpg,sekarjagad
sekarjagad87.jpg,/mnt/extended-home/dzakaaufa/dataset/all_images_captioning/sekarjagad87.jpg,sekarjagad
sekarjagad88.jpg,/mnt/extended-home/dzakaaufa/dataset/all_images_captioning/sekarjagad88.jpg,sekarjagad
sekarjagad89.jpg,/mnt/extended-home/dzakaaufa/dataset/all_images_captioning/sekarjagad89.jpg,sekarjagad
sekarjagad9.jpg,/mnt/extended-home/dzakaaufa/dataset/all_images_captioning/sekarjagad9.jpg,sekarjagad
sekarjagad90.jpg,/mnt/extended-home/dzakaaufa/dataset/all_images_captioning/sekarjagad90.jpg,sekarjagad
sekarjagad91.jpg,/mnt/extended-home/dzakaaufa/dataset/all_images_captioning/sekarjagad91.jpg,sekarjagad
sekarjagad92.jpg,/mnt/extended-home/dzakaaufa/dataset/all_images_captioning/sekarjagad92.jpg,sekarjagad
sekarjagad93.jpg,/mnt/extended-home/dzakaaufa/dataset/all_images_captioning/sekarjagad93.jpg,sekarjagad
sekarjagad94.jpg,/mnt/extended-home/dzakaaufa/dataset/all_images_captioning/sekarjagad94.jpg,sekarjagad
sekarjagad95.jpg,/mnt/extended-home/dzakaaufa/dataset/all_images_captioning/sekarjagad95.jpg,sekarjagad
sekarjagad96.jpg,/mnt/extended-home/dzakaaufa/dataset/all_images_captioning/sekarjagad96.jpg,sekarjagad
sekarjagad97.jpg,/mnt/extended-home/dzakaaufa/dataset/all_images_captioning/sekarjagad97.jpg,sekarjagad
sekarjagad98.jpg,/mnt/extended-home/dzakaaufa/dataset/all_images_captioning/sekarjagad98.jpg,sekarjagad
sekarjagad99.jpg,/mnt/extended-home/dzakaaufa/dataset/all_images_captioning/sekarjagad99.jpg,sekarjagad
wahyu_tumurun1.jpg,/mnt/extended-home/dzakaaufa/dataset/all_images_captioning/wahyu_tumurun1.jpg,wahyu_tumurun
wahyu_tumurun10.jpg,/mnt/extended-home/dzakaaufa/dataset/all_images_captioning/wahyu_tumurun10.jpg,wahyu_tumurun
wahyu_tumurun100.jpg,/mnt/extended-home/dzakaaufa/dataset/all_images_captioning/wahyu_tumurun100.jpg,wahyu_tumurun
wahyu_tumurun101.jpg,/mnt/extended-home/dzakaaufa/dataset/all_images_captioning/wahyu_tumurun101.jpg,wahyu_tumurun
wahyu_tumurun102.jpg,/mnt/extended-home/dzakaaufa/dataset/all_images_captioning/wahyu_tumurun102.jpg,wahyu_tumurun
wahyu_tumurun103.jpg,/mnt/extended-home/dzakaaufa/dataset/all_images_captioning/wahyu_tumurun103.jpg,wahyu_tumurun
wahyu_tumurun104.jpg,/mnt/extended-home/dzakaaufa/dataset/all_images_captioning/wahyu_tumurun104.jpg,wahyu_tumurun
wahyu_tumurun105.jpg,/mnt/extended-home/dzakaaufa/dataset/all_images_captioning/wahyu_tumurun105.jpg,wahyu_tumurun
wahyu_tumurun106.jpg,/mnt/extended-home/dzakaaufa/dataset/all_images_captioning/wahyu_tumurun106.jpg,wahyu_tumurun
wahyu_tumurun107.jpg,/mnt/extended-home/dzakaaufa/dataset/all_images_captioning/wahyu_tumurun107.jpg,wahyu_tumurun
wahyu_tumurun108.jpg,/mnt/extended-home/dzakaaufa/dataset/all_images_captioning/wahyu_tumurun108.jpg,wahyu_tumurun
wahyu_tumurun109.jpg,/mnt/extended-home/dzakaaufa/dataset/all_images_captioning/wahyu_tumurun109.jpg,wahyu_tumurun
wahyu_tumurun11.jpg,/mnt/extended-home/dzakaaufa/dataset/all_images_captioning/wahyu_tumurun11.jpg,wahyu_tumurun
wahyu_tumurun110.jpg,/mnt/extended-home/dzakaaufa/dataset/all_images_captioning/wahyu_tumurun110.jpg,wahyu_tumurun
wahyu_tumurun111.jpg,/mnt/extended-home/dzakaaufa/dataset/all_images_captioning/wahyu_tumurun111.jpg,wahyu_tumurun
wahyu_tumurun112.jpg,/mnt/extended-home/dzakaaufa/dataset/all_images_captioning/wahyu_tumurun112.jpg,wahyu_tumurun
wahyu_tumurun113.jpg,/mnt/extended-home/dzakaaufa/dataset/all_images_captioning/wahyu_tumurun113.jpg,wahyu_tumurun
wahyu_tumurun114.jpg,/mnt/extended-home/dzakaaufa/dataset/all_images_captioning/wahyu_tumurun114.jpg,wahyu_tumurun
wahyu_tumurun115.jpg,/mnt/extended-home/dzakaaufa/dataset/all_images_captioning/wahyu_tumurun115.jpg,wahyu_tumurun
wahyu_tumurun116.jpg,/mnt/extended-home/dzakaaufa/dataset/all_images_captioning/wahyu_tumurun116.jpg,wahyu_tumurun
wahyu_tumurun117.jpg,/mnt/extended-home/dzakaaufa/dataset/all_images_captioning/wahyu_tumurun117.jpg,wahyu_tumurun
wahyu_tumurun118.jpg,/mnt/extended-home/dzakaaufa/dataset/all_images_captioning/wahyu_tumurun118.jpg,wahyu_tumurun
wahyu_tumurun119.jpg,/mnt/extended-home/dzakaaufa/dataset/all_images_captioning/wahyu_tumurun119.jpg,wahyu_tumurun
wahyu_tumurun12.jpg,/mnt/extended-home/dzakaaufa/dataset/all_images_captioning/wahyu_tumurun12.jpg,wahyu_tumurun
wahyu_tumurun120.jpg,/mnt/extended-home/dzakaaufa/dataset/all_images_captioning/wahyu_tumurun120.jpg,wahyu_tumurun
wahyu_tumurun121.jpg,/mnt/extended-home/dzakaaufa/dataset/all_images_captioning/wahyu_tumurun121.jpg,wahyu_tumurun
wahyu_tumurun122.jpg,/mnt/extended-home/dzakaaufa/dataset/all_images_captioning/wahyu_tumurun122.jpg,wahyu_tumurun
wahyu_tumurun123.jpg,/mnt/extended-home/dzakaaufa/dataset/all_images_captioning/wahyu_tumurun123.jpg,wahyu_tumurun
wahyu_tumurun124.jpg,/mnt/extended-home/dzakaaufa/dataset/all_images_captioning/wahyu_tumurun124.jpg,wahyu_tumurun
wahyu_tumurun125.jpg,/mnt/extended-home/dzakaaufa/dataset/all_images_captioning/wahyu_tumurun125.jpg,wahyu_tumurun
wahyu_tumurun126.jpg,/mnt/extended-home/dzakaaufa/dataset/all_images_captioning/wahyu_tumurun126.jpg,wahyu_tumurun
wahyu_tumurun127.jpg,/mnt/extended-home/dzakaaufa/dataset/all_images_captioning/wahyu_tumurun127.jpg,wahyu_tumurun
wahyu_tumurun128.jpg,/mnt/extended-home/dzakaaufa/dataset/all_images_captioning/wahyu_tumurun128.jpg,wahyu_tumurun
wahyu_tumurun129.jpg,/mnt/extended-home/dzakaaufa/dataset/all_images_captioning/wahyu_tumurun129.jpg,wahyu_tumurun
wahyu_tumurun13.jpg,/mnt/extended-home/dzakaaufa/dataset/all_images_captioning/wahyu_tumurun13.jpg,wahyu_tumurun
wahyu_tumurun130.jpg,/mnt/extended-home/dzakaaufa/dataset/all_images_captioning/wahyu_tumurun130.jpg,wahyu_tumurun
wahyu_tumurun131.jpg,/mnt/extended-home/dzakaaufa/dataset/all_images_captioning/wahyu_tumurun131.jpg,wahyu_tumurun
wahyu_tumurun132.jpg,/mnt/extended-home/dzakaaufa/dataset/all_images_captioning/wahyu_tumurun132.jpg,wahyu_tumurun
wahyu_tumurun133.jpg,/mnt/extended-home/dzakaaufa/dataset/all_images_captioning/wahyu_tumurun133.jpg,wahyu_tumurun
wahyu_tumurun134.jpg,/mnt/extended-home/dzakaaufa/dataset/all_images_captioning/wahyu_tumurun134.jpg,wahyu_tumurun
wahyu_tumurun135.jpg,/mnt/extended-home/dzakaaufa/dataset/all_images_captioning/wahyu_tumurun135.jpg,wahyu_tumurun
wahyu_tumurun136.jpg,/mnt/extended-home/dzakaaufa/dataset/all_images_captioning/wahyu_tumurun136.jpg,wahyu_tumurun
wahyu_tumurun137.jpg,/mnt/extended-home/dzakaaufa/dataset/all_images_captioning/wahyu_tumurun137.jpg,wahyu_tumurun
wahyu_tumurun138.jpg,/mnt/extended-home/dzakaaufa/dataset/all_images_captioning/wahyu_tumurun138.jpg,wahyu_tumurun
wahyu_tumurun139.jpg,/mnt/extended-home/dzakaaufa/dataset/all_images_captioning/wahyu_tumurun139.jpg,wahyu_tumurun
wahyu_tumurun14.jpg,/mnt/extended-home/dzakaaufa/dataset/all_images_captioning/wahyu_tumurun14.jpg,wahyu_tumurun
wahyu_tumurun140.jpg,/mnt/extended-home/dzakaaufa/dataset/all_images_captioning/wahyu_tumurun140.jpg,wahyu_tumurun
wahyu_tumurun141.jpg,/mnt/extended-home/dzakaaufa/dataset/all_images_captioning/wahyu_tumurun141.jpg,wahyu_tumurun
wahyu_tumurun142.jpg,/mnt/extended-home/dzakaaufa/dataset/all_images_captioning/wahyu_tumurun142.jpg,wahyu_tumurun
wahyu_tumurun143.jpg,/mnt/extended-home/dzakaaufa/dataset/all_images_captioning/wahyu_tumurun143.jpg,wahyu_tumurun
wahyu_tumurun144.jpg,/mnt/extended-home/dzakaaufa/dataset/all_images_captioning/wahyu_tumurun144.jpg,wahyu_tumurun
wahyu_tumurun145.jpg,/mnt/extended-home/dzakaaufa/dataset/all_images_captioning/wahyu_tumurun145.jpg,wahyu_tumurun
wahyu_tumurun146.jpg,/mnt/extended-home/dzakaaufa/dataset/all_images_captioning/wahyu_tumurun146.jpg,wahyu_tumurun
wahyu_tumurun147.jpg,/mnt/extended-home/dzakaaufa/dataset/all_images_captioning/wahyu_tumurun147.jpg,wahyu_tumurun
wahyu_tumurun148.jpg,/mnt/extended-home/dzakaaufa/dataset/all_images_captioning/wahyu_tumurun148.jpg,wahyu_tumurun
wahyu_tumurun149.jpg,/mnt/extended-home/dzakaaufa/dataset/all_images_captioning/wahyu_tumurun149.jpg,wahyu_tumurun
wahyu_tumurun15.jpg,/mnt/extended-home/dzakaaufa/dataset/all_images_captioning/wahyu_tumurun15.jpg,wahyu_tumurun
wahyu_tumurun150.jpg,/mnt/extended-home/dzakaaufa/dataset/all_images_captioning/wahyu_tumurun150.jpg,wahyu_tumurun
wahyu_tumurun16.jpg,/mnt/extended-home/dzakaaufa/dataset/all_images_captioning/wahyu_tumurun16.jpg,wahyu_tumurun
wahyu_tumurun17.jpg,/mnt/extended-home/dzakaaufa/dataset/all_images_captioning/wahyu_tumurun17.jpg,wahyu_tumurun
wahyu_tumurun18.jpg,/mnt/extended-home/dzakaaufa/dataset/all_images_captioning/wahyu_tumurun18.jpg,wahyu_tumurun
wahyu_tumurun19.jpg,/mnt/extended-home/dzakaaufa/dataset/all_images_captioning/wahyu_tumurun19.jpg,wahyu_tumurun
wahyu_tumurun2.jpg,/mnt/extended-home/dzakaaufa/dataset/all_images_captioning/wahyu_tumurun2.jpg,wahyu_tumurun
wahyu_tumurun20.jpg,/mnt/extended-home/dzakaaufa/dataset/all_images_captioning/wahyu_tumurun20.jpg,wahyu_tumurun
wahyu_tumurun21.jpg,/mnt/extended-home/dzakaaufa/dataset/all_images_captioning/wahyu_tumurun21.jpg,wahyu_tumurun
wahyu_tumurun22.jpg,/mnt/extended-home/dzakaaufa/dataset/all_images_captioning/wahyu_tumurun22.jpg,wahyu_tumurun
wahyu_tumurun23.jpg,/mnt/extended-home/dzakaaufa/dataset/all_images_captioning/wahyu_tumurun23.jpg,wahyu_tumurun
wahyu_tumurun24.jpg,/mnt/extended-home/dzakaaufa/dataset/all_images_captioning/wahyu_tumurun24.jpg,wahyu_tumurun
wahyu_tumurun25.jpg,/mnt/extended-home/dzakaaufa/dataset/all_images_captioning/wahyu_tumurun25.jpg,wahyu_tumurun
wahyu_tumurun26.jpg,/mnt/extended-home/dzakaaufa/dataset/all_images_captioning/wahyu_tumurun26.jpg,wahyu_tumurun
wahyu_tumurun27.jpg,/mnt/extended-home/dzakaaufa/dataset/all_images_captioning/wahyu_tumurun27.jpg,wahyu_tumurun
wahyu_tumurun28.jpg,/mnt/extended-home/dzakaaufa/dataset/all_images_captioning/wahyu_tumurun28.jpg,wahyu_tumurun
wahyu_tumurun29.jpg,/mnt/extended-home/dzakaaufa/dataset/all_images_captioning/wahyu_tumurun29.jpg,wahyu_tumurun
wahyu_tumurun3.jpg,/mnt/extended-home/dzakaaufa/dataset/all_images_captioning/wahyu_tumurun3.jpg,wahyu_tumurun
wahyu_tumurun30.jpg,/mnt/extended-home/dzakaaufa/dataset/all_images_captioning/wahyu_tumurun30.jpg,wahyu_tumurun
wahyu_tumurun31.jpg,/mnt/extended-home/dzakaaufa/dataset/all_images_captioning/wahyu_tumurun31.jpg,wahyu_tumurun
wahyu_tumurun32.jpg,/mnt/extended-home/dzakaaufa/dataset/all_images_captioning/wahyu_tumurun32.jpg,wahyu_tumurun
wahyu_tumurun33.jpg,/mnt/extended-home/dzakaaufa/dataset/all_images_captioning/wahyu_tumurun33.jpg,wahyu_tumurun
wahyu_tumurun34.jpg,/mnt/extended-home/dzakaaufa/dataset/all_images_captioning/wahyu_tumurun34.jpg,wahyu_tumurun
wahyu_tumurun35.jpg,/mnt/extended-home/dzakaaufa/dataset/all_images_captioning/wahyu_tumurun35.jpg,wahyu_tumurun
wahyu_tumurun36.jpg,/mnt/extended-home/dzakaaufa/dataset/all_images_captioning/wahyu_tumurun36.jpg,wahyu_tumurun
wahyu_tumurun37.jpg,/mnt/extended-home/dzakaaufa/dataset/all_images_captioning/wahyu_tumurun37.jpg,wahyu_tumurun
wahyu_tumurun38.jpg,/mnt/extended-home/dzakaaufa/dataset/all_images_captioning/wahyu_tumurun38.jpg,wahyu_tumurun
wahyu_tumurun39.jpg,/mnt/extended-home/dzakaaufa/dataset/all_images_captioning/wahyu_tumurun39.jpg,wahyu_tumurun
wahyu_tumurun4.jpg,/mnt/extended-home/dzakaaufa/dataset/all_images_captioning/wahyu_tumurun4.jpg,wahyu_tumurun
wahyu_tumurun40.jpg,/mnt/extended-home/dzakaaufa/dataset/all_images_captioning/wahyu_tumurun40.jpg,wahyu_tumurun
wahyu_tumurun41.jpg,/mnt/extended-home/dzakaaufa/dataset/all_images_captioning/wahyu_tumurun41.jpg,wahyu_tumurun
wahyu_tumurun42.jpg,/mnt/extended-home/dzakaaufa/dataset/all_images_captioning/wahyu_tumurun42.jpg,wahyu_tumurun
wahyu_tumurun43.jpg,/mnt/extended-home/dzakaaufa/dataset/all_images_captioning/wahyu_tumurun43.jpg,wahyu_tumurun
wahyu_tumurun44.jpg,/mnt/extended-home/dzakaaufa/dataset/all_images_captioning/wahyu_tumurun44.jpg,wahyu_tumurun
wahyu_tumurun45.jpg,/mnt/extended-home/dzakaaufa/dataset/all_images_captioning/wahyu_tumurun45.jpg,wahyu_tumurun
wahyu_tumurun46.jpg,/mnt/extended-home/dzakaaufa/dataset/all_images_captioning/wahyu_tumurun46.jpg,wahyu_tumurun
wahyu_tumurun47.jpg,/mnt/extended-home/dzakaaufa/dataset/all_images_captioning/wahyu_tumurun47.jpg,wahyu_tumurun
wahyu_tumurun48.jpg,/mnt/extended-home/dzakaaufa/dataset/all_images_captioning/wahyu_tumurun48.jpg,wahyu_tumurun
wahyu_tumurun49.jpg,/mnt/extended-home/dzakaaufa/dataset/all_images_captioning/wahyu_tumurun49.jpg,wahyu_tumurun
wahyu_tumurun5.jpg,/mnt/extended-home/dzakaaufa/dataset/all_images_captioning/wahyu_tumurun5.jpg,wahyu_tumurun
wahyu_tumurun50.jpg,/mnt/extended-home/dzakaaufa/dataset/all_images_captioning/wahyu_tumurun50.jpg,wahyu_tumurun
wahyu_tumurun51.jpg,/mnt/extended-home/dzakaaufa/dataset/all_images_captioning/wahyu_tumurun51.jpg,wahyu_tumurun
wahyu_tumurun52.jpg,/mnt/extended-home/dzakaaufa/dataset/all_images_captioning/wahyu_tumurun52.jpg,wahyu_tumurun
wahyu_tumurun53.jpg,/mnt/extended-home/dzakaaufa/dataset/all_images_captioning/wahyu_tumurun53.jpg,wahyu_tumurun
wahyu_tumurun54.jpg,/mnt/extended-home/dzakaaufa/dataset/all_images_captioning/wahyu_tumurun54.jpg,wahyu_tumurun
wahyu_tumurun55.jpg,/mnt/extended-home/dzakaaufa/dataset/all_images_captioning/wahyu_tumurun55.jpg,wahyu_tumurun
wahyu_tumurun56.jpg,/mnt/extended-home/dzakaaufa/dataset/all_images_captioning/wahyu_tumurun56.jpg,wahyu_tumurun
wahyu_tumurun57.jpg,/mnt/extended-home/dzakaaufa/dataset/all_images_captioning/wahyu_tumurun57.jpg,wahyu_tumurun
wahyu_tumurun58.jpg,/mnt/extended-home/dzakaaufa/dataset/all_images_captioning/wahyu_tumurun58.jpg,wahyu_tumurun
wahyu_tumurun59.jpg,/mnt/extended-home/dzakaaufa/dataset/all_images_captioning/wahyu_tumurun59.jpg,wahyu_tumurun
wahyu_tumurun6.jpg,/mnt/extended-home/dzakaaufa/dataset/all_images_captioning/wahyu_tumurun6.jpg,wahyu_tumurun
wahyu_tumurun60.jpg,/mnt/extended-home/dzakaaufa/dataset/all_images_captioning/wahyu_tumurun60.jpg,wahyu_tumurun
wahyu_tumurun61.jpg,/mnt/extended-home/dzakaaufa/dataset/all_images_captioning/wahyu_tumurun61.jpg,wahyu_tumurun
wahyu_tumurun62.jpg,/mnt/extended-home/dzakaaufa/dataset/all_images_captioning/wahyu_tumurun62.jpg,wahyu_tumurun
wahyu_tumurun63.jpg,/mnt/extended-home/dzakaaufa/dataset/all_images_captioning/wahyu_tumurun63.jpg,wahyu_tumurun
wahyu_tumurun64.jpg,/mnt/extended-home/dzakaaufa/dataset/all_images_captioning/wahyu_tumurun64.jpg,wahyu_tumurun
wahyu_tumurun65.jpg,/mnt/extended-home/dzakaaufa/dataset/all_images_captioning/wahyu_tumurun65.jpg,wahyu_tumurun
wahyu_tumurun66.jpg,/mnt/extended-home/dzakaaufa/dataset/all_images_captioning/wahyu_tumurun66.jpg,wahyu_tumurun
wahyu_tumurun67.jpg,/mnt/extended-home/dzakaaufa/dataset/all_images_captioning/wahyu_tumurun67.jpg,wahyu_tumurun
wahyu_tumurun68.jpg,/mnt/extended-home/dzakaaufa/dataset/all_images_captioning/wahyu_tumurun68.jpg,wahyu_tumurun
wahyu_tumurun69.jpg,/mnt/extended-home/dzakaaufa/dataset/all_images_captioning/wahyu_tumurun69.jpg,wahyu_tumurun
wahyu_tumurun7.jpg,/mnt/extended-home/dzakaaufa/dataset/all_images_captioning/wahyu_tumurun7.jpg,wahyu_tumurun
wahyu_tumurun70.jpg,/mnt/extended-home/dzakaaufa/dataset/all_images_captioning/wahyu_tumurun70.jpg,wahyu_tumurun
wahyu_tumurun71.jpg,/mnt/extended-home/dzakaaufa/dataset/all_images_captioning/wahyu_tumurun71.jpg,wahyu_tumurun
wahyu_tumurun72.jpg,/mnt/extended-home/dzakaaufa/dataset/all_images_captioning/wahyu_tumurun72.jpg,wahyu_tumurun
wahyu_tumurun73.jpg,/mnt/extended-home/dzakaaufa/dataset/all_images_captioning/wahyu_tumurun73.jpg,wahyu_tumurun
wahyu_tumurun74.jpg,/mnt/extended-home/dzakaaufa/dataset/all_images_captioning/wahyu_tumurun74.jpg,wahyu_tumurun
wahyu_tumurun75.jpg,/mnt/extended-home/dzakaaufa/dataset/all_images_captioning/wahyu_tumurun75.jpg,wahyu_tumurun
wahyu_tumurun76.jpg,/mnt/extended-home/dzakaaufa/dataset/all_images_captioning/wahyu_tumurun76.jpg,wahyu_tumurun
wahyu_tumurun77.jpg,/mnt/extended-home/dzakaaufa/dataset/all_images_captioning/wahyu_tumurun77.jpg,wahyu_tumurun
wahyu_tumurun78.jpg,/mnt/extended-home/dzakaaufa/dataset/all_images_captioning/wahyu_tumurun78.jpg,wahyu_tumurun
wahyu_tumurun79.jpg,/mnt/extended-home/dzakaaufa/dataset/all_images_captioning/wahyu_tumurun79.jpg,wahyu_tumurun
wahyu_tumurun8.jpg,/mnt/extended-home/dzakaaufa/dataset/all_images_captioning/wahyu_tumurun8.jpg,wahyu_tumurun
wahyu_tumurun80.jpg,/mnt/extended-home/dzakaaufa/dataset/all_images_captioning/wahyu_tumurun80.jpg,wahyu_tumurun
wahyu_tumurun81.jpg,/mnt/extended-home/dzakaaufa/dataset/all_images_captioning/wahyu_tumurun81.jpg,wahyu_tumurun
wahyu_tumurun82.jpg,/mnt/extended-home/dzakaaufa/dataset/all_images_captioning/wahyu_tumurun82.jpg,wahyu_tumurun
wahyu_tumurun83.jpg,/mnt/extended-home/dzakaaufa/dataset/all_images_captioning/wahyu_tumurun83.jpg,wahyu_tumurun
wahyu_tumurun84.jpg,/mnt/extended-home/dzakaaufa/dataset/all_images_captioning/wahyu_tumurun84.jpg,wahyu_tumurun
wahyu_tumurun85.jpg,/mnt/extended-home/dzakaaufa/dataset/all_images_captioning/wahyu_tumurun85.jpg,wahyu_tumurun
wahyu_tumurun86.jpg,/mnt/extended-home/dzakaaufa/dataset/all_images_captioning/wahyu_tumurun86.jpg,wahyu_tumurun
wahyu_tumurun87.jpg,/mnt/extended-home/dzakaaufa/dataset/all_images_captioning/wahyu_tumurun87.jpg,wahyu_tumurun
wahyu_tumurun88.jpg,/mnt/extended-home/dzakaaufa/dataset/all_images_captioning/wahyu_tumurun88.jpg,wahyu_tumurun
wahyu_tumurun89.jpg,/mnt/extended-home/dzakaaufa/dataset/all_images_captioning/wahyu_tumurun89.jpg,wahyu_tumurun
wahyu_tumurun9.jpg,/mnt/extended-home/dzakaaufa/dataset/all_images_captioning/wahyu_tumurun9.jpg,wahyu_tumurun
wahyu_tumurun90.jpg,/mnt/extended-home/dzakaaufa/dataset/all_images_captioning/wahyu_tumurun90.jpg,wahyu_tumurun
wahyu_tumurun91.jpg,/mnt/extended-home/dzakaaufa/dataset/all_images_captioning/wahyu_tumurun91.jpg,wahyu_tumurun
wahyu_tumurun92.jpg,/mnt/extended-home/dzakaaufa/dataset/all_images_captioning/wahyu_tumurun92.jpg,wahyu_tumurun
wahyu_tumurun93.jpg,/mnt/extended-home/dzakaaufa/dataset/all_images_captioning/wahyu_tumurun93.jpg,wahyu_tumurun
wahyu_tumurun94.jpg,/mnt/extended-home/dzakaaufa/dataset/all_images_captioning/wahyu_tumurun94.jpg,wahyu_tumurun
wahyu_tumurun95.jpg,/mnt/extended-home/dzakaaufa/dataset/all_images_captioning/wahyu_tumurun95.jpg,wahyu_tumurun
wahyu_tumurun96.jpg,/mnt/extended-home/dzakaaufa/dataset/all_images_captioning/wahyu_tumurun96.jpg,wahyu_tumurun
wahyu_tumurun97.jpg,/mnt/extended-home/dzakaaufa/dataset/all_images_captioning/wahyu_tumurun97.jpg,wahyu_tumurun
wahyu_tumurun98.jpg,/mnt/extended-home/dzakaaufa/dataset/all_images_captioning/wahyu_tumurun98.jpg,wahyu_tumurun
wahyu_tumurun99.jpg,/mnt/extended-home/dzakaaufa/dataset/all_images_captioning/wahyu_tumurun99.jpg,wahyu_tumurun
jlamprang1.jpg,/mnt/extended-home/dzakaaufa/dataset/all_images_captioning/jlamprang1.jpg,jlamprang
jlamprang10.jpg,/mnt/extended-home/dzakaaufa/dataset/all_images_captioning/jlamprang10.jpg,jlamprang
jlamprang100.jpg,/mnt/extended-home/dzakaaufa/dataset/all_images_captioning/jlamprang100.jpg,jlamprang
jlamprang101.jpg,/mnt/extended-home/dzakaaufa/dataset/all_images_captioning/jlamprang101.jpg,jlamprang
jlamprang102.png,/mnt/extended-home/dzakaaufa/dataset/all_images_captioning/jlamprang102.png,jlamprang
jlamprang103.png,/mnt/extended-home/dzakaaufa/dataset/all_images_captioning/jlamprang103.png,jlamprang
jlamprang104.jpg,/mnt/extended-home/dzakaaufa/dataset/all_images_captioning/jlamprang104.jpg,jlamprang
jlamprang105.png,/mnt/extended-home/dzakaaufa/dataset/all_images_captioning/jlamprang105.png,jlamprang
jlamprang106.jpg,/mnt/extended-home/dzakaaufa/dataset/all_images_captioning/jlamprang106.jpg,jlamprang
jlamprang107.png,/mnt/extended-home/dzakaaufa/dataset/all_images_captioning/jlamprang107.png,jlamprang
jlamprang108.jpg,/mnt/extended-home/dzakaaufa/dataset/all_images_captioning/jlamprang108.jpg,jlamprang
jlamprang109.png,/mnt/extended-home/dzakaaufa/dataset/all_images_captioning/jlamprang109.png,jlamprang
jlamprang11.jpg,/mnt/extended-home/dzakaaufa/dataset/all_images_captioning/jlamprang11.jpg,jlamprang
jlamprang110.jpg,/mnt/extended-home/dzakaaufa/dataset/all_images_captioning/jlamprang110.jpg,jlamprang
jlamprang111.jpg,/mnt/extended-home/dzakaaufa/dataset/all_images_captioning/jlamprang111.jpg,jlamprang
jlamprang112.jpg,/mnt/extended-home/dzakaaufa/dataset/all_images_captioning/jlamprang112.jpg,jlamprang
jlamprang113.jpg,/mnt/extended-home/dzakaaufa/dataset/all_images_captioning/jlamprang113.jpg,jlamprang
jlamprang114.jpg,/mnt/extended-home/dzakaaufa/dataset/all_images_captioning/jlamprang114.jpg,jlamprang
jlamprang115.jpg,/mnt/extended-home/dzakaaufa/dataset/all_images_captioning/jlamprang115.jpg,jlamprang
jlamprang116.jpg,/mnt/extended-home/dzakaaufa/dataset/all_images_captioning/jlamprang116.jpg,jlamprang
jlamprang117.jpg,/mnt/extended-home/dzakaaufa/dataset/all_images_captioning/jlamprang117.jpg,jlamprang
jlamprang118.jpg,/mnt/extended-home/dzakaaufa/dataset/all_images_captioning/jlamprang118.jpg,jlamprang
jlamprang119.jpg,/mnt/extended-home/dzakaaufa/dataset/all_images_captioning/jlamprang119.jpg,jlamprang
jlamprang12.jpg,/mnt/extended-home/dzakaaufa/dataset/all_images_captioning/jlamprang12.jpg,jlamprang
jlamprang120.png,/mnt/extended-home/dzakaaufa/dataset/all_images_captioning/jlamprang120.png,jlamprang
jlamprang121.jpg,/mnt/extended-home/dzakaaufa/dataset/all_images_captioning/jlamprang121.jpg,jlamprang
jlamprang122.jpg,/mnt/extended-home/dzakaaufa/dataset/all_images_captioning/jlamprang122.jpg,jlamprang
jlamprang123.jpg,/mnt/extended-home/dzakaaufa/dataset/all_images_captioning/jlamprang123.jpg,jlamprang
jlamprang124.jpg,/mnt/extended-home/dzakaaufa/dataset/all_images_captioning/jlamprang124.jpg,jlamprang
jlamprang125.png,/mnt/extended-home/dzakaaufa/dataset/all_images_captioning/jlamprang125.png,jlamprang
jlamprang126.jpg,/mnt/extended-home/dzakaaufa/dataset/all_images_captioning/jlamprang126.jpg,jlamprang
jlamprang127.jpg,/mnt/extended-home/dzakaaufa/dataset/all_images_captioning/jlamprang127.jpg,jlamprang
jlamprang128.jpg,/mnt/extended-home/dzakaaufa/dataset/all_images_captioning/jlamprang128.jpg,jlamprang
jlamprang129.png,/mnt/extended-home/dzakaaufa/dataset/all_images_captioning/jlamprang129.png,jlamprang
jlamprang13.png,/mnt/extended-home/dzakaaufa/dataset/all_images_captioning/jlamprang13.png,jlamprang
jlamprang130.jpg,/mnt/extended-home/dzakaaufa/dataset/all_images_captioning/jlamprang130.jpg,jlamprang
jlamprang131.jpg,/mnt/extended-home/dzakaaufa/dataset/all_images_captioning/jlamprang131.jpg,jlamprang
jlamprang132.jpg,/mnt/extended-home/dzakaaufa/dataset/all_images_captioning/jlamprang132.jpg,jlamprang
jlamprang133.jpg,/mnt/extended-home/dzakaaufa/dataset/all_images_captioning/jlamprang133.jpg,jlamprang
jlamprang134.jpg,/mnt/extended-home/dzakaaufa/dataset/all_images_captioning/jlamprang134.jpg,jlamprang
jlamprang135.jpg,/mnt/extended-home/dzakaaufa/dataset/all_images_captioning/jlamprang135.jpg,jlamprang
jlamprang136.png,/mnt/extended-home/dzakaaufa/dataset/all_images_captioning/jlamprang136.png,jlamprang
jlamprang137.jpg,/mnt/extended-home/dzakaaufa/dataset/all_images_captioning/jlamprang137.jpg,jlamprang
jlamprang138.jpg,/mnt/extended-home/dzakaaufa/dataset/all_images_captioning/jlamprang138.jpg,jlamprang
jlamprang139.jpg,/mnt/extended-home/dzakaaufa/dataset/all_images_captioning/jlamprang139.jpg,jlamprang
jlamprang14.jpg,/mnt/extended-home/dzakaaufa/dataset/all_images_captioning/jlamprang14.jpg,jlamprang
jlamprang140.jpg,/mnt/extended-home/dzakaaufa/dataset/all_images_captioning/jlamprang140.jpg,jlamprang
jlamprang141.png,/mnt/extended-home/dzakaaufa/dataset/all_images_captioning/jlamprang141.png,jlamprang
jlamprang142.jpg,/mnt/extended-home/dzakaaufa/dataset/all_images_captioning/jlamprang142.jpg,jlamprang
jlamprang143.png,/mnt/extended-home/dzakaaufa/dataset/all_images_captioning/jlamprang143.png,jlamprang
jlamprang144.png,/mnt/extended-home/dzakaaufa/dataset/all_images_captioning/jlamprang144.png,jlamprang
jlamprang145.jpg,/mnt/extended-home/dzakaaufa/dataset/all_images_captioning/jlamprang145.jpg,jlamprang
jlamprang146.jpg,/mnt/extended-home/dzakaaufa/dataset/all_images_captioning/jlamprang146.jpg,jlamprang
jlamprang147.png,/mnt/extended-home/dzakaaufa/dataset/all_images_captioning/jlamprang147.png,jlamprang
jlamprang148.jpg,/mnt/extended-home/dzakaaufa/dataset/all_images_captioning/jlamprang148.jpg,jlamprang
jlamprang149.jpg,/mnt/extended-home/dzakaaufa/dataset/all_images_captioning/jlamprang149.jpg,jlamprang
jlamprang15.jpg,/mnt/extended-home/dzakaaufa/dataset/all_images_captioning/jlamprang15.jpg,jlamprang
jlamprang150.jpg,/mnt/extended-home/dzakaaufa/dataset/all_images_captioning/jlamprang150.jpg,jlamprang
jlamprang16.jpg,/mnt/extended-home/dzakaaufa/dataset/all_images_captioning/jlamprang16.jpg,jlamprang
jlamprang17.jpg,/mnt/extended-home/dzakaaufa/dataset/all_images_captioning/jlamprang17.jpg,jlamprang
jlamprang18.jpg,/mnt/extended-home/dzakaaufa/dataset/all_images_captioning/jlamprang18.jpg,jlamprang
jlamprang19.jpg,/mnt/extended-home/dzakaaufa/dataset/all_images_captioning/jlamprang19.jpg,jlamprang
jlamprang2.jpg,/mnt/extended-home/dzakaaufa/dataset/all_images_captioning/jlamprang2.jpg,jlamprang
jlamprang20.jpg,/mnt/extended-home/dzakaaufa/dataset/all_images_captioning/jlamprang20.jpg,jlamprang
jlamprang21.jpg,/mnt/extended-home/dzakaaufa/dataset/all_images_captioning/jlamprang21.jpg,jlamprang
jlamprang22.jpg,/mnt/extended-home/dzakaaufa/dataset/all_images_captioning/jlamprang22.jpg,jlamprang
jlamprang23.jpg,/mnt/extended-home/dzakaaufa/dataset/all_images_captioning/jlamprang23.jpg,jlamprang
jlamprang24.jpg,/mnt/extended-home/dzakaaufa/dataset/all_images_captioning/jlamprang24.jpg,jlamprang
jlamprang25.jpg,/mnt/extended-home/dzakaaufa/dataset/all_images_captioning/jlamprang25.jpg,jlamprang
jlamprang26.jpg,/mnt/extended-home/dzakaaufa/dataset/all_images_captioning/jlamprang26.jpg,jlamprang
jlamprang27.jpg,/mnt/extended-home/dzakaaufa/dataset/all_images_captioning/jlamprang27.jpg,jlamprang
jlamprang28.jpg,/mnt/extended-home/dzakaaufa/dataset/all_images_captioning/jlamprang28.jpg,jlamprang
jlamprang29.jpg,/mnt/extended-home/dzakaaufa/dataset/all_images_captioning/jlamprang29.jpg,jlamprang
jlamprang3.jpg,/mnt/extended-home/dzakaaufa/dataset/all_images_captioning/jlamprang3.jpg,jlamprang
jlamprang30.jpg,/mnt/extended-home/dzakaaufa/dataset/all_images_captioning/jlamprang30.jpg,jlamprang
jlamprang31.jpg,/mnt/extended-home/dzakaaufa/dataset/all_images_captioning/jlamprang31.jpg,jlamprang
jlamprang32.jpg,/mnt/extended-home/dzakaaufa/dataset/all_images_captioning/jlamprang32.jpg,jlamprang
jlamprang33.png,/mnt/extended-home/dzakaaufa/dataset/all_images_captioning/jlamprang33.png,jlamprang
jlamprang34.jpg,/mnt/extended-home/dzakaaufa/dataset/all_images_captioning/jlamprang34.jpg,jlamprang
jlamprang35.jpg,/mnt/extended-home/dzakaaufa/dataset/all_images_captioning/jlamprang35.jpg,jlamprang
jlamprang36.jpg,/mnt/extended-home/dzakaaufa/dataset/all_images_captioning/jlamprang36.jpg,jlamprang
jlamprang37.png,/mnt/extended-home/dzakaaufa/dataset/all_images_captioning/jlamprang37.png,jlamprang
jlamprang38.jpg,/mnt/extended-home/dzakaaufa/dataset/all_images_captioning/jlamprang38.jpg,jlamprang
jlamprang39.jpg,/mnt/extended-home/dzakaaufa/dataset/all_images_captioning/jlamprang39.jpg,jlamprang
jlamprang4.png,/mnt/extended-home/dzakaaufa/dataset/all_images_captioning/jlamprang4.png,jlamprang
jlamprang40.jpg,/mnt/extended-home/dzakaaufa/dataset/all_images_captioning/jlamprang40.jpg,jlamprang
jlamprang41.jpg,/mnt/extended-home/dzakaaufa/dataset/all_images_captioning/jlamprang41.jpg,jlamprang
jlamprang42.png,/mnt/extended-home/dzakaaufa/dataset/all_images_captioning/jlamprang42.png,jlamprang
jlamprang43.png,/mnt/extended-home/dzakaaufa/dataset/all_images_captioning/jlamprang43.png,jlamprang
jlamprang44.png,/mnt/extended-home/dzakaaufa/dataset/all_images_captioning/jlamprang44.png,jlamprang
jlamprang45.png,/mnt/extended-home/dzakaaufa/dataset/all_images_captioning/jlamprang45.png,jlamprang
jlamprang46.jpg,/mnt/extended-home/dzakaaufa/dataset/all_images_captioning/jlamprang46.jpg,jlamprang
jlamprang47.jpg,/mnt/extended-home/dzakaaufa/dataset/all_images_captioning/jlamprang47.jpg,jlamprang
jlamprang48.jpg,/mnt/extended-home/dzakaaufa/dataset/all_images_captioning/jlamprang48.jpg,jlamprang
jlamprang49.jpg,/mnt/extended-home/dzakaaufa/dataset/all_images_captioning/jlamprang49.jpg,jlamprang
jlamprang5.jpg,/mnt/extended-home/dzakaaufa/dataset/all_images_captioning/jlamprang5.jpg,jlamprang
jlamprang50.jpg,/mnt/extended-home/dzakaaufa/dataset/all_images_captioning/jlamprang50.jpg,jlamprang
jlamprang51.png,/mnt/extended-home/dzakaaufa/dataset/all_images_captioning/jlamprang51.png,jlamprang
jlamprang52.png,/mnt/extended-home/dzakaaufa/dataset/all_images_captioning/jlamprang52.png,jlamprang
jlamprang53.jpg,/mnt/extended-home/dzakaaufa/dataset/all_images_captioning/jlamprang53.jpg,jlamprang
jlamprang54.jpg,/mnt/extended-home/dzakaaufa/dataset/all_images_captioning/jlamprang54.jpg,jlamprang
jlamprang55.png,/mnt/extended-home/dzakaaufa/dataset/all_images_captioning/jlamprang55.png,jlamprang
jlamprang56.jpg,/mnt/extended-home/dzakaaufa/dataset/all_images_captioning/jlamprang56.jpg,jlamprang
jlamprang57.jpg,/mnt/extended-home/dzakaaufa/dataset/all_images_captioning/jlamprang57.jpg,jlamprang
jlamprang58.jpg,/mnt/extended-home/dzakaaufa/dataset/all_images_captioning/jlamprang58.jpg,jlamprang
jlamprang59.jpg,/mnt/extended-home/dzakaaufa/dataset/all_images_captioning/jlamprang59.jpg,jlamprang
jlamprang6.jpg,/mnt/extended-home/dzakaaufa/dataset/all_images_captioning/jlamprang6.jpg,jlamprang
jlamprang60.png,/mnt/extended-home/dzakaaufa/dataset/all_images_captioning/jlamprang60.png,jlamprang
jlamprang61.png,/mnt/extended-home/dzakaaufa/dataset/all_images_captioning/jlamprang61.png,jlamprang
jlamprang62.jpg,/mnt/extended-home/dzakaaufa/dataset/all_images_captioning/jlamprang62.jpg,jlamprang
jlamprang63.png,/mnt/extended-home/dzakaaufa/dataset/all_images_captioning/jlamprang63.png,jlamprang
jlamprang64.jpg,/mnt/extended-home/dzakaaufa/dataset/all_images_captioning/jlamprang64.jpg,jlamprang
jlamprang65.jpg,/mnt/extended-home/dzakaaufa/dataset/all_images_captioning/jlamprang65.jpg,jlamprang
jlamprang66.jpg,/mnt/extended-home/dzakaaufa/dataset/all_images_captioning/jlamprang66.jpg,jlamprang
jlamprang67.jpg,/mnt/extended-home/dzakaaufa/dataset/all_images_captioning/jlamprang67.jpg,jlamprang
jlamprang68.png,/mnt/extended-home/dzakaaufa/dataset/all_images_captioning/jlamprang68.png,jlamprang
jlamprang69.png,/mnt/extended-home/dzakaaufa/dataset/all_images_captioning/jlamprang69.png,jlamprang
jlamprang7.jpg,/mnt/extended-home/dzakaaufa/dataset/all_images_captioning/jlamprang7.jpg,jlamprang
jlamprang70.png,/mnt/extended-home/dzakaaufa/dataset/all_images_captioning/jlamprang70.png,jlamprang
jlamprang71.jpg,/mnt/extended-home/dzakaaufa/dataset/all_images_captioning/jlamprang71.jpg,jlamprang
jlamprang72.png,/mnt/extended-home/dzakaaufa/dataset/all_images_captioning/jlamprang72.png,jlamprang
jlamprang73.jpg,/mnt/extended-home/dzakaaufa/dataset/all_images_captioning/jlamprang73.jpg,jlamprang
jlamprang74.jpg,/mnt/extended-home/dzakaaufa/dataset/all_images_captioning/jlamprang74.jpg,jlamprang
jlamprang75.jpg,/mnt/extended-home/dzakaaufa/dataset/all_images_captioning/jlamprang75.jpg,jlamprang
jlamprang76.jpg,/mnt/extended-home/dzakaaufa/dataset/all_images_captioning/jlamprang76.jpg,jlamprang
jlamprang77.jpg,/mnt/extended-home/dzakaaufa/dataset/all_images_captioning/jlamprang77.jpg,jlamprang
jlamprang78.jpg,/mnt/extended-home/dzakaaufa/dataset/all_images_captioning/jlamprang78.jpg,jlamprang
jlamprang79.jpg,/mnt/extended-home/dzakaaufa/dataset/all_images_captioning/jlamprang79.jpg,jlamprang
jlamprang8.png,/mnt/extended-home/dzakaaufa/dataset/all_images_captioning/jlamprang8.png,jlamprang
jlamprang80.jpg,/mnt/extended-home/dzakaaufa/dataset/all_images_captioning/jlamprang80.jpg,jlamprang
jlamprang81.jpg,/mnt/extended-home/dzakaaufa/dataset/all_images_captioning/jlamprang81.jpg,jlamprang
jlamprang82.png,/mnt/extended-home/dzakaaufa/dataset/all_images_captioning/jlamprang82.png,jlamprang
jlamprang83.jpg,/mnt/extended-home/dzakaaufa/dataset/all_images_captioning/jlamprang83.jpg,jlamprang
jlamprang84.png,/mnt/extended-home/dzakaaufa/dataset/all_images_captioning/jlamprang84.png,jlamprang
jlamprang85.png,/mnt/extended-home/dzakaaufa/dataset/all_images_captioning/jlamprang85.png,jlamprang
jlamprang86.png,/mnt/extended-home/dzakaaufa/dataset/all_images_captioning/jlamprang86.png,jlamprang
jlamprang87.png,/mnt/extended-home/dzakaaufa/dataset/all_images_captioning/jlamprang87.png,jlamprang
jlamprang88.jpg,/mnt/extended-home/dzakaaufa/dataset/all_images_captioning/jlamprang88.jpg,jlamprang
jlamprang89.jpg,/mnt/extended-home/dzakaaufa/dataset/all_images_captioning/jlamprang89.jpg,jlamprang
jlamprang9.jpg,/mnt/extended-home/dzakaaufa/dataset/all_images_captioning/jlamprang9.jpg,jlamprang
jlamprang90.jpg,/mnt/extended-home/dzakaaufa/dataset/all_images_captioning/jlamprang90.jpg,jlamprang
jlamprang91.png,/mnt/extended-home/dzakaaufa/dataset/all_images_captioning/jlamprang91.png,jlamprang
jlamprang92.jpg,/mnt/extended-home/dzakaaufa/dataset/all_images_captioning/jlamprang92.jpg,jlamprang
jlamprang93.jpg,/mnt/extended-home/dzakaaufa/dataset/all_images_captioning/jlamprang93.jpg,jlamprang
jlamprang94.jpg,/mnt/extended-home/dzakaaufa/dataset/all_images_captioning/jlamprang94.jpg,jlamprang
jlamprang95.jpg,/mnt/extended-home/dzakaaufa/dataset/all_images_captioning/jlamprang95.jpg,jlamprang
jlamprang96.jpg,/mnt/extended-home/dzakaaufa/dataset/all_images_captioning/jlamprang96.jpg,jlamprang
jlamprang97.png,/mnt/extended-home/dzakaaufa/dataset/all_images_captioning/jlamprang97.png,jlamprang
jlamprang98.jpg,/mnt/extended-home/dzakaaufa/dataset/all_images_captioning/jlamprang98.jpg,jlamprang
jlamprang99.png,/mnt/extended-home/dzakaaufa/dataset/all_images_captioning/jlamprang99.png,jlamprang
sidomukti1.jpg,/mnt/extended-home/dzakaaufa/dataset/all_images_captioning/sidomukti1.jpg,sidomukti
sidomukti10.jpg,/mnt/extended-home/dzakaaufa/dataset/all_images_captioning/sidomukti10.jpg,sidomukti
sidomukti100.jpg,/mnt/extended-home/dzakaaufa/dataset/all_images_captioning/sidomukti100.jpg,sidomukti
sidomukti101.jpg,/mnt/extended-home/dzakaaufa/dataset/all_images_captioning/sidomukti101.jpg,sidomukti
sidomukti102.jpg,/mnt/extended-home/dzakaaufa/dataset/all_images_captioning/sidomukti102.jpg,sidomukti
sidomukti103.jpg,/mnt/extended-home/dzakaaufa/dataset/all_images_captioning/sidomukti103.jpg,sidomukti
sidomukti104.jpg,/mnt/extended-home/dzakaaufa/dataset/all_images_captioning/sidomukti104.jpg,sidomukti
sidomukti105.jpg,/mnt/extended-home/dzakaaufa/dataset/all_images_captioning/sidomukti105.jpg,sidomukti
sidomukti106.jpg,/mnt/extended-home/dzakaaufa/dataset/all_images_captioning/sidomukti106.jpg,sidomukti
sidomukti107.jpg,/mnt/extended-home/dzakaaufa/dataset/all_images_captioning/sidomukti107.jpg,sidomukti
sidomukti108.jpg,/mnt/extended-home/dzakaaufa/dataset/all_images_captioning/sidomukti108.jpg,sidomukti
sidomukti109.jpg,/mnt/extended-home/dzakaaufa/dataset/all_images_captioning/sidomukti109.jpg,sidomukti
sidomukti11.jpg,/mnt/extended-home/dzakaaufa/dataset/all_images_captioning/sidomukti11.jpg,sidomukti
sidomukti110.jpg,/mnt/extended-home/dzakaaufa/dataset/all_images_captioning/sidomukti110.jpg,sidomukti
sidomukti111.jpg,/mnt/extended-home/dzakaaufa/dataset/all_images_captioning/sidomukti111.jpg,sidomukti
sidomukti112.jpg,/mnt/extended-home/dzakaaufa/dataset/all_images_captioning/sidomukti112.jpg,sidomukti
sidomukti113.jpg,/mnt/extended-home/dzakaaufa/dataset/all_images_captioning/sidomukti113.jpg,sidomukti
sidomukti114.jpg,/mnt/extended-home/dzakaaufa/dataset/all_images_captioning/sidomukti114.jpg,sidomukti
sidomukti115.jpg,/mnt/extended-home/dzakaaufa/dataset/all_images_captioning/sidomukti115.jpg,sidomukti
sidomukti116.jpg,/mnt/extended-home/dzakaaufa/dataset/all_images_captioning/sidomukti116.jpg,sidomukti
sidomukti117.jpg,/mnt/extended-home/dzakaaufa/dataset/all_images_captioning/sidomukti117.jpg,sidomukti
sidomukti118.jpg,/mnt/extended-home/dzakaaufa/dataset/all_images_captioning/sidomukti118.jpg,sidomukti
sidomukti119.jpg,/mnt/extended-home/dzakaaufa/dataset/all_images_captioning/sidomukti119.jpg,sidomukti
sidomukti12.jpg,/mnt/extended-home/dzakaaufa/dataset/all_images_captioning/sidomukti12.jpg,sidomukti
sidomukti120.jpg,/mnt/extended-home/dzakaaufa/dataset/all_images_captioning/sidomukti120.jpg,sidomukti
sidomukti121.jpg,/mnt/extended-home/dzakaaufa/dataset/all_images_captioning/sidomukti121.jpg,sidomukti
sidomukti122.jpg,/mnt/extended-home/dzakaaufa/dataset/all_images_captioning/sidomukti122.jpg,sidomukti
sidomukti123.jpg,/mnt/extended-home/dzakaaufa/dataset/all_images_captioning/sidomukti123.jpg,sidomukti
sidomukti124.jpg,/mnt/extended-home/dzakaaufa/dataset/all_images_captioning/sidomukti124.jpg,sidomukti
sidomukti125.jpg,/mnt/extended-home/dzakaaufa/dataset/all_images_captioning/sidomukti125.jpg,sidomukti
sidomukti126.jpg,/mnt/extended-home/dzakaaufa/dataset/all_images_captioning/sidomukti126.jpg,sidomukti
sidomukti127.jpg,/mnt/extended-home/dzakaaufa/dataset/all_images_captioning/sidomukti127.jpg,sidomukti
sidomukti128.jpg,/mnt/extended-home/dzakaaufa/dataset/all_images_captioning/sidomukti128.jpg,sidomukti
sidomukti129.jpg,/mnt/extended-home/dzakaaufa/dataset/all_images_captioning/sidomukti129.jpg,sidomukti
sidomukti13.jpg,/mnt/extended-home/dzakaaufa/dataset/all_images_captioning/sidomukti13.jpg,sidomukti
sidomukti130.jpg,/mnt/extended-home/dzakaaufa/dataset/all_images_captioning/sidomukti130.jpg,sidomukti
sidomukti131.jpg,/mnt/extended-home/dzakaaufa/dataset/all_images_captioning/sidomukti131.jpg,sidomukti
sidomukti132.jpg,/mnt/extended-home/dzakaaufa/dataset/all_images_captioning/sidomukti132.jpg,sidomukti
sidomukti133.jpg,/mnt/extended-home/dzakaaufa/dataset/all_images_captioning/sidomukti133.jpg,sidomukti
sidomukti134.jpg,/mnt/extended-home/dzakaaufa/dataset/all_images_captioning/sidomukti134.jpg,sidomukti
sidomukti135.jpg,/mnt/extended-home/dzakaaufa/dataset/all_images_captioning/sidomukti135.jpg,sidomukti
sidomukti136.jpg,/mnt/extended-home/dzakaaufa/dataset/all_images_captioning/sidomukti136.jpg,sidomukti
sidomukti137.jpg,/mnt/extended-home/dzakaaufa/dataset/all_images_captioning/sidomukti137.jpg,sidomukti
sidomukti138.jpg,/mnt/extended-home/dzakaaufa/dataset/all_images_captioning/sidomukti138.jpg,sidomukti
sidomukti139.jpg,/mnt/extended-home/dzakaaufa/dataset/all_images_captioning/sidomukti139.jpg,sidomukti
sidomukti14.jpg,/mnt/extended-home/dzakaaufa/dataset/all_images_captioning/sidomukti14.jpg,sidomukti
sidomukti140.jpg,/mnt/extended-home/dzakaaufa/dataset/all_images_captioning/sidomukti140.jpg,sidomukti
sidomukti141.jpg,/mnt/extended-home/dzakaaufa/dataset/all_images_captioning/sidomukti141.jpg,sidomukti
sidomukti142.jpg,/mnt/extended-home/dzakaaufa/dataset/all_images_captioning/sidomukti142.jpg,sidomukti
sidomukti143.jpg,/mnt/extended-home/dzakaaufa/dataset/all_images_captioning/sidomukti143.jpg,sidomukti
sidomukti144.jpg,/mnt/extended-home/dzakaaufa/dataset/all_images_captioning/sidomukti144.jpg,sidomukti
sidomukti145.jpg,/mnt/extended-home/dzakaaufa/dataset/all_images_captioning/sidomukti145.jpg,sidomukti
sidomukti146.jpg,/mnt/extended-home/dzakaaufa/dataset/all_images_captioning/sidomukti146.jpg,sidomukti
sidomukti147.jpg,/mnt/extended-home/dzakaaufa/dataset/all_images_captioning/sidomukti147.jpg,sidomukti
sidomukti148.jpg,/mnt/extended-home/dzakaaufa/dataset/all_images_captioning/sidomukti148.jpg,sidomukti
sidomukti149.jpg,/mnt/extended-home/dzakaaufa/dataset/all_images_captioning/sidomukti149.jpg,sidomukti
sidomukti15.jpg,/mnt/extended-home/dzakaaufa/dataset/all_images_captioning/sidomukti15.jpg,sidomukti
sidomukti150.jpg,/mnt/extended-home/dzakaaufa/dataset/all_images_captioning/sidomukti150.jpg,sidomukti
sidomukti16.jpg,/mnt/extended-home/dzakaaufa/dataset/all_images_captioning/sidomukti16.jpg,sidomukti
sidomukti17.jpg,/mnt/extended-home/dzakaaufa/dataset/all_images_captioning/sidomukti17.jpg,sidomukti
sidomukti18.jpg,/mnt/extended-home/dzakaaufa/dataset/all_images_captioning/sidomukti18.jpg,sidomukti
sidomukti19.jpg,/mnt/extended-home/dzakaaufa/dataset/all_images_captioning/sidomukti19.jpg,sidomukti
sidomukti2.jpg,/mnt/extended-home/dzakaaufa/dataset/all_images_captioning/sidomukti2.jpg,sidomukti
sidomukti20.jpg,/mnt/extended-home/dzakaaufa/dataset/all_images_captioning/sidomukti20.jpg,sidomukti
sidomukti21.jpg,/mnt/extended-home/dzakaaufa/dataset/all_images_captioning/sidomukti21.jpg,sidomukti
sidomukti22.jpg,/mnt/extended-home/dzakaaufa/dataset/all_images_captioning/sidomukti22.jpg,sidomukti
sidomukti23.jpg,/mnt/extended-home/dzakaaufa/dataset/all_images_captioning/sidomukti23.jpg,sidomukti
sidomukti24.jpg,/mnt/extended-home/dzakaaufa/dataset/all_images_captioning/sidomukti24.jpg,sidomukti
sidomukti25.jpg,/mnt/extended-home/dzakaaufa/dataset/all_images_captioning/sidomukti25.jpg,sidomukti
sidomukti26.jpg,/mnt/extended-home/dzakaaufa/dataset/all_images_captioning/sidomukti26.jpg,sidomukti
sidomukti27.jpg,/mnt/extended-home/dzakaaufa/dataset/all_images_captioning/sidomukti27.jpg,sidomukti
sidomukti28.jpg,/mnt/extended-home/dzakaaufa/dataset/all_images_captioning/sidomukti28.jpg,sidomukti
sidomukti29.jpg,/mnt/extended-home/dzakaaufa/dataset/all_images_captioning/sidomukti29.jpg,sidomukti
sidomukti3.jpg,/mnt/extended-home/dzakaaufa/dataset/all_images_captioning/sidomukti3.jpg,sidomukti
sidomukti30.jpg,/mnt/extended-home/dzakaaufa/dataset/all_images_captioning/sidomukti30.jpg,sidomukti
sidomukti31.jpg,/mnt/extended-home/dzakaaufa/dataset/all_images_captioning/sidomukti31.jpg,sidomukti
sidomukti32.jpg,/mnt/extended-home/dzakaaufa/dataset/all_images_captioning/sidomukti32.jpg,sidomukti
sidomukti33.jpg,/mnt/extended-home/dzakaaufa/dataset/all_images_captioning/sidomukti33.jpg,sidomukti
sidomukti34.jpg,/mnt/extended-home/dzakaaufa/dataset/all_images_captioning/sidomukti34.jpg,sidomukti
sidomukti35.jpg,/mnt/extended-home/dzakaaufa/dataset/all_images_captioning/sidomukti35.jpg,sidomukti
sidomukti36.jpg,/mnt/extended-home/dzakaaufa/dataset/all_images_captioning/sidomukti36.jpg,sidomukti
sidomukti37.jpg,/mnt/extended-home/dzakaaufa/dataset/all_images_captioning/sidomukti37.jpg,sidomukti
sidomukti38.jpg,/mnt/extended-home/dzakaaufa/dataset/all_images_captioning/sidomukti38.jpg,sidomukti
sidomukti39.jpg,/mnt/extended-home/dzakaaufa/dataset/all_images_captioning/sidomukti39.jpg,sidomukti
sidomukti4.jpg,/mnt/extended-home/dzakaaufa/dataset/all_images_captioning/sidomukti4.jpg,sidomukti
sidomukti40.jpg,/mnt/extended-home/dzakaaufa/dataset/all_images_captioning/sidomukti40.jpg,sidomukti
sidomukti41.jpg,/mnt/extended-home/dzakaaufa/dataset/all_images_captioning/sidomukti41.jpg,sidomukti
sidomukti42.jpg,/mnt/extended-home/dzakaaufa/dataset/all_images_captioning/sidomukti42.jpg,sidomukti
sidomukti43.jpg,/mnt/extended-home/dzakaaufa/dataset/all_images_captioning/sidomukti43.jpg,sidomukti
sidomukti44.jpg,/mnt/extended-home/dzakaaufa/dataset/all_images_captioning/sidomukti44.jpg,sidomukti
sidomukti45.jpg,/mnt/extended-home/dzakaaufa/dataset/all_images_captioning/sidomukti45.jpg,sidomukti
sidomukti46.jpg,/mnt/extended-home/dzakaaufa/dataset/all_images_captioning/sidomukti46.jpg,sidomukti
sidomukti47.jpg,/mnt/extended-home/dzakaaufa/dataset/all_images_captioning/sidomukti47.jpg,sidomukti
sidomukti48.jpg,/mnt/extended-home/dzakaaufa/dataset/all_images_captioning/sidomukti48.jpg,sidomukti
sidomukti49.jpg,/mnt/extended-home/dzakaaufa/dataset/all_images_captioning/sidomukti49.jpg,sidomukti
sidomukti5.jpg,/mnt/extended-home/dzakaaufa/dataset/all_images_captioning/sidomukti5.jpg,sidomukti
sidomukti50.jpg,/mnt/extended-home/dzakaaufa/dataset/all_images_captioning/sidomukti50.jpg,sidomukti
sidomukti51.jpg,/mnt/extended-home/dzakaaufa/dataset/all_images_captioning/sidomukti51.jpg,sidomukti
sidomukti52.jpg,/mnt/extended-home/dzakaaufa/dataset/all_images_captioning/sidomukti52.jpg,sidomukti
sidomukti53.jpg,/mnt/extended-home/dzakaaufa/dataset/all_images_captioning/sidomukti53.jpg,sidomukti
sidomukti54.jpg,/mnt/extended-home/dzakaaufa/dataset/all_images_captioning/sidomukti54.jpg,sidomukti
sidomukti55.jpg,/mnt/extended-home/dzakaaufa/dataset/all_images_captioning/sidomukti55.jpg,sidomukti
sidomukti56.jpg,/mnt/extended-home/dzakaaufa/dataset/all_images_captioning/sidomukti56.jpg,sidomukti
sidomukti57.jpg,/mnt/extended-home/dzakaaufa/dataset/all_images_captioning/sidomukti57.jpg,sidomukti
sidomukti58.jpg,/mnt/extended-home/dzakaaufa/dataset/all_images_captioning/sidomukti58.jpg,sidomukti
sidomukti59.jpg,/mnt/extended-home/dzakaaufa/dataset/all_images_captioning/sidomukti59.jpg,sidomukti
sidomukti6.jpg,/mnt/extended-home/dzakaaufa/dataset/all_images_captioning/sidomukti6.jpg,sidomukti
sidomukti60.jpg,/mnt/extended-home/dzakaaufa/dataset/all_images_captioning/sidomukti60.jpg,sidomukti
sidomukti61.jpg,/mnt/extended-home/dzakaaufa/dataset/all_images_captioning/sidomukti61.jpg,sidomukti
sidomukti62.jpg,/mnt/extended-home/dzakaaufa/dataset/all_images_captioning/sidomukti62.jpg,sidomukti
sidomukti63.jpg,/mnt/extended-home/dzakaaufa/dataset/all_images_captioning/sidomukti63.jpg,sidomukti
sidomukti64.jpg,/mnt/extended-home/dzakaaufa/dataset/all_images_captioning/sidomukti64.jpg,sidomukti
sidomukti65.jpg,/mnt/extended-home/dzakaaufa/dataset/all_images_captioning/sidomukti65.jpg,sidomukti
sidomukti66.jpg,/mnt/extended-home/dzakaaufa/dataset/all_images_captioning/sidomukti66.jpg,sidomukti
sidomukti67.jpg,/mnt/extended-home/dzakaaufa/dataset/all_images_captioning/sidomukti67.jpg,sidomukti
sidomukti68.jpg,/mnt/extended-home/dzakaaufa/dataset/all_images_captioning/sidomukti68.jpg,sidomukti
sidomukti69.jpg,/mnt/extended-home/dzakaaufa/dataset/all_images_captioning/sidomukti69.jpg,sidomukti
sidomukti7.jpg,/mnt/extended-home/dzakaaufa/dataset/all_images_captioning/sidomukti7.jpg,sidomukti
sidomukti70.jpg,/mnt/extended-home/dzakaaufa/dataset/all_images_captioning/sidomukti70.jpg,sidomukti
sidomukti71.jpg,/mnt/extended-home/dzakaaufa/dataset/all_images_captioning/sidomukti71.jpg,sidomukti
sidomukti72.jpg,/mnt/extended-home/dzakaaufa/dataset/all_images_captioning/sidomukti72.jpg,sidomukti
sidomukti73.jpg,/mnt/extended-home/dzakaaufa/dataset/all_images_captioning/sidomukti73.jpg,sidomukti
sidomukti74.jpg,/mnt/extended-home/dzakaaufa/dataset/all_images_captioning/sidomukti74.jpg,sidomukti
sidomukti75.jpg,/mnt/extended-home/dzakaaufa/dataset/all_images_captioning/sidomukti75.jpg,sidomukti
sidomukti76.jpg,/mnt/extended-home/dzakaaufa/dataset/all_images_captioning/sidomukti76.jpg,sidomukti
sidomukti77.jpg,/mnt/extended-home/dzakaaufa/dataset/all_images_captioning/sidomukti77.jpg,sidomukti
sidomukti78.jpg,/mnt/extended-home/dzakaaufa/dataset/all_images_captioning/sidomukti78.jpg,sidomukti
sidomukti79.jpg,/mnt/extended-home/dzakaaufa/dataset/all_images_captioning/sidomukti79.jpg,sidomukti
sidomukti8.jpg,/mnt/extended-home/dzakaaufa/dataset/all_images_captioning/sidomukti8.jpg,sidomukti
sidomukti80.jpg,/mnt/extended-home/dzakaaufa/dataset/all_images_captioning/sidomukti80.jpg,sidomukti
sidomukti81.jpg,/mnt/extended-home/dzakaaufa/dataset/all_images_captioning/sidomukti81.jpg,sidomukti
sidomukti82.jpg,/mnt/extended-home/dzakaaufa/dataset/all_images_captioning/sidomukti82.jpg,sidomukti
sidomukti83.jpg,/mnt/extended-home/dzakaaufa/dataset/all_images_captioning/sidomukti83.jpg,sidomukti
sidomukti84.jpg,/mnt/extended-home/dzakaaufa/dataset/all_images_captioning/sidomukti84.jpg,sidomukti
sidomukti85.jpg,/mnt/extended-home/dzakaaufa/dataset/all_images_captioning/sidomukti85.jpg,sidomukti
sidomukti86.jpg,/mnt/extended-home/dzakaaufa/dataset/all_images_captioning/sidomukti86.jpg,sidomukti
sidomukti87.jpg,/mnt/extended-home/dzakaaufa/dataset/all_images_captioning/sidomukti87.jpg,sidomukti
sidomukti88.jpg,/mnt/extended-home/dzakaaufa/dataset/all_images_captioning/sidomukti88.jpg,sidomukti
sidomukti89.jpg,/mnt/extended-home/dzakaaufa/dataset/all_images_captioning/sidomukti89.jpg,sidomukti
sidomukti9.jpg,/mnt/extended-home/dzakaaufa/dataset/all_images_captioning/sidomukti9.jpg,sidomukti
sidomukti90.jpg,/mnt/extended-home/dzakaaufa/dataset/all_images_captioning/sidomukti90.jpg,sidomukti
sidomukti91.jpg,/mnt/extended-home/dzakaaufa/dataset/all_images_captioning/sidomukti91.jpg,sidomukti
sidomukti92.jpg,/mnt/extended-home/dzakaaufa/dataset/all_images_captioning/sidomukti92.jpg,sidomukti
sidomukti93.jpg,/mnt/extended-home/dzakaaufa/dataset/all_images_captioning/sidomukti93.jpg,sidomukti
sidomukti94.jpg,/mnt/extended-home/dzakaaufa/dataset/all_images_captioning/sidomukti94.jpg,sidomukti
sidomukti95.jpg,/mnt/extended-home/dzakaaufa/dataset/all_images_captioning/sidomukti95.jpg,sidomukti
sidomukti96.jpg,/mnt/extended-home/dzakaaufa/dataset/all_images_captioning/sidomukti96.jpg,sidomukti
sidomukti97.jpg,/mnt/extended-home/dzakaaufa/dataset/all_images_captioning/sidomukti97.jpg,sidomukti
sidomukti98.jpg,/mnt/extended-home/dzakaaufa/dataset/all_images_captioning/sidomukti98.jpg,sidomukti
sidomukti99.jpg,/mnt/extended-home/dzakaaufa/dataset/all_images_captioning/sidomukti99.jpg,sidomukti
kawung1.jpg,/mnt/extended-home/dzakaaufa/dataset/all_images_captioning/kawung1.jpg,kawung
kawung10.jpg,/mnt/extended-home/dzakaaufa/dataset/all_images_captioning/kawung10.jpg,kawung
kawung100.jpg,/mnt/extended-home/dzakaaufa/dataset/all_images_captioning/kawung100.jpg,kawung
kawung101.jpg,/mnt/extended-home/dzakaaufa/dataset/all_images_captioning/kawung101.jpg,kawung
kawung102.jpg,/mnt/extended-home/dzakaaufa/dataset/all_images_captioning/kawung102.jpg,kawung
kawung103.jpg,/mnt/extended-home/dzakaaufa/dataset/all_images_captioning/kawung103.jpg,kawung
kawung104.jpg,/mnt/extended-home/dzakaaufa/dataset/all_images_captioning/kawung104.jpg,kawung
kawung105.jpg,/mnt/extended-home/dzakaaufa/dataset/all_images_captioning/kawung105.jpg,kawung
kawung106.jpg,/mnt/extended-home/dzakaaufa/dataset/all_images_captioning/kawung106.jpg,kawung
kawung107.jpg,/mnt/extended-home/dzakaaufa/dataset/all_images_captioning/kawung107.jpg,kawung
kawung108.jpg,/mnt/extended-home/dzakaaufa/dataset/all_images_captioning/kawung108.jpg,kawung
kawung109.jpg,/mnt/extended-home/dzakaaufa/dataset/all_images_captioning/kawung109.jpg,kawung
kawung11.jpg,/mnt/extended-home/dzakaaufa/dataset/all_images_captioning/kawung11.jpg,kawung
kawung110.jpg,/mnt/extended-home/dzakaaufa/dataset/all_images_captioning/kawung110.jpg,kawung
kawung111.jpg,/mnt/extended-home/dzakaaufa/dataset/all_images_captioning/kawung111.jpg,kawung
kawung112.jpg,/mnt/extended-home/dzakaaufa/dataset/all_images_captioning/kawung112.jpg,kawung
kawung113.jpg,/mnt/extended-home/dzakaaufa/dataset/all_images_captioning/kawung113.jpg,kawung
kawung114.jpg,/mnt/extended-home/dzakaaufa/dataset/all_images_captioning/kawung114.jpg,kawung
kawung115.jpg,/mnt/extended-home/dzakaaufa/dataset/all_images_captioning/kawung115.jpg,kawung
kawung116.jpg,/mnt/extended-home/dzakaaufa/dataset/all_images_captioning/kawung116.jpg,kawung
kawung117.jpg,/mnt/extended-home/dzakaaufa/dataset/all_images_captioning/kawung117.jpg,kawung
kawung118.jpg,/mnt/extended-home/dzakaaufa/dataset/all_images_captioning/kawung118.jpg,kawung
kawung119.jpg,/mnt/extended-home/dzakaaufa/dataset/all_images_captioning/kawung119.jpg,kawung
kawung12.jpg,/mnt/extended-home/dzakaaufa/dataset/all_images_captioning/kawung12.jpg,kawung
kawung120.jpg,/mnt/extended-home/dzakaaufa/dataset/all_images_captioning/kawung120.jpg,kawung
kawung121.jpg,/mnt/extended-home/dzakaaufa/dataset/all_images_captioning/kawung121.jpg,kawung
kawung122.jpg,/mnt/extended-home/dzakaaufa/dataset/all_images_captioning/kawung122.jpg,kawung
kawung123.jpg,/mnt/extended-home/dzakaaufa/dataset/all_images_captioning/kawung123.jpg,kawung
kawung124.jpg,/mnt/extended-home/dzakaaufa/dataset/all_images_captioning/kawung124.jpg,kawung
kawung125.jpg,/mnt/extended-home/dzakaaufa/dataset/all_images_captioning/kawung125.jpg,kawung
kawung126.jpg,/mnt/extended-home/dzakaaufa/dataset/all_images_captioning/kawung126.jpg,kawung
kawung127.jpg,/mnt/extended-home/dzakaaufa/dataset/all_images_captioning/kawung127.jpg,kawung
kawung128.jpg,/mnt/extended-home/dzakaaufa/dataset/all_images_captioning/kawung128.jpg,kawung
kawung129.jpg,/mnt/extended-home/dzakaaufa/dataset/all_images_captioning/kawung129.jpg,kawung
kawung13.jpg,/mnt/extended-home/dzakaaufa/dataset/all_images_captioning/kawung13.jpg,kawung
kawung130.jpg,/mnt/extended-home/dzakaaufa/dataset/all_images_captioning/kawung130.jpg,kawung
kawung131.jpg,/mnt/extended-home/dzakaaufa/dataset/all_images_captioning/kawung131.jpg,kawung
kawung132.jpg,/mnt/extended-home/dzakaaufa/dataset/all_images_captioning/kawung132.jpg,kawung
kawung133.jpg,/mnt/extended-home/dzakaaufa/dataset/all_images_captioning/kawung133.jpg,kawung
kawung134.jpg,/mnt/extended-home/dzakaaufa/dataset/all_images_captioning/kawung134.jpg,kawung
kawung135.jpg,/mnt/extended-home/dzakaaufa/dataset/all_images_captioning/kawung135.jpg,kawung
kawung136.jpg,/mnt/extended-home/dzakaaufa/dataset/all_images_captioning/kawung136.jpg,kawung
kawung137.jpg,/mnt/extended-home/dzakaaufa/dataset/all_images_captioning/kawung137.jpg,kawung
kawung138.jpg,/mnt/extended-home/dzakaaufa/dataset/all_images_captioning/kawung138.jpg,kawung
kawung139.jpg,/mnt/extended-home/dzakaaufa/dataset/all_images_captioning/kawung139.jpg,kawung
kawung14.jpg,/mnt/extended-home/dzakaaufa/dataset/all_images_captioning/kawung14.jpg,kawung
kawung140.jpg,/mnt/extended-home/dzakaaufa/dataset/all_images_captioning/kawung140.jpg,kawung
kawung141.jpg,/mnt/extended-home/dzakaaufa/dataset/all_images_captioning/kawung141.jpg,kawung
kawung142.jpg,/mnt/extended-home/dzakaaufa/dataset/all_images_captioning/kawung142.jpg,kawung
kawung143.jpg,/mnt/extended-home/dzakaaufa/dataset/all_images_captioning/kawung143.jpg,kawung
kawung144.jpg,/mnt/extended-home/dzakaaufa/dataset/all_images_captioning/kawung144.jpg,kawung
kawung145.jpg,/mnt/extended-home/dzakaaufa/dataset/all_images_captioning/kawung145.jpg,kawung
kawung146.jpg,/mnt/extended-home/dzakaaufa/dataset/all_images_captioning/kawung146.jpg,kawung
kawung147.jpg,/mnt/extended-home/dzakaaufa/dataset/all_images_captioning/kawung147.jpg,kawung
kawung148.jpg,/mnt/extended-home/dzakaaufa/dataset/all_images_captioning/kawung148.jpg,kawung
kawung149.jpg,/mnt/extended-home/dzakaaufa/dataset/all_images_captioning/kawung149.jpg,kawung
kawung15.jpg,/mnt/extended-home/dzakaaufa/dataset/all_images_captioning/kawung15.jpg,kawung
kawung150.jpg,/mnt/extended-home/dzakaaufa/dataset/all_images_captioning/kawung150.jpg,kawung
kawung16.jpg,/mnt/extended-home/dzakaaufa/dataset/all_images_captioning/kawung16.jpg,kawung
kawung17.jpg,/mnt/extended-home/dzakaaufa/dataset/all_images_captioning/kawung17.jpg,kawung
kawung18.jpg,/mnt/extended-home/dzakaaufa/dataset/all_images_captioning/kawung18.jpg,kawung
kawung19.jpg,/mnt/extended-home/dzakaaufa/dataset/all_images_captioning/kawung19.jpg,kawung
kawung2.jpg,/mnt/extended-home/dzakaaufa/dataset/all_images_captioning/kawung2.jpg,kawung
kawung20.jpg,/mnt/extended-home/dzakaaufa/dataset/all_images_captioning/kawung20.jpg,kawung
kawung21.jpg,/mnt/extended-home/dzakaaufa/dataset/all_images_captioning/kawung21.jpg,kawung
kawung22.jpg,/mnt/extended-home/dzakaaufa/dataset/all_images_captioning/kawung22.jpg,kawung
kawung23.jpg,/mnt/extended-home/dzakaaufa/dataset/all_images_captioning/kawung23.jpg,kawung
kawung24.jpg,/mnt/extended-home/dzakaaufa/dataset/all_images_captioning/kawung24.jpg,kawung
kawung25.jpg,/mnt/extended-home/dzakaaufa/dataset/all_images_captioning/kawung25.jpg,kawung
kawung26.jpg,/mnt/extended-home/dzakaaufa/dataset/all_images_captioning/kawung26.jpg,kawung
kawung27.jpg,/mnt/extended-home/dzakaaufa/dataset/all_images_captioning/kawung27.jpg,kawung
kawung28.jpg,/mnt/extended-home/dzakaaufa/dataset/all_images_captioning/kawung28.jpg,kawung
kawung29.jpg,/mnt/extended-home/dzakaaufa/dataset/all_images_captioning/kawung29.jpg,kawung
kawung3.jpg,/mnt/extended-home/dzakaaufa/dataset/all_images_captioning/kawung3.jpg,kawung
kawung30.jpg,/mnt/extended-home/dzakaaufa/dataset/all_images_captioning/kawung30.jpg,kawung
kawung31.jpg,/mnt/extended-home/dzakaaufa/dataset/all_images_captioning/kawung31.jpg,kawung
kawung32.jpg,/mnt/extended-home/dzakaaufa/dataset/all_images_captioning/kawung32.jpg,kawung
kawung33.jpg,/mnt/extended-home/dzakaaufa/dataset/all_images_captioning/kawung33.jpg,kawung
kawung34.jpg,/mnt/extended-home/dzakaaufa/dataset/all_images_captioning/kawung34.jpg,kawung
kawung35.jpg,/mnt/extended-home/dzakaaufa/dataset/all_images_captioning/kawung35.jpg,kawung
kawung36.jpg,/mnt/extended-home/dzakaaufa/dataset/all_images_captioning/kawung36.jpg,kawung
kawung37.jpg,/mnt/extended-home/dzakaaufa/dataset/all_images_captioning/kawung37.jpg,kawung
kawung38.jpg,/mnt/extended-home/dzakaaufa/dataset/all_images_captioning/kawung38.jpg,kawung
kawung39.jpg,/mnt/extended-home/dzakaaufa/dataset/all_images_captioning/kawung39.jpg,kawung
kawung4.jpg,/mnt/extended-home/dzakaaufa/dataset/all_images_captioning/kawung4.jpg,kawung
kawung40.jpg,/mnt/extended-home/dzakaaufa/dataset/all_images_captioning/kawung40.jpg,kawung
kawung41.jpg,/mnt/extended-home/dzakaaufa/dataset/all_images_captioning/kawung41.jpg,kawung
kawung42.jpg,/mnt/extended-home/dzakaaufa/dataset/all_images_captioning/kawung42.jpg,kawung
kawung43.jpg,/mnt/extended-home/dzakaaufa/dataset/all_images_captioning/kawung43.jpg,kawung
kawung44.jpg,/mnt/extended-home/dzakaaufa/dataset/all_images_captioning/kawung44.jpg,kawung
kawung45.jpg,/mnt/extended-home/dzakaaufa/dataset/all_images_captioning/kawung45.jpg,kawung
kawung46.jpg,/mnt/extended-home/dzakaaufa/dataset/all_images_captioning/kawung46.jpg,kawung
kawung47.jpg,/mnt/extended-home/dzakaaufa/dataset/all_images_captioning/kawung47.jpg,kawung
kawung48.jpg,/mnt/extended-home/dzakaaufa/dataset/all_images_captioning/kawung48.jpg,kawung
kawung49.jpg,/mnt/extended-home/dzakaaufa/dataset/all_images_captioning/kawung49.jpg,kawung
kawung5.jpg,/mnt/extended-home/dzakaaufa/dataset/all_images_captioning/kawung5.jpg,kawung
kawung50.jpg,/mnt/extended-home/dzakaaufa/dataset/all_images_captioning/kawung50.jpg,kawung
kawung51.jpg,/mnt/extended-home/dzakaaufa/dataset/all_images_captioning/kawung51.jpg,kawung
kawung52.jpg,/mnt/extended-home/dzakaaufa/dataset/all_images_captioning/kawung52.jpg,kawung
kawung53.jpg,/mnt/extended-home/dzakaaufa/dataset/all_images_captioning/kawung53.jpg,kawung
kawung54.jpg,/mnt/extended-home/dzakaaufa/dataset/all_images_captioning/kawung54.jpg,kawung
kawung55.jpg,/mnt/extended-home/dzakaaufa/dataset/all_images_captioning/kawung55.jpg,kawung
kawung56.jpg,/mnt/extended-home/dzakaaufa/dataset/all_images_captioning/kawung56.jpg,kawung
kawung57.jpg,/mnt/extended-home/dzakaaufa/dataset/all_images_captioning/kawung57.jpg,kawung
kawung58.jpg,/mnt/extended-home/dzakaaufa/dataset/all_images_captioning/kawung58.jpg,kawung
kawung59.jpg,/mnt/extended-home/dzakaaufa/dataset/all_images_captioning/kawung59.jpg,kawung
kawung6.jpg,/mnt/extended-home/dzakaaufa/dataset/all_images_captioning/kawung6.jpg,kawung
kawung60.jpg,/mnt/extended-home/dzakaaufa/dataset/all_images_captioning/kawung60.jpg,kawung
kawung61.jpg,/mnt/extended-home/dzakaaufa/dataset/all_images_captioning/kawung61.jpg,kawung
kawung62.jpg,/mnt/extended-home/dzakaaufa/dataset/all_images_captioning/kawung62.jpg,kawung
kawung63.jpg,/mnt/extended-home/dzakaaufa/dataset/all_images_captioning/kawung63.jpg,kawung
kawung64.jpg,/mnt/extended-home/dzakaaufa/dataset/all_images_captioning/kawung64.jpg,kawung
kawung65.jpg,/mnt/extended-home/dzakaaufa/dataset/all_images_captioning/kawung65.jpg,kawung
kawung66.jpg,/mnt/extended-home/dzakaaufa/dataset/all_images_captioning/kawung66.jpg,kawung
kawung67.jpg,/mnt/extended-home/dzakaaufa/dataset/all_images_captioning/kawung67.jpg,kawung
kawung68.jpg,/mnt/extended-home/dzakaaufa/dataset/all_images_captioning/kawung68.jpg,kawung
kawung69.jpg,/mnt/extended-home/dzakaaufa/dataset/all_images_captioning/kawung69.jpg,kawung
kawung7.jpg,/mnt/extended-home/dzakaaufa/dataset/all_images_captioning/kawung7.jpg,kawung
kawung70.jpg,/mnt/extended-home/dzakaaufa/dataset/all_images_captioning/kawung70.jpg,kawung
kawung71.jpg,/mnt/extended-home/dzakaaufa/dataset/all_images_captioning/kawung71.jpg,kawung
kawung72.jpg,/mnt/extended-home/dzakaaufa/dataset/all_images_captioning/kawung72.jpg,kawung
kawung73.jpg,/mnt/extended-home/dzakaaufa/dataset/all_images_captioning/kawung73.jpg,kawung
kawung74.jpg,/mnt/extended-home/dzakaaufa/dataset/all_images_captioning/kawung74.jpg,kawung
kawung75.jpg,/mnt/extended-home/dzakaaufa/dataset/all_images_captioning/kawung75.jpg,kawung
kawung76.jpg,/mnt/extended-home/dzakaaufa/dataset/all_images_captioning/kawung76.jpg,kawung
kawung77.jpg,/mnt/extended-home/dzakaaufa/dataset/all_images_captioning/kawung77.jpg,kawung
kawung78.jpg,/mnt/extended-home/dzakaaufa/dataset/all_images_captioning/kawung78.jpg,kawung
kawung79.jpg,/mnt/extended-home/dzakaaufa/dataset/all_images_captioning/kawung79.jpg,kawung
kawung8.jpg,/mnt/extended-home/dzakaaufa/dataset/all_images_captioning/kawung8.jpg,kawung
kawung80.jpg,/mnt/extended-home/dzakaaufa/dataset/all_images_captioning/kawung80.jpg,kawung
kawung81.jpg,/mnt/extended-home/dzakaaufa/dataset/all_images_captioning/kawung81.jpg,kawung
kawung82.jpg,/mnt/extended-home/dzakaaufa/dataset/all_images_captioning/kawung82.jpg,kawung
kawung83.jpg,/mnt/extended-home/dzakaaufa/dataset/all_images_captioning/kawung83.jpg,kawung
kawung84.jpg,/mnt/extended-home/dzakaaufa/dataset/all_images_captioning/kawung84.jpg,kawung
kawung85.jpg,/mnt/extended-home/dzakaaufa/dataset/all_images_captioning/kawung85.jpg,kawung
kawung86.jpg,/mnt/extended-home/dzakaaufa/dataset/all_images_captioning/kawung86.jpg,kawung
kawung87.jpg,/mnt/extended-home/dzakaaufa/dataset/all_images_captioning/kawung87.jpg,kawung
kawung88.jpg,/mnt/extended-home/dzakaaufa/dataset/all_images_captioning/kawung88.jpg,kawung
kawung89.jpg,/mnt/extended-home/dzakaaufa/dataset/all_images_captioning/kawung89.jpg,kawung
kawung9.jpg,/mnt/extended-home/dzakaaufa/dataset/all_images_captioning/kawung9.jpg,kawung
kawung90.jpg,/mnt/extended-home/dzakaaufa/dataset/all_images_captioning/kawung90.jpg,kawung
kawung91.jpg,/mnt/extended-home/dzakaaufa/dataset/all_images_captioning/kawung91.jpg,kawung
kawung92.jpg,/mnt/extended-home/dzakaaufa/dataset/all_images_captioning/kawung92.jpg,kawung
kawung93.jpg,/mnt/extended-home/dzakaaufa/dataset/all_images_captioning/kawung93.jpg,kawung
kawung94.jpg,/mnt/extended-home/dzakaaufa/dataset/all_images_captioning/kawung94.jpg,kawung
kawung95.jpg,/mnt/extended-home/dzakaaufa/dataset/all_images_captioning/kawung95.jpg,kawung
kawung96.jpg,/mnt/extended-home/dzakaaufa/dataset/all_images_captioning/kawung96.jpg,kawung
kawung97.jpg,/mnt/extended-home/dzakaaufa/dataset/all_images_captioning/kawung97.jpg,kawung
kawung98.jpg,/mnt/extended-home/dzakaaufa/dataset/all_images_captioning/kawung98.jpg,kawung
kawung99.jpg,/mnt/extended-home/dzakaaufa/dataset/all_images_captioning/kawung99.jpg,kawung
wirasat1.jpg,/mnt/extended-home/dzakaaufa/dataset/all_images_captioning/wirasat1.jpg,wirasat
wirasat10.jpg,/mnt/extended-home/dzakaaufa/dataset/all_images_captioning/wirasat10.jpg,wirasat
wirasat100.jpg,/mnt/extended-home/dzakaaufa/dataset/all_images_captioning/wirasat100.jpg,wirasat
wirasat101.jpg,/mnt/extended-home/dzakaaufa/dataset/all_images_captioning/wirasat101.jpg,wirasat
wirasat102.jpg,/mnt/extended-home/dzakaaufa/dataset/all_images_captioning/wirasat102.jpg,wirasat
wirasat103.jpg,/mnt/extended-home/dzakaaufa/dataset/all_images_captioning/wirasat103.jpg,wirasat
wirasat104.jpg,/mnt/extended-home/dzakaaufa/dataset/all_images_captioning/wirasat104.jpg,wirasat
wirasat105.jpg,/mnt/extended-home/dzakaaufa/dataset/all_images_captioning/wirasat105.jpg,wirasat
wirasat106.jpg,/mnt/extended-home/dzakaaufa/dataset/all_images_captioning/wirasat106.jpg,wirasat
wirasat107.jpg,/mnt/extended-home/dzakaaufa/dataset/all_images_captioning/wirasat107.jpg,wirasat
wirasat108.jpg,/mnt/extended-home/dzakaaufa/dataset/all_images_captioning/wirasat108.jpg,wirasat
wirasat109.jpg,/mnt/extended-home/dzakaaufa/dataset/all_images_captioning/wirasat109.jpg,wirasat
wirasat11.jpg,/mnt/extended-home/dzakaaufa/dataset/all_images_captioning/wirasat11.jpg,wirasat
wirasat110.jpg,/mnt/extended-home/dzakaaufa/dataset/all_images_captioning/wirasat110.jpg,wirasat
wirasat111.jpg,/mnt/extended-home/dzakaaufa/dataset/all_images_captioning/wirasat111.jpg,wirasat
wirasat112.jpg,/mnt/extended-home/dzakaaufa/dataset/all_images_captioning/wirasat112.jpg,wirasat
wirasat113.jpg,/mnt/extended-home/dzakaaufa/dataset/all_images_captioning/wirasat113.jpg,wirasat
wirasat114.jpg,/mnt/extended-home/dzakaaufa/dataset/all_images_captioning/wirasat114.jpg,wirasat
wirasat115.jpg,/mnt/extended-home/dzakaaufa/dataset/all_images_captioning/wirasat115.jpg,wirasat
wirasat116.jpg,/mnt/extended-home/dzakaaufa/dataset/all_images_captioning/wirasat116.jpg,wirasat
wirasat117.jpg,/mnt/extended-home/dzakaaufa/dataset/all_images_captioning/wirasat117.jpg,wirasat
wirasat118.jpg,/mnt/extended-home/dzakaaufa/dataset/all_images_captioning/wirasat118.jpg,wirasat
wirasat119.jpg,/mnt/extended-home/dzakaaufa/dataset/all_images_captioning/wirasat119.jpg,wirasat
wirasat12.jpg,/mnt/extended-home/dzakaaufa/dataset/all_images_captioning/wirasat12.jpg,wirasat
wirasat120.jpg,/mnt/extended-home/dzakaaufa/dataset/all_images_captioning/wirasat120.jpg,wirasat
wirasat121.jpg,/mnt/extended-home/dzakaaufa/dataset/all_images_captioning/wirasat121.jpg,wirasat
wirasat122.jpg,/mnt/extended-home/dzakaaufa/dataset/all_images_captioning/wirasat122.jpg,wirasat
wirasat123.jpg,/mnt/extended-home/dzakaaufa/dataset/all_images_captioning/wirasat123.jpg,wirasat
wirasat124.jpg,/mnt/extended-home/dzakaaufa/dataset/all_images_captioning/wirasat124.jpg,wirasat
wirasat125.jpg,/mnt/extended-home/dzakaaufa/dataset/all_images_captioning/wirasat125.jpg,wirasat
wirasat126.jpg,/mnt/extended-home/dzakaaufa/dataset/all_images_captioning/wirasat126.jpg,wirasat
wirasat127.jpg,/mnt/extended-home/dzakaaufa/dataset/all_images_captioning/wirasat127.jpg,wirasat
wirasat128.jpg,/mnt/extended-home/dzakaaufa/dataset/all_images_captioning/wirasat128.jpg,wirasat
wirasat129.jpg,/mnt/extended-home/dzakaaufa/dataset/all_images_captioning/wirasat129.jpg,wirasat
wirasat13.jpg,/mnt/extended-home/dzakaaufa/dataset/all_images_captioning/wirasat13.jpg,wirasat
wirasat130.jpg,/mnt/extended-home/dzakaaufa/dataset/all_images_captioning/wirasat130.jpg,wirasat
wirasat131.jpg,/mnt/extended-home/dzakaaufa/dataset/all_images_captioning/wirasat131.jpg,wirasat
wirasat132.jpg,/mnt/extended-home/dzakaaufa/dataset/all_images_captioning/wirasat132.jpg,wirasat
wirasat133.jpg,/mnt/extended-home/dzakaaufa/dataset/all_images_captioning/wirasat133.jpg,wirasat
wirasat134.jpg,/mnt/extended-home/dzakaaufa/dataset/all_images_captioning/wirasat134.jpg,wirasat
wirasat135.jpg,/mnt/extended-home/dzakaaufa/dataset/all_images_captioning/wirasat135.jpg,wirasat
wirasat136.jpg,/mnt/extended-home/dzakaaufa/dataset/all_images_captioning/wirasat136.jpg,wirasat
wirasat137.jpg,/mnt/extended-home/dzakaaufa/dataset/all_images_captioning/wirasat137.jpg,wirasat
wirasat138.jpg,/mnt/extended-home/dzakaaufa/dataset/all_images_captioning/wirasat138.jpg,wirasat
wirasat139.jpg,/mnt/extended-home/dzakaaufa/dataset/all_images_captioning/wirasat139.jpg,wirasat
wirasat14.jpg,/mnt/extended-home/dzakaaufa/dataset/all_images_captioning/wirasat14.jpg,wirasat
wirasat140.jpg,/mnt/extended-home/dzakaaufa/dataset/all_images_captioning/wirasat140.jpg,wirasat
wirasat141.jpg,/mnt/extended-home/dzakaaufa/dataset/all_images_captioning/wirasat141.jpg,wirasat
wirasat142.jpg,/mnt/extended-home/dzakaaufa/dataset/all_images_captioning/wirasat142.jpg,wirasat
wirasat143.jpg,/mnt/extended-home/dzakaaufa/dataset/all_images_captioning/wirasat143.jpg,wirasat
wirasat144.jpg,/mnt/extended-home/dzakaaufa/dataset/all_images_captioning/wirasat144.jpg,wirasat
wirasat145.jpg,/mnt/extended-home/dzakaaufa/dataset/all_images_captioning/wirasat145.jpg,wirasat
wirasat146.jpg,/mnt/extended-home/dzakaaufa/dataset/all_images_captioning/wirasat146.jpg,wirasat
wirasat147.jpg,/mnt/extended-home/dzakaaufa/dataset/all_images_captioning/wirasat147.jpg,wirasat
wirasat148.jpg,/mnt/extended-home/dzakaaufa/dataset/all_images_captioning/wirasat148.jpg,wirasat
wirasat149.jpg,/mnt/extended-home/dzakaaufa/dataset/all_images_captioning/wirasat149.jpg,wirasat
wirasat15.jpg,/mnt/extended-home/dzakaaufa/dataset/all_images_captioning/wirasat15.jpg,wirasat
wirasat150.jpg,/mnt/extended-home/dzakaaufa/dataset/all_images_captioning/wirasat150.jpg,wirasat
wirasat16.jpg,/mnt/extended-home/dzakaaufa/dataset/all_images_captioning/wirasat16.jpg,wirasat
wirasat17.jpg,/mnt/extended-home/dzakaaufa/dataset/all_images_captioning/wirasat17.jpg,wirasat
wirasat18.jpg,/mnt/extended-home/dzakaaufa/dataset/all_images_captioning/wirasat18.jpg,wirasat
wirasat19.jpg,/mnt/extended-home/dzakaaufa/dataset/all_images_captioning/wirasat19.jpg,wirasat
wirasat2.jpg,/mnt/extended-home/dzakaaufa/dataset/all_images_captioning/wirasat2.jpg,wirasat
wirasat20.jpg,/mnt/extended-home/dzakaaufa/dataset/all_images_captioning/wirasat20.jpg,wirasat
wirasat21.jpg,/mnt/extended-home/dzakaaufa/dataset/all_images_captioning/wirasat21.jpg,wirasat
wirasat22.jpg,/mnt/extended-home/dzakaaufa/dataset/all_images_captioning/wirasat22.jpg,wirasat
wirasat23.jpg,/mnt/extended-home/dzakaaufa/dataset/all_images_captioning/wirasat23.jpg,wirasat
wirasat24.jpg,/mnt/extended-home/dzakaaufa/dataset/all_images_captioning/wirasat24.jpg,wirasat
wirasat25.jpg,/mnt/extended-home/dzakaaufa/dataset/all_images_captioning/wirasat25.jpg,wirasat
wirasat26.jpg,/mnt/extended-home/dzakaaufa/dataset/all_images_captioning/wirasat26.jpg,wirasat
wirasat27.jpg,/mnt/extended-home/dzakaaufa/dataset/all_images_captioning/wirasat27.jpg,wirasat
wirasat28.jpg,/mnt/extended-home/dzakaaufa/dataset/all_images_captioning/wirasat28.jpg,wirasat
wirasat29.jpg,/mnt/extended-home/dzakaaufa/dataset/all_images_captioning/wirasat29.jpg,wirasat
wirasat3.jpg,/mnt/extended-home/dzakaaufa/dataset/all_images_captioning/wirasat3.jpg,wirasat
wirasat30.jpg,/mnt/extended-home/dzakaaufa/dataset/all_images_captioning/wirasat30.jpg,wirasat
wirasat31.jpg,/mnt/extended-home/dzakaaufa/dataset/all_images_captioning/wirasat31.jpg,wirasat
wirasat32.jpg,/mnt/extended-home/dzakaaufa/dataset/all_images_captioning/wirasat32.jpg,wirasat
wirasat33.jpg,/mnt/extended-home/dzakaaufa/dataset/all_images_captioning/wirasat33.jpg,wirasat
wirasat34.jpg,/mnt/extended-home/dzakaaufa/dataset/all_images_captioning/wirasat34.jpg,wirasat
wirasat35.jpg,/mnt/extended-home/dzakaaufa/dataset/all_images_captioning/wirasat35.jpg,wirasat
wirasat36.jpg,/mnt/extended-home/dzakaaufa/dataset/all_images_captioning/wirasat36.jpg,wirasat
wirasat37.jpg,/mnt/extended-home/dzakaaufa/dataset/all_images_captioning/wirasat37.jpg,wirasat
wirasat38.jpg,/mnt/extended-home/dzakaaufa/dataset/all_images_captioning/wirasat38.jpg,wirasat
wirasat39.jpg,/mnt/extended-home/dzakaaufa/dataset/all_images_captioning/wirasat39.jpg,wirasat
wirasat4.jpg,/mnt/extended-home/dzakaaufa/dataset/all_images_captioning/wirasat4.jpg,wirasat
wirasat40.jpg,/mnt/extended-home/dzakaaufa/dataset/all_images_captioning/wirasat40.jpg,wirasat
wirasat41.jpg,/mnt/extended-home/dzakaaufa/dataset/all_images_captioning/wirasat41.jpg,wirasat
wirasat42.jpg,/mnt/extended-home/dzakaaufa/dataset/all_images_captioning/wirasat42.jpg,wirasat
wirasat43.jpg,/mnt/extended-home/dzakaaufa/dataset/all_images_captioning/wirasat43.jpg,wirasat
wirasat44.jpg,/mnt/extended-home/dzakaaufa/dataset/all_images_captioning/wirasat44.jpg,wirasat
wirasat45.jpg,/mnt/extended-home/dzakaaufa/dataset/all_images_captioning/wirasat45.jpg,wirasat
wirasat46.jpg,/mnt/extended-home/dzakaaufa/dataset/all_images_captioning/wirasat46.jpg,wirasat
wirasat47.jpg,/mnt/extended-home/dzakaaufa/dataset/all_images_captioning/wirasat47.jpg,wirasat
wirasat48.jpg,/mnt/extended-home/dzakaaufa/dataset/all_images_captioning/wirasat48.jpg,wirasat
wirasat49.jpg,/mnt/extended-home/dzakaaufa/dataset/all_images_captioning/wirasat49.jpg,wirasat
wirasat5.jpg,/mnt/extended-home/dzakaaufa/dataset/all_images_captioning/wirasat5.jpg,wirasat
wirasat50.jpg,/mnt/extended-home/dzakaaufa/dataset/all_images_captioning/wirasat50.jpg,wirasat
wirasat51.jpg,/mnt/extended-home/dzakaaufa/dataset/all_images_captioning/wirasat51.jpg,wirasat
wirasat52.jpg,/mnt/extended-home/dzakaaufa/dataset/all_images_captioning/wirasat52.jpg,wirasat
wirasat53.jpg,/mnt/extended-home/dzakaaufa/dataset/all_images_captioning/wirasat53.jpg,wirasat
wirasat54.jpg,/mnt/extended-home/dzakaaufa/dataset/all_images_captioning/wirasat54.jpg,wirasat
wirasat55.jpg,/mnt/extended-home/dzakaaufa/dataset/all_images_captioning/wirasat55.jpg,wirasat
wirasat56.jpg,/mnt/extended-home/dzakaaufa/dataset/all_images_captioning/wirasat56.jpg,wirasat
wirasat57.jpg,/mnt/extended-home/dzakaaufa/dataset/all_images_captioning/wirasat57.jpg,wirasat
wirasat58.jpg,/mnt/extended-home/dzakaaufa/dataset/all_images_captioning/wirasat58.jpg,wirasat
wirasat59.jpg,/mnt/extended-home/dzakaaufa/dataset/all_images_captioning/wirasat59.jpg,wirasat
wirasat6.jpg,/mnt/extended-home/dzakaaufa/dataset/all_images_captioning/wirasat6.jpg,wirasat
wirasat60.jpg,/mnt/extended-home/dzakaaufa/dataset/all_images_captioning/wirasat60.jpg,wirasat
wirasat61.jpg,/mnt/extended-home/dzakaaufa/dataset/all_images_captioning/wirasat61.jpg,wirasat
wirasat62.jpg,/mnt/extended-home/dzakaaufa/dataset/all_images_captioning/wirasat62.jpg,wirasat
wirasat63.jpg,/mnt/extended-home/dzakaaufa/dataset/all_images_captioning/wirasat63.jpg,wirasat
wirasat64.jpg,/mnt/extended-home/dzakaaufa/dataset/all_images_captioning/wirasat64.jpg,wirasat
wirasat65.jpg,/mnt/extended-home/dzakaaufa/dataset/all_images_captioning/wirasat65.jpg,wirasat
wirasat66.jpg,/mnt/extended-home/dzakaaufa/dataset/all_images_captioning/wirasat66.jpg,wirasat
wirasat67.jpg,/mnt/extended-home/dzakaaufa/dataset/all_images_captioning/wirasat67.jpg,wirasat
wirasat68.jpg,/mnt/extended-home/dzakaaufa/dataset/all_images_captioning/wirasat68.jpg,wirasat
wirasat69.jpg,/mnt/extended-home/dzakaaufa/dataset/all_images_captioning/wirasat69.jpg,wirasat
wirasat7.jpg,/mnt/extended-home/dzakaaufa/dataset/all_images_captioning/wirasat7.jpg,wirasat
wirasat70.jpg,/mnt/extended-home/dzakaaufa/dataset/all_images_captioning/wirasat70.jpg,wirasat
wirasat71.jpg,/mnt/extended-home/dzakaaufa/dataset/all_images_captioning/wirasat71.jpg,wirasat
wirasat72.jpg,/mnt/extended-home/dzakaaufa/dataset/all_images_captioning/wirasat72.jpg,wirasat
wirasat73.jpg,/mnt/extended-home/dzakaaufa/dataset/all_images_captioning/wirasat73.jpg,wirasat
wirasat74.jpg,/mnt/extended-home/dzakaaufa/dataset/all_images_captioning/wirasat74.jpg,wirasat
wirasat75.jpg,/mnt/extended-home/dzakaaufa/dataset/all_images_captioning/wirasat75.jpg,wirasat
wirasat76.jpg,/mnt/extended-home/dzakaaufa/dataset/all_images_captioning/wirasat76.jpg,wirasat
wirasat77.jpg,/mnt/extended-home/dzakaaufa/dataset/all_images_captioning/wirasat77.jpg,wirasat
wirasat78.jpg,/mnt/extended-home/dzakaaufa/dataset/all_images_captioning/wirasat78.jpg,wirasat
wirasat79.jpg,/mnt/extended-home/dzakaaufa/dataset/all_images_captioning/wirasat79.jpg,wirasat
wirasat8.jpg,/mnt/extended-home/dzakaaufa/dataset/all_images_captioning/wirasat8.jpg,wirasat
wirasat80.jpg,/mnt/extended-home/dzakaaufa/dataset/all_images_captioning/wirasat80.jpg,wirasat
wirasat81.jpg,/mnt/extended-home/dzakaaufa/dataset/all_images_captioning/wirasat81.jpg,wirasat
wirasat82.jpg,/mnt/extended-home/dzakaaufa/dataset/all_images_captioning/wirasat82.jpg,wirasat
wirasat83.jpg,/mnt/extended-home/dzakaaufa/dataset/all_images_captioning/wirasat83.jpg,wirasat
wirasat84.jpg,/mnt/extended-home/dzakaaufa/dataset/all_images_captioning/wirasat84.jpg,wirasat
wirasat85.jpg,/mnt/extended-home/dzakaaufa/dataset/all_images_captioning/wirasat85.jpg,wirasat
wirasat86.jpg,/mnt/extended-home/dzakaaufa/dataset/all_images_captioning/wirasat86.jpg,wirasat
wirasat87.jpg,/mnt/extended-home/dzakaaufa/dataset/all_images_captioning/wirasat87.jpg,wirasat
wirasat88.jpg,/mnt/extended-home/dzakaaufa/dataset/all_images_captioning/wirasat88.jpg,wirasat
wirasat89.jpg,/mnt/extended-home/dzakaaufa/dataset/all_images_captioning/wirasat89.jpg,wirasat
wirasat9.jpg,/mnt/extended-home/dzakaaufa/dataset/all_images_captioning/wirasat9.jpg,wirasat
wirasat90.jpg,/mnt/extended-home/dzakaaufa/dataset/all_images_captioning/wirasat90.jpg,wirasat
wirasat91.jpg,/mnt/extended-home/dzakaaufa/dataset/all_images_captioning/wirasat91.jpg,wirasat
wirasat92.jpg,/mnt/extended-home/dzakaaufa/dataset/all_images_captioning/wirasat92.jpg,wirasat
wirasat93.jpg,/mnt/extended-home/dzakaaufa/dataset/all_images_captioning/wirasat93.jpg,wirasat
wirasat94.jpg,/mnt/extended-home/dzakaaufa/dataset/all_images_captioning/wirasat94.jpg,wirasat
wirasat95.jpg,/mnt/extended-home/dzakaaufa/dataset/all_images_captioning/wirasat95.jpg,wirasat
wirasat96.jpg,/mnt/extended-home/dzakaaufa/dataset/all_images_captioning/wirasat96.jpg,wirasat
wirasat97.jpg,/mnt/extended-home/dzakaaufa/dataset/all_images_captioning/wirasat97.jpg,wirasat
wirasat98.jpg,/mnt/extended-home/dzakaaufa/dataset/all_images_captioning/wirasat98.jpg,wirasat
wirasat99.jpg,/mnt/extended-home/dzakaaufa/dataset/all_images_captioning/wirasat99.jpg,wirasat
mega_mendung1.jpg,/mnt/extended-home/dzakaaufa/dataset/all_images_captioning/mega_mendung1.jpg,mega_mendung
mega_mendung10.jpg,/mnt/extended-home/dzakaaufa/dataset/all_images_captioning/mega_mendung10.jpg,mega_mendung
mega_mendung100.jpg,/mnt/extended-home/dzakaaufa/dataset/all_images_captioning/mega_mendung100.jpg,mega_mendung
mega_mendung101.jpg,/mnt/extended-home/dzakaaufa/dataset/all_images_captioning/mega_mendung101.jpg,mega_mendung
mega_mendung102.jpg,/mnt/extended-home/dzakaaufa/dataset/all_images_captioning/mega_mendung102.jpg,mega_mendung
mega_mendung103.jpg,/mnt/extended-home/dzakaaufa/dataset/all_images_captioning/mega_mendung103.jpg,mega_mendung
mega_mendung104.jpg,/mnt/extended-home/dzakaaufa/dataset/all_images_captioning/mega_mendung104.jpg,mega_mendung
mega_mendung105.jpg,/mnt/extended-home/dzakaaufa/dataset/all_images_captioning/mega_mendung105.jpg,mega_mendung
mega_mendung106.jpg,/mnt/extended-home/dzakaaufa/dataset/all_images_captioning/mega_mendung106.jpg,mega_mendung
mega_mendung107.jpg,/mnt/extended-home/dzakaaufa/dataset/all_images_captioning/mega_mendung107.jpg,mega_mendung
mega_mendung108.jpeg,/mnt/extended-home/dzakaaufa/dataset/all_images_captioning/mega_mendung108.jpeg,mega_mendung
mega_mendung109.jpeg,/mnt/extended-home/dzakaaufa/dataset/all_images_captioning/mega_mendung109.jpeg,mega_mendung
mega_mendung11.jpg,/mnt/extended-home/dzakaaufa/dataset/all_images_captioning/mega_mendung11.jpg,mega_mendung
mega_mendung110.jpeg,/mnt/extended-home/dzakaaufa/dataset/all_images_captioning/mega_mendung110.jpeg,mega_mendung
mega_mendung111.jpeg,/mnt/extended-home/dzakaaufa/dataset/all_images_captioning/mega_mendung111.jpeg,mega_mendung
mega_mendung112.jpg,/mnt/extended-home/dzakaaufa/dataset/all_images_captioning/mega_mendung112.jpg,mega_mendung
mega_mendung113.jpg,/mnt/extended-home/dzakaaufa/dataset/all_images_captioning/mega_mendung113.jpg,mega_mendung
mega_mendung114.jpg,/mnt/extended-home/dzakaaufa/dataset/all_images_captioning/mega_mendung114.jpg,mega_mendung
mega_mendung115.jpg,/mnt/extended-home/dzakaaufa/dataset/all_images_captioning/mega_mendung115.jpg,mega_mendung
mega_mendung116.jpg,/mnt/extended-home/dzakaaufa/dataset/all_images_captioning/mega_mendung116.jpg,mega_mendung
mega_mendung117.png,/mnt/extended-home/dzakaaufa/dataset/all_images_captioning/mega_mendung117.png,mega_mendung
mega_mendung118.jpg,/mnt/extended-home/dzakaaufa/dataset/all_images_captioning/mega_mendung118.jpg,mega_mendung
mega_mendung119.png,/mnt/extended-home/dzakaaufa/dataset/all_images_captioning/mega_mendung119.png,mega_mendung
mega_mendung12.jpeg,/mnt/extended-home/dzakaaufa/dataset/all_images_captioning/mega_mendung12.jpeg,mega_mendung
mega_mendung120.jpg,/mnt/extended-home/dzakaaufa/dataset/all_images_captioning/mega_mendung120.jpg,mega_mendung
mega_mendung121.jpg,/mnt/extended-home/dzakaaufa/dataset/all_images_captioning/mega_mendung121.jpg,mega_mendung
mega_mendung122.jpg,/mnt/extended-home/dzakaaufa/dataset/all_images_captioning/mega_mendung122.jpg,mega_mendung
mega_mendung123.jpg,/mnt/extended-home/dzakaaufa/dataset/all_images_captioning/mega_mendung123.jpg,mega_mendung
mega_mendung124.jpg,/mnt/extended-home/dzakaaufa/dataset/all_images_captioning/mega_mendung124.jpg,mega_mendung
mega_mendung125.jpg,/mnt/extended-home/dzakaaufa/dataset/all_images_captioning/mega_mendung125.jpg,mega_mendung
mega_mendung126.jpg,/mnt/extended-home/dzakaaufa/dataset/all_images_captioning/mega_mendung126.jpg,mega_mendung
mega_mendung127.jpg,/mnt/extended-home/dzakaaufa/dataset/all_images_captioning/mega_mendung127.jpg,mega_mendung
mega_mendung128.jpg,/mnt/extended-home/dzakaaufa/dataset/all_images_captioning/mega_mendung128.jpg,mega_mendung
mega_mendung129.jpg,/mnt/extended-home/dzakaaufa/dataset/all_images_captioning/mega_mendung129.jpg,mega_mendung
mega_mendung13.jpg,/mnt/extended-home/dzakaaufa/dataset/all_images_captioning/mega_mendung13.jpg,mega_mendung
mega_mendung130.png,/mnt/extended-home/dzakaaufa/dataset/all_images_captioning/mega_mendung130.png,mega_mendung
mega_mendung131.jpg,/mnt/extended-home/dzakaaufa/dataset/all_images_captioning/mega_mendung131.jpg,mega_mendung
mega_mendung132.png,/mnt/extended-home/dzakaaufa/dataset/all_images_captioning/mega_mendung132.png,mega_mendung
mega_mendung133.jpg,/mnt/extended-home/dzakaaufa/dataset/all_images_captioning/mega_mendung133.jpg,mega_mendung
mega_mendung134.jpeg,/mnt/extended-home/dzakaaufa/dataset/all_images_captioning/mega_mendung134.jpeg,mega_mendung
mega_mendung135.jpg,/mnt/extended-home/dzakaaufa/dataset/all_images_captioning/mega_mendung135.jpg,mega_mendung
mega_mendung136.jpg,/mnt/extended-home/dzakaaufa/dataset/all_images_captioning/mega_mendung136.jpg,mega_mendung
mega_mendung137.jpg,/mnt/extended-home/dzakaaufa/dataset/all_images_captioning/mega_mendung137.jpg,mega_mendung
mega_mendung138.jpg,/mnt/extended-home/dzakaaufa/dataset/all_images_captioning/mega_mendung138.jpg,mega_mendung
mega_mendung139.jpg,/mnt/extended-home/dzakaaufa/dataset/all_images_captioning/mega_mendung139.jpg,mega_mendung
mega_mendung14.jpg,/mnt/extended-home/dzakaaufa/dataset/all_images_captioning/mega_mendung14.jpg,mega_mendung
mega_mendung140.jpg,/mnt/extended-home/dzakaaufa/dataset/all_images_captioning/mega_mendung140.jpg,mega_mendung
mega_mendung141.jpg,/mnt/extended-home/dzakaaufa/dataset/all_images_captioning/mega_mendung141.jpg,mega_mendung
mega_mendung142.jpg,/mnt/extended-home/dzakaaufa/dataset/all_images_captioning/mega_mendung142.jpg,mega_mendung
mega_mendung143.jpg,/mnt/extended-home/dzakaaufa/dataset/all_images_captioning/mega_mendung143.jpg,mega_mendung
mega_mendung144.jpg,/mnt/extended-home/dzakaaufa/dataset/all_images_captioning/mega_mendung144.jpg,mega_mendung
mega_mendung145.jpg,/mnt/extended-home/dzakaaufa/dataset/all_images_captioning/mega_mendung145.jpg,mega_mendung
mega_mendung146.jpg,/mnt/extended-home/dzakaaufa/dataset/all_images_captioning/mega_mendung146.jpg,mega_mendung
mega_mendung147.jpg,/mnt/extended-home/dzakaaufa/dataset/all_images_captioning/mega_mendung147.jpg,mega_mendung
mega_mendung148.jpg,/mnt/extended-home/dzakaaufa/dataset/all_images_captioning/mega_mendung148.jpg,mega_mendung
mega_mendung149.jpg,/mnt/extended-home/dzakaaufa/dataset/all_images_captioning/mega_mendung149.jpg,mega_mendung
mega_mendung15.jpg,/mnt/extended-home/dzakaaufa/dataset/all_images_captioning/mega_mendung15.jpg,mega_mendung
mega_mendung150.jpeg,/mnt/extended-home/dzakaaufa/dataset/all_images_captioning/mega_mendung150.jpeg,mega_mendung
mega_mendung16.jpg,/mnt/extended-home/dzakaaufa/dataset/all_images_captioning/mega_mendung16.jpg,mega_mendung
mega_mendung17.jpg,/mnt/extended-home/dzakaaufa/dataset/all_images_captioning/mega_mendung17.jpg,mega_mendung
mega_mendung18.jpg,/mnt/extended-home/dzakaaufa/dataset/all_images_captioning/mega_mendung18.jpg,mega_mendung
mega_mendung19.jpg,/mnt/extended-home/dzakaaufa/dataset/all_images_captioning/mega_mendung19.jpg,mega_mendung
mega_mendung2.jpg,/mnt/extended-home/dzakaaufa/dataset/all_images_captioning/mega_mendung2.jpg,mega_mendung
mega_mendung20.jpg,/mnt/extended-home/dzakaaufa/dataset/all_images_captioning/mega_mendung20.jpg,mega_mendung
mega_mendung21.jpg,/mnt/extended-home/dzakaaufa/dataset/all_images_captioning/mega_mendung21.jpg,mega_mendung
mega_mendung22.jpg,/mnt/extended-home/dzakaaufa/dataset/all_images_captioning/mega_mendung22.jpg,mega_mendung
mega_mendung23.jpg,/mnt/extended-home/dzakaaufa/dataset/all_images_captioning/mega_mendung23.jpg,mega_mendung
mega_mendung24.jpg,/mnt/extended-home/dzakaaufa/dataset/all_images_captioning/mega_mendung24.jpg,mega_mendung
mega_mendung25.jpg,/mnt/extended-home/dzakaaufa/dataset/all_images_captioning/mega_mendung25.jpg,mega_mendung
mega_mendung26.jpg,/mnt/extended-home/dzakaaufa/dataset/all_images_captioning/mega_mendung26.jpg,mega_mendung
mega_mendung27.jpg,/mnt/extended-home/dzakaaufa/dataset/all_images_captioning/mega_mendung27.jpg,mega_mendung
mega_mendung28.jpg,/mnt/extended-home/dzakaaufa/dataset/all_images_captioning/mega_mendung28.jpg,mega_mendung
mega_mendung29.jpg,/mnt/extended-home/dzakaaufa/dataset/all_images_captioning/mega_mendung29.jpg,mega_mendung
mega_mendung3.jpg,/mnt/extended-home/dzakaaufa/dataset/all_images_captioning/mega_mendung3.jpg,mega_mendung
mega_mendung30.jpg,/mnt/extended-home/dzakaaufa/dataset/all_images_captioning/mega_mendung30.jpg,mega_mendung
mega_mendung31.jpg,/mnt/extended-home/dzakaaufa/dataset/all_images_captioning/mega_mendung31.jpg,mega_mendung
mega_mendung32.jpg,/mnt/extended-home/dzakaaufa/dataset/all_images_captioning/mega_mendung32.jpg,mega_mendung
mega_mendung33.jpg,/mnt/extended-home/dzakaaufa/dataset/all_images_captioning/mega_mendung33.jpg,mega_mendung
mega_mendung34.jpg,/mnt/extended-home/dzakaaufa/dataset/all_images_captioning/mega_mendung34.jpg,mega_mendung
mega_mendung35.jpg,/mnt/extended-home/dzakaaufa/dataset/all_images_captioning/mega_mendung35.jpg,mega_mendung
mega_mendung36.jpg,/mnt/extended-home/dzakaaufa/dataset/all_images_captioning/mega_mendung36.jpg,mega_mendung
mega_mendung37.jpg,/mnt/extended-home/dzakaaufa/dataset/all_images_captioning/mega_mendung37.jpg,mega_mendung
mega_mendung38.jpg,/mnt/extended-home/dzakaaufa/dataset/all_images_captioning/mega_mendung38.jpg,mega_mendung
mega_mendung39.png,/mnt/extended-home/dzakaaufa/dataset/all_images_captioning/mega_mendung39.png,mega_mendung
mega_mendung4.jpg,/mnt/extended-home/dzakaaufa/dataset/all_images_captioning/mega_mendung4.jpg,mega_mendung
mega_mendung40.jpg,/mnt/extended-home/dzakaaufa/dataset/all_images_captioning/mega_mendung40.jpg,mega_mendung
mega_mendung41.jpg,/mnt/extended-home/dzakaaufa/dataset/all_images_captioning/mega_mendung41.jpg,mega_mendung
mega_mendung42.jpg,/mnt/extended-home/dzakaaufa/dataset/all_images_captioning/mega_mendung42.jpg,mega_mendung
mega_mendung43.jpg,/mnt/extended-home/dzakaaufa/dataset/all_images_captioning/mega_mendung43.jpg,mega_mendung
mega_mendung44.jpg,/mnt/extended-home/dzakaaufa/dataset/all_images_captioning/mega_mendung44.jpg,mega_mendung
mega_mendung45.png,/mnt/extended-home/dzakaaufa/dataset/all_images_captioning/mega_mendung45.png,mega_mendung
mega_mendung46.jpg,/mnt/extended-home/dzakaaufa/dataset/all_images_captioning/mega_mendung46.jpg,mega_mendung
mega_mendung47.jpg,/mnt/extended-home/dzakaaufa/dataset/all_images_captioning/mega_mendung47.jpg,mega_mendung
mega_mendung48.jpg,/mnt/extended-home/dzakaaufa/dataset/all_images_captioning/mega_mendung48.jpg,mega_mendung
mega_mendung49.jpg,/mnt/extended-home/dzakaaufa/dataset/all_images_captioning/mega_mendung49.jpg,mega_mendung
mega_mendung5.jpg,/mnt/extended-home/dzakaaufa/dataset/all_images_captioning/mega_mendung5.jpg,mega_mendung
mega_mendung50.jpg,/mnt/extended-home/dzakaaufa/dataset/all_images_captioning/mega_mendung50.jpg,mega_mendung
mega_mendung51.jpg,/mnt/extended-home/dzakaaufa/dataset/all_images_captioning/mega_mendung51.jpg,mega_mendung
mega_mendung52.jpg,/mnt/extended-home/dzakaaufa/dataset/all_images_captioning/mega_mendung52.jpg,mega_mendung
mega_mendung53.jpg,/mnt/extended-home/dzakaaufa/dataset/all_images_captioning/mega_mendung53.jpg,mega_mendung
mega_mendung54.jpg,/mnt/extended-home/dzakaaufa/dataset/all_images_captioning/mega_mendung54.jpg,mega_mendung
mega_mendung55.jpg,/mnt/extended-home/dzakaaufa/dataset/all_images_captioning/mega_mendung55.jpg,mega_mendung
mega_mendung56.jpg,/mnt/extended-home/dzakaaufa/dataset/all_images_captioning/mega_mendung56.jpg,mega_mendung
mega_mendung57.png,/mnt/extended-home/dzakaaufa/dataset/all_images_captioning/mega_mendung57.png,mega_mendung
mega_mendung58.jpg,/mnt/extended-home/dzakaaufa/dataset/all_images_captioning/mega_mendung58.jpg,mega_mendung
mega_mendung59.jpg,/mnt/extended-home/dzakaaufa/dataset/all_images_captioning/mega_mendung59.jpg,mega_mendung
mega_mendung6.png,/mnt/extended-home/dzakaaufa/dataset/all_images_captioning/mega_mendung6.png,mega_mendung
mega_mendung60.jpg,/mnt/extended-home/dzakaaufa/dataset/all_images_captioning/mega_mendung60.jpg,mega_mendung
mega_mendung61.jpg,/mnt/extended-home/dzakaaufa/dataset/all_images_captioning/mega_mendung61.jpg,mega_mendung
mega_mendung62.png,/mnt/extended-home/dzakaaufa/dataset/all_images_captioning/mega_mendung62.png,mega_mendung
mega_mendung63.jpg,/mnt/extended-home/dzakaaufa/dataset/all_images_captioning/mega_mendung63.jpg,mega_mendung
mega_mendung64.jpg,/mnt/extended-home/dzakaaufa/dataset/all_images_captioning/mega_mendung64.jpg,mega_mendung
mega_mendung65.jpg,/mnt/extended-home/dzakaaufa/dataset/all_images_captioning/mega_mendung65.jpg,mega_mendung
mega_mendung66.jpg,/mnt/extended-home/dzakaaufa/dataset/all_images_captioning/mega_mendung66.jpg,mega_mendung
mega_mendung67.jpg,/mnt/extended-home/dzakaaufa/dataset/all_images_captioning/mega_mendung67.jpg,mega_mendung
mega_mendung68.jpg,/mnt/extended-home/dzakaaufa/dataset/all_images_captioning/mega_mendung68.jpg,mega_mendung
mega_mendung69.jpg,/mnt/extended-home/dzakaaufa/dataset/all_images_captioning/mega_mendung69.jpg,mega_mendung
mega_mendung7.jpg,/mnt/extended-home/dzakaaufa/dataset/all_images_captioning/mega_mendung7.jpg,mega_mendung
mega_mendung70.jpg,/mnt/extended-home/dzakaaufa/dataset/all_images_captioning/mega_mendung70.jpg,mega_mendung
mega_mendung71.jpg,/mnt/extended-home/dzakaaufa/dataset/all_images_captioning/mega_mendung71.jpg,mega_mendung
mega_mendung72.png,/mnt/extended-home/dzakaaufa/dataset/all_images_captioning/mega_mendung72.png,mega_mendung
mega_mendung73.jpg,/mnt/extended-home/dzakaaufa/dataset/all_images_captioning/mega_mendung73.jpg,mega_mendung
mega_mendung74.jpg,/mnt/extended-home/dzakaaufa/dataset/all_images_captioning/mega_mendung74.jpg,mega_mendung
mega_mendung75.jpg,/mnt/extended-home/dzakaaufa/dataset/all_images_captioning/mega_mendung75.jpg,mega_mendung
mega_mendung76.jpg,/mnt/extended-home/dzakaaufa/dataset/all_images_captioning/mega_mendung76.jpg,mega_mendung
mega_mendung77.jpg,/mnt/extended-home/dzakaaufa/dataset/all_images_captioning/mega_mendung77.jpg,mega_mendung
mega_mendung78.jpg,/mnt/extended-home/dzakaaufa/dataset/all_images_captioning/mega_mendung78.jpg,mega_mendung
mega_mendung79.jpg,/mnt/extended-home/dzakaaufa/dataset/all_images_captioning/mega_mendung79.jpg,mega_mendung
mega_mendung8.jpg,/mnt/extended-home/dzakaaufa/dataset/all_images_captioning/mega_mendung8.jpg,mega_mendung
mega_mendung80.png,/mnt/extended-home/dzakaaufa/dataset/all_images_captioning/mega_mendung80.png,mega_mendung
mega_mendung81.jpg,/mnt/extended-home/dzakaaufa/dataset/all_images_captioning/mega_mendung81.jpg,mega_mendung
mega_mendung82.jpg,/mnt/extended-home/dzakaaufa/dataset/all_images_captioning/mega_mendung82.jpg,mega_mendung
mega_mendung83.jpg,/mnt/extended-home/dzakaaufa/dataset/all_images_captioning/mega_mendung83.jpg,mega_mendung
mega_mendung84.jpg,/mnt/extended-home/dzakaaufa/dataset/all_images_captioning/mega_mendung84.jpg,mega_mendung
mega_mendung85.jpg,/mnt/extended-home/dzakaaufa/dataset/all_images_captioning/mega_mendung85.jpg,mega_mendung
mega_mendung86.jpg,/mnt/extended-home/dzakaaufa/dataset/all_images_captioning/mega_mendung86.jpg,mega_mendung
mega_mendung87.jpg,/mnt/extended-home/dzakaaufa/dataset/all_images_captioning/mega_mendung87.jpg,mega_mendung
mega_mendung88.jpg,/mnt/extended-home/dzakaaufa/dataset/all_images_captioning/mega_mendung88.jpg,mega_mendung
mega_mendung89.jpg,/mnt/extended-home/dzakaaufa/dataset/all_images_captioning/mega_mendung89.jpg,mega_mendung
mega_mendung9.png,/mnt/extended-home/dzakaaufa/dataset/all_images_captioning/mega_mendung9.png,mega_mendung
mega_mendung90.jpg,/mnt/extended-home/dzakaaufa/dataset/all_images_captioning/mega_mendung90.jpg,mega_mendung
mega_mendung91.jpg,/mnt/extended-home/dzakaaufa/dataset/all_images_captioning/mega_mendung91.jpg,mega_mendung
mega_mendung92.jpg,/mnt/extended-home/dzakaaufa/dataset/all_images_captioning/mega_mendung92.jpg,mega_mendung
mega_mendung93.png,/mnt/extended-home/dzakaaufa/dataset/all_images_captioning/mega_mendung93.png,mega_mendung
mega_mendung94.jpg,/mnt/extended-home/dzakaaufa/dataset/all_images_captioning/mega_mendung94.jpg,mega_mendung
mega_mendung95.jpg,/mnt/extended-home/dzakaaufa/dataset/all_images_captioning/mega_mendung95.jpg,mega_mendung
mega_mendung96.jpg,/mnt/extended-home/dzakaaufa/dataset/all_images_captioning/mega_mendung96.jpg,mega_mendung
mega_mendung97.jpg,/mnt/extended-home/dzakaaufa/dataset/all_images_captioning/mega_mendung97.jpg,mega_mendung
mega_mendung98.jpg,/mnt/extended-home/dzakaaufa/dataset/all_images_captioning/mega_mendung98.jpg,mega_mendung
mega_mendung99.jpg,/mnt/extended-home/dzakaaufa/dataset/all_images_captioning/mega_mendung99.jpg,mega_mendung
tuntrum1.jpg,/mnt/extended-home/dzakaaufa/dataset/all_images_captioning/tuntrum1.jpg,tuntrum
tuntrum10.jpg,/mnt/extended-home/dzakaaufa/dataset/all_images_captioning/tuntrum10.jpg,tuntrum
tuntrum100.jpg,/mnt/extended-home/dzakaaufa/dataset/all_images_captioning/tuntrum100.jpg,tuntrum
tuntrum101.jpg,/mnt/extended-home/dzakaaufa/dataset/all_images_captioning/tuntrum101.jpg,tuntrum
tuntrum102.jpg,/mnt/extended-home/dzakaaufa/dataset/all_images_captioning/tuntrum102.jpg,tuntrum
tuntrum103.jpg,/mnt/extended-home/dzakaaufa/dataset/all_images_captioning/tuntrum103.jpg,tuntrum
tuntrum104.jpg,/mnt/extended-home/dzakaaufa/dataset/all_images_captioning/tuntrum104.jpg,tuntrum
tuntrum105.jpg,/mnt/extended-home/dzakaaufa/dataset/all_images_captioning/tuntrum105.jpg,tuntrum
tuntrum106.jpg,/mnt/extended-home/dzakaaufa/dataset/all_images_captioning/tuntrum106.jpg,tuntrum
tuntrum107.jpg,/mnt/extended-home/dzakaaufa/dataset/all_images_captioning/tuntrum107.jpg,tuntrum
tuntrum108.jpg,/mnt/extended-home/dzakaaufa/dataset/all_images_captioning/tuntrum108.jpg,tuntrum
tuntrum109.jpg,/mnt/extended-home/dzakaaufa/dataset/all_images_captioning/tuntrum109.jpg,tuntrum
tuntrum11.jpg,/mnt/extended-home/dzakaaufa/dataset/all_images_captioning/tuntrum11.jpg,tuntrum
tuntrum110.jpg,/mnt/extended-home/dzakaaufa/dataset/all_images_captioning/tuntrum110.jpg,tuntrum
tuntrum111.jpg,/mnt/extended-home/dzakaaufa/dataset/all_images_captioning/tuntrum111.jpg,tuntrum
tuntrum112.jpg,/mnt/extended-home/dzakaaufa/dataset/all_images_captioning/tuntrum112.jpg,tuntrum
tuntrum113.jpg,/mnt/extended-home/dzakaaufa/dataset/all_images_captioning/tuntrum113.jpg,tuntrum
tuntrum114.jpg,/mnt/extended-home/dzakaaufa/dataset/all_images_captioning/tuntrum114.jpg,tuntrum
tuntrum115.jpg,/mnt/extended-home/dzakaaufa/dataset/all_images_captioning/tuntrum115.jpg,tuntrum
tuntrum116.jpg,/mnt/extended-home/dzakaaufa/dataset/all_images_captioning/tuntrum116.jpg,tuntrum
tuntrum117.jpg,/mnt/extended-home/dzakaaufa/dataset/all_images_captioning/tuntrum117.jpg,tuntrum
tuntrum118.jpg,/mnt/extended-home/dzakaaufa/dataset/all_images_captioning/tuntrum118.jpg,tuntrum
tuntrum119.jpg,/mnt/extended-home/dzakaaufa/dataset/all_images_captioning/tuntrum119.jpg,tuntrum
tuntrum12.jpg,/mnt/extended-home/dzakaaufa/dataset/all_images_captioning/tuntrum12.jpg,tuntrum
tuntrum120.jpg,/mnt/extended-home/dzakaaufa/dataset/all_images_captioning/tuntrum120.jpg,tuntrum
tuntrum121.jpg,/mnt/extended-home/dzakaaufa/dataset/all_images_captioning/tuntrum121.jpg,tuntrum
tuntrum122.jpg,/mnt/extended-home/dzakaaufa/dataset/all_images_captioning/tuntrum122.jpg,tuntrum
tuntrum123.jpg,/mnt/extended-home/dzakaaufa/dataset/all_images_captioning/tuntrum123.jpg,tuntrum
tuntrum124.jpg,/mnt/extended-home/dzakaaufa/dataset/all_images_captioning/tuntrum124.jpg,tuntrum
tuntrum125.jpg,/mnt/extended-home/dzakaaufa/dataset/all_images_captioning/tuntrum125.jpg,tuntrum
tuntrum126.jpg,/mnt/extended-home/dzakaaufa/dataset/all_images_captioning/tuntrum126.jpg,tuntrum
tuntrum127.jpg,/mnt/extended-home/dzakaaufa/dataset/all_images_captioning/tuntrum127.jpg,tuntrum
tuntrum128.jpg,/mnt/extended-home/dzakaaufa/dataset/all_images_captioning/tuntrum128.jpg,tuntrum
tuntrum129.jpg,/mnt/extended-home/dzakaaufa/dataset/all_images_captioning/tuntrum129.jpg,tuntrum
tuntrum13.jpg,/mnt/extended-home/dzakaaufa/dataset/all_images_captioning/tuntrum13.jpg,tuntrum
tuntrum130.jpg,/mnt/extended-home/dzakaaufa/dataset/all_images_captioning/tuntrum130.jpg,tuntrum
tuntrum131.jpg,/mnt/extended-home/dzakaaufa/dataset/all_images_captioning/tuntrum131.jpg,tuntrum
tuntrum132.jpg,/mnt/extended-home/dzakaaufa/dataset/all_images_captioning/tuntrum132.jpg,tuntrum
tuntrum133.jpg,/mnt/extended-home/dzakaaufa/dataset/all_images_captioning/tuntrum133.jpg,tuntrum
tuntrum134.jpg,/mnt/extended-home/dzakaaufa/dataset/all_images_captioning/tuntrum134.jpg,tuntrum
tuntrum135.jpg,/mnt/extended-home/dzakaaufa/dataset/all_images_captioning/tuntrum135.jpg,tuntrum
tuntrum136.jpg,/mnt/extended-home/dzakaaufa/dataset/all_images_captioning/tuntrum136.jpg,tuntrum
tuntrum137.jpg,/mnt/extended-home/dzakaaufa/dataset/all_images_captioning/tuntrum137.jpg,tuntrum
tuntrum138.jpg,/mnt/extended-home/dzakaaufa/dataset/all_images_captioning/tuntrum138.jpg,tuntrum
tuntrum139.jpg,/mnt/extended-home/dzakaaufa/dataset/all_images_captioning/tuntrum139.jpg,tuntrum
tuntrum14.jpg,/mnt/extended-home/dzakaaufa/dataset/all_images_captioning/tuntrum14.jpg,tuntrum
tuntrum140.jpg,/mnt/extended-home/dzakaaufa/dataset/all_images_captioning/tuntrum140.jpg,tuntrum
tuntrum141.jpg,/mnt/extended-home/dzakaaufa/dataset/all_images_captioning/tuntrum141.jpg,tuntrum
tuntrum142.jpg,/mnt/extended-home/dzakaaufa/dataset/all_images_captioning/tuntrum142.jpg,tuntrum
tuntrum143.jpg,/mnt/extended-home/dzakaaufa/dataset/all_images_captioning/tuntrum143.jpg,tuntrum
tuntrum144.jpg,/mnt/extended-home/dzakaaufa/dataset/all_images_captioning/tuntrum144.jpg,tuntrum
tuntrum145.jpg,/mnt/extended-home/dzakaaufa/dataset/all_images_captioning/tuntrum145.jpg,tuntrum
tuntrum146.jpg,/mnt/extended-home/dzakaaufa/dataset/all_images_captioning/tuntrum146.jpg,tuntrum
tuntrum147.jpg,/mnt/extended-home/dzakaaufa/dataset/all_images_captioning/tuntrum147.jpg,tuntrum
tuntrum148.jpg,/mnt/extended-home/dzakaaufa/dataset/all_images_captioning/tuntrum148.jpg,tuntrum
tuntrum149.jpg,/mnt/extended-home/dzakaaufa/dataset/all_images_captioning/tuntrum149.jpg,tuntrum
tuntrum15.jpg,/mnt/extended-home/dzakaaufa/dataset/all_images_captioning/tuntrum15.jpg,tuntrum
tuntrum150.jpg,/mnt/extended-home/dzakaaufa/dataset/all_images_captioning/tuntrum150.jpg,tuntrum
tuntrum16.jpg,/mnt/extended-home/dzakaaufa/dataset/all_images_captioning/tuntrum16.jpg,tuntrum
tuntrum17.jpg,/mnt/extended-home/dzakaaufa/dataset/all_images_captioning/tuntrum17.jpg,tuntrum
tuntrum18.jpg,/mnt/extended-home/dzakaaufa/dataset/all_images_captioning/tuntrum18.jpg,tuntrum
tuntrum19.jpg,/mnt/extended-home/dzakaaufa/dataset/all_images_captioning/tuntrum19.jpg,tuntrum
tuntrum2.jpg,/mnt/extended-home/dzakaaufa/dataset/all_images_captioning/tuntrum2.jpg,tuntrum
tuntrum20.jpg,/mnt/extended-home/dzakaaufa/dataset/all_images_captioning/tuntrum20.jpg,tuntrum
tuntrum21.jpg,/mnt/extended-home/dzakaaufa/dataset/all_images_captioning/tuntrum21.jpg,tuntrum
tuntrum22.jpg,/mnt/extended-home/dzakaaufa/dataset/all_images_captioning/tuntrum22.jpg,tuntrum
tuntrum23.jpg,/mnt/extended-home/dzakaaufa/dataset/all_images_captioning/tuntrum23.jpg,tuntrum
tuntrum24.jpg,/mnt/extended-home/dzakaaufa/dataset/all_images_captioning/tuntrum24.jpg,tuntrum
tuntrum25.jpg,/mnt/extended-home/dzakaaufa/dataset/all_images_captioning/tuntrum25.jpg,tuntrum
tuntrum26.jpg,/mnt/extended-home/dzakaaufa/dataset/all_images_captioning/tuntrum26.jpg,tuntrum
tuntrum27.jpg,/mnt/extended-home/dzakaaufa/dataset/all_images_captioning/tuntrum27.jpg,tuntrum
tuntrum28.jpg,/mnt/extended-home/dzakaaufa/dataset/all_images_captioning/tuntrum28.jpg,tuntrum
tuntrum29.jpg,/mnt/extended-home/dzakaaufa/dataset/all_images_captioning/tuntrum29.jpg,tuntrum
tuntrum3.jpg,/mnt/extended-home/dzakaaufa/dataset/all_images_captioning/tuntrum3.jpg,tuntrum
tuntrum30.jpg,/mnt/extended-home/dzakaaufa/dataset/all_images_captioning/tuntrum30.jpg,tuntrum
tuntrum31.jpg,/mnt/extended-home/dzakaaufa/dataset/all_images_captioning/tuntrum31.jpg,tuntrum
tuntrum32.jpg,/mnt/extended-home/dzakaaufa/dataset/all_images_captioning/tuntrum32.jpg,tuntrum
tuntrum33.jpg,/mnt/extended-home/dzakaaufa/dataset/all_images_captioning/tuntrum33.jpg,tuntrum
tuntrum34.jpg,/mnt/extended-home/dzakaaufa/dataset/all_images_captioning/tuntrum34.jpg,tuntrum
tuntrum35.jpg,/mnt/extended-home/dzakaaufa/dataset/all_images_captioning/tuntrum35.jpg,tuntrum
tuntrum36.jpg,/mnt/extended-home/dzakaaufa/dataset/all_images_captioning/tuntrum36.jpg,tuntrum
tuntrum37.jpg,/mnt/extended-home/dzakaaufa/dataset/all_images_captioning/tuntrum37.jpg,tuntrum
tuntrum38.jpg,/mnt/extended-home/dzakaaufa/dataset/all_images_captioning/tuntrum38.jpg,tuntrum
tuntrum39.jpg,/mnt/extended-home/dzakaaufa/dataset/all_images_captioning/tuntrum39.jpg,tuntrum
tuntrum4.jpg,/mnt/extended-home/dzakaaufa/dataset/all_images_captioning/tuntrum4.jpg,tuntrum
tuntrum40.jpg,/mnt/extended-home/dzakaaufa/dataset/all_images_captioning/tuntrum40.jpg,tuntrum
tuntrum41.jpg,/mnt/extended-home/dzakaaufa/dataset/all_images_captioning/tuntrum41.jpg,tuntrum
tuntrum42.jpg,/mnt/extended-home/dzakaaufa/dataset/all_images_captioning/tuntrum42.jpg,tuntrum
tuntrum43.jpg,/mnt/extended-home/dzakaaufa/dataset/all_images_captioning/tuntrum43.jpg,tuntrum
tuntrum44.jpg,/mnt/extended-home/dzakaaufa/dataset/all_images_captioning/tuntrum44.jpg,tuntrum
tuntrum45.jpg,/mnt/extended-home/dzakaaufa/dataset/all_images_captioning/tuntrum45.jpg,tuntrum
tuntrum46.jpg,/mnt/extended-home/dzakaaufa/dataset/all_images_captioning/tuntrum46.jpg,tuntrum
tuntrum47.jpg,/mnt/extended-home/dzakaaufa/dataset/all_images_captioning/tuntrum47.jpg,tuntrum
tuntrum48.jpg,/mnt/extended-home/dzakaaufa/dataset/all_images_captioning/tuntrum48.jpg,tuntrum
tuntrum49.jpg,/mnt/extended-home/dzakaaufa/dataset/all_images_captioning/tuntrum49.jpg,tuntrum
tuntrum5.jpg,/mnt/extended-home/dzakaaufa/dataset/all_images_captioning/tuntrum5.jpg,tuntrum
tuntrum50.jpg,/mnt/extended-home/dzakaaufa/dataset/all_images_captioning/tuntrum50.jpg,tuntrum
tuntrum51.jpg,/mnt/extended-home/dzakaaufa/dataset/all_images_captioning/tuntrum51.jpg,tuntrum
tuntrum52.jpg,/mnt/extended-home/dzakaaufa/dataset/all_images_captioning/tuntrum52.jpg,tuntrum
tuntrum53.jpg,/mnt/extended-home/dzakaaufa/dataset/all_images_captioning/tuntrum53.jpg,tuntrum
tuntrum54.jpg,/mnt/extended-home/dzakaaufa/dataset/all_images_captioning/tuntrum54.jpg,tuntrum
tuntrum55.jpg,/mnt/extended-home/dzakaaufa/dataset/all_images_captioning/tuntrum55.jpg,tuntrum
tuntrum56.jpg,/mnt/extended-home/dzakaaufa/dataset/all_images_captioning/tuntrum56.jpg,tuntrum
tuntrum57.jpg,/mnt/extended-home/dzakaaufa/dataset/all_images_captioning/tuntrum57.jpg,tuntrum
tuntrum58.jpg,/mnt/extended-home/dzakaaufa/dataset/all_images_captioning/tuntrum58.jpg,tuntrum
tuntrum59.jpg,/mnt/extended-home/dzakaaufa/dataset/all_images_captioning/tuntrum59.jpg,tuntrum
tuntrum6.jpg,/mnt/extended-home/dzakaaufa/dataset/all_images_captioning/tuntrum6.jpg,tuntrum
tuntrum60.jpg,/mnt/extended-home/dzakaaufa/dataset/all_images_captioning/tuntrum60.jpg,tuntrum
tuntrum61.jpg,/mnt/extended-home/dzakaaufa/dataset/all_images_captioning/tuntrum61.jpg,tuntrum
tuntrum62.jpg,/mnt/extended-home/dzakaaufa/dataset/all_images_captioning/tuntrum62.jpg,tuntrum
tuntrum63.jpg,/mnt/extended-home/dzakaaufa/dataset/all_images_captioning/tuntrum63.jpg,tuntrum
tuntrum64.jpg,/mnt/extended-home/dzakaaufa/dataset/all_images_captioning/tuntrum64.jpg,tuntrum
tuntrum65.jpg,/mnt/extended-home/dzakaaufa/dataset/all_images_captioning/tuntrum65.jpg,tuntrum
tuntrum66.jpg,/mnt/extended-home/dzakaaufa/dataset/all_images_captioning/tuntrum66.jpg,tuntrum
tuntrum67.jpg,/mnt/extended-home/dzakaaufa/dataset/all_images_captioning/tuntrum67.jpg,tuntrum
tuntrum68.jpg,/mnt/extended-home/dzakaaufa/dataset/all_images_captioning/tuntrum68.jpg,tuntrum
tuntrum69.jpg,/mnt/extended-home/dzakaaufa/dataset/all_images_captioning/tuntrum69.jpg,tuntrum
tuntrum7.jpg,/mnt/extended-home/dzakaaufa/dataset/all_images_captioning/tuntrum7.jpg,tuntrum
tuntrum70.jpg,/mnt/extended-home/dzakaaufa/dataset/all_images_captioning/tuntrum70.jpg,tuntrum
tuntrum71.jpg,/mnt/extended-home/dzakaaufa/dataset/all_images_captioning/tuntrum71.jpg,tuntrum
tuntrum72.jpg,/mnt/extended-home/dzakaaufa/dataset/all_images_captioning/tuntrum72.jpg,tuntrum
tuntrum73.jpg,/mnt/extended-home/dzakaaufa/dataset/all_images_captioning/tuntrum73.jpg,tuntrum
tuntrum74.jpg,/mnt/extended-home/dzakaaufa/dataset/all_images_captioning/tuntrum74.jpg,tuntrum
tuntrum75.jpg,/mnt/extended-home/dzakaaufa/dataset/all_images_captioning/tuntrum75.jpg,tuntrum
tuntrum76.jpg,/mnt/extended-home/dzakaaufa/dataset/all_images_captioning/tuntrum76.jpg,tuntrum
tuntrum77.jpg,/mnt/extended-home/dzakaaufa/dataset/all_images_captioning/tuntrum77.jpg,tuntrum
tuntrum78.jpg,/mnt/extended-home/dzakaaufa/dataset/all_images_captioning/tuntrum78.jpg,tuntrum
tuntrum79.jpg,/mnt/extended-home/dzakaaufa/dataset/all_images_captioning/tuntrum79.jpg,tuntrum
tuntrum8.jpg,/mnt/extended-home/dzakaaufa/dataset/all_images_captioning/tuntrum8.jpg,tuntrum
tuntrum80.jpg,/mnt/extended-home/dzakaaufa/dataset/all_images_captioning/tuntrum80.jpg,tuntrum
tuntrum81.jpg,/mnt/extended-home/dzakaaufa/dataset/all_images_captioning/tuntrum81.jpg,tuntrum
tuntrum82.jpg,/mnt/extended-home/dzakaaufa/dataset/all_images_captioning/tuntrum82.jpg,tuntrum
tuntrum83.jpg,/mnt/extended-home/dzakaaufa/dataset/all_images_captioning/tuntrum83.jpg,tuntrum
tuntrum84.jpg,/mnt/extended-home/dzakaaufa/dataset/all_images_captioning/tuntrum84.jpg,tuntrum
tuntrum85.jpg,/mnt/extended-home/dzakaaufa/dataset/all_images_captioning/tuntrum85.jpg,tuntrum
tuntrum86.jpg,/mnt/extended-home/dzakaaufa/dataset/all_images_captioning/tuntrum86.jpg,tuntrum
tuntrum87.jpg,/mnt/extended-home/dzakaaufa/dataset/all_images_captioning/tuntrum87.jpg,tuntrum
tuntrum88.jpg,/mnt/extended-home/dzakaaufa/dataset/all_images_captioning/tuntrum88.jpg,tuntrum
tuntrum89.jpg,/mnt/extended-home/dzakaaufa/dataset/all_images_captioning/tuntrum89.jpg,tuntrum
tuntrum9.jpg,/mnt/extended-home/dzakaaufa/dataset/all_images_captioning/tuntrum9.jpg,tuntrum
tuntrum90.jpg,/mnt/extended-home/dzakaaufa/dataset/all_images_captioning/tuntrum90.jpg,tuntrum
tuntrum91.jpg,/mnt/extended-home/dzakaaufa/dataset/all_images_captioning/tuntrum91.jpg,tuntrum
tuntrum92.jpg,/mnt/extended-home/dzakaaufa/dataset/all_images_captioning/tuntrum92.jpg,tuntrum
tuntrum93.jpg,/mnt/extended-home/dzakaaufa/dataset/all_images_captioning/tuntrum93.jpg,tuntrum
tuntrum94.jpg,/mnt/extended-home/dzakaaufa/dataset/all_images_captioning/tuntrum94.jpg,tuntrum
tuntrum95.jpg,/mnt/extended-home/dzakaaufa/dataset/all_images_captioning/tuntrum95.jpg,tuntrum
tuntrum96.jpg,/mnt/extended-home/dzakaaufa/dataset/all_images_captioning/tuntrum96.jpg,tuntrum
tuntrum97.jpg,/mnt/extended-home/dzakaaufa/dataset/all_images_captioning/tuntrum97.jpg,tuntrum
tuntrum98.jpg,/mnt/extended-home/dzakaaufa/dataset/all_images_captioning/tuntrum98.jpg,tuntrum
tuntrum99.jpg,/mnt/extended-home/dzakaaufa/dataset/all_images_captioning/tuntrum99.jpg,tuntrum
srikaton1.jpg,/mnt/extended-home/dzakaaufa/dataset/all_images_captioning/srikaton1.jpg,srikaton
srikaton10.jpg,/mnt/extended-home/dzakaaufa/dataset/all_images_captioning/srikaton10.jpg,srikaton
srikaton100.jpg,/mnt/extended-home/dzakaaufa/dataset/all_images_captioning/srikaton100.jpg,srikaton
srikaton101.jpg,/mnt/extended-home/dzakaaufa/dataset/all_images_captioning/srikaton101.jpg,srikaton
srikaton102.jpg,/mnt/extended-home/dzakaaufa/dataset/all_images_captioning/srikaton102.jpg,srikaton
srikaton103.jpg,/mnt/extended-home/dzakaaufa/dataset/all_images_captioning/srikaton103.jpg,srikaton
srikaton104.jpg,/mnt/extended-home/dzakaaufa/dataset/all_images_captioning/srikaton104.jpg,srikaton
srikaton105.jpg,/mnt/extended-home/dzakaaufa/dataset/all_images_captioning/srikaton105.jpg,srikaton
srikaton106.jpg,/mnt/extended-home/dzakaaufa/dataset/all_images_captioning/srikaton106.jpg,srikaton
srikaton107.jpg,/mnt/extended-home/dzakaaufa/dataset/all_images_captioning/srikaton107.jpg,srikaton
srikaton108.jpg,/mnt/extended-home/dzakaaufa/dataset/all_images_captioning/srikaton108.jpg,srikaton
srikaton109.jpg,/mnt/extended-home/dzakaaufa/dataset/all_images_captioning/srikaton109.jpg,srikaton
srikaton11.jpg,/mnt/extended-home/dzakaaufa/dataset/all_images_captioning/srikaton11.jpg,srikaton
srikaton110.jpg,/mnt/extended-home/dzakaaufa/dataset/all_images_captioning/srikaton110.jpg,srikaton
srikaton111.jpg,/mnt/extended-home/dzakaaufa/dataset/all_images_captioning/srikaton111.jpg,srikaton
srikaton112.jpg,/mnt/extended-home/dzakaaufa/dataset/all_images_captioning/srikaton112.jpg,srikaton
srikaton113.jpg,/mnt/extended-home/dzakaaufa/dataset/all_images_captioning/srikaton113.jpg,srikaton
srikaton114.jpg,/mnt/extended-home/dzakaaufa/dataset/all_images_captioning/srikaton114.jpg,srikaton
srikaton115.jpg,/mnt/extended-home/dzakaaufa/dataset/all_images_captioning/srikaton115.jpg,srikaton
srikaton116.jpg,/mnt/extended-home/dzakaaufa/dataset/all_images_captioning/srikaton116.jpg,srikaton
srikaton117.jpg,/mnt/extended-home/dzakaaufa/dataset/all_images_captioning/srikaton117.jpg,srikaton
srikaton118.jpg,/mnt/extended-home/dzakaaufa/dataset/all_images_captioning/srikaton118.jpg,srikaton
srikaton119.jpg,/mnt/extended-home/dzakaaufa/dataset/all_images_captioning/srikaton119.jpg,srikaton
srikaton12.jpg,/mnt/extended-home/dzakaaufa/dataset/all_images_captioning/srikaton12.jpg,srikaton
srikaton120.jpg,/mnt/extended-home/dzakaaufa/dataset/all_images_captioning/srikaton120.jpg,srikaton
srikaton121.jpg,/mnt/extended-home/dzakaaufa/dataset/all_images_captioning/srikaton121.jpg,srikaton
srikaton122.jpg,/mnt/extended-home/dzakaaufa/dataset/all_images_captioning/srikaton122.jpg,srikaton
srikaton123.jpg,/mnt/extended-home/dzakaaufa/dataset/all_images_captioning/srikaton123.jpg,srikaton
srikaton124.jpg,/mnt/extended-home/dzakaaufa/dataset/all_images_captioning/srikaton124.jpg,srikaton
srikaton125.jpg,/mnt/extended-home/dzakaaufa/dataset/all_images_captioning/srikaton125.jpg,srikaton
srikaton126.jpg,/mnt/extended-home/dzakaaufa/dataset/all_images_captioning/srikaton126.jpg,srikaton
srikaton127.jpg,/mnt/extended-home/dzakaaufa/dataset/all_images_captioning/srikaton127.jpg,srikaton
srikaton128.jpg,/mnt/extended-home/dzakaaufa/dataset/all_images_captioning/srikaton128.jpg,srikaton
srikaton129.jpg,/mnt/extended-home/dzakaaufa/dataset/all_images_captioning/srikaton129.jpg,srikaton
srikaton13.jpg,/mnt/extended-home/dzakaaufa/dataset/all_images_captioning/srikaton13.jpg,srikaton
srikaton130.jpg,/mnt/extended-home/dzakaaufa/dataset/all_images_captioning/srikaton130.jpg,srikaton
srikaton131.jpg,/mnt/extended-home/dzakaaufa/dataset/all_images_captioning/srikaton131.jpg,srikaton
srikaton132.jpg,/mnt/extended-home/dzakaaufa/dataset/all_images_captioning/srikaton132.jpg,srikaton
srikaton133.jpg,/mnt/extended-home/dzakaaufa/dataset/all_images_captioning/srikaton133.jpg,srikaton
srikaton134.jpg,/mnt/extended-home/dzakaaufa/dataset/all_images_captioning/srikaton134.jpg,srikaton
srikaton135.jpg,/mnt/extended-home/dzakaaufa/dataset/all_images_captioning/srikaton135.jpg,srikaton
srikaton136.jpg,/mnt/extended-home/dzakaaufa/dataset/all_images_captioning/srikaton136.jpg,srikaton
srikaton137.jpg,/mnt/extended-home/dzakaaufa/dataset/all_images_captioning/srikaton137.jpg,srikaton
srikaton138.jpg,/mnt/extended-home/dzakaaufa/dataset/all_images_captioning/srikaton138.jpg,srikaton
srikaton139.jpg,/mnt/extended-home/dzakaaufa/dataset/all_images_captioning/srikaton139.jpg,srikaton
srikaton14.jpg,/mnt/extended-home/dzakaaufa/dataset/all_images_captioning/srikaton14.jpg,srikaton
srikaton140.jpg,/mnt/extended-home/dzakaaufa/dataset/all_images_captioning/srikaton140.jpg,srikaton
srikaton141.jpg,/mnt/extended-home/dzakaaufa/dataset/all_images_captioning/srikaton141.jpg,srikaton
srikaton142.jpg,/mnt/extended-home/dzakaaufa/dataset/all_images_captioning/srikaton142.jpg,srikaton
srikaton143.jpg,/mnt/extended-home/dzakaaufa/dataset/all_images_captioning/srikaton143.jpg,srikaton
srikaton144.jpg,/mnt/extended-home/dzakaaufa/dataset/all_images_captioning/srikaton144.jpg,srikaton
srikaton145.jpg,/mnt/extended-home/dzakaaufa/dataset/all_images_captioning/srikaton145.jpg,srikaton
srikaton146.jpg,/mnt/extended-home/dzakaaufa/dataset/all_images_captioning/srikaton146.jpg,srikaton
srikaton147.jpg,/mnt/extended-home/dzakaaufa/dataset/all_images_captioning/srikaton147.jpg,srikaton
srikaton148.jpg,/mnt/extended-home/dzakaaufa/dataset/all_images_captioning/srikaton148.jpg,srikaton
srikaton149.jpg,/mnt/extended-home/dzakaaufa/dataset/all_images_captioning/srikaton149.jpg,srikaton
srikaton15.jpg,/mnt/extended-home/dzakaaufa/dataset/all_images_captioning/srikaton15.jpg,srikaton
srikaton150.jpg,/mnt/extended-home/dzakaaufa/dataset/all_images_captioning/srikaton150.jpg,srikaton
srikaton16.jpg,/mnt/extended-home/dzakaaufa/dataset/all_images_captioning/srikaton16.jpg,srikaton
srikaton17.jpg,/mnt/extended-home/dzakaaufa/dataset/all_images_captioning/srikaton17.jpg,srikaton
srikaton18.jpg,/mnt/extended-home/dzakaaufa/dataset/all_images_captioning/srikaton18.jpg,srikaton
srikaton19.jpg,/mnt/extended-home/dzakaaufa/dataset/all_images_captioning/srikaton19.jpg,srikaton
srikaton2.jpg,/mnt/extended-home/dzakaaufa/dataset/all_images_captioning/srikaton2.jpg,srikaton
srikaton20.jpg,/mnt/extended-home/dzakaaufa/dataset/all_images_captioning/srikaton20.jpg,srikaton
srikaton21.jpg,/mnt/extended-home/dzakaaufa/dataset/all_images_captioning/srikaton21.jpg,srikaton
srikaton22.jpg,/mnt/extended-home/dzakaaufa/dataset/all_images_captioning/srikaton22.jpg,srikaton
srikaton23.jpg,/mnt/extended-home/dzakaaufa/dataset/all_images_captioning/srikaton23.jpg,srikaton
srikaton24.jpg,/mnt/extended-home/dzakaaufa/dataset/all_images_captioning/srikaton24.jpg,srikaton
srikaton25.jpg,/mnt/extended-home/dzakaaufa/dataset/all_images_captioning/srikaton25.jpg,srikaton
srikaton26.jpg,/mnt/extended-home/dzakaaufa/dataset/all_images_captioning/srikaton26.jpg,srikaton
srikaton27.jpg,/mnt/extended-home/dzakaaufa/dataset/all_images_captioning/srikaton27.jpg,srikaton
srikaton28.jpg,/mnt/extended-home/dzakaaufa/dataset/all_images_captioning/srikaton28.jpg,srikaton
srikaton29.jpg,/mnt/extended-home/dzakaaufa/dataset/all_images_captioning/srikaton29.jpg,srikaton
srikaton3.jpg,/mnt/extended-home/dzakaaufa/dataset/all_images_captioning/srikaton3.jpg,srikaton
srikaton30.jpg,/mnt/extended-home/dzakaaufa/dataset/all_images_captioning/srikaton30.jpg,srikaton
srikaton31.jpg,/mnt/extended-home/dzakaaufa/dataset/all_images_captioning/srikaton31.jpg,srikaton
srikaton32.jpg,/mnt/extended-home/dzakaaufa/dataset/all_images_captioning/srikaton32.jpg,srikaton
srikaton33.jpg,/mnt/extended-home/dzakaaufa/dataset/all_images_captioning/srikaton33.jpg,srikaton
srikaton34.jpg,/mnt/extended-home/dzakaaufa/dataset/all_images_captioning/srikaton34.jpg,srikaton
srikaton35.jpg,/mnt/extended-home/dzakaaufa/dataset/all_images_captioning/srikaton35.jpg,srikaton
srikaton36.jpg,/mnt/extended-home/dzakaaufa/dataset/all_images_captioning/srikaton36.jpg,srikaton
srikaton37.jpg,/mnt/extended-home/dzakaaufa/dataset/all_images_captioning/srikaton37.jpg,srikaton
srikaton38.jpg,/mnt/extended-home/dzakaaufa/dataset/all_images_captioning/srikaton38.jpg,srikaton
srikaton39.jpg,/mnt/extended-home/dzakaaufa/dataset/all_images_captioning/srikaton39.jpg,srikaton
srikaton4.jpg,/mnt/extended-home/dzakaaufa/dataset/all_images_captioning/srikaton4.jpg,srikaton
srikaton40.jpg,/mnt/extended-home/dzakaaufa/dataset/all_images_captioning/srikaton40.jpg,srikaton
srikaton41.jpg,/mnt/extended-home/dzakaaufa/dataset/all_images_captioning/srikaton41.jpg,srikaton
srikaton42.jpg,/mnt/extended-home/dzakaaufa/dataset/all_images_captioning/srikaton42.jpg,srikaton
srikaton43.jpg,/mnt/extended-home/dzakaaufa/dataset/all_images_captioning/srikaton43.jpg,srikaton
srikaton44.jpg,/mnt/extended-home/dzakaaufa/dataset/all_images_captioning/srikaton44.jpg,srikaton
srikaton45.jpg,/mnt/extended-home/dzakaaufa/dataset/all_images_captioning/srikaton45.jpg,srikaton
srikaton46.jpg,/mnt/extended-home/dzakaaufa/dataset/all_images_captioning/srikaton46.jpg,srikaton
srikaton47.jpg,/mnt/extended-home/dzakaaufa/dataset/all_images_captioning/srikaton47.jpg,srikaton
srikaton48.jpg,/mnt/extended-home/dzakaaufa/dataset/all_images_captioning/srikaton48.jpg,srikaton
srikaton49.jpg,/mnt/extended-home/dzakaaufa/dataset/all_images_captioning/srikaton49.jpg,srikaton
srikaton5.jpg,/mnt/extended-home/dzakaaufa/dataset/all_images_captioning/srikaton5.jpg,srikaton
srikaton50.jpg,/mnt/extended-home/dzakaaufa/dataset/all_images_captioning/srikaton50.jpg,srikaton
srikaton51.jpg,/mnt/extended-home/dzakaaufa/dataset/all_images_captioning/srikaton51.jpg,srikaton
srikaton52.jpg,/mnt/extended-home/dzakaaufa/dataset/all_images_captioning/srikaton52.jpg,srikaton
srikaton53.jpg,/mnt/extended-home/dzakaaufa/dataset/all_images_captioning/srikaton53.jpg,srikaton
srikaton54.jpg,/mnt/extended-home/dzakaaufa/dataset/all_images_captioning/srikaton54.jpg,srikaton
srikaton55.jpg,/mnt/extended-home/dzakaaufa/dataset/all_images_captioning/srikaton55.jpg,srikaton
srikaton56.jpg,/mnt/extended-home/dzakaaufa/dataset/all_images_captioning/srikaton56.jpg,srikaton
srikaton57.jpg,/mnt/extended-home/dzakaaufa/dataset/all_images_captioning/srikaton57.jpg,srikaton
srikaton58.jpg,/mnt/extended-home/dzakaaufa/dataset/all_images_captioning/srikaton58.jpg,srikaton
srikaton59.jpg,/mnt/extended-home/dzakaaufa/dataset/all_images_captioning/srikaton59.jpg,srikaton
srikaton6.jpg,/mnt/extended-home/dzakaaufa/dataset/all_images_captioning/srikaton6.jpg,srikaton
srikaton60.jpg,/mnt/extended-home/dzakaaufa/dataset/all_images_captioning/srikaton60.jpg,srikaton
srikaton61.jpg,/mnt/extended-home/dzakaaufa/dataset/all_images_captioning/srikaton61.jpg,srikaton
srikaton62.jpg,/mnt/extended-home/dzakaaufa/dataset/all_images_captioning/srikaton62.jpg,srikaton
srikaton63.jpg,/mnt/extended-home/dzakaaufa/dataset/all_images_captioning/srikaton63.jpg,srikaton
srikaton64.jpg,/mnt/extended-home/dzakaaufa/dataset/all_images_captioning/srikaton64.jpg,srikaton
srikaton65.jpg,/mnt/extended-home/dzakaaufa/dataset/all_images_captioning/srikaton65.jpg,srikaton
srikaton66.jpg,/mnt/extended-home/dzakaaufa/dataset/all_images_captioning/srikaton66.jpg,srikaton
srikaton67.jpg,/mnt/extended-home/dzakaaufa/dataset/all_images_captioning/srikaton67.jpg,srikaton
srikaton68.jpg,/mnt/extended-home/dzakaaufa/dataset/all_images_captioning/srikaton68.jpg,srikaton
srikaton69.jpg,/mnt/extended-home/dzakaaufa/dataset/all_images_captioning/srikaton69.jpg,srikaton
srikaton7.jpg,/mnt/extended-home/dzakaaufa/dataset/all_images_captioning/srikaton7.jpg,srikaton
srikaton70.jpg,/mnt/extended-home/dzakaaufa/dataset/all_images_captioning/srikaton70.jpg,srikaton
srikaton71.jpg,/mnt/extended-home/dzakaaufa/dataset/all_images_captioning/srikaton71.jpg,srikaton
srikaton72.jpg,/mnt/extended-home/dzakaaufa/dataset/all_images_captioning/srikaton72.jpg,srikaton
srikaton73.jpg,/mnt/extended-home/dzakaaufa/dataset/all_images_captioning/srikaton73.jpg,srikaton
srikaton74.jpg,/mnt/extended-home/dzakaaufa/dataset/all_images_captioning/srikaton74.jpg,srikaton
srikaton75.jpg,/mnt/extended-home/dzakaaufa/dataset/all_images_captioning/srikaton75.jpg,srikaton
srikaton76.jpg,/mnt/extended-home/dzakaaufa/dataset/all_images_captioning/srikaton76.jpg,srikaton
srikaton77.jpg,/mnt/extended-home/dzakaaufa/dataset/all_images_captioning/srikaton77.jpg,srikaton
srikaton78.jpg,/mnt/extended-home/dzakaaufa/dataset/all_images_captioning/srikaton78.jpg,srikaton
srikaton79.jpg,/mnt/extended-home/dzakaaufa/dataset/all_images_captioning/srikaton79.jpg,srikaton
srikaton8.jpg,/mnt/extended-home/dzakaaufa/dataset/all_images_captioning/srikaton8.jpg,srikaton
srikaton80.jpg,/mnt/extended-home/dzakaaufa/dataset/all_images_captioning/srikaton80.jpg,srikaton
srikaton81.jpg,/mnt/extended-home/dzakaaufa/dataset/all_images_captioning/srikaton81.jpg,srikaton
srikaton82.jpg,/mnt/extended-home/dzakaaufa/dataset/all_images_captioning/srikaton82.jpg,srikaton
srikaton83.jpg,/mnt/extended-home/dzakaaufa/dataset/all_images_captioning/srikaton83.jpg,srikaton
srikaton84.jpg,/mnt/extended-home/dzakaaufa/dataset/all_images_captioning/srikaton84.jpg,srikaton
srikaton85.jpg,/mnt/extended-home/dzakaaufa/dataset/all_images_captioning/srikaton85.jpg,srikaton
srikaton86.jpg,/mnt/extended-home/dzakaaufa/dataset/all_images_captioning/srikaton86.jpg,srikaton
srikaton87.jpg,/mnt/extended-home/dzakaaufa/dataset/all_images_captioning/srikaton87.jpg,srikaton
srikaton88.jpg,/mnt/extended-home/dzakaaufa/dataset/all_images_captioning/srikaton88.jpg,srikaton
srikaton89.jpg,/mnt/extended-home/dzakaaufa/dataset/all_images_captioning/srikaton89.jpg,srikaton
srikaton9.jpg,/mnt/extended-home/dzakaaufa/dataset/all_images_captioning/srikaton9.jpg,srikaton
srikaton90.jpg,/mnt/extended-home/dzakaaufa/dataset/all_images_captioning/srikaton90.jpg,srikaton
srikaton91.jpg,/mnt/extended-home/dzakaaufa/dataset/all_images_captioning/srikaton91.jpg,srikaton
srikaton92.jpg,/mnt/extended-home/dzakaaufa/dataset/all_images_captioning/srikaton92.jpg,srikaton
srikaton93.jpg,/mnt/extended-home/dzakaaufa/dataset/all_images_captioning/srikaton93.jpg,srikaton
srikaton94.jpg,/mnt/extended-home/dzakaaufa/dataset/all_images_captioning/srikaton94.jpg,srikaton
srikaton95.jpg,/mnt/extended-home/dzakaaufa/dataset/all_images_captioning/srikaton95.jpg,srikaton
srikaton96.jpg,/mnt/extended-home/dzakaaufa/dataset/all_images_captioning/srikaton96.jpg,srikaton
srikaton97.jpg,/mnt/extended-home/dzakaaufa/dataset/all_images_captioning/srikaton97.jpg,srikaton
srikaton98.jpg,/mnt/extended-home/dzakaaufa/dataset/all_images_captioning/srikaton98.jpg,srikaton
srikaton99.jpg,/mnt/extended-home/dzakaaufa/dataset/all_images_captioning/srikaton99.jpg,srikaton
dayak1.jpg,/mnt/extended-home/dzakaaufa/dataset/all_images_captioning/dayak1.jpg,dayak
dayak10.jpg,/mnt/extended-home/dzakaaufa/dataset/all_images_captioning/dayak10.jpg,dayak
dayak100.jpg,/mnt/extended-home/dzakaaufa/dataset/all_images_captioning/dayak100.jpg,dayak
dayak101.jpg,/mnt/extended-home/dzakaaufa/dataset/all_images_captioning/dayak101.jpg,dayak
dayak102.jpg,/mnt/extended-home/dzakaaufa/dataset/all_images_captioning/dayak102.jpg,dayak
dayak103.jpg,/mnt/extended-home/dzakaaufa/dataset/all_images_captioning/dayak103.jpg,dayak
dayak104.jpg,/mnt/extended-home/dzakaaufa/dataset/all_images_captioning/dayak104.jpg,dayak
dayak105.jpg,/mnt/extended-home/dzakaaufa/dataset/all_images_captioning/dayak105.jpg,dayak
dayak106.jpg,/mnt/extended-home/dzakaaufa/dataset/all_images_captioning/dayak106.jpg,dayak
dayak107.jpg,/mnt/extended-home/dzakaaufa/dataset/all_images_captioning/dayak107.jpg,dayak
dayak108.jpg,/mnt/extended-home/dzakaaufa/dataset/all_images_captioning/dayak108.jpg,dayak
dayak109.jpg,/mnt/extended-home/dzakaaufa/dataset/all_images_captioning/dayak109.jpg,dayak
dayak11.jpg,/mnt/extended-home/dzakaaufa/dataset/all_images_captioning/dayak11.jpg,dayak
dayak110.jpg,/mnt/extended-home/dzakaaufa/dataset/all_images_captioning/dayak110.jpg,dayak
dayak111.jpg,/mnt/extended-home/dzakaaufa/dataset/all_images_captioning/dayak111.jpg,dayak
dayak112.jpg,/mnt/extended-home/dzakaaufa/dataset/all_images_captioning/dayak112.jpg,dayak
dayak113.jpg,/mnt/extended-home/dzakaaufa/dataset/all_images_captioning/dayak113.jpg,dayak
dayak114.jpg,/mnt/extended-home/dzakaaufa/dataset/all_images_captioning/dayak114.jpg,dayak
dayak115.jpg,/mnt/extended-home/dzakaaufa/dataset/all_images_captioning/dayak115.jpg,dayak
dayak116.jpg,/mnt/extended-home/dzakaaufa/dataset/all_images_captioning/dayak116.jpg,dayak
dayak117.jpg,/mnt/extended-home/dzakaaufa/dataset/all_images_captioning/dayak117.jpg,dayak
dayak118.jpg,/mnt/extended-home/dzakaaufa/dataset/all_images_captioning/dayak118.jpg,dayak
dayak119.jpg,/mnt/extended-home/dzakaaufa/dataset/all_images_captioning/dayak119.jpg,dayak
dayak12.jpg,/mnt/extended-home/dzakaaufa/dataset/all_images_captioning/dayak12.jpg,dayak
dayak120.jpg,/mnt/extended-home/dzakaaufa/dataset/all_images_captioning/dayak120.jpg,dayak
dayak121.jpg,/mnt/extended-home/dzakaaufa/dataset/all_images_captioning/dayak121.jpg,dayak
dayak122.jpg,/mnt/extended-home/dzakaaufa/dataset/all_images_captioning/dayak122.jpg,dayak
dayak123.jpg,/mnt/extended-home/dzakaaufa/dataset/all_images_captioning/dayak123.jpg,dayak
dayak124.jpg,/mnt/extended-home/dzakaaufa/dataset/all_images_captioning/dayak124.jpg,dayak
dayak125.jpg,/mnt/extended-home/dzakaaufa/dataset/all_images_captioning/dayak125.jpg,dayak
dayak126.jpg,/mnt/extended-home/dzakaaufa/dataset/all_images_captioning/dayak126.jpg,dayak
dayak127.jpg,/mnt/extended-home/dzakaaufa/dataset/all_images_captioning/dayak127.jpg,dayak
dayak128.jpg,/mnt/extended-home/dzakaaufa/dataset/all_images_captioning/dayak128.jpg,dayak
dayak129.jpg,/mnt/extended-home/dzakaaufa/dataset/all_images_captioning/dayak129.jpg,dayak
dayak13.jpg,/mnt/extended-home/dzakaaufa/dataset/all_images_captioning/dayak13.jpg,dayak
dayak130.png,/mnt/extended-home/dzakaaufa/dataset/all_images_captioning/dayak130.png,dayak
dayak131.jpeg,/mnt/extended-home/dzakaaufa/dataset/all_images_captioning/dayak131.jpeg,dayak
dayak132.jpg,/mnt/extended-home/dzakaaufa/dataset/all_images_captioning/dayak132.jpg,dayak
dayak133.jpg,/mnt/extended-home/dzakaaufa/dataset/all_images_captioning/dayak133.jpg,dayak
dayak134.jpg,/mnt/extended-home/dzakaaufa/dataset/all_images_captioning/dayak134.jpg,dayak
dayak135.png,/mnt/extended-home/dzakaaufa/dataset/all_images_captioning/dayak135.png,dayak
dayak136.jpg,/mnt/extended-home/dzakaaufa/dataset/all_images_captioning/dayak136.jpg,dayak
dayak137.jpg,/mnt/extended-home/dzakaaufa/dataset/all_images_captioning/dayak137.jpg,dayak
dayak138.jpg,/mnt/extended-home/dzakaaufa/dataset/all_images_captioning/dayak138.jpg,dayak
dayak139.jpg,/mnt/extended-home/dzakaaufa/dataset/all_images_captioning/dayak139.jpg,dayak
dayak14.jpg,/mnt/extended-home/dzakaaufa/dataset/all_images_captioning/dayak14.jpg,dayak
dayak140.jpg,/mnt/extended-home/dzakaaufa/dataset/all_images_captioning/dayak140.jpg,dayak
dayak141.jpg,/mnt/extended-home/dzakaaufa/dataset/all_images_captioning/dayak141.jpg,dayak
dayak142.jpg,/mnt/extended-home/dzakaaufa/dataset/all_images_captioning/dayak142.jpg,dayak
dayak143.jpg,/mnt/extended-home/dzakaaufa/dataset/all_images_captioning/dayak143.jpg,dayak
dayak144.jpg,/mnt/extended-home/dzakaaufa/dataset/all_images_captioning/dayak144.jpg,dayak
dayak145.jpg,/mnt/extended-home/dzakaaufa/dataset/all_images_captioning/dayak145.jpg,dayak
dayak146.jpg,/mnt/extended-home/dzakaaufa/dataset/all_images_captioning/dayak146.jpg,dayak
dayak147.jpg,/mnt/extended-home/dzakaaufa/dataset/all_images_captioning/dayak147.jpg,dayak
dayak148.jpg,/mnt/extended-home/dzakaaufa/dataset/all_images_captioning/dayak148.jpg,dayak
dayak149.jpg,/mnt/extended-home/dzakaaufa/dataset/all_images_captioning/dayak149.jpg,dayak
dayak15.jpg,/mnt/extended-home/dzakaaufa/dataset/all_images_captioning/dayak15.jpg,dayak
dayak150.jpg,/mnt/extended-home/dzakaaufa/dataset/all_images_captioning/dayak150.jpg,dayak
dayak16.jpg,/mnt/extended-home/dzakaaufa/dataset/all_images_captioning/dayak16.jpg,dayak
dayak17.jpg,/mnt/extended-home/dzakaaufa/dataset/all_images_captioning/dayak17.jpg,dayak
dayak18.jpg,/mnt/extended-home/dzakaaufa/dataset/all_images_captioning/dayak18.jpg,dayak
dayak19.jpg,/mnt/extended-home/dzakaaufa/dataset/all_images_captioning/dayak19.jpg,dayak
dayak2.jpg,/mnt/extended-home/dzakaaufa/dataset/all_images_captioning/dayak2.jpg,dayak
dayak20.jpg,/mnt/extended-home/dzakaaufa/dataset/all_images_captioning/dayak20.jpg,dayak
dayak21.jpg,/mnt/extended-home/dzakaaufa/dataset/all_images_captioning/dayak21.jpg,dayak
dayak22.jpg,/mnt/extended-home/dzakaaufa/dataset/all_images_captioning/dayak22.jpg,dayak
dayak23.jpg,/mnt/extended-home/dzakaaufa/dataset/all_images_captioning/dayak23.jpg,dayak
dayak24.jpg,/mnt/extended-home/dzakaaufa/dataset/all_images_captioning/dayak24.jpg,dayak
dayak25.jpg,/mnt/extended-home/dzakaaufa/dataset/all_images_captioning/dayak25.jpg,dayak
dayak26.jpg,/mnt/extended-home/dzakaaufa/dataset/all_images_captioning/dayak26.jpg,dayak
dayak27.jpg,/mnt/extended-home/dzakaaufa/dataset/all_images_captioning/dayak27.jpg,dayak
dayak28.jpg,/mnt/extended-home/dzakaaufa/dataset/all_images_captioning/dayak28.jpg,dayak
dayak29.jpg,/mnt/extended-home/dzakaaufa/dataset/all_images_captioning/dayak29.jpg,dayak
dayak3.jpg,/mnt/extended-home/dzakaaufa/dataset/all_images_captioning/dayak3.jpg,dayak
dayak30.jpg,/mnt/extended-home/dzakaaufa/dataset/all_images_captioning/dayak30.jpg,dayak
dayak31.jpg,/mnt/extended-home/dzakaaufa/dataset/all_images_captioning/dayak31.jpg,dayak
dayak32.jpg,/mnt/extended-home/dzakaaufa/dataset/all_images_captioning/dayak32.jpg,dayak
dayak33.jpg,/mnt/extended-home/dzakaaufa/dataset/all_images_captioning/dayak33.jpg,dayak
dayak34.jpeg,/mnt/extended-home/dzakaaufa/dataset/all_images_captioning/dayak34.jpeg,dayak
dayak35.jpeg,/mnt/extended-home/dzakaaufa/dataset/all_images_captioning/dayak35.jpeg,dayak
dayak36.jpg,/mnt/extended-home/dzakaaufa/dataset/all_images_captioning/dayak36.jpg,dayak
dayak37.png,/mnt/extended-home/dzakaaufa/dataset/all_images_captioning/dayak37.png,dayak
dayak38.jpeg,/mnt/extended-home/dzakaaufa/dataset/all_images_captioning/dayak38.jpeg,dayak
dayak39.jpeg,/mnt/extended-home/dzakaaufa/dataset/all_images_captioning/dayak39.jpeg,dayak
dayak4.jpeg,/mnt/extended-home/dzakaaufa/dataset/all_images_captioning/dayak4.jpeg,dayak
dayak40.jpg,/mnt/extended-home/dzakaaufa/dataset/all_images_captioning/dayak40.jpg,dayak
dayak41.jpg,/mnt/extended-home/dzakaaufa/dataset/all_images_captioning/dayak41.jpg,dayak
dayak42.jpg,/mnt/extended-home/dzakaaufa/dataset/all_images_captioning/dayak42.jpg,dayak
dayak43.jpg,/mnt/extended-home/dzakaaufa/dataset/all_images_captioning/dayak43.jpg,dayak
dayak44.jpg,/mnt/extended-home/dzakaaufa/dataset/all_images_captioning/dayak44.jpg,dayak
dayak45.jpg,/mnt/extended-home/dzakaaufa/dataset/all_images_captioning/dayak45.jpg,dayak
dayak46.jpg,/mnt/extended-home/dzakaaufa/dataset/all_images_captioning/dayak46.jpg,dayak
dayak47.jpg,/mnt/extended-home/dzakaaufa/dataset/all_images_captioning/dayak47.jpg,dayak
dayak48.jpeg,/mnt/extended-home/dzakaaufa/dataset/all_images_captioning/dayak48.jpeg,dayak
dayak49.jpg,/mnt/extended-home/dzakaaufa/dataset/all_images_captioning/dayak49.jpg,dayak
dayak5.png,/mnt/extended-home/dzakaaufa/dataset/all_images_captioning/dayak5.png,dayak
dayak50.jpg,/mnt/extended-home/dzakaaufa/dataset/all_images_captioning/dayak50.jpg,dayak
dayak51.jpg,/mnt/extended-home/dzakaaufa/dataset/all_images_captioning/dayak51.jpg,dayak
dayak52.jpg,/mnt/extended-home/dzakaaufa/dataset/all_images_captioning/dayak52.jpg,dayak
dayak53.jpeg,/mnt/extended-home/dzakaaufa/dataset/all_images_captioning/dayak53.jpeg,dayak
dayak54.png,/mnt/extended-home/dzakaaufa/dataset/all_images_captioning/dayak54.png,dayak
dayak55.jpg,/mnt/extended-home/dzakaaufa/dataset/all_images_captioning/dayak55.jpg,dayak
dayak56.png,/mnt/extended-home/dzakaaufa/dataset/all_images_captioning/dayak56.png,dayak
dayak57.jpeg,/mnt/extended-home/dzakaaufa/dataset/all_images_captioning/dayak57.jpeg,dayak
dayak58.jpg,/mnt/extended-home/dzakaaufa/dataset/all_images_captioning/dayak58.jpg,dayak
dayak59.png,/mnt/extended-home/dzakaaufa/dataset/all_images_captioning/dayak59.png,dayak
dayak6.jpg,/mnt/extended-home/dzakaaufa/dataset/all_images_captioning/dayak6.jpg,dayak
dayak60.jpg,/mnt/extended-home/dzakaaufa/dataset/all_images_captioning/dayak60.jpg,dayak
dayak61.jpg,/mnt/extended-home/dzakaaufa/dataset/all_images_captioning/dayak61.jpg,dayak
dayak62.jpeg,/mnt/extended-home/dzakaaufa/dataset/all_images_captioning/dayak62.jpeg,dayak
dayak63.jpg,/mnt/extended-home/dzakaaufa/dataset/all_images_captioning/dayak63.jpg,dayak
dayak64.jpeg,/mnt/extended-home/dzakaaufa/dataset/all_images_captioning/dayak64.jpeg,dayak
dayak65.jpg,/mnt/extended-home/dzakaaufa/dataset/all_images_captioning/dayak65.jpg,dayak
dayak66.jpeg,/mnt/extended-home/dzakaaufa/dataset/all_images_captioning/dayak66.jpeg,dayak
dayak67.jpg,/mnt/extended-home/dzakaaufa/dataset/all_images_captioning/dayak67.jpg,dayak
dayak68.jpg,/mnt/extended-home/dzakaaufa/dataset/all_images_captioning/dayak68.jpg,dayak
dayak69.jpg,/mnt/extended-home/dzakaaufa/dataset/all_images_captioning/dayak69.jpg,dayak
dayak7.jpeg,/mnt/extended-home/dzakaaufa/dataset/all_images_captioning/dayak7.jpeg,dayak
dayak70.jpg,/mnt/extended-home/dzakaaufa/dataset/all_images_captioning/dayak70.jpg,dayak
dayak71.jpeg,/mnt/extended-home/dzakaaufa/dataset/all_images_captioning/dayak71.jpeg,dayak
dayak72.jpg,/mnt/extended-home/dzakaaufa/dataset/all_images_captioning/dayak72.jpg,dayak
dayak73.png,/mnt/extended-home/dzakaaufa/dataset/all_images_captioning/dayak73.png,dayak
dayak74.jpg,/mnt/extended-home/dzakaaufa/dataset/all_images_captioning/dayak74.jpg,dayak
dayak75.jpg,/mnt/extended-home/dzakaaufa/dataset/all_images_captioning/dayak75.jpg,dayak
dayak76.jpg,/mnt/extended-home/dzakaaufa/dataset/all_images_captioning/dayak76.jpg,dayak
dayak77.jpg,/mnt/extended-home/dzakaaufa/dataset/all_images_captioning/dayak77.jpg,dayak
dayak78.jpg,/mnt/extended-home/dzakaaufa/dataset/all_images_captioning/dayak78.jpg,dayak
dayak79.jpg,/mnt/extended-home/dzakaaufa/dataset/all_images_captioning/dayak79.jpg,dayak
dayak8.jpg,/mnt/extended-home/dzakaaufa/dataset/all_images_captioning/dayak8.jpg,dayak
dayak80.jpg,/mnt/extended-home/dzakaaufa/dataset/all_images_captioning/dayak80.jpg,dayak
dayak81.jpg,/mnt/extended-home/dzakaaufa/dataset/all_images_captioning/dayak81.jpg,dayak
dayak82.jpeg,/mnt/extended-home/dzakaaufa/dataset/all_images_captioning/dayak82.jpeg,dayak
dayak83.png,/mnt/extended-home/dzakaaufa/dataset/all_images_captioning/dayak83.png,dayak
dayak84.jpg,/mnt/extended-home/dzakaaufa/dataset/all_images_captioning/dayak84.jpg,dayak
dayak85.jpg,/mnt/extended-home/dzakaaufa/dataset/all_images_captioning/dayak85.jpg,dayak
dayak86.jpg,/mnt/extended-home/dzakaaufa/dataset/all_images_captioning/dayak86.jpg,dayak
dayak87.jpg,/mnt/extended-home/dzakaaufa/dataset/all_images_captioning/dayak87.jpg,dayak
dayak88.jpg,/mnt/extended-home/dzakaaufa/dataset/all_images_captioning/dayak88.jpg,dayak
dayak89.jpg,/mnt/extended-home/dzakaaufa/dataset/all_images_captioning/dayak89.jpg,dayak
dayak9.jpg,/mnt/extended-home/dzakaaufa/dataset/all_images_captioning/dayak9.jpg,dayak
dayak90.jpg,/mnt/extended-home/dzakaaufa/dataset/all_images_captioning/dayak90.jpg,dayak
dayak91.jpeg,/mnt/extended-home/dzakaaufa/dataset/all_images_captioning/dayak91.jpeg,dayak
dayak92.jpg,/mnt/extended-home/dzakaaufa/dataset/all_images_captioning/dayak92.jpg,dayak
dayak93.png,/mnt/extended-home/dzakaaufa/dataset/all_images_captioning/dayak93.png,dayak
dayak94.jpg,/mnt/extended-home/dzakaaufa/dataset/all_images_captioning/dayak94.jpg,dayak
dayak95.jpg,/mnt/extended-home/dzakaaufa/dataset/all_images_captioning/dayak95.jpg,dayak
dayak96.jpg,/mnt/extended-home/dzakaaufa/dataset/all_images_captioning/dayak96.jpg,dayak
dayak97.jpg,/mnt/extended-home/dzakaaufa/dataset/all_images_captioning/dayak97.jpg,dayak
dayak98.jpg,/mnt/extended-home/dzakaaufa/dataset/all_images_captioning/dayak98.jpg,dayak
dayak99.jpg,/mnt/extended-home/dzakaaufa/dataset/all_images_captioning/dayak99.jpg,dayak
sidoluhur1.jpg,/mnt/extended-home/dzakaaufa/dataset/all_images_captioning/sidoluhur1.jpg,sidoluhur
sidoluhur10.jpg,/mnt/extended-home/dzakaaufa/dataset/all_images_captioning/sidoluhur10.jpg,sidoluhur
sidoluhur100.jpg,/mnt/extended-home/dzakaaufa/dataset/all_images_captioning/sidoluhur100.jpg,sidoluhur
sidoluhur101.jpg,/mnt/extended-home/dzakaaufa/dataset/all_images_captioning/sidoluhur101.jpg,sidoluhur
sidoluhur102.jpg,/mnt/extended-home/dzakaaufa/dataset/all_images_captioning/sidoluhur102.jpg,sidoluhur
sidoluhur103.jpg,/mnt/extended-home/dzakaaufa/dataset/all_images_captioning/sidoluhur103.jpg,sidoluhur
sidoluhur104.jpg,/mnt/extended-home/dzakaaufa/dataset/all_images_captioning/sidoluhur104.jpg,sidoluhur
sidoluhur105.jpg,/mnt/extended-home/dzakaaufa/dataset/all_images_captioning/sidoluhur105.jpg,sidoluhur
sidoluhur106.jpg,/mnt/extended-home/dzakaaufa/dataset/all_images_captioning/sidoluhur106.jpg,sidoluhur
sidoluhur107.jpg,/mnt/extended-home/dzakaaufa/dataset/all_images_captioning/sidoluhur107.jpg,sidoluhur
sidoluhur108.jpg,/mnt/extended-home/dzakaaufa/dataset/all_images_captioning/sidoluhur108.jpg,sidoluhur
sidoluhur109.jpg,/mnt/extended-home/dzakaaufa/dataset/all_images_captioning/sidoluhur109.jpg,sidoluhur
sidoluhur11.jpg,/mnt/extended-home/dzakaaufa/dataset/all_images_captioning/sidoluhur11.jpg,sidoluhur
sidoluhur110.jpg,/mnt/extended-home/dzakaaufa/dataset/all_images_captioning/sidoluhur110.jpg,sidoluhur
sidoluhur111.png,/mnt/extended-home/dzakaaufa/dataset/all_images_captioning/sidoluhur111.png,sidoluhur
sidoluhur112.png,/mnt/extended-home/dzakaaufa/dataset/all_images_captioning/sidoluhur112.png,sidoluhur
sidoluhur113.png,/mnt/extended-home/dzakaaufa/dataset/all_images_captioning/sidoluhur113.png,sidoluhur
sidoluhur114.png,/mnt/extended-home/dzakaaufa/dataset/all_images_captioning/sidoluhur114.png,sidoluhur
sidoluhur115.png,/mnt/extended-home/dzakaaufa/dataset/all_images_captioning/sidoluhur115.png,sidoluhur
sidoluhur116.png,/mnt/extended-home/dzakaaufa/dataset/all_images_captioning/sidoluhur116.png,sidoluhur
sidoluhur117.png,/mnt/extended-home/dzakaaufa/dataset/all_images_captioning/sidoluhur117.png,sidoluhur
sidoluhur118.png,/mnt/extended-home/dzakaaufa/dataset/all_images_captioning/sidoluhur118.png,sidoluhur
sidoluhur119.png,/mnt/extended-home/dzakaaufa/dataset/all_images_captioning/sidoluhur119.png,sidoluhur
sidoluhur12.jpg,/mnt/extended-home/dzakaaufa/dataset/all_images_captioning/sidoluhur12.jpg,sidoluhur
sidoluhur120.png,/mnt/extended-home/dzakaaufa/dataset/all_images_captioning/sidoluhur120.png,sidoluhur
sidoluhur121.jpg,/mnt/extended-home/dzakaaufa/dataset/all_images_captioning/sidoluhur121.jpg,sidoluhur
sidoluhur122.jpg,/mnt/extended-home/dzakaaufa/dataset/all_images_captioning/sidoluhur122.jpg,sidoluhur
sidoluhur123.jpg,/mnt/extended-home/dzakaaufa/dataset/all_images_captioning/sidoluhur123.jpg,sidoluhur
sidoluhur124.jpg,/mnt/extended-home/dzakaaufa/dataset/all_images_captioning/sidoluhur124.jpg,sidoluhur
sidoluhur125.jpg,/mnt/extended-home/dzakaaufa/dataset/all_images_captioning/sidoluhur125.jpg,sidoluhur
sidoluhur126.jpg,/mnt/extended-home/dzakaaufa/dataset/all_images_captioning/sidoluhur126.jpg,sidoluhur
sidoluhur127.jpg,/mnt/extended-home/dzakaaufa/dataset/all_images_captioning/sidoluhur127.jpg,sidoluhur
sidoluhur128.jpg,/mnt/extended-home/dzakaaufa/dataset/all_images_captioning/sidoluhur128.jpg,sidoluhur
sidoluhur129.jpg,/mnt/extended-home/dzakaaufa/dataset/all_images_captioning/sidoluhur129.jpg,sidoluhur
sidoluhur13.jpg,/mnt/extended-home/dzakaaufa/dataset/all_images_captioning/sidoluhur13.jpg,sidoluhur
sidoluhur130.jpg,/mnt/extended-home/dzakaaufa/dataset/all_images_captioning/sidoluhur130.jpg,sidoluhur
sidoluhur131.jpg,/mnt/extended-home/dzakaaufa/dataset/all_images_captioning/sidoluhur131.jpg,sidoluhur
sidoluhur132.jpg,/mnt/extended-home/dzakaaufa/dataset/all_images_captioning/sidoluhur132.jpg,sidoluhur
sidoluhur133.jpg,/mnt/extended-home/dzakaaufa/dataset/all_images_captioning/sidoluhur133.jpg,sidoluhur
sidoluhur134.jpg,/mnt/extended-home/dzakaaufa/dataset/all_images_captioning/sidoluhur134.jpg,sidoluhur
sidoluhur135.jpg,/mnt/extended-home/dzakaaufa/dataset/all_images_captioning/sidoluhur135.jpg,sidoluhur
sidoluhur136.jpg,/mnt/extended-home/dzakaaufa/dataset/all_images_captioning/sidoluhur136.jpg,sidoluhur
sidoluhur137.jpg,/mnt/extended-home/dzakaaufa/dataset/all_images_captioning/sidoluhur137.jpg,sidoluhur
sidoluhur138.jpg,/mnt/extended-home/dzakaaufa/dataset/all_images_captioning/sidoluhur138.jpg,sidoluhur
sidoluhur139.jpg,/mnt/extended-home/dzakaaufa/dataset/all_images_captioning/sidoluhur139.jpg,sidoluhur
sidoluhur14.jpg,/mnt/extended-home/dzakaaufa/dataset/all_images_captioning/sidoluhur14.jpg,sidoluhur
sidoluhur140.jpg,/mnt/extended-home/dzakaaufa/dataset/all_images_captioning/sidoluhur140.jpg,sidoluhur
sidoluhur141.jpg,/mnt/extended-home/dzakaaufa/dataset/all_images_captioning/sidoluhur141.jpg,sidoluhur
sidoluhur142.jpg,/mnt/extended-home/dzakaaufa/dataset/all_images_captioning/sidoluhur142.jpg,sidoluhur
sidoluhur143.jpg,/mnt/extended-home/dzakaaufa/dataset/all_images_captioning/sidoluhur143.jpg,sidoluhur
sidoluhur144.jpg,/mnt/extended-home/dzakaaufa/dataset/all_images_captioning/sidoluhur144.jpg,sidoluhur
sidoluhur145.jpg,/mnt/extended-home/dzakaaufa/dataset/all_images_captioning/sidoluhur145.jpg,sidoluhur
sidoluhur146.jpg,/mnt/extended-home/dzakaaufa/dataset/all_images_captioning/sidoluhur146.jpg,sidoluhur
sidoluhur147.jpg,/mnt/extended-home/dzakaaufa/dataset/all_images_captioning/sidoluhur147.jpg,sidoluhur
sidoluhur148.jpg,/mnt/extended-home/dzakaaufa/dataset/all_images_captioning/sidoluhur148.jpg,sidoluhur
sidoluhur149.png,/mnt/extended-home/dzakaaufa/dataset/all_images_captioning/sidoluhur149.png,sidoluhur
sidoluhur15.png,/mnt/extended-home/dzakaaufa/dataset/all_images_captioning/sidoluhur15.png,sidoluhur
sidoluhur150.png,/mnt/extended-home/dzakaaufa/dataset/all_images_captioning/sidoluhur150.png,sidoluhur
sidoluhur16.jpg,/mnt/extended-home/dzakaaufa/dataset/all_images_captioning/sidoluhur16.jpg,sidoluhur
sidoluhur17.jpg,/mnt/extended-home/dzakaaufa/dataset/all_images_captioning/sidoluhur17.jpg,sidoluhur
sidoluhur18.jpg,/mnt/extended-home/dzakaaufa/dataset/all_images_captioning/sidoluhur18.jpg,sidoluhur
sidoluhur19.jpg,/mnt/extended-home/dzakaaufa/dataset/all_images_captioning/sidoluhur19.jpg,sidoluhur
sidoluhur2.jpg,/mnt/extended-home/dzakaaufa/dataset/all_images_captioning/sidoluhur2.jpg,sidoluhur
sidoluhur20.jpg,/mnt/extended-home/dzakaaufa/dataset/all_images_captioning/sidoluhur20.jpg,sidoluhur
sidoluhur21.jpg,/mnt/extended-home/dzakaaufa/dataset/all_images_captioning/sidoluhur21.jpg,sidoluhur
sidoluhur22.jpg,/mnt/extended-home/dzakaaufa/dataset/all_images_captioning/sidoluhur22.jpg,sidoluhur
sidoluhur23.jpg,/mnt/extended-home/dzakaaufa/dataset/all_images_captioning/sidoluhur23.jpg,sidoluhur
sidoluhur24.jpg,/mnt/extended-home/dzakaaufa/dataset/all_images_captioning/sidoluhur24.jpg,sidoluhur
sidoluhur25.jpg,/mnt/extended-home/dzakaaufa/dataset/all_images_captioning/sidoluhur25.jpg,sidoluhur
sidoluhur26.jpg,/mnt/extended-home/dzakaaufa/dataset/all_images_captioning/sidoluhur26.jpg,sidoluhur
sidoluhur27.jpg,/mnt/extended-home/dzakaaufa/dataset/all_images_captioning/sidoluhur27.jpg,sidoluhur
sidoluhur28.jpg,/mnt/extended-home/dzakaaufa/dataset/all_images_captioning/sidoluhur28.jpg,sidoluhur
sidoluhur29.jpg,/mnt/extended-home/dzakaaufa/dataset/all_images_captioning/sidoluhur29.jpg,sidoluhur
sidoluhur3.jpg,/mnt/extended-home/dzakaaufa/dataset/all_images_captioning/sidoluhur3.jpg,sidoluhur
sidoluhur30.jpg,/mnt/extended-home/dzakaaufa/dataset/all_images_captioning/sidoluhur30.jpg,sidoluhur
sidoluhur31.jpg,/mnt/extended-home/dzakaaufa/dataset/all_images_captioning/sidoluhur31.jpg,sidoluhur
sidoluhur32.jpg,/mnt/extended-home/dzakaaufa/dataset/all_images_captioning/sidoluhur32.jpg,sidoluhur
sidoluhur33.jpg,/mnt/extended-home/dzakaaufa/dataset/all_images_captioning/sidoluhur33.jpg,sidoluhur
sidoluhur34.jpg,/mnt/extended-home/dzakaaufa/dataset/all_images_captioning/sidoluhur34.jpg,sidoluhur
sidoluhur35.jpg,/mnt/extended-home/dzakaaufa/dataset/all_images_captioning/sidoluhur35.jpg,sidoluhur
sidoluhur36.jpg,/mnt/extended-home/dzakaaufa/dataset/all_images_captioning/sidoluhur36.jpg,sidoluhur
sidoluhur37.jpg,/mnt/extended-home/dzakaaufa/dataset/all_images_captioning/sidoluhur37.jpg,sidoluhur
sidoluhur38.jpg,/mnt/extended-home/dzakaaufa/dataset/all_images_captioning/sidoluhur38.jpg,sidoluhur
sidoluhur39.jpg,/mnt/extended-home/dzakaaufa/dataset/all_images_captioning/sidoluhur39.jpg,sidoluhur
sidoluhur4.jpg,/mnt/extended-home/dzakaaufa/dataset/all_images_captioning/sidoluhur4.jpg,sidoluhur
sidoluhur40.jpg,/mnt/extended-home/dzakaaufa/dataset/all_images_captioning/sidoluhur40.jpg,sidoluhur
sidoluhur41.jpg,/mnt/extended-home/dzakaaufa/dataset/all_images_captioning/sidoluhur41.jpg,sidoluhur
sidoluhur42.jpg,/mnt/extended-home/dzakaaufa/dataset/all_images_captioning/sidoluhur42.jpg,sidoluhur
sidoluhur43.jpg,/mnt/extended-home/dzakaaufa/dataset/all_images_captioning/sidoluhur43.jpg,sidoluhur
sidoluhur44.jpg,/mnt/extended-home/dzakaaufa/dataset/all_images_captioning/sidoluhur44.jpg,sidoluhur
sidoluhur45.jpg,/mnt/extended-home/dzakaaufa/dataset/all_images_captioning/sidoluhur45.jpg,sidoluhur
sidoluhur46.jpg,/mnt/extended-home/dzakaaufa/dataset/all_images_captioning/sidoluhur46.jpg,sidoluhur
sidoluhur47.jpg,/mnt/extended-home/dzakaaufa/dataset/all_images_captioning/sidoluhur47.jpg,sidoluhur
sidoluhur48.jpg,/mnt/extended-home/dzakaaufa/dataset/all_images_captioning/sidoluhur48.jpg,sidoluhur
sidoluhur49.jpg,/mnt/extended-home/dzakaaufa/dataset/all_images_captioning/sidoluhur49.jpg,sidoluhur
sidoluhur5.jpg,/mnt/extended-home/dzakaaufa/dataset/all_images_captioning/sidoluhur5.jpg,sidoluhur
sidoluhur50.jpg,/mnt/extended-home/dzakaaufa/dataset/all_images_captioning/sidoluhur50.jpg,sidoluhur
sidoluhur51.jpg,/mnt/extended-home/dzakaaufa/dataset/all_images_captioning/sidoluhur51.jpg,sidoluhur
sidoluhur52.jpg,/mnt/extended-home/dzakaaufa/dataset/all_images_captioning/sidoluhur52.jpg,sidoluhur
sidoluhur53.jpg,/mnt/extended-home/dzakaaufa/dataset/all_images_captioning/sidoluhur53.jpg,sidoluhur
sidoluhur54.jpg,/mnt/extended-home/dzakaaufa/dataset/all_images_captioning/sidoluhur54.jpg,sidoluhur
sidoluhur55.jpg,/mnt/extended-home/dzakaaufa/dataset/all_images_captioning/sidoluhur55.jpg,sidoluhur
sidoluhur56.jpg,/mnt/extended-home/dzakaaufa/dataset/all_images_captioning/sidoluhur56.jpg,sidoluhur
sidoluhur57.jpg,/mnt/extended-home/dzakaaufa/dataset/all_images_captioning/sidoluhur57.jpg,sidoluhur
sidoluhur58.jpg,/mnt/extended-home/dzakaaufa/dataset/all_images_captioning/sidoluhur58.jpg,sidoluhur
sidoluhur59.jpg,/mnt/extended-home/dzakaaufa/dataset/all_images_captioning/sidoluhur59.jpg,sidoluhur
sidoluhur6.jpg,/mnt/extended-home/dzakaaufa/dataset/all_images_captioning/sidoluhur6.jpg,sidoluhur
sidoluhur60.jpg,/mnt/extended-home/dzakaaufa/dataset/all_images_captioning/sidoluhur60.jpg,sidoluhur
sidoluhur61.jpg,/mnt/extended-home/dzakaaufa/dataset/all_images_captioning/sidoluhur61.jpg,sidoluhur
sidoluhur62.jpg,/mnt/extended-home/dzakaaufa/dataset/all_images_captioning/sidoluhur62.jpg,sidoluhur
sidoluhur63.jpg,/mnt/extended-home/dzakaaufa/dataset/all_images_captioning/sidoluhur63.jpg,sidoluhur
sidoluhur64.jpg,/mnt/extended-home/dzakaaufa/dataset/all_images_captioning/sidoluhur64.jpg,sidoluhur
sidoluhur65.jpg,/mnt/extended-home/dzakaaufa/dataset/all_images_captioning/sidoluhur65.jpg,sidoluhur
sidoluhur66.jpg,/mnt/extended-home/dzakaaufa/dataset/all_images_captioning/sidoluhur66.jpg,sidoluhur
sidoluhur67.jpg,/mnt/extended-home/dzakaaufa/dataset/all_images_captioning/sidoluhur67.jpg,sidoluhur
sidoluhur68.jpg,/mnt/extended-home/dzakaaufa/dataset/all_images_captioning/sidoluhur68.jpg,sidoluhur
sidoluhur69.jpg,/mnt/extended-home/dzakaaufa/dataset/all_images_captioning/sidoluhur69.jpg,sidoluhur
sidoluhur7.jpg,/mnt/extended-home/dzakaaufa/dataset/all_images_captioning/sidoluhur7.jpg,sidoluhur
sidoluhur70.jpg,/mnt/extended-home/dzakaaufa/dataset/all_images_captioning/sidoluhur70.jpg,sidoluhur
sidoluhur71.jpg,/mnt/extended-home/dzakaaufa/dataset/all_images_captioning/sidoluhur71.jpg,sidoluhur
sidoluhur72.jpg,/mnt/extended-home/dzakaaufa/dataset/all_images_captioning/sidoluhur72.jpg,sidoluhur
sidoluhur73.jpg,/mnt/extended-home/dzakaaufa/dataset/all_images_captioning/sidoluhur73.jpg,sidoluhur
sidoluhur74.jpg,/mnt/extended-home/dzakaaufa/dataset/all_images_captioning/sidoluhur74.jpg,sidoluhur
sidoluhur75.jpg,/mnt/extended-home/dzakaaufa/dataset/all_images_captioning/sidoluhur75.jpg,sidoluhur
sidoluhur76.jpg,/mnt/extended-home/dzakaaufa/dataset/all_images_captioning/sidoluhur76.jpg,sidoluhur
sidoluhur77.jpg,/mnt/extended-home/dzakaaufa/dataset/all_images_captioning/sidoluhur77.jpg,sidoluhur
sidoluhur78.jpg,/mnt/extended-home/dzakaaufa/dataset/all_images_captioning/sidoluhur78.jpg,sidoluhur
sidoluhur79.jpg,/mnt/extended-home/dzakaaufa/dataset/all_images_captioning/sidoluhur79.jpg,sidoluhur
sidoluhur8.jpg,/mnt/extended-home/dzakaaufa/dataset/all_images_captioning/sidoluhur8.jpg,sidoluhur
sidoluhur80.jpg,/mnt/extended-home/dzakaaufa/dataset/all_images_captioning/sidoluhur80.jpg,sidoluhur
sidoluhur81.jpg,/mnt/extended-home/dzakaaufa/dataset/all_images_captioning/sidoluhur81.jpg,sidoluhur
sidoluhur82.jpg,/mnt/extended-home/dzakaaufa/dataset/all_images_captioning/sidoluhur82.jpg,sidoluhur
sidoluhur83.jpg,/mnt/extended-home/dzakaaufa/dataset/all_images_captioning/sidoluhur83.jpg,sidoluhur
sidoluhur84.jpg,/mnt/extended-home/dzakaaufa/dataset/all_images_captioning/sidoluhur84.jpg,sidoluhur
sidoluhur85.jpg,/mnt/extended-home/dzakaaufa/dataset/all_images_captioning/sidoluhur85.jpg,sidoluhur
sidoluhur86.jpg,/mnt/extended-home/dzakaaufa/dataset/all_images_captioning/sidoluhur86.jpg,sidoluhur
sidoluhur87.jpg,/mnt/extended-home/dzakaaufa/dataset/all_images_captioning/sidoluhur87.jpg,sidoluhur
sidoluhur88.jpg,/mnt/extended-home/dzakaaufa/dataset/all_images_captioning/sidoluhur88.jpg,sidoluhur
sidoluhur89.jpg,/mnt/extended-home/dzakaaufa/dataset/all_images_captioning/sidoluhur89.jpg,sidoluhur
sidoluhur9.jpg,/mnt/extended-home/dzakaaufa/dataset/all_images_captioning/sidoluhur9.jpg,sidoluhur
sidoluhur90.jpg,/mnt/extended-home/dzakaaufa/dataset/all_images_captioning/sidoluhur90.jpg,sidoluhur
sidoluhur91.jpg,/mnt/extended-home/dzakaaufa/dataset/all_images_captioning/sidoluhur91.jpg,sidoluhur
sidoluhur92.jpg,/mnt/extended-home/dzakaaufa/dataset/all_images_captioning/sidoluhur92.jpg,sidoluhur
sidoluhur93.jpg,/mnt/extended-home/dzakaaufa/dataset/all_images_captioning/sidoluhur93.jpg,sidoluhur
sidoluhur94.jpg,/mnt/extended-home/dzakaaufa/dataset/all_images_captioning/sidoluhur94.jpg,sidoluhur
sidoluhur95.jpg,/mnt/extended-home/dzakaaufa/dataset/all_images_captioning/sidoluhur95.jpg,sidoluhur
sidoluhur96.jpg,/mnt/extended-home/dzakaaufa/dataset/all_images_captioning/sidoluhur96.jpg,sidoluhur
sidoluhur97.jpg,/mnt/extended-home/dzakaaufa/dataset/all_images_captioning/sidoluhur97.jpg,sidoluhur
sidoluhur98.jpg,/mnt/extended-home/dzakaaufa/dataset/all_images_captioning/sidoluhur98.jpg,sidoluhur
sidoluhur99.jpg,/mnt/extended-home/dzakaaufa/dataset/all_images_captioning/sidoluhur99.jpg,sidoluhur
parang1.jpg,/mnt/extended-home/dzakaaufa/dataset/all_images_captioning/parang1.jpg,parang
parang10.jpg,/mnt/extended-home/dzakaaufa/dataset/all_images_captioning/parang10.jpg,parang
parang100.jpg,/mnt/extended-home/dzakaaufa/dataset/all_images_captioning/parang100.jpg,parang
parang101.jpg,/mnt/extended-home/dzakaaufa/dataset/all_images_captioning/parang101.jpg,parang
parang102.jpg,/mnt/extended-home/dzakaaufa/dataset/all_images_captioning/parang102.jpg,parang
parang103.jpg,/mnt/extended-home/dzakaaufa/dataset/all_images_captioning/parang103.jpg,parang
parang104.jpg,/mnt/extended-home/dzakaaufa/dataset/all_images_captioning/parang104.jpg,parang
parang105.jpg,/mnt/extended-home/dzakaaufa/dataset/all_images_captioning/parang105.jpg,parang
parang106.jpg,/mnt/extended-home/dzakaaufa/dataset/all_images_captioning/parang106.jpg,parang
parang107.jpg,/mnt/extended-home/dzakaaufa/dataset/all_images_captioning/parang107.jpg,parang
parang108.jpg,/mnt/extended-home/dzakaaufa/dataset/all_images_captioning/parang108.jpg,parang
parang109.jpg,/mnt/extended-home/dzakaaufa/dataset/all_images_captioning/parang109.jpg,parang
parang11.jpg,/mnt/extended-home/dzakaaufa/dataset/all_images_captioning/parang11.jpg,parang
parang110.jpg,/mnt/extended-home/dzakaaufa/dataset/all_images_captioning/parang110.jpg,parang
parang111.jpg,/mnt/extended-home/dzakaaufa/dataset/all_images_captioning/parang111.jpg,parang
parang112.jpg,/mnt/extended-home/dzakaaufa/dataset/all_images_captioning/parang112.jpg,parang
parang113.jpg,/mnt/extended-home/dzakaaufa/dataset/all_images_captioning/parang113.jpg,parang
parang114.jpg,/mnt/extended-home/dzakaaufa/dataset/all_images_captioning/parang114.jpg,parang
parang115.jpg,/mnt/extended-home/dzakaaufa/dataset/all_images_captioning/parang115.jpg,parang
parang116.jpg,/mnt/extended-home/dzakaaufa/dataset/all_images_captioning/parang116.jpg,parang
parang117.jpg,/mnt/extended-home/dzakaaufa/dataset/all_images_captioning/parang117.jpg,parang
parang118.jpg,/mnt/extended-home/dzakaaufa/dataset/all_images_captioning/parang118.jpg,parang
parang119.jpg,/mnt/extended-home/dzakaaufa/dataset/all_images_captioning/parang119.jpg,parang
parang12.jpg,/mnt/extended-home/dzakaaufa/dataset/all_images_captioning/parang12.jpg,parang
parang120.jpg,/mnt/extended-home/dzakaaufa/dataset/all_images_captioning/parang120.jpg,parang
parang121.jpg,/mnt/extended-home/dzakaaufa/dataset/all_images_captioning/parang121.jpg,parang
parang122.jpg,/mnt/extended-home/dzakaaufa/dataset/all_images_captioning/parang122.jpg,parang
parang123.jpg,/mnt/extended-home/dzakaaufa/dataset/all_images_captioning/parang123.jpg,parang
parang124.jpg,/mnt/extended-home/dzakaaufa/dataset/all_images_captioning/parang124.jpg,parang
parang125.jpg,/mnt/extended-home/dzakaaufa/dataset/all_images_captioning/parang125.jpg,parang
parang126.jpg,/mnt/extended-home/dzakaaufa/dataset/all_images_captioning/parang126.jpg,parang
parang127.jpg,/mnt/extended-home/dzakaaufa/dataset/all_images_captioning/parang127.jpg,parang
parang128.jpg,/mnt/extended-home/dzakaaufa/dataset/all_images_captioning/parang128.jpg,parang
parang129.jpg,/mnt/extended-home/dzakaaufa/dataset/all_images_captioning/parang129.jpg,parang
parang13.jpg,/mnt/extended-home/dzakaaufa/dataset/all_images_captioning/parang13.jpg,parang
parang130.jpg,/mnt/extended-home/dzakaaufa/dataset/all_images_captioning/parang130.jpg,parang
parang131.jpg,/mnt/extended-home/dzakaaufa/dataset/all_images_captioning/parang131.jpg,parang
parang132.jpg,/mnt/extended-home/dzakaaufa/dataset/all_images_captioning/parang132.jpg,parang
parang133.jpg,/mnt/extended-home/dzakaaufa/dataset/all_images_captioning/parang133.jpg,parang
parang134.jpg,/mnt/extended-home/dzakaaufa/dataset/all_images_captioning/parang134.jpg,parang
parang135.jpg,/mnt/extended-home/dzakaaufa/dataset/all_images_captioning/parang135.jpg,parang
parang136.jpg,/mnt/extended-home/dzakaaufa/dataset/all_images_captioning/parang136.jpg,parang
parang137.jpg,/mnt/extended-home/dzakaaufa/dataset/all_images_captioning/parang137.jpg,parang
parang138.jpg,/mnt/extended-home/dzakaaufa/dataset/all_images_captioning/parang138.jpg,parang
parang139.jpg,/mnt/extended-home/dzakaaufa/dataset/all_images_captioning/parang139.jpg,parang
parang14.jpg,/mnt/extended-home/dzakaaufa/dataset/all_images_captioning/parang14.jpg,parang
parang140.jpg,/mnt/extended-home/dzakaaufa/dataset/all_images_captioning/parang140.jpg,parang
parang141.jpg,/mnt/extended-home/dzakaaufa/dataset/all_images_captioning/parang141.jpg,parang
parang142.jpg,/mnt/extended-home/dzakaaufa/dataset/all_images_captioning/parang142.jpg,parang
parang143.jpg,/mnt/extended-home/dzakaaufa/dataset/all_images_captioning/parang143.jpg,parang
parang144.jpg,/mnt/extended-home/dzakaaufa/dataset/all_images_captioning/parang144.jpg,parang
parang145.jpg,/mnt/extended-home/dzakaaufa/dataset/all_images_captioning/parang145.jpg,parang
parang146.jpg,/mnt/extended-home/dzakaaufa/dataset/all_images_captioning/parang146.jpg,parang
parang147.jpg,/mnt/extended-home/dzakaaufa/dataset/all_images_captioning/parang147.jpg,parang
parang148.jpg,/mnt/extended-home/dzakaaufa/dataset/all_images_captioning/parang148.jpg,parang
parang149.jpg,/mnt/extended-home/dzakaaufa/dataset/all_images_captioning/parang149.jpg,parang
parang15.jpg,/mnt/extended-home/dzakaaufa/dataset/all_images_captioning/parang15.jpg,parang
parang150.jpg,/mnt/extended-home/dzakaaufa/dataset/all_images_captioning/parang150.jpg,parang
parang16.jpg,/mnt/extended-home/dzakaaufa/dataset/all_images_captioning/parang16.jpg,parang
parang17.jpg,/mnt/extended-home/dzakaaufa/dataset/all_images_captioning/parang17.jpg,parang
parang18.jpg,/mnt/extended-home/dzakaaufa/dataset/all_images_captioning/parang18.jpg,parang
parang19.jpg,/mnt/extended-home/dzakaaufa/dataset/all_images_captioning/parang19.jpg,parang
parang2.jpg,/mnt/extended-home/dzakaaufa/dataset/all_images_captioning/parang2.jpg,parang
parang20.jpg,/mnt/extended-home/dzakaaufa/dataset/all_images_captioning/parang20.jpg,parang
parang21.jpg,/mnt/extended-home/dzakaaufa/dataset/all_images_captioning/parang21.jpg,parang
parang22.jpg,/mnt/extended-home/dzakaaufa/dataset/all_images_captioning/parang22.jpg,parang
parang23.jpg,/mnt/extended-home/dzakaaufa/dataset/all_images_captioning/parang23.jpg,parang
parang24.jpg,/mnt/extended-home/dzakaaufa/dataset/all_images_captioning/parang24.jpg,parang
parang25.jpg,/mnt/extended-home/dzakaaufa/dataset/all_images_captioning/parang25.jpg,parang
parang26.jpg,/mnt/extended-home/dzakaaufa/dataset/all_images_captioning/parang26.jpg,parang
parang27.jpg,/mnt/extended-home/dzakaaufa/dataset/all_images_captioning/parang27.jpg,parang
parang28.jpg,/mnt/extended-home/dzakaaufa/dataset/all_images_captioning/parang28.jpg,parang
parang29.jpg,/mnt/extended-home/dzakaaufa/dataset/all_images_captioning/parang29.jpg,parang
parang3.jpg,/mnt/extended-home/dzakaaufa/dataset/all_images_captioning/parang3.jpg,parang
parang30.jpg,/mnt/extended-home/dzakaaufa/dataset/all_images_captioning/parang30.jpg,parang
parang31.jpg,/mnt/extended-home/dzakaaufa/dataset/all_images_captioning/parang31.jpg,parang
parang32.jpg,/mnt/extended-home/dzakaaufa/dataset/all_images_captioning/parang32.jpg,parang
parang33.jpg,/mnt/extended-home/dzakaaufa/dataset/all_images_captioning/parang33.jpg,parang
parang34.jpg,/mnt/extended-home/dzakaaufa/dataset/all_images_captioning/parang34.jpg,parang
parang35.jpg,/mnt/extended-home/dzakaaufa/dataset/all_images_captioning/parang35.jpg,parang
parang36.jpg,/mnt/extended-home/dzakaaufa/dataset/all_images_captioning/parang36.jpg,parang
parang37.jpg,/mnt/extended-home/dzakaaufa/dataset/all_images_captioning/parang37.jpg,parang
parang38.jpg,/mnt/extended-home/dzakaaufa/dataset/all_images_captioning/parang38.jpg,parang
parang39.jpg,/mnt/extended-home/dzakaaufa/dataset/all_images_captioning/parang39.jpg,parang
parang4.jpg,/mnt/extended-home/dzakaaufa/dataset/all_images_captioning/parang4.jpg,parang
parang40.jpg,/mnt/extended-home/dzakaaufa/dataset/all_images_captioning/parang40.jpg,parang
parang41.jpg,/mnt/extended-home/dzakaaufa/dataset/all_images_captioning/parang41.jpg,parang
parang42.jpg,/mnt/extended-home/dzakaaufa/dataset/all_images_captioning/parang42.jpg,parang
parang43.jpg,/mnt/extended-home/dzakaaufa/dataset/all_images_captioning/parang43.jpg,parang
parang44.jpg,/mnt/extended-home/dzakaaufa/dataset/all_images_captioning/parang44.jpg,parang
parang45.jpg,/mnt/extended-home/dzakaaufa/dataset/all_images_captioning/parang45.jpg,parang
parang46.jpg,/mnt/extended-home/dzakaaufa/dataset/all_images_captioning/parang46.jpg,parang
parang47.jpg,/mnt/extended-home/dzakaaufa/dataset/all_images_captioning/parang47.jpg,parang
parang48.jpg,/mnt/extended-home/dzakaaufa/dataset/all_images_captioning/parang48.jpg,parang
parang49.jpg,/mnt/extended-home/dzakaaufa/dataset/all_images_captioning/parang49.jpg,parang
parang5.jpg,/mnt/extended-home/dzakaaufa/dataset/all_images_captioning/parang5.jpg,parang
parang50.jpg,/mnt/extended-home/dzakaaufa/dataset/all_images_captioning/parang50.jpg,parang
parang51.jpg,/mnt/extended-home/dzakaaufa/dataset/all_images_captioning/parang51.jpg,parang
parang52.jpg,/mnt/extended-home/dzakaaufa/dataset/all_images_captioning/parang52.jpg,parang
parang53.jpg,/mnt/extended-home/dzakaaufa/dataset/all_images_captioning/parang53.jpg,parang
parang54.jpg,/mnt/extended-home/dzakaaufa/dataset/all_images_captioning/parang54.jpg,parang
parang55.jpg,/mnt/extended-home/dzakaaufa/dataset/all_images_captioning/parang55.jpg,parang
parang56.jpg,/mnt/extended-home/dzakaaufa/dataset/all_images_captioning/parang56.jpg,parang
parang57.jpg,/mnt/extended-home/dzakaaufa/dataset/all_images_captioning/parang57.jpg,parang
parang58.jpg,/mnt/extended-home/dzakaaufa/dataset/all_images_captioning/parang58.jpg,parang
parang59.jpg,/mnt/extended-home/dzakaaufa/dataset/all_images_captioning/parang59.jpg,parang
parang6.jpg,/mnt/extended-home/dzakaaufa/dataset/all_images_captioning/parang6.jpg,parang
parang60.jpg,/mnt/extended-home/dzakaaufa/dataset/all_images_captioning/parang60.jpg,parang
parang61.jpg,/mnt/extended-home/dzakaaufa/dataset/all_images_captioning/parang61.jpg,parang
parang62.jpg,/mnt/extended-home/dzakaaufa/dataset/all_images_captioning/parang62.jpg,parang
parang63.jpg,/mnt/extended-home/dzakaaufa/dataset/all_images_captioning/parang63.jpg,parang
parang64.jpg,/mnt/extended-home/dzakaaufa/dataset/all_images_captioning/parang64.jpg,parang
parang65.jpg,/mnt/extended-home/dzakaaufa/dataset/all_images_captioning/parang65.jpg,parang
parang66.jpg,/mnt/extended-home/dzakaaufa/dataset/all_images_captioning/parang66.jpg,parang
parang67.jpg,/mnt/extended-home/dzakaaufa/dataset/all_images_captioning/parang67.jpg,parang
parang68.jpg,/mnt/extended-home/dzakaaufa/dataset/all_images_captioning/parang68.jpg,parang
parang69.jpg,/mnt/extended-home/dzakaaufa/dataset/all_images_captioning/parang69.jpg,parang
parang7.jpg,/mnt/extended-home/dzakaaufa/dataset/all_images_captioning/parang7.jpg,parang
parang70.jpg,/mnt/extended-home/dzakaaufa/dataset/all_images_captioning/parang70.jpg,parang
parang71.jpg,/mnt/extended-home/dzakaaufa/dataset/all_images_captioning/parang71.jpg,parang
parang72.jpg,/mnt/extended-home/dzakaaufa/dataset/all_images_captioning/parang72.jpg,parang
parang73.jpg,/mnt/extended-home/dzakaaufa/dataset/all_images_captioning/parang73.jpg,parang
parang74.jpg,/mnt/extended-home/dzakaaufa/dataset/all_images_captioning/parang74.jpg,parang
parang75.jpg,/mnt/extended-home/dzakaaufa/dataset/all_images_captioning/parang75.jpg,parang
parang76.jpg,/mnt/extended-home/dzakaaufa/dataset/all_images_captioning/parang76.jpg,parang
parang77.jpg,/mnt/extended-home/dzakaaufa/dataset/all_images_captioning/parang77.jpg,parang
parang78.jpg,/mnt/extended-home/dzakaaufa/dataset/all_images_captioning/parang78.jpg,parang
parang79.jpg,/mnt/extended-home/dzakaaufa/dataset/all_images_captioning/parang79.jpg,parang
parang8.jpg,/mnt/extended-home/dzakaaufa/dataset/all_images_captioning/parang8.jpg,parang
parang80.jpg,/mnt/extended-home/dzakaaufa/dataset/all_images_captioning/parang80.jpg,parang
parang81.jpg,/mnt/extended-home/dzakaaufa/dataset/all_images_captioning/parang81.jpg,parang
parang82.jpg,/mnt/extended-home/dzakaaufa/dataset/all_images_captioning/parang82.jpg,parang
parang83.jpg,/mnt/extended-home/dzakaaufa/dataset/all_images_captioning/parang83.jpg,parang
parang84.jpg,/mnt/extended-home/dzakaaufa/dataset/all_images_captioning/parang84.jpg,parang
parang85.jpg,/mnt/extended-home/dzakaaufa/dataset/all_images_captioning/parang85.jpg,parang
parang86.jpg,/mnt/extended-home/dzakaaufa/dataset/all_images_captioning/parang86.jpg,parang
parang87.jpg,/mnt/extended-home/dzakaaufa/dataset/all_images_captioning/parang87.jpg,parang
parang88.jpg,/mnt/extended-home/dzakaaufa/dataset/all_images_captioning/parang88.jpg,parang
parang89.jpg,/mnt/extended-home/dzakaaufa/dataset/all_images_captioning/parang89.jpg,parang
parang9.jpg,/mnt/extended-home/dzakaaufa/dataset/all_images_captioning/parang9.jpg,parang
parang90.jpg,/mnt/extended-home/dzakaaufa/dataset/all_images_captioning/parang90.jpg,parang
parang91.jpg,/mnt/extended-home/dzakaaufa/dataset/all_images_captioning/parang91.jpg,parang
parang92.jpg,/mnt/extended-home/dzakaaufa/dataset/all_images_captioning/parang92.jpg,parang
parang93.jpg,/mnt/extended-home/dzakaaufa/dataset/all_images_captioning/parang93.jpg,parang
parang94.jpg,/mnt/extended-home/dzakaaufa/dataset/all_images_captioning/parang94.jpg,parang
parang95.jpg,/mnt/extended-home/dzakaaufa/dataset/all_images_captioning/parang95.jpg,parang
parang96.jpg,/mnt/extended-home/dzakaaufa/dataset/all_images_captioning/parang96.jpg,parang
parang97.jpg,/mnt/extended-home/dzakaaufa/dataset/all_images_captioning/parang97.jpg,parang
parang98.jpg,/mnt/extended-home/dzakaaufa/dataset/all_images_captioning/parang98.jpg,parang
parang99.jpg,/mnt/extended-home/dzakaaufa/dataset/all_images_captioning/parang99.jpg,parang
bokor_kencono1.jpg,/mnt/extended-home/dzakaaufa/dataset/all_images_captioning/bokor_kencono1.jpg,bokor_kencono
bokor_kencono10.jpg,/mnt/extended-home/dzakaaufa/dataset/all_images_captioning/bokor_kencono10.jpg,bokor_kencono
bokor_kencono100.jpg,/mnt/extended-home/dzakaaufa/dataset/all_images_captioning/bokor_kencono100.jpg,bokor_kencono
bokor_kencono101.jpg,/mnt/extended-home/dzakaaufa/dataset/all_images_captioning/bokor_kencono101.jpg,bokor_kencono
bokor_kencono102.jpg,/mnt/extended-home/dzakaaufa/dataset/all_images_captioning/bokor_kencono102.jpg,bokor_kencono
bokor_kencono103.jpg,/mnt/extended-home/dzakaaufa/dataset/all_images_captioning/bokor_kencono103.jpg,bokor_kencono
bokor_kencono104.jpg,/mnt/extended-home/dzakaaufa/dataset/all_images_captioning/bokor_kencono104.jpg,bokor_kencono
bokor_kencono105.jpg,/mnt/extended-home/dzakaaufa/dataset/all_images_captioning/bokor_kencono105.jpg,bokor_kencono
bokor_kencono106.jpg,/mnt/extended-home/dzakaaufa/dataset/all_images_captioning/bokor_kencono106.jpg,bokor_kencono
bokor_kencono107.jpg,/mnt/extended-home/dzakaaufa/dataset/all_images_captioning/bokor_kencono107.jpg,bokor_kencono
bokor_kencono108.jpg,/mnt/extended-home/dzakaaufa/dataset/all_images_captioning/bokor_kencono108.jpg,bokor_kencono
bokor_kencono109.jpg,/mnt/extended-home/dzakaaufa/dataset/all_images_captioning/bokor_kencono109.jpg,bokor_kencono
bokor_kencono11.jpg,/mnt/extended-home/dzakaaufa/dataset/all_images_captioning/bokor_kencono11.jpg,bokor_kencono
bokor_kencono110.jpg,/mnt/extended-home/dzakaaufa/dataset/all_images_captioning/bokor_kencono110.jpg,bokor_kencono
bokor_kencono111.jpg,/mnt/extended-home/dzakaaufa/dataset/all_images_captioning/bokor_kencono111.jpg,bokor_kencono
bokor_kencono112.jpg,/mnt/extended-home/dzakaaufa/dataset/all_images_captioning/bokor_kencono112.jpg,bokor_kencono
bokor_kencono113.jpg,/mnt/extended-home/dzakaaufa/dataset/all_images_captioning/bokor_kencono113.jpg,bokor_kencono
bokor_kencono114.jpg,/mnt/extended-home/dzakaaufa/dataset/all_images_captioning/bokor_kencono114.jpg,bokor_kencono
bokor_kencono115.jpg,/mnt/extended-home/dzakaaufa/dataset/all_images_captioning/bokor_kencono115.jpg,bokor_kencono
bokor_kencono116.jpg,/mnt/extended-home/dzakaaufa/dataset/all_images_captioning/bokor_kencono116.jpg,bokor_kencono
bokor_kencono117.jpg,/mnt/extended-home/dzakaaufa/dataset/all_images_captioning/bokor_kencono117.jpg,bokor_kencono
bokor_kencono118.jpg,/mnt/extended-home/dzakaaufa/dataset/all_images_captioning/bokor_kencono118.jpg,bokor_kencono
bokor_kencono119.jpg,/mnt/extended-home/dzakaaufa/dataset/all_images_captioning/bokor_kencono119.jpg,bokor_kencono
bokor_kencono12.jpg,/mnt/extended-home/dzakaaufa/dataset/all_images_captioning/bokor_kencono12.jpg,bokor_kencono
bokor_kencono120.jpg,/mnt/extended-home/dzakaaufa/dataset/all_images_captioning/bokor_kencono120.jpg,bokor_kencono
bokor_kencono121.jpg,/mnt/extended-home/dzakaaufa/dataset/all_images_captioning/bokor_kencono121.jpg,bokor_kencono
bokor_kencono122.jpg,/mnt/extended-home/dzakaaufa/dataset/all_images_captioning/bokor_kencono122.jpg,bokor_kencono
bokor_kencono123.jpg,/mnt/extended-home/dzakaaufa/dataset/all_images_captioning/bokor_kencono123.jpg,bokor_kencono
bokor_kencono124.jpg,/mnt/extended-home/dzakaaufa/dataset/all_images_captioning/bokor_kencono124.jpg,bokor_kencono
bokor_kencono125.jpg,/mnt/extended-home/dzakaaufa/dataset/all_images_captioning/bokor_kencono125.jpg,bokor_kencono
bokor_kencono126.jpg,/mnt/extended-home/dzakaaufa/dataset/all_images_captioning/bokor_kencono126.jpg,bokor_kencono
bokor_kencono127.jpg,/mnt/extended-home/dzakaaufa/dataset/all_images_captioning/bokor_kencono127.jpg,bokor_kencono
bokor_kencono128.jpg,/mnt/extended-home/dzakaaufa/dataset/all_images_captioning/bokor_kencono128.jpg,bokor_kencono
bokor_kencono129.jpg,/mnt/extended-home/dzakaaufa/dataset/all_images_captioning/bokor_kencono129.jpg,bokor_kencono
bokor_kencono13.jpg,/mnt/extended-home/dzakaaufa/dataset/all_images_captioning/bokor_kencono13.jpg,bokor_kencono
bokor_kencono130.jpg,/mnt/extended-home/dzakaaufa/dataset/all_images_captioning/bokor_kencono130.jpg,bokor_kencono
bokor_kencono131.jpg,/mnt/extended-home/dzakaaufa/dataset/all_images_captioning/bokor_kencono131.jpg,bokor_kencono
bokor_kencono132.jpg,/mnt/extended-home/dzakaaufa/dataset/all_images_captioning/bokor_kencono132.jpg,bokor_kencono
bokor_kencono133.jpg,/mnt/extended-home/dzakaaufa/dataset/all_images_captioning/bokor_kencono133.jpg,bokor_kencono
bokor_kencono134.jpg,/mnt/extended-home/dzakaaufa/dataset/all_images_captioning/bokor_kencono134.jpg,bokor_kencono
bokor_kencono135.jpg,/mnt/extended-home/dzakaaufa/dataset/all_images_captioning/bokor_kencono135.jpg,bokor_kencono
bokor_kencono136.jpg,/mnt/extended-home/dzakaaufa/dataset/all_images_captioning/bokor_kencono136.jpg,bokor_kencono
bokor_kencono137.jpg,/mnt/extended-home/dzakaaufa/dataset/all_images_captioning/bokor_kencono137.jpg,bokor_kencono
bokor_kencono138.jpg,/mnt/extended-home/dzakaaufa/dataset/all_images_captioning/bokor_kencono138.jpg,bokor_kencono
bokor_kencono139.jpg,/mnt/extended-home/dzakaaufa/dataset/all_images_captioning/bokor_kencono139.jpg,bokor_kencono
bokor_kencono14.jpg,/mnt/extended-home/dzakaaufa/dataset/all_images_captioning/bokor_kencono14.jpg,bokor_kencono
bokor_kencono140.jpg,/mnt/extended-home/dzakaaufa/dataset/all_images_captioning/bokor_kencono140.jpg,bokor_kencono
bokor_kencono141.jpg,/mnt/extended-home/dzakaaufa/dataset/all_images_captioning/bokor_kencono141.jpg,bokor_kencono
bokor_kencono142.jpg,/mnt/extended-home/dzakaaufa/dataset/all_images_captioning/bokor_kencono142.jpg,bokor_kencono
bokor_kencono143.jpg,/mnt/extended-home/dzakaaufa/dataset/all_images_captioning/bokor_kencono143.jpg,bokor_kencono
bokor_kencono144.jpg,/mnt/extended-home/dzakaaufa/dataset/all_images_captioning/bokor_kencono144.jpg,bokor_kencono
bokor_kencono145.jpg,/mnt/extended-home/dzakaaufa/dataset/all_images_captioning/bokor_kencono145.jpg,bokor_kencono
bokor_kencono146.jpg,/mnt/extended-home/dzakaaufa/dataset/all_images_captioning/bokor_kencono146.jpg,bokor_kencono
bokor_kencono147.jpg,/mnt/extended-home/dzakaaufa/dataset/all_images_captioning/bokor_kencono147.jpg,bokor_kencono
bokor_kencono148.jpg,/mnt/extended-home/dzakaaufa/dataset/all_images_captioning/bokor_kencono148.jpg,bokor_kencono
bokor_kencono149.jpg,/mnt/extended-home/dzakaaufa/dataset/all_images_captioning/bokor_kencono149.jpg,bokor_kencono
bokor_kencono15.jpg,/mnt/extended-home/dzakaaufa/dataset/all_images_captioning/bokor_kencono15.jpg,bokor_kencono
bokor_kencono150.jpg,/mnt/extended-home/dzakaaufa/dataset/all_images_captioning/bokor_kencono150.jpg,bokor_kencono
bokor_kencono16.jpg,/mnt/extended-home/dzakaaufa/dataset/all_images_captioning/bokor_kencono16.jpg,bokor_kencono
bokor_kencono17.jpg,/mnt/extended-home/dzakaaufa/dataset/all_images_captioning/bokor_kencono17.jpg,bokor_kencono
bokor_kencono18.jpg,/mnt/extended-home/dzakaaufa/dataset/all_images_captioning/bokor_kencono18.jpg,bokor_kencono
bokor_kencono19.jpg,/mnt/extended-home/dzakaaufa/dataset/all_images_captioning/bokor_kencono19.jpg,bokor_kencono
bokor_kencono2.jpg,/mnt/extended-home/dzakaaufa/dataset/all_images_captioning/bokor_kencono2.jpg,bokor_kencono
bokor_kencono20.jpg,/mnt/extended-home/dzakaaufa/dataset/all_images_captioning/bokor_kencono20.jpg,bokor_kencono
bokor_kencono21.jpg,/mnt/extended-home/dzakaaufa/dataset/all_images_captioning/bokor_kencono21.jpg,bokor_kencono
bokor_kencono22.jpg,/mnt/extended-home/dzakaaufa/dataset/all_images_captioning/bokor_kencono22.jpg,bokor_kencono
bokor_kencono23.jpg,/mnt/extended-home/dzakaaufa/dataset/all_images_captioning/bokor_kencono23.jpg,bokor_kencono
bokor_kencono24.jpg,/mnt/extended-home/dzakaaufa/dataset/all_images_captioning/bokor_kencono24.jpg,bokor_kencono
bokor_kencono25.jpg,/mnt/extended-home/dzakaaufa/dataset/all_images_captioning/bokor_kencono25.jpg,bokor_kencono
bokor_kencono26.jpg,/mnt/extended-home/dzakaaufa/dataset/all_images_captioning/bokor_kencono26.jpg,bokor_kencono
bokor_kencono27.jpg,/mnt/extended-home/dzakaaufa/dataset/all_images_captioning/bokor_kencono27.jpg,bokor_kencono
bokor_kencono28.jpg,/mnt/extended-home/dzakaaufa/dataset/all_images_captioning/bokor_kencono28.jpg,bokor_kencono
bokor_kencono29.jpg,/mnt/extended-home/dzakaaufa/dataset/all_images_captioning/bokor_kencono29.jpg,bokor_kencono
bokor_kencono3.jpg,/mnt/extended-home/dzakaaufa/dataset/all_images_captioning/bokor_kencono3.jpg,bokor_kencono
bokor_kencono30.jpg,/mnt/extended-home/dzakaaufa/dataset/all_images_captioning/bokor_kencono30.jpg,bokor_kencono
bokor_kencono31.jpg,/mnt/extended-home/dzakaaufa/dataset/all_images_captioning/bokor_kencono31.jpg,bokor_kencono
bokor_kencono32.jpg,/mnt/extended-home/dzakaaufa/dataset/all_images_captioning/bokor_kencono32.jpg,bokor_kencono
bokor_kencono33.jpg,/mnt/extended-home/dzakaaufa/dataset/all_images_captioning/bokor_kencono33.jpg,bokor_kencono
bokor_kencono34.jpg,/mnt/extended-home/dzakaaufa/dataset/all_images_captioning/bokor_kencono34.jpg,bokor_kencono
bokor_kencono35.jpg,/mnt/extended-home/dzakaaufa/dataset/all_images_captioning/bokor_kencono35.jpg,bokor_kencono
bokor_kencono36.jpg,/mnt/extended-home/dzakaaufa/dataset/all_images_captioning/bokor_kencono36.jpg,bokor_kencono
bokor_kencono37.jpg,/mnt/extended-home/dzakaaufa/dataset/all_images_captioning/bokor_kencono37.jpg,bokor_kencono
bokor_kencono38.jpg,/mnt/extended-home/dzakaaufa/dataset/all_images_captioning/bokor_kencono38.jpg,bokor_kencono
bokor_kencono39.jpg,/mnt/extended-home/dzakaaufa/dataset/all_images_captioning/bokor_kencono39.jpg,bokor_kencono
bokor_kencono4.jpg,/mnt/extended-home/dzakaaufa/dataset/all_images_captioning/bokor_kencono4.jpg,bokor_kencono
bokor_kencono40.jpg,/mnt/extended-home/dzakaaufa/dataset/all_images_captioning/bokor_kencono40.jpg,bokor_kencono
bokor_kencono41.jpg,/mnt/extended-home/dzakaaufa/dataset/all_images_captioning/bokor_kencono41.jpg,bokor_kencono
bokor_kencono42.jpg,/mnt/extended-home/dzakaaufa/dataset/all_images_captioning/bokor_kencono42.jpg,bokor_kencono
bokor_kencono43.jpg,/mnt/extended-home/dzakaaufa/dataset/all_images_captioning/bokor_kencono43.jpg,bokor_kencono
bokor_kencono44.jpg,/mnt/extended-home/dzakaaufa/dataset/all_images_captioning/bokor_kencono44.jpg,bokor_kencono
bokor_kencono45.jpg,/mnt/extended-home/dzakaaufa/dataset/all_images_captioning/bokor_kencono45.jpg,bokor_kencono
bokor_kencono46.jpg,/mnt/extended-home/dzakaaufa/dataset/all_images_captioning/bokor_kencono46.jpg,bokor_kencono
bokor_kencono47.jpg,/mnt/extended-home/dzakaaufa/dataset/all_images_captioning/bokor_kencono47.jpg,bokor_kencono
bokor_kencono48.jpg,/mnt/extended-home/dzakaaufa/dataset/all_images_captioning/bokor_kencono48.jpg,bokor_kencono
bokor_kencono49.jpg,/mnt/extended-home/dzakaaufa/dataset/all_images_captioning/bokor_kencono49.jpg,bokor_kencono
bokor_kencono5.jpg,/mnt/extended-home/dzakaaufa/dataset/all_images_captioning/bokor_kencono5.jpg,bokor_kencono
bokor_kencono50.jpg,/mnt/extended-home/dzakaaufa/dataset/all_images_captioning/bokor_kencono50.jpg,bokor_kencono
bokor_kencono51.jpg,/mnt/extended-home/dzakaaufa/dataset/all_images_captioning/bokor_kencono51.jpg,bokor_kencono
bokor_kencono52.jpg,/mnt/extended-home/dzakaaufa/dataset/all_images_captioning/bokor_kencono52.jpg,bokor_kencono
bokor_kencono53.jpg,/mnt/extended-home/dzakaaufa/dataset/all_images_captioning/bokor_kencono53.jpg,bokor_kencono
bokor_kencono54.jpg,/mnt/extended-home/dzakaaufa/dataset/all_images_captioning/bokor_kencono54.jpg,bokor_kencono
bokor_kencono55.jpg,/mnt/extended-home/dzakaaufa/dataset/all_images_captioning/bokor_kencono55.jpg,bokor_kencono
bokor_kencono56.jpg,/mnt/extended-home/dzakaaufa/dataset/all_images_captioning/bokor_kencono56.jpg,bokor_kencono
bokor_kencono57.jpg,/mnt/extended-home/dzakaaufa/dataset/all_images_captioning/bokor_kencono57.jpg,bokor_kencono
bokor_kencono58.jpg,/mnt/extended-home/dzakaaufa/dataset/all_images_captioning/bokor_kencono58.jpg,bokor_kencono
bokor_kencono59.jpg,/mnt/extended-home/dzakaaufa/dataset/all_images_captioning/bokor_kencono59.jpg,bokor_kencono
bokor_kencono6.jpg,/mnt/extended-home/dzakaaufa/dataset/all_images_captioning/bokor_kencono6.jpg,bokor_kencono
bokor_kencono60.jpg,/mnt/extended-home/dzakaaufa/dataset/all_images_captioning/bokor_kencono60.jpg,bokor_kencono
bokor_kencono61.jpg,/mnt/extended-home/dzakaaufa/dataset/all_images_captioning/bokor_kencono61.jpg,bokor_kencono
bokor_kencono62.jpg,/mnt/extended-home/dzakaaufa/dataset/all_images_captioning/bokor_kencono62.jpg,bokor_kencono
bokor_kencono63.jpg,/mnt/extended-home/dzakaaufa/dataset/all_images_captioning/bokor_kencono63.jpg,bokor_kencono
bokor_kencono64.jpg,/mnt/extended-home/dzakaaufa/dataset/all_images_captioning/bokor_kencono64.jpg,bokor_kencono
bokor_kencono65.jpg,/mnt/extended-home/dzakaaufa/dataset/all_images_captioning/bokor_kencono65.jpg,bokor_kencono
bokor_kencono66.jpg,/mnt/extended-home/dzakaaufa/dataset/all_images_captioning/bokor_kencono66.jpg,bokor_kencono
bokor_kencono67.jpg,/mnt/extended-home/dzakaaufa/dataset/all_images_captioning/bokor_kencono67.jpg,bokor_kencono
bokor_kencono68.jpg,/mnt/extended-home/dzakaaufa/dataset/all_images_captioning/bokor_kencono68.jpg,bokor_kencono
bokor_kencono69.jpg,/mnt/extended-home/dzakaaufa/dataset/all_images_captioning/bokor_kencono69.jpg,bokor_kencono
bokor_kencono7.jpg,/mnt/extended-home/dzakaaufa/dataset/all_images_captioning/bokor_kencono7.jpg,bokor_kencono
bokor_kencono70.jpg,/mnt/extended-home/dzakaaufa/dataset/all_images_captioning/bokor_kencono70.jpg,bokor_kencono
bokor_kencono71.jpg,/mnt/extended-home/dzakaaufa/dataset/all_images_captioning/bokor_kencono71.jpg,bokor_kencono
bokor_kencono72.jpg,/mnt/extended-home/dzakaaufa/dataset/all_images_captioning/bokor_kencono72.jpg,bokor_kencono
bokor_kencono73.jpg,/mnt/extended-home/dzakaaufa/dataset/all_images_captioning/bokor_kencono73.jpg,bokor_kencono
bokor_kencono74.jpg,/mnt/extended-home/dzakaaufa/dataset/all_images_captioning/bokor_kencono74.jpg,bokor_kencono
bokor_kencono75.jpg,/mnt/extended-home/dzakaaufa/dataset/all_images_captioning/bokor_kencono75.jpg,bokor_kencono
bokor_kencono76.jpg,/mnt/extended-home/dzakaaufa/dataset/all_images_captioning/bokor_kencono76.jpg,bokor_kencono
bokor_kencono77.jpg,/mnt/extended-home/dzakaaufa/dataset/all_images_captioning/bokor_kencono77.jpg,bokor_kencono
bokor_kencono78.jpg,/mnt/extended-home/dzakaaufa/dataset/all_images_captioning/bokor_kencono78.jpg,bokor_kencono
bokor_kencono79.jpg,/mnt/extended-home/dzakaaufa/dataset/all_images_captioning/bokor_kencono79.jpg,bokor_kencono
bokor_kencono8.jpg,/mnt/extended-home/dzakaaufa/dataset/all_images_captioning/bokor_kencono8.jpg,bokor_kencono
bokor_kencono80.jpg,/mnt/extended-home/dzakaaufa/dataset/all_images_captioning/bokor_kencono80.jpg,bokor_kencono
bokor_kencono81.jpg,/mnt/extended-home/dzakaaufa/dataset/all_images_captioning/bokor_kencono81.jpg,bokor_kencono
bokor_kencono82.jpg,/mnt/extended-home/dzakaaufa/dataset/all_images_captioning/bokor_kencono82.jpg,bokor_kencono
bokor_kencono83.jpg,/mnt/extended-home/dzakaaufa/dataset/all_images_captioning/bokor_kencono83.jpg,bokor_kencono
bokor_kencono84.jpg,/mnt/extended-home/dzakaaufa/dataset/all_images_captioning/bokor_kencono84.jpg,bokor_kencono
bokor_kencono85.jpg,/mnt/extended-home/dzakaaufa/dataset/all_images_captioning/bokor_kencono85.jpg,bokor_kencono
bokor_kencono86.jpg,/mnt/extended-home/dzakaaufa/dataset/all_images_captioning/bokor_kencono86.jpg,bokor_kencono
bokor_kencono87.jpg,/mnt/extended-home/dzakaaufa/dataset/all_images_captioning/bokor_kencono87.jpg,bokor_kencono
bokor_kencono88.jpg,/mnt/extended-home/dzakaaufa/dataset/all_images_captioning/bokor_kencono88.jpg,bokor_kencono
bokor_kencono89.jpg,/mnt/extended-home/dzakaaufa/dataset/all_images_captioning/bokor_kencono89.jpg,bokor_kencono
bokor_kencono9.jpg,/mnt/extended-home/dzakaaufa/dataset/all_images_captioning/bokor_kencono9.jpg,bokor_kencono
bokor_kencono90.jpg,/mnt/extended-home/dzakaaufa/dataset/all_images_captioning/bokor_kencono90.jpg,bokor_kencono
bokor_kencono91.jpg,/mnt/extended-home/dzakaaufa/dataset/all_images_captioning/bokor_kencono91.jpg,bokor_kencono
bokor_kencono92.jpg,/mnt/extended-home/dzakaaufa/dataset/all_images_captioning/bokor_kencono92.jpg,bokor_kencono
bokor_kencono93.jpg,/mnt/extended-home/dzakaaufa/dataset/all_images_captioning/bokor_kencono93.jpg,bokor_kencono
bokor_kencono94.jpg,/mnt/extended-home/dzakaaufa/dataset/all_images_captioning/bokor_kencono94.jpg,bokor_kencono
bokor_kencono95.jpg,/mnt/extended-home/dzakaaufa/dataset/all_images_captioning/bokor_kencono95.jpg,bokor_kencono
bokor_kencono96.jpg,/mnt/extended-home/dzakaaufa/dataset/all_images_captioning/bokor_kencono96.jpg,bokor_kencono
bokor_kencono97.jpg,/mnt/extended-home/dzakaaufa/dataset/all_images_captioning/bokor_kencono97.jpg,bokor_kencono
bokor_kencono98.jpg,/mnt/extended-home/dzakaaufa/dataset/all_images_captioning/bokor_kencono98.jpg,bokor_kencono
bokor_kencono99.jpg,/mnt/extended-home/dzakaaufa/dataset/all_images_captioning/bokor_kencono99.jpg,bokor_kencono
tujuh_rupa1.jpg,/mnt/extended-home/dzakaaufa/dataset/all_images_captioning/tujuh_rupa1.jpg,tujuh_rupa
tujuh_rupa10.jpg,/mnt/extended-home/dzakaaufa/dataset/all_images_captioning/tujuh_rupa10.jpg,tujuh_rupa
tujuh_rupa100.jpg,/mnt/extended-home/dzakaaufa/dataset/all_images_captioning/tujuh_rupa100.jpg,tujuh_rupa
tujuh_rupa101.jpg,/mnt/extended-home/dzakaaufa/dataset/all_images_captioning/tujuh_rupa101.jpg,tujuh_rupa
tujuh_rupa102.jpg,/mnt/extended-home/dzakaaufa/dataset/all_images_captioning/tujuh_rupa102.jpg,tujuh_rupa
tujuh_rupa103.jpg,/mnt/extended-home/dzakaaufa/dataset/all_images_captioning/tujuh_rupa103.jpg,tujuh_rupa
tujuh_rupa104.jpg,/mnt/extended-home/dzakaaufa/dataset/all_images_captioning/tujuh_rupa104.jpg,tujuh_rupa
tujuh_rupa105.jpg,/mnt/extended-home/dzakaaufa/dataset/all_images_captioning/tujuh_rupa105.jpg,tujuh_rupa
tujuh_rupa106.jpg,/mnt/extended-home/dzakaaufa/dataset/all_images_captioning/tujuh_rupa106.jpg,tujuh_rupa
tujuh_rupa107.jpg,/mnt/extended-home/dzakaaufa/dataset/all_images_captioning/tujuh_rupa107.jpg,tujuh_rupa
tujuh_rupa108.jpg,/mnt/extended-home/dzakaaufa/dataset/all_images_captioning/tujuh_rupa108.jpg,tujuh_rupa
tujuh_rupa109.jpg,/mnt/extended-home/dzakaaufa/dataset/all_images_captioning/tujuh_rupa109.jpg,tujuh_rupa
tujuh_rupa11.jpg,/mnt/extended-home/dzakaaufa/dataset/all_images_captioning/tujuh_rupa11.jpg,tujuh_rupa
tujuh_rupa110.jpg,/mnt/extended-home/dzakaaufa/dataset/all_images_captioning/tujuh_rupa110.jpg,tujuh_rupa
tujuh_rupa111.jpg,/mnt/extended-home/dzakaaufa/dataset/all_images_captioning/tujuh_rupa111.jpg,tujuh_rupa
tujuh_rupa112.jpg,/mnt/extended-home/dzakaaufa/dataset/all_images_captioning/tujuh_rupa112.jpg,tujuh_rupa
tujuh_rupa113.jpg,/mnt/extended-home/dzakaaufa/dataset/all_images_captioning/tujuh_rupa113.jpg,tujuh_rupa
tujuh_rupa114.jpg,/mnt/extended-home/dzakaaufa/dataset/all_images_captioning/tujuh_rupa114.jpg,tujuh_rupa
tujuh_rupa115.jpg,/mnt/extended-home/dzakaaufa/dataset/all_images_captioning/tujuh_rupa115.jpg,tujuh_rupa
tujuh_rupa116.jpg,/mnt/extended-home/dzakaaufa/dataset/all_images_captioning/tujuh_rupa116.jpg,tujuh_rupa
tujuh_rupa117.jpg,/mnt/extended-home/dzakaaufa/dataset/all_images_captioning/tujuh_rupa117.jpg,tujuh_rupa
tujuh_rupa118.jpg,/mnt/extended-home/dzakaaufa/dataset/all_images_captioning/tujuh_rupa118.jpg,tujuh_rupa
tujuh_rupa119.jpg,/mnt/extended-home/dzakaaufa/dataset/all_images_captioning/tujuh_rupa119.jpg,tujuh_rupa
tujuh_rupa12.jpg,/mnt/extended-home/dzakaaufa/dataset/all_images_captioning/tujuh_rupa12.jpg,tujuh_rupa
tujuh_rupa120.jpg,/mnt/extended-home/dzakaaufa/dataset/all_images_captioning/tujuh_rupa120.jpg,tujuh_rupa
tujuh_rupa121.jpg,/mnt/extended-home/dzakaaufa/dataset/all_images_captioning/tujuh_rupa121.jpg,tujuh_rupa
tujuh_rupa122.jpg,/mnt/extended-home/dzakaaufa/dataset/all_images_captioning/tujuh_rupa122.jpg,tujuh_rupa
tujuh_rupa123.jpg,/mnt/extended-home/dzakaaufa/dataset/all_images_captioning/tujuh_rupa123.jpg,tujuh_rupa
tujuh_rupa124.jpg,/mnt/extended-home/dzakaaufa/dataset/all_images_captioning/tujuh_rupa124.jpg,tujuh_rupa
tujuh_rupa125.jpg,/mnt/extended-home/dzakaaufa/dataset/all_images_captioning/tujuh_rupa125.jpg,tujuh_rupa
tujuh_rupa126.jpg,/mnt/extended-home/dzakaaufa/dataset/all_images_captioning/tujuh_rupa126.jpg,tujuh_rupa
tujuh_rupa127.jpg,/mnt/extended-home/dzakaaufa/dataset/all_images_captioning/tujuh_rupa127.jpg,tujuh_rupa
tujuh_rupa128.jpg,/mnt/extended-home/dzakaaufa/dataset/all_images_captioning/tujuh_rupa128.jpg,tujuh_rupa
tujuh_rupa129.jpg,/mnt/extended-home/dzakaaufa/dataset/all_images_captioning/tujuh_rupa129.jpg,tujuh_rupa
tujuh_rupa13.jpg,/mnt/extended-home/dzakaaufa/dataset/all_images_captioning/tujuh_rupa13.jpg,tujuh_rupa
tujuh_rupa130.jpg,/mnt/extended-home/dzakaaufa/dataset/all_images_captioning/tujuh_rupa130.jpg,tujuh_rupa
tujuh_rupa131.jpg,/mnt/extended-home/dzakaaufa/dataset/all_images_captioning/tujuh_rupa131.jpg,tujuh_rupa
tujuh_rupa132.jpg,/mnt/extended-home/dzakaaufa/dataset/all_images_captioning/tujuh_rupa132.jpg,tujuh_rupa
tujuh_rupa133.jpg,/mnt/extended-home/dzakaaufa/dataset/all_images_captioning/tujuh_rupa133.jpg,tujuh_rupa
tujuh_rupa134.jpg,/mnt/extended-home/dzakaaufa/dataset/all_images_captioning/tujuh_rupa134.jpg,tujuh_rupa
tujuh_rupa135.jpg,/mnt/extended-home/dzakaaufa/dataset/all_images_captioning/tujuh_rupa135.jpg,tujuh_rupa
tujuh_rupa136.jpg,/mnt/extended-home/dzakaaufa/dataset/all_images_captioning/tujuh_rupa136.jpg,tujuh_rupa
tujuh_rupa137.jpg,/mnt/extended-home/dzakaaufa/dataset/all_images_captioning/tujuh_rupa137.jpg,tujuh_rupa
tujuh_rupa138.jpg,/mnt/extended-home/dzakaaufa/dataset/all_images_captioning/tujuh_rupa138.jpg,tujuh_rupa
tujuh_rupa139.jpg,/mnt/extended-home/dzakaaufa/dataset/all_images_captioning/tujuh_rupa139.jpg,tujuh_rupa
tujuh_rupa14.jpg,/mnt/extended-home/dzakaaufa/dataset/all_images_captioning/tujuh_rupa14.jpg,tujuh_rupa
tujuh_rupa140.jpg,/mnt/extended-home/dzakaaufa/dataset/all_images_captioning/tujuh_rupa140.jpg,tujuh_rupa
tujuh_rupa141.jpg,/mnt/extended-home/dzakaaufa/dataset/all_images_captioning/tujuh_rupa141.jpg,tujuh_rupa
tujuh_rupa142.jpg,/mnt/extended-home/dzakaaufa/dataset/all_images_captioning/tujuh_rupa142.jpg,tujuh_rupa
tujuh_rupa143.jpg,/mnt/extended-home/dzakaaufa/dataset/all_images_captioning/tujuh_rupa143.jpg,tujuh_rupa
tujuh_rupa144.jpg,/mnt/extended-home/dzakaaufa/dataset/all_images_captioning/tujuh_rupa144.jpg,tujuh_rupa
tujuh_rupa145.jpg,/mnt/extended-home/dzakaaufa/dataset/all_images_captioning/tujuh_rupa145.jpg,tujuh_rupa
tujuh_rupa146.jpg,/mnt/extended-home/dzakaaufa/dataset/all_images_captioning/tujuh_rupa146.jpg,tujuh_rupa
tujuh_rupa147.jpg,/mnt/extended-home/dzakaaufa/dataset/all_images_captioning/tujuh_rupa147.jpg,tujuh_rupa
tujuh_rupa148.jpg,/mnt/extended-home/dzakaaufa/dataset/all_images_captioning/tujuh_rupa148.jpg,tujuh_rupa
tujuh_rupa149.jpg,/mnt/extended-home/dzakaaufa/dataset/all_images_captioning/tujuh_rupa149.jpg,tujuh_rupa
tujuh_rupa15.jpg,/mnt/extended-home/dzakaaufa/dataset/all_images_captioning/tujuh_rupa15.jpg,tujuh_rupa
tujuh_rupa150.jpg,/mnt/extended-home/dzakaaufa/dataset/all_images_captioning/tujuh_rupa150.jpg,tujuh_rupa
tujuh_rupa16.jpg,/mnt/extended-home/dzakaaufa/dataset/all_images_captioning/tujuh_rupa16.jpg,tujuh_rupa
tujuh_rupa17.jpg,/mnt/extended-home/dzakaaufa/dataset/all_images_captioning/tujuh_rupa17.jpg,tujuh_rupa
tujuh_rupa18.jpg,/mnt/extended-home/dzakaaufa/dataset/all_images_captioning/tujuh_rupa18.jpg,tujuh_rupa
tujuh_rupa19.jpg,/mnt/extended-home/dzakaaufa/dataset/all_images_captioning/tujuh_rupa19.jpg,tujuh_rupa
tujuh_rupa2.jpg,/mnt/extended-home/dzakaaufa/dataset/all_images_captioning/tujuh_rupa2.jpg,tujuh_rupa
tujuh_rupa20.jpg,/mnt/extended-home/dzakaaufa/dataset/all_images_captioning/tujuh_rupa20.jpg,tujuh_rupa
tujuh_rupa21.jpg,/mnt/extended-home/dzakaaufa/dataset/all_images_captioning/tujuh_rupa21.jpg,tujuh_rupa
tujuh_rupa22.jpg,/mnt/extended-home/dzakaaufa/dataset/all_images_captioning/tujuh_rupa22.jpg,tujuh_rupa
tujuh_rupa23.jpg,/mnt/extended-home/dzakaaufa/dataset/all_images_captioning/tujuh_rupa23.jpg,tujuh_rupa
tujuh_rupa24.jpg,/mnt/extended-home/dzakaaufa/dataset/all_images_captioning/tujuh_rupa24.jpg,tujuh_rupa
tujuh_rupa25.jpg,/mnt/extended-home/dzakaaufa/dataset/all_images_captioning/tujuh_rupa25.jpg,tujuh_rupa
tujuh_rupa26.jpg,/mnt/extended-home/dzakaaufa/dataset/all_images_captioning/tujuh_rupa26.jpg,tujuh_rupa
tujuh_rupa27.jpg,/mnt/extended-home/dzakaaufa/dataset/all_images_captioning/tujuh_rupa27.jpg,tujuh_rupa
tujuh_rupa28.jpg,/mnt/extended-home/dzakaaufa/dataset/all_images_captioning/tujuh_rupa28.jpg,tujuh_rupa
tujuh_rupa29.jpg,/mnt/extended-home/dzakaaufa/dataset/all_images_captioning/tujuh_rupa29.jpg,tujuh_rupa
tujuh_rupa3.jpg,/mnt/extended-home/dzakaaufa/dataset/all_images_captioning/tujuh_rupa3.jpg,tujuh_rupa
tujuh_rupa30.jpg,/mnt/extended-home/dzakaaufa/dataset/all_images_captioning/tujuh_rupa30.jpg,tujuh_rupa
tujuh_rupa31.jpg,/mnt/extended-home/dzakaaufa/dataset/all_images_captioning/tujuh_rupa31.jpg,tujuh_rupa
tujuh_rupa32.jpg,/mnt/extended-home/dzakaaufa/dataset/all_images_captioning/tujuh_rupa32.jpg,tujuh_rupa
tujuh_rupa33.jpg,/mnt/extended-home/dzakaaufa/dataset/all_images_captioning/tujuh_rupa33.jpg,tujuh_rupa
tujuh_rupa34.jpg,/mnt/extended-home/dzakaaufa/dataset/all_images_captioning/tujuh_rupa34.jpg,tujuh_rupa
tujuh_rupa35.jpg,/mnt/extended-home/dzakaaufa/dataset/all_images_captioning/tujuh_rupa35.jpg,tujuh_rupa
tujuh_rupa36.jpg,/mnt/extended-home/dzakaaufa/dataset/all_images_captioning/tujuh_rupa36.jpg,tujuh_rupa
tujuh_rupa37.jpg,/mnt/extended-home/dzakaaufa/dataset/all_images_captioning/tujuh_rupa37.jpg,tujuh_rupa
tujuh_rupa38.jpg,/mnt/extended-home/dzakaaufa/dataset/all_images_captioning/tujuh_rupa38.jpg,tujuh_rupa
tujuh_rupa39.jpg,/mnt/extended-home/dzakaaufa/dataset/all_images_captioning/tujuh_rupa39.jpg,tujuh_rupa
tujuh_rupa4.jpg,/mnt/extended-home/dzakaaufa/dataset/all_images_captioning/tujuh_rupa4.jpg,tujuh_rupa
tujuh_rupa40.jpg,/mnt/extended-home/dzakaaufa/dataset/all_images_captioning/tujuh_rupa40.jpg,tujuh_rupa
tujuh_rupa41.jpg,/mnt/extended-home/dzakaaufa/dataset/all_images_captioning/tujuh_rupa41.jpg,tujuh_rupa
tujuh_rupa42.jpg,/mnt/extended-home/dzakaaufa/dataset/all_images_captioning/tujuh_rupa42.jpg,tujuh_rupa
tujuh_rupa43.jpg,/mnt/extended-home/dzakaaufa/dataset/all_images_captioning/tujuh_rupa43.jpg,tujuh_rupa
tujuh_rupa44.jpg,/mnt/extended-home/dzakaaufa/dataset/all_images_captioning/tujuh_rupa44.jpg,tujuh_rupa
tujuh_rupa45.jpg,/mnt/extended-home/dzakaaufa/dataset/all_images_captioning/tujuh_rupa45.jpg,tujuh_rupa
tujuh_rupa46.jpg,/mnt/extended-home/dzakaaufa/dataset/all_images_captioning/tujuh_rupa46.jpg,tujuh_rupa
tujuh_rupa47.jpg,/mnt/extended-home/dzakaaufa/dataset/all_images_captioning/tujuh_rupa47.jpg,tujuh_rupa
tujuh_rupa48.jpg,/mnt/extended-home/dzakaaufa/dataset/all_images_captioning/tujuh_rupa48.jpg,tujuh_rupa
tujuh_rupa49.jpg,/mnt/extended-home/dzakaaufa/dataset/all_images_captioning/tujuh_rupa49.jpg,tujuh_rupa
tujuh_rupa5.jpg,/mnt/extended-home/dzakaaufa/dataset/all_images_captioning/tujuh_rupa5.jpg,tujuh_rupa
tujuh_rupa50.jpg,/mnt/extended-home/dzakaaufa/dataset/all_images_captioning/tujuh_rupa50.jpg,tujuh_rupa
tujuh_rupa51.jpg,/mnt/extended-home/dzakaaufa/dataset/all_images_captioning/tujuh_rupa51.jpg,tujuh_rupa
tujuh_rupa52.jpg,/mnt/extended-home/dzakaaufa/dataset/all_images_captioning/tujuh_rupa52.jpg,tujuh_rupa
tujuh_rupa53.jpg,/mnt/extended-home/dzakaaufa/dataset/all_images_captioning/tujuh_rupa53.jpg,tujuh_rupa
tujuh_rupa54.jpg,/mnt/extended-home/dzakaaufa/dataset/all_images_captioning/tujuh_rupa54.jpg,tujuh_rupa
tujuh_rupa55.jpg,/mnt/extended-home/dzakaaufa/dataset/all_images_captioning/tujuh_rupa55.jpg,tujuh_rupa
tujuh_rupa56.jpg,/mnt/extended-home/dzakaaufa/dataset/all_images_captioning/tujuh_rupa56.jpg,tujuh_rupa
tujuh_rupa57.jpg,/mnt/extended-home/dzakaaufa/dataset/all_images_captioning/tujuh_rupa57.jpg,tujuh_rupa
tujuh_rupa58.jpg,/mnt/extended-home/dzakaaufa/dataset/all_images_captioning/tujuh_rupa58.jpg,tujuh_rupa
tujuh_rupa59.jpg,/mnt/extended-home/dzakaaufa/dataset/all_images_captioning/tujuh_rupa59.jpg,tujuh_rupa
tujuh_rupa6.jpg,/mnt/extended-home/dzakaaufa/dataset/all_images_captioning/tujuh_rupa6.jpg,tujuh_rupa
tujuh_rupa60.jpg,/mnt/extended-home/dzakaaufa/dataset/all_images_captioning/tujuh_rupa60.jpg,tujuh_rupa
tujuh_rupa61.jpg,/mnt/extended-home/dzakaaufa/dataset/all_images_captioning/tujuh_rupa61.jpg,tujuh_rupa
tujuh_rupa62.jpg,/mnt/extended-home/dzakaaufa/dataset/all_images_captioning/tujuh_rupa62.jpg,tujuh_rupa
tujuh_rupa63.jpg,/mnt/extended-home/dzakaaufa/dataset/all_images_captioning/tujuh_rupa63.jpg,tujuh_rupa
tujuh_rupa64.jpg,/mnt/extended-home/dzakaaufa/dataset/all_images_captioning/tujuh_rupa64.jpg,tujuh_rupa
tujuh_rupa65.jpg,/mnt/extended-home/dzakaaufa/dataset/all_images_captioning/tujuh_rupa65.jpg,tujuh_rupa
tujuh_rupa66.jpg,/mnt/extended-home/dzakaaufa/dataset/all_images_captioning/tujuh_rupa66.jpg,tujuh_rupa
tujuh_rupa67.jpg,/mnt/extended-home/dzakaaufa/dataset/all_images_captioning/tujuh_rupa67.jpg,tujuh_rupa
tujuh_rupa68.jpg,/mnt/extended-home/dzakaaufa/dataset/all_images_captioning/tujuh_rupa68.jpg,tujuh_rupa
tujuh_rupa69.jpg,/mnt/extended-home/dzakaaufa/dataset/all_images_captioning/tujuh_rupa69.jpg,tujuh_rupa
tujuh_rupa7.jpg,/mnt/extended-home/dzakaaufa/dataset/all_images_captioning/tujuh_rupa7.jpg,tujuh_rupa
tujuh_rupa70.jpg,/mnt/extended-home/dzakaaufa/dataset/all_images_captioning/tujuh_rupa70.jpg,tujuh_rupa
tujuh_rupa71.jpg,/mnt/extended-home/dzakaaufa/dataset/all_images_captioning/tujuh_rupa71.jpg,tujuh_rupa
tujuh_rupa72.jpg,/mnt/extended-home/dzakaaufa/dataset/all_images_captioning/tujuh_rupa72.jpg,tujuh_rupa
tujuh_rupa73.jpg,/mnt/extended-home/dzakaaufa/dataset/all_images_captioning/tujuh_rupa73.jpg,tujuh_rupa
tujuh_rupa74.jpg,/mnt/extended-home/dzakaaufa/dataset/all_images_captioning/tujuh_rupa74.jpg,tujuh_rupa
tujuh_rupa75.jpg,/mnt/extended-home/dzakaaufa/dataset/all_images_captioning/tujuh_rupa75.jpg,tujuh_rupa
tujuh_rupa76.jpg,/mnt/extended-home/dzakaaufa/dataset/all_images_captioning/tujuh_rupa76.jpg,tujuh_rupa
tujuh_rupa77.jpg,/mnt/extended-home/dzakaaufa/dataset/all_images_captioning/tujuh_rupa77.jpg,tujuh_rupa
tujuh_rupa78.jpg,/mnt/extended-home/dzakaaufa/dataset/all_images_captioning/tujuh_rupa78.jpg,tujuh_rupa
tujuh_rupa79.jpg,/mnt/extended-home/dzakaaufa/dataset/all_images_captioning/tujuh_rupa79.jpg,tujuh_rupa
tujuh_rupa8.jpg,/mnt/extended-home/dzakaaufa/dataset/all_images_captioning/tujuh_rupa8.jpg,tujuh_rupa
tujuh_rupa80.jpg,/mnt/extended-home/dzakaaufa/dataset/all_images_captioning/tujuh_rupa80.jpg,tujuh_rupa
tujuh_rupa81.jpg,/mnt/extended-home/dzakaaufa/dataset/all_images_captioning/tujuh_rupa81.jpg,tujuh_rupa
tujuh_rupa82.jpg,/mnt/extended-home/dzakaaufa/dataset/all_images_captioning/tujuh_rupa82.jpg,tujuh_rupa
tujuh_rupa83.jpg,/mnt/extended-home/dzakaaufa/dataset/all_images_captioning/tujuh_rupa83.jpg,tujuh_rupa
tujuh_rupa84.jpg,/mnt/extended-home/dzakaaufa/dataset/all_images_captioning/tujuh_rupa84.jpg,tujuh_rupa
tujuh_rupa85.jpg,/mnt/extended-home/dzakaaufa/dataset/all_images_captioning/tujuh_rupa85.jpg,tujuh_rupa
tujuh_rupa86.jpg,/mnt/extended-home/dzakaaufa/dataset/all_images_captioning/tujuh_rupa86.jpg,tujuh_rupa
tujuh_rupa87.jpg,/mnt/extended-home/dzakaaufa/dataset/all_images_captioning/tujuh_rupa87.jpg,tujuh_rupa
tujuh_rupa88.jpg,/mnt/extended-home/dzakaaufa/dataset/all_images_captioning/tujuh_rupa88.jpg,tujuh_rupa
tujuh_rupa89.jpg,/mnt/extended-home/dzakaaufa/dataset/all_images_captioning/tujuh_rupa89.jpg,tujuh_rupa
tujuh_rupa9.jpg,/mnt/extended-home/dzakaaufa/dataset/all_images_captioning/tujuh_rupa9.jpg,tujuh_rupa
tujuh_rupa90.jpg,/mnt/extended-home/dzakaaufa/dataset/all_images_captioning/tujuh_rupa90.jpg,tujuh_rupa
tujuh_rupa91.jpg,/mnt/extended-home/dzakaaufa/dataset/all_images_captioning/tujuh_rupa91.jpg,tujuh_rupa
tujuh_rupa92.jpg,/mnt/extended-home/dzakaaufa/dataset/all_images_captioning/tujuh_rupa92.jpg,tujuh_rupa
tujuh_rupa93.jpg,/mnt/extended-home/dzakaaufa/dataset/all_images_captioning/tujuh_rupa93.jpg,tujuh_rupa
tujuh_rupa94.jpg,/mnt/extended-home/dzakaaufa/dataset/all_images_captioning/tujuh_rupa94.jpg,tujuh_rupa
tujuh_rupa95.jpg,/mnt/extended-home/dzakaaufa/dataset/all_images_captioning/tujuh_rupa95.jpg,tujuh_rupa
tujuh_rupa96.jpg,/mnt/extended-home/dzakaaufa/dataset/all_images_captioning/tujuh_rupa96.jpg,tujuh_rupa
tujuh_rupa97.jpg,/mnt/extended-home/dzakaaufa/dataset/all_images_captioning/tujuh_rupa97.jpg,tujuh_rupa
tujuh_rupa98.jpg,/mnt/extended-home/dzakaaufa/dataset/all_images_captioning/tujuh_rupa98.jpg,tujuh_rupa
tujuh_rupa99.jpg,/mnt/extended-home/dzakaaufa/dataset/all_images_captioning/tujuh_rupa99.jpg,tujuh_rupa
singa_barong1.jpg,/mnt/extended-home/dzakaaufa/dataset/all_images_captioning/singa_barong1.jpg,singa_barong
singa_barong10.jpg,/mnt/extended-home/dzakaaufa/dataset/all_images_captioning/singa_barong10.jpg,singa_barong
singa_barong100.jpg,/mnt/extended-home/dzakaaufa/dataset/all_images_captioning/singa_barong100.jpg,singa_barong
singa_barong101.jpg,/mnt/extended-home/dzakaaufa/dataset/all_images_captioning/singa_barong101.jpg,singa_barong
singa_barong102.JPG,/mnt/extended-home/dzakaaufa/dataset/all_images_captioning/singa_barong102.JPG,singa_barong
singa_barong103.jpg,/mnt/extended-home/dzakaaufa/dataset/all_images_captioning/singa_barong103.jpg,singa_barong
singa_barong104.jpg,/mnt/extended-home/dzakaaufa/dataset/all_images_captioning/singa_barong104.jpg,singa_barong
singa_barong105.jpg,/mnt/extended-home/dzakaaufa/dataset/all_images_captioning/singa_barong105.jpg,singa_barong
singa_barong106.jpg,/mnt/extended-home/dzakaaufa/dataset/all_images_captioning/singa_barong106.jpg,singa_barong
singa_barong107.jpg,/mnt/extended-home/dzakaaufa/dataset/all_images_captioning/singa_barong107.jpg,singa_barong
singa_barong108.jpg,/mnt/extended-home/dzakaaufa/dataset/all_images_captioning/singa_barong108.jpg,singa_barong
singa_barong109.jpg,/mnt/extended-home/dzakaaufa/dataset/all_images_captioning/singa_barong109.jpg,singa_barong
singa_barong11.jpg,/mnt/extended-home/dzakaaufa/dataset/all_images_captioning/singa_barong11.jpg,singa_barong
singa_barong110.jpg,/mnt/extended-home/dzakaaufa/dataset/all_images_captioning/singa_barong110.jpg,singa_barong
singa_barong111.jpg,/mnt/extended-home/dzakaaufa/dataset/all_images_captioning/singa_barong111.jpg,singa_barong
singa_barong112.jpg,/mnt/extended-home/dzakaaufa/dataset/all_images_captioning/singa_barong112.jpg,singa_barong
singa_barong113.jpg,/mnt/extended-home/dzakaaufa/dataset/all_images_captioning/singa_barong113.jpg,singa_barong
singa_barong114.jpg,/mnt/extended-home/dzakaaufa/dataset/all_images_captioning/singa_barong114.jpg,singa_barong
singa_barong115.jpg,/mnt/extended-home/dzakaaufa/dataset/all_images_captioning/singa_barong115.jpg,singa_barong
singa_barong116.jpg,/mnt/extended-home/dzakaaufa/dataset/all_images_captioning/singa_barong116.jpg,singa_barong
singa_barong117.jpg,/mnt/extended-home/dzakaaufa/dataset/all_images_captioning/singa_barong117.jpg,singa_barong
singa_barong118.jpg,/mnt/extended-home/dzakaaufa/dataset/all_images_captioning/singa_barong118.jpg,singa_barong
singa_barong119.jpg,/mnt/extended-home/dzakaaufa/dataset/all_images_captioning/singa_barong119.jpg,singa_barong
singa_barong12.jpg,/mnt/extended-home/dzakaaufa/dataset/all_images_captioning/singa_barong12.jpg,singa_barong
singa_barong120.jpg,/mnt/extended-home/dzakaaufa/dataset/all_images_captioning/singa_barong120.jpg,singa_barong
singa_barong121.jpg,/mnt/extended-home/dzakaaufa/dataset/all_images_captioning/singa_barong121.jpg,singa_barong
singa_barong122.jpg,/mnt/extended-home/dzakaaufa/dataset/all_images_captioning/singa_barong122.jpg,singa_barong
singa_barong123.jpg,/mnt/extended-home/dzakaaufa/dataset/all_images_captioning/singa_barong123.jpg,singa_barong
singa_barong124.jpg,/mnt/extended-home/dzakaaufa/dataset/all_images_captioning/singa_barong124.jpg,singa_barong
singa_barong125.jpg,/mnt/extended-home/dzakaaufa/dataset/all_images_captioning/singa_barong125.jpg,singa_barong
singa_barong126.jpg,/mnt/extended-home/dzakaaufa/dataset/all_images_captioning/singa_barong126.jpg,singa_barong
singa_barong127.jpg,/mnt/extended-home/dzakaaufa/dataset/all_images_captioning/singa_barong127.jpg,singa_barong
singa_barong128.jpg,/mnt/extended-home/dzakaaufa/dataset/all_images_captioning/singa_barong128.jpg,singa_barong
singa_barong129.jpg,/mnt/extended-home/dzakaaufa/dataset/all_images_captioning/singa_barong129.jpg,singa_barong
singa_barong13.jpg,/mnt/extended-home/dzakaaufa/dataset/all_images_captioning/singa_barong13.jpg,singa_barong
singa_barong130.jpg,/mnt/extended-home/dzakaaufa/dataset/all_images_captioning/singa_barong130.jpg,singa_barong
singa_barong131.jpg,/mnt/extended-home/dzakaaufa/dataset/all_images_captioning/singa_barong131.jpg,singa_barong
singa_barong132.jpg,/mnt/extended-home/dzakaaufa/dataset/all_images_captioning/singa_barong132.jpg,singa_barong
singa_barong133.jpg,/mnt/extended-home/dzakaaufa/dataset/all_images_captioning/singa_barong133.jpg,singa_barong
singa_barong134.jpg,/mnt/extended-home/dzakaaufa/dataset/all_images_captioning/singa_barong134.jpg,singa_barong
singa_barong135.jpg,/mnt/extended-home/dzakaaufa/dataset/all_images_captioning/singa_barong135.jpg,singa_barong
singa_barong136.jpg,/mnt/extended-home/dzakaaufa/dataset/all_images_captioning/singa_barong136.jpg,singa_barong
singa_barong137.jpg,/mnt/extended-home/dzakaaufa/dataset/all_images_captioning/singa_barong137.jpg,singa_barong
singa_barong138.jpg,/mnt/extended-home/dzakaaufa/dataset/all_images_captioning/singa_barong138.jpg,singa_barong
singa_barong139.jpg,/mnt/extended-home/dzakaaufa/dataset/all_images_captioning/singa_barong139.jpg,singa_barong
singa_barong14.jpg,/mnt/extended-home/dzakaaufa/dataset/all_images_captioning/singa_barong14.jpg,singa_barong
singa_barong140.JPG,/mnt/extended-home/dzakaaufa/dataset/all_images_captioning/singa_barong140.JPG,singa_barong
singa_barong141.JPG,/mnt/extended-home/dzakaaufa/dataset/all_images_captioning/singa_barong141.JPG,singa_barong
singa_barong142.jpg,/mnt/extended-home/dzakaaufa/dataset/all_images_captioning/singa_barong142.jpg,singa_barong
singa_barong143.jpg,/mnt/extended-home/dzakaaufa/dataset/all_images_captioning/singa_barong143.jpg,singa_barong
singa_barong144.jpg,/mnt/extended-home/dzakaaufa/dataset/all_images_captioning/singa_barong144.jpg,singa_barong
singa_barong145.jpg,/mnt/extended-home/dzakaaufa/dataset/all_images_captioning/singa_barong145.jpg,singa_barong
singa_barong146.JPG,/mnt/extended-home/dzakaaufa/dataset/all_images_captioning/singa_barong146.JPG,singa_barong
singa_barong147.jpg,/mnt/extended-home/dzakaaufa/dataset/all_images_captioning/singa_barong147.jpg,singa_barong
singa_barong148.jpg,/mnt/extended-home/dzakaaufa/dataset/all_images_captioning/singa_barong148.jpg,singa_barong
singa_barong149.jpg,/mnt/extended-home/dzakaaufa/dataset/all_images_captioning/singa_barong149.jpg,singa_barong
singa_barong15.jpg,/mnt/extended-home/dzakaaufa/dataset/all_images_captioning/singa_barong15.jpg,singa_barong
singa_barong150.jpg,/mnt/extended-home/dzakaaufa/dataset/all_images_captioning/singa_barong150.jpg,singa_barong
singa_barong16.jpg,/mnt/extended-home/dzakaaufa/dataset/all_images_captioning/singa_barong16.jpg,singa_barong
singa_barong17.jpg,/mnt/extended-home/dzakaaufa/dataset/all_images_captioning/singa_barong17.jpg,singa_barong
singa_barong18.jpg,/mnt/extended-home/dzakaaufa/dataset/all_images_captioning/singa_barong18.jpg,singa_barong
singa_barong19.jpg,/mnt/extended-home/dzakaaufa/dataset/all_images_captioning/singa_barong19.jpg,singa_barong
singa_barong2.jpg,/mnt/extended-home/dzakaaufa/dataset/all_images_captioning/singa_barong2.jpg,singa_barong
singa_barong20.jpg,/mnt/extended-home/dzakaaufa/dataset/all_images_captioning/singa_barong20.jpg,singa_barong
singa_barong21.jpg,/mnt/extended-home/dzakaaufa/dataset/all_images_captioning/singa_barong21.jpg,singa_barong
singa_barong22.jpg,/mnt/extended-home/dzakaaufa/dataset/all_images_captioning/singa_barong22.jpg,singa_barong
singa_barong23.jpg,/mnt/extended-home/dzakaaufa/dataset/all_images_captioning/singa_barong23.jpg,singa_barong
singa_barong24.jpg,/mnt/extended-home/dzakaaufa/dataset/all_images_captioning/singa_barong24.jpg,singa_barong
singa_barong25.jpg,/mnt/extended-home/dzakaaufa/dataset/all_images_captioning/singa_barong25.jpg,singa_barong
singa_barong26.jpg,/mnt/extended-home/dzakaaufa/dataset/all_images_captioning/singa_barong26.jpg,singa_barong
singa_barong27.jpg,/mnt/extended-home/dzakaaufa/dataset/all_images_captioning/singa_barong27.jpg,singa_barong
singa_barong28.jpg,/mnt/extended-home/dzakaaufa/dataset/all_images_captioning/singa_barong28.jpg,singa_barong
singa_barong29.jpg,/mnt/extended-home/dzakaaufa/dataset/all_images_captioning/singa_barong29.jpg,singa_barong
singa_barong3.jpg,/mnt/extended-home/dzakaaufa/dataset/all_images_captioning/singa_barong3.jpg,singa_barong
singa_barong30.jpg,/mnt/extended-home/dzakaaufa/dataset/all_images_captioning/singa_barong30.jpg,singa_barong
singa_barong31.jpg,/mnt/extended-home/dzakaaufa/dataset/all_images_captioning/singa_barong31.jpg,singa_barong
singa_barong32.jpg,/mnt/extended-home/dzakaaufa/dataset/all_images_captioning/singa_barong32.jpg,singa_barong
singa_barong33.jpg,/mnt/extended-home/dzakaaufa/dataset/all_images_captioning/singa_barong33.jpg,singa_barong
singa_barong34.jpg,/mnt/extended-home/dzakaaufa/dataset/all_images_captioning/singa_barong34.jpg,singa_barong
singa_barong35.jpg,/mnt/extended-home/dzakaaufa/dataset/all_images_captioning/singa_barong35.jpg,singa_barong
singa_barong36.jpg,/mnt/extended-home/dzakaaufa/dataset/all_images_captioning/singa_barong36.jpg,singa_barong
singa_barong37.jpg,/mnt/extended-home/dzakaaufa/dataset/all_images_captioning/singa_barong37.jpg,singa_barong
singa_barong38.jpg,/mnt/extended-home/dzakaaufa/dataset/all_images_captioning/singa_barong38.jpg,singa_barong
singa_barong39.jpg,/mnt/extended-home/dzakaaufa/dataset/all_images_captioning/singa_barong39.jpg,singa_barong
singa_barong4.jpg,/mnt/extended-home/dzakaaufa/dataset/all_images_captioning/singa_barong4.jpg,singa_barong
singa_barong40.jpg,/mnt/extended-home/dzakaaufa/dataset/all_images_captioning/singa_barong40.jpg,singa_barong
singa_barong41.jpg,/mnt/extended-home/dzakaaufa/dataset/all_images_captioning/singa_barong41.jpg,singa_barong
singa_barong42.jpg,/mnt/extended-home/dzakaaufa/dataset/all_images_captioning/singa_barong42.jpg,singa_barong
singa_barong43.jpg,/mnt/extended-home/dzakaaufa/dataset/all_images_captioning/singa_barong43.jpg,singa_barong
singa_barong44.jpg,/mnt/extended-home/dzakaaufa/dataset/all_images_captioning/singa_barong44.jpg,singa_barong
singa_barong45.jpg,/mnt/extended-home/dzakaaufa/dataset/all_images_captioning/singa_barong45.jpg,singa_barong
singa_barong46.jpg,/mnt/extended-home/dzakaaufa/dataset/all_images_captioning/singa_barong46.jpg,singa_barong
singa_barong47.jpg,/mnt/extended-home/dzakaaufa/dataset/all_images_captioning/singa_barong47.jpg,singa_barong
singa_barong48.jpg,/mnt/extended-home/dzakaaufa/dataset/all_images_captioning/singa_barong48.jpg,singa_barong
singa_barong49.jpg,/mnt/extended-home/dzakaaufa/dataset/all_images_captioning/singa_barong49.jpg,singa_barong
singa_barong5.jpg,/mnt/extended-home/dzakaaufa/dataset/all_images_captioning/singa_barong5.jpg,singa_barong
singa_barong50.jpg,/mnt/extended-home/dzakaaufa/dataset/all_images_captioning/singa_barong50.jpg,singa_barong
singa_barong51.jpg,/mnt/extended-home/dzakaaufa/dataset/all_images_captioning/singa_barong51.jpg,singa_barong
singa_barong52.jpg,/mnt/extended-home/dzakaaufa/dataset/all_images_captioning/singa_barong52.jpg,singa_barong
singa_barong53.jpg,/mnt/extended-home/dzakaaufa/dataset/all_images_captioning/singa_barong53.jpg,singa_barong
singa_barong54.jpg,/mnt/extended-home/dzakaaufa/dataset/all_images_captioning/singa_barong54.jpg,singa_barong
singa_barong55.jpg,/mnt/extended-home/dzakaaufa/dataset/all_images_captioning/singa_barong55.jpg,singa_barong
singa_barong56.jpg,/mnt/extended-home/dzakaaufa/dataset/all_images_captioning/singa_barong56.jpg,singa_barong
singa_barong57.jpg,/mnt/extended-home/dzakaaufa/dataset/all_images_captioning/singa_barong57.jpg,singa_barong
singa_barong58.jpg,/mnt/extended-home/dzakaaufa/dataset/all_images_captioning/singa_barong58.jpg,singa_barong
singa_barong59.jpg,/mnt/extended-home/dzakaaufa/dataset/all_images_captioning/singa_barong59.jpg,singa_barong
singa_barong6.jpg,/mnt/extended-home/dzakaaufa/dataset/all_images_captioning/singa_barong6.jpg,singa_barong
singa_barong60.jpg,/mnt/extended-home/dzakaaufa/dataset/all_images_captioning/singa_barong60.jpg,singa_barong
singa_barong61.jpg,/mnt/extended-home/dzakaaufa/dataset/all_images_captioning/singa_barong61.jpg,singa_barong
singa_barong62.jpg,/mnt/extended-home/dzakaaufa/dataset/all_images_captioning/singa_barong62.jpg,singa_barong
singa_barong63.jpg,/mnt/extended-home/dzakaaufa/dataset/all_images_captioning/singa_barong63.jpg,singa_barong
singa_barong64.jpg,/mnt/extended-home/dzakaaufa/dataset/all_images_captioning/singa_barong64.jpg,singa_barong
singa_barong65.jpg,/mnt/extended-home/dzakaaufa/dataset/all_images_captioning/singa_barong65.jpg,singa_barong
singa_barong66.jpg,/mnt/extended-home/dzakaaufa/dataset/all_images_captioning/singa_barong66.jpg,singa_barong
singa_barong67.jpg,/mnt/extended-home/dzakaaufa/dataset/all_images_captioning/singa_barong67.jpg,singa_barong
singa_barong68.jpg,/mnt/extended-home/dzakaaufa/dataset/all_images_captioning/singa_barong68.jpg,singa_barong
singa_barong69.jpg,/mnt/extended-home/dzakaaufa/dataset/all_images_captioning/singa_barong69.jpg,singa_barong
singa_barong7.jpg,/mnt/extended-home/dzakaaufa/dataset/all_images_captioning/singa_barong7.jpg,singa_barong
singa_barong70.jpg,/mnt/extended-home/dzakaaufa/dataset/all_images_captioning/singa_barong70.jpg,singa_barong
singa_barong71.jpg,/mnt/extended-home/dzakaaufa/dataset/all_images_captioning/singa_barong71.jpg,singa_barong
singa_barong72.jpg,/mnt/extended-home/dzakaaufa/dataset/all_images_captioning/singa_barong72.jpg,singa_barong
singa_barong73.jpg,/mnt/extended-home/dzakaaufa/dataset/all_images_captioning/singa_barong73.jpg,singa_barong
singa_barong74.jpg,/mnt/extended-home/dzakaaufa/dataset/all_images_captioning/singa_barong74.jpg,singa_barong
singa_barong75.jpg,/mnt/extended-home/dzakaaufa/dataset/all_images_captioning/singa_barong75.jpg,singa_barong
singa_barong76.jpg,/mnt/extended-home/dzakaaufa/dataset/all_images_captioning/singa_barong76.jpg,singa_barong
singa_barong77.jpg,/mnt/extended-home/dzakaaufa/dataset/all_images_captioning/singa_barong77.jpg,singa_barong
singa_barong78.jpg,/mnt/extended-home/dzakaaufa/dataset/all_images_captioning/singa_barong78.jpg,singa_barong
singa_barong79.jpg,/mnt/extended-home/dzakaaufa/dataset/all_images_captioning/singa_barong79.jpg,singa_barong
singa_barong8.jpg,/mnt/extended-home/dzakaaufa/dataset/all_images_captioning/singa_barong8.jpg,singa_barong
singa_barong80.jpg,/mnt/extended-home/dzakaaufa/dataset/all_images_captioning/singa_barong80.jpg,singa_barong
singa_barong81.jpg,/mnt/extended-home/dzakaaufa/dataset/all_images_captioning/singa_barong81.jpg,singa_barong
singa_barong82.JPG,/mnt/extended-home/dzakaaufa/dataset/all_images_captioning/singa_barong82.JPG,singa_barong
singa_barong83.JPG,/mnt/extended-home/dzakaaufa/dataset/all_images_captioning/singa_barong83.JPG,singa_barong
singa_barong84.JPG,/mnt/extended-home/dzakaaufa/dataset/all_images_captioning/singa_barong84.JPG,singa_barong
singa_barong85.JPG,/mnt/extended-home/dzakaaufa/dataset/all_images_captioning/singa_barong85.JPG,singa_barong
singa_barong86.JPG,/mnt/extended-home/dzakaaufa/dataset/all_images_captioning/singa_barong86.JPG,singa_barong
singa_barong87.JPG,/mnt/extended-home/dzakaaufa/dataset/all_images_captioning/singa_barong87.JPG,singa_barong
singa_barong88.jpg,/mnt/extended-home/dzakaaufa/dataset/all_images_captioning/singa_barong88.jpg,singa_barong
singa_barong89.JPG,/mnt/extended-home/dzakaaufa/dataset/all_images_captioning/singa_barong89.JPG,singa_barong
singa_barong9.jpg,/mnt/extended-home/dzakaaufa/dataset/all_images_captioning/singa_barong9.jpg,singa_barong
singa_barong90.JPG,/mnt/extended-home/dzakaaufa/dataset/all_images_captioning/singa_barong90.JPG,singa_barong
singa_barong91.JPG,/mnt/extended-home/dzakaaufa/dataset/all_images_captioning/singa_barong91.JPG,singa_barong
singa_barong92.JPG,/mnt/extended-home/dzakaaufa/dataset/all_images_captioning/singa_barong92.JPG,singa_barong
singa_barong93.JPG,/mnt/extended-home/dzakaaufa/dataset/all_images_captioning/singa_barong93.JPG,singa_barong
singa_barong94.JPG,/mnt/extended-home/dzakaaufa/dataset/all_images_captioning/singa_barong94.JPG,singa_barong
singa_barong95.jpg,/mnt/extended-home/dzakaaufa/dataset/all_images_captioning/singa_barong95.jpg,singa_barong
singa_barong96.jpg,/mnt/extended-home/dzakaaufa/dataset/all_images_captioning/singa_barong96.jpg,singa_barong
singa_barong97.jpg,/mnt/extended-home/dzakaaufa/dataset/all_images_captioning/singa_barong97.jpg,singa_barong
singa_barong98.JPG,/mnt/extended-home/dzakaaufa/dataset/all_images_captioning/singa_barong98.JPG,singa_barong
singa_barong99.JPG,/mnt/extended-home/dzakaaufa/dataset/all_images_captioning/singa_barong99.JPG,singa_barong
liong1.jpg,/mnt/extended-home/dzakaaufa/dataset/all_images_captioning/liong1.jpg,liong
liong10.png,/mnt/extended-home/dzakaaufa/dataset/all_images_captioning/liong10.png,liong
liong100.jpg,/mnt/extended-home/dzakaaufa/dataset/all_images_captioning/liong100.jpg,liong
liong101.jpg,/mnt/extended-home/dzakaaufa/dataset/all_images_captioning/liong101.jpg,liong
liong102.jpg,/mnt/extended-home/dzakaaufa/dataset/all_images_captioning/liong102.jpg,liong
liong103.jpg,/mnt/extended-home/dzakaaufa/dataset/all_images_captioning/liong103.jpg,liong
liong104.jpg,/mnt/extended-home/dzakaaufa/dataset/all_images_captioning/liong104.jpg,liong
liong105.jpg,/mnt/extended-home/dzakaaufa/dataset/all_images_captioning/liong105.jpg,liong
liong106.jpg,/mnt/extended-home/dzakaaufa/dataset/all_images_captioning/liong106.jpg,liong
liong107.jpg,/mnt/extended-home/dzakaaufa/dataset/all_images_captioning/liong107.jpg,liong
liong108.jpg,/mnt/extended-home/dzakaaufa/dataset/all_images_captioning/liong108.jpg,liong
liong109.jpg,/mnt/extended-home/dzakaaufa/dataset/all_images_captioning/liong109.jpg,liong
liong11.png,/mnt/extended-home/dzakaaufa/dataset/all_images_captioning/liong11.png,liong
liong110.jpg,/mnt/extended-home/dzakaaufa/dataset/all_images_captioning/liong110.jpg,liong
liong111.jpg,/mnt/extended-home/dzakaaufa/dataset/all_images_captioning/liong111.jpg,liong
liong112.jpg,/mnt/extended-home/dzakaaufa/dataset/all_images_captioning/liong112.jpg,liong
liong113.jpg,/mnt/extended-home/dzakaaufa/dataset/all_images_captioning/liong113.jpg,liong
liong114.png,/mnt/extended-home/dzakaaufa/dataset/all_images_captioning/liong114.png,liong
liong115.jpg,/mnt/extended-home/dzakaaufa/dataset/all_images_captioning/liong115.jpg,liong
liong116.jpeg,/mnt/extended-home/dzakaaufa/dataset/all_images_captioning/liong116.jpeg,liong
liong117.jpeg,/mnt/extended-home/dzakaaufa/dataset/all_images_captioning/liong117.jpeg,liong
liong118.jpeg,/mnt/extended-home/dzakaaufa/dataset/all_images_captioning/liong118.jpeg,liong
liong119.jpg,/mnt/extended-home/dzakaaufa/dataset/all_images_captioning/liong119.jpg,liong
liong12.png,/mnt/extended-home/dzakaaufa/dataset/all_images_captioning/liong12.png,liong
liong120.jpg,/mnt/extended-home/dzakaaufa/dataset/all_images_captioning/liong120.jpg,liong
liong121.jpg,/mnt/extended-home/dzakaaufa/dataset/all_images_captioning/liong121.jpg,liong
liong122.jpeg,/mnt/extended-home/dzakaaufa/dataset/all_images_captioning/liong122.jpeg,liong
liong123.png,/mnt/extended-home/dzakaaufa/dataset/all_images_captioning/liong123.png,liong
liong124.jpeg,/mnt/extended-home/dzakaaufa/dataset/all_images_captioning/liong124.jpeg,liong
liong125.jpeg,/mnt/extended-home/dzakaaufa/dataset/all_images_captioning/liong125.jpeg,liong
liong126.jpg,/mnt/extended-home/dzakaaufa/dataset/all_images_captioning/liong126.jpg,liong
liong127.jpg,/mnt/extended-home/dzakaaufa/dataset/all_images_captioning/liong127.jpg,liong
liong128.jpeg,/mnt/extended-home/dzakaaufa/dataset/all_images_captioning/liong128.jpeg,liong
liong129.jpg,/mnt/extended-home/dzakaaufa/dataset/all_images_captioning/liong129.jpg,liong
liong13.png,/mnt/extended-home/dzakaaufa/dataset/all_images_captioning/liong13.png,liong
liong130.jpg,/mnt/extended-home/dzakaaufa/dataset/all_images_captioning/liong130.jpg,liong
liong131.jpeg,/mnt/extended-home/dzakaaufa/dataset/all_images_captioning/liong131.jpeg,liong
liong132.jpeg,/mnt/extended-home/dzakaaufa/dataset/all_images_captioning/liong132.jpeg,liong
liong133.jpg,/mnt/extended-home/dzakaaufa/dataset/all_images_captioning/liong133.jpg,liong
liong134.png,/mnt/extended-home/dzakaaufa/dataset/all_images_captioning/liong134.png,liong
liong135.jpeg,/mnt/extended-home/dzakaaufa/dataset/all_images_captioning/liong135.jpeg,liong
liong136.jpg,/mnt/extended-home/dzakaaufa/dataset/all_images_captioning/liong136.jpg,liong
liong137.jpg,/mnt/extended-home/dzakaaufa/dataset/all_images_captioning/liong137.jpg,liong
liong138.png,/mnt/extended-home/dzakaaufa/dataset/all_images_captioning/liong138.png,liong
liong139.jpg,/mnt/extended-home/dzakaaufa/dataset/all_images_captioning/liong139.jpg,liong
liong14.png,/mnt/extended-home/dzakaaufa/dataset/all_images_captioning/liong14.png,liong
liong140.jpeg,/mnt/extended-home/dzakaaufa/dataset/all_images_captioning/liong140.jpeg,liong
liong141.jpg,/mnt/extended-home/dzakaaufa/dataset/all_images_captioning/liong141.jpg,liong
liong142.jpeg,/mnt/extended-home/dzakaaufa/dataset/all_images_captioning/liong142.jpeg,liong
liong143.png,/mnt/extended-home/dzakaaufa/dataset/all_images_captioning/liong143.png,liong
liong144.png,/mnt/extended-home/dzakaaufa/dataset/all_images_captioning/liong144.png,liong
liong145.png,/mnt/extended-home/dzakaaufa/dataset/all_images_captioning/liong145.png,liong
liong146.png,/mnt/extended-home/dzakaaufa/dataset/all_images_captioning/liong146.png,liong
liong147.png,/mnt/extended-home/dzakaaufa/dataset/all_images_captioning/liong147.png,liong
liong148.jpg,/mnt/extended-home/dzakaaufa/dataset/all_images_captioning/liong148.jpg,liong
liong149.jpeg,/mnt/extended-home/dzakaaufa/dataset/all_images_captioning/liong149.jpeg,liong
liong15.jpg,/mnt/extended-home/dzakaaufa/dataset/all_images_captioning/liong15.jpg,liong
liong150.jpeg,/mnt/extended-home/dzakaaufa/dataset/all_images_captioning/liong150.jpeg,liong
liong16.jpg,/mnt/extended-home/dzakaaufa/dataset/all_images_captioning/liong16.jpg,liong
liong17.jpg,/mnt/extended-home/dzakaaufa/dataset/all_images_captioning/liong17.jpg,liong
liong18.jpeg,/mnt/extended-home/dzakaaufa/dataset/all_images_captioning/liong18.jpeg,liong
liong19.jpeg,/mnt/extended-home/dzakaaufa/dataset/all_images_captioning/liong19.jpeg,liong
liong2.jpeg,/mnt/extended-home/dzakaaufa/dataset/all_images_captioning/liong2.jpeg,liong
liong20.jpg,/mnt/extended-home/dzakaaufa/dataset/all_images_captioning/liong20.jpg,liong
liong21.jpg,/mnt/extended-home/dzakaaufa/dataset/all_images_captioning/liong21.jpg,liong
liong22.jpg,/mnt/extended-home/dzakaaufa/dataset/all_images_captioning/liong22.jpg,liong
liong23.jpg,/mnt/extended-home/dzakaaufa/dataset/all_images_captioning/liong23.jpg,liong
liong24.jpg,/mnt/extended-home/dzakaaufa/dataset/all_images_captioning/liong24.jpg,liong
liong25.jpeg,/mnt/extended-home/dzakaaufa/dataset/all_images_captioning/liong25.jpeg,liong
liong26.jpg,/mnt/extended-home/dzakaaufa/dataset/all_images_captioning/liong26.jpg,liong
liong27.png,/mnt/extended-home/dzakaaufa/dataset/all_images_captioning/liong27.png,liong
liong28.jpeg,/mnt/extended-home/dzakaaufa/dataset/all_images_captioning/liong28.jpeg,liong
liong29.jpeg,/mnt/extended-home/dzakaaufa/dataset/all_images_captioning/liong29.jpeg,liong
liong3.png,/mnt/extended-home/dzakaaufa/dataset/all_images_captioning/liong3.png,liong
liong30.jpeg,/mnt/extended-home/dzakaaufa/dataset/all_images_captioning/liong30.jpeg,liong
liong31.jpg,/mnt/extended-home/dzakaaufa/dataset/all_images_captioning/liong31.jpg,liong
liong32.jpg,/mnt/extended-home/dzakaaufa/dataset/all_images_captioning/liong32.jpg,liong
liong33.jpg,/mnt/extended-home/dzakaaufa/dataset/all_images_captioning/liong33.jpg,liong
liong34.jpg,/mnt/extended-home/dzakaaufa/dataset/all_images_captioning/liong34.jpg,liong
liong35.jpeg,/mnt/extended-home/dzakaaufa/dataset/all_images_captioning/liong35.jpeg,liong
liong36.jpg,/mnt/extended-home/dzakaaufa/dataset/all_images_captioning/liong36.jpg,liong
liong37.jpg,/mnt/extended-home/dzakaaufa/dataset/all_images_captioning/liong37.jpg,liong
liong38.jpg,/mnt/extended-home/dzakaaufa/dataset/all_images_captioning/liong38.jpg,liong
liong39.jpg,/mnt/extended-home/dzakaaufa/dataset/all_images_captioning/liong39.jpg,liong
liong4.jpg,/mnt/extended-home/dzakaaufa/dataset/all_images_captioning/liong4.jpg,liong
liong40.jpg,/mnt/extended-home/dzakaaufa/dataset/all_images_captioning/liong40.jpg,liong
liong41.png,/mnt/extended-home/dzakaaufa/dataset/all_images_captioning/liong41.png,liong
liong42.jpg,/mnt/extended-home/dzakaaufa/dataset/all_images_captioning/liong42.jpg,liong
liong43.jpeg,/mnt/extended-home/dzakaaufa/dataset/all_images_captioning/liong43.jpeg,liong
liong44.jpg,/mnt/extended-home/dzakaaufa/dataset/all_images_captioning/liong44.jpg,liong
liong45.jpg,/mnt/extended-home/dzakaaufa/dataset/all_images_captioning/liong45.jpg,liong
liong46.jpg,/mnt/extended-home/dzakaaufa/dataset/all_images_captioning/liong46.jpg,liong
liong47.jpg,/mnt/extended-home/dzakaaufa/dataset/all_images_captioning/liong47.jpg,liong
liong48.jpeg,/mnt/extended-home/dzakaaufa/dataset/all_images_captioning/liong48.jpeg,liong
liong49.jpeg,/mnt/extended-home/dzakaaufa/dataset/all_images_captioning/liong49.jpeg,liong
liong5.jpeg,/mnt/extended-home/dzakaaufa/dataset/all_images_captioning/liong5.jpeg,liong
liong50.jpeg,/mnt/extended-home/dzakaaufa/dataset/all_images_captioning/liong50.jpeg,liong
liong51.jpeg,/mnt/extended-home/dzakaaufa/dataset/all_images_captioning/liong51.jpeg,liong
liong52.jpg,/mnt/extended-home/dzakaaufa/dataset/all_images_captioning/liong52.jpg,liong
liong53.jpg,/mnt/extended-home/dzakaaufa/dataset/all_images_captioning/liong53.jpg,liong
liong54.jpg,/mnt/extended-home/dzakaaufa/dataset/all_images_captioning/liong54.jpg,liong
liong55.jpeg,/mnt/extended-home/dzakaaufa/dataset/all_images_captioning/liong55.jpeg,liong
liong56.jpg,/mnt/extended-home/dzakaaufa/dataset/all_images_captioning/liong56.jpg,liong
liong57.jpeg,/mnt/extended-home/dzakaaufa/dataset/all_images_captioning/liong57.jpeg,liong
liong58.jpeg,/mnt/extended-home/dzakaaufa/dataset/all_images_captioning/liong58.jpeg,liong
liong59.jpg,/mnt/extended-home/dzakaaufa/dataset/all_images_captioning/liong59.jpg,liong
liong6.jpeg,/mnt/extended-home/dzakaaufa/dataset/all_images_captioning/liong6.jpeg,liong
liong60.jpg,/mnt/extended-home/dzakaaufa/dataset/all_images_captioning/liong60.jpg,liong
liong61.jpg,/mnt/extended-home/dzakaaufa/dataset/all_images_captioning/liong61.jpg,liong
liong62.jpg,/mnt/extended-home/dzakaaufa/dataset/all_images_captioning/liong62.jpg,liong
liong63.png,/mnt/extended-home/dzakaaufa/dataset/all_images_captioning/liong63.png,liong
liong64.jpg,/mnt/extended-home/dzakaaufa/dataset/all_images_captioning/liong64.jpg,liong
liong65.jpeg,/mnt/extended-home/dzakaaufa/dataset/all_images_captioning/liong65.jpeg,liong
liong66.jpeg,/mnt/extended-home/dzakaaufa/dataset/all_images_captioning/liong66.jpeg,liong
liong67.jpg,/mnt/extended-home/dzakaaufa/dataset/all_images_captioning/liong67.jpg,liong
liong68.jpg,/mnt/extended-home/dzakaaufa/dataset/all_images_captioning/liong68.jpg,liong
liong69.jpeg,/mnt/extended-home/dzakaaufa/dataset/all_images_captioning/liong69.jpeg,liong
liong7.jpg,/mnt/extended-home/dzakaaufa/dataset/all_images_captioning/liong7.jpg,liong
liong70.jpg,/mnt/extended-home/dzakaaufa/dataset/all_images_captioning/liong70.jpg,liong
liong71.jpg,/mnt/extended-home/dzakaaufa/dataset/all_images_captioning/liong71.jpg,liong
liong72.jpeg,/mnt/extended-home/dzakaaufa/dataset/all_images_captioning/liong72.jpeg,liong
liong73.jpeg,/mnt/extended-home/dzakaaufa/dataset/all_images_captioning/liong73.jpeg,liong
liong74.jpeg,/mnt/extended-home/dzakaaufa/dataset/all_images_captioning/liong74.jpeg,liong
liong75.jpeg,/mnt/extended-home/dzakaaufa/dataset/all_images_captioning/liong75.jpeg,liong
liong76.jpg,/mnt/extended-home/dzakaaufa/dataset/all_images_captioning/liong76.jpg,liong
liong77.jpeg,/mnt/extended-home/dzakaaufa/dataset/all_images_captioning/liong77.jpeg,liong
liong78.jpg,/mnt/extended-home/dzakaaufa/dataset/all_images_captioning/liong78.jpg,liong
liong79.jpeg,/mnt/extended-home/dzakaaufa/dataset/all_images_captioning/liong79.jpeg,liong
liong8.jpeg,/mnt/extended-home/dzakaaufa/dataset/all_images_captioning/liong8.jpeg,liong
liong80.jpg,/mnt/extended-home/dzakaaufa/dataset/all_images_captioning/liong80.jpg,liong
liong81.png,/mnt/extended-home/dzakaaufa/dataset/all_images_captioning/liong81.png,liong
liong82.png,/mnt/extended-home/dzakaaufa/dataset/all_images_captioning/liong82.png,liong
liong83.png,/mnt/extended-home/dzakaaufa/dataset/all_images_captioning/liong83.png,liong
liong84.png,/mnt/extended-home/dzakaaufa/dataset/all_images_captioning/liong84.png,liong
liong85.png,/mnt/extended-home/dzakaaufa/dataset/all_images_captioning/liong85.png,liong
liong86.jpg,/mnt/extended-home/dzakaaufa/dataset/all_images_captioning/liong86.jpg,liong
liong87.png,/mnt/extended-home/dzakaaufa/dataset/all_images_captioning/liong87.png,liong
liong88.png,/mnt/extended-home/dzakaaufa/dataset/all_images_captioning/liong88.png,liong
liong89.png,/mnt/extended-home/dzakaaufa/dataset/all_images_captioning/liong89.png,liong
liong9.png,/mnt/extended-home/dzakaaufa/dataset/all_images_captioning/liong9.png,liong
liong90.png,/mnt/extended-home/dzakaaufa/dataset/all_images_captioning/liong90.png,liong
liong91.jpg,/mnt/extended-home/dzakaaufa/dataset/all_images_captioning/liong91.jpg,liong
liong92.png,/mnt/extended-home/dzakaaufa/dataset/all_images_captioning/liong92.png,liong
liong93.jpg,/mnt/extended-home/dzakaaufa/dataset/all_images_captioning/liong93.jpg,liong
liong94.png,/mnt/extended-home/dzakaaufa/dataset/all_images_captioning/liong94.png,liong
liong95.png,/mnt/extended-home/dzakaaufa/dataset/all_images_captioning/liong95.png,liong
liong96.jpg,/mnt/extended-home/dzakaaufa/dataset/all_images_captioning/liong96.jpg,liong
liong97.jpg,/mnt/extended-home/dzakaaufa/dataset/all_images_captioning/liong97.jpg,liong
liong98.jpg,/mnt/extended-home/dzakaaufa/dataset/all_images_captioning/liong98.jpg,liong
liong99.jpg,/mnt/extended-home/dzakaaufa/dataset/all_images_captioning/liong99.jpg,liong
betawi1.jpg,/mnt/extended-home/dzakaaufa/dataset/all_images_captioning/betawi1.jpg,betawi
betawi10.jpg,/mnt/extended-home/dzakaaufa/dataset/all_images_captioning/betawi10.jpg,betawi
betawi100.jpg,/mnt/extended-home/dzakaaufa/dataset/all_images_captioning/betawi100.jpg,betawi
betawi101.jpg,/mnt/extended-home/dzakaaufa/dataset/all_images_captioning/betawi101.jpg,betawi
betawi102.jpg,/mnt/extended-home/dzakaaufa/dataset/all_images_captioning/betawi102.jpg,betawi
betawi103.jpg,/mnt/extended-home/dzakaaufa/dataset/all_images_captioning/betawi103.jpg,betawi
betawi104.jpg,/mnt/extended-home/dzakaaufa/dataset/all_images_captioning/betawi104.jpg,betawi
betawi105.jpg,/mnt/extended-home/dzakaaufa/dataset/all_images_captioning/betawi105.jpg,betawi
betawi106.jpg,/mnt/extended-home/dzakaaufa/dataset/all_images_captioning/betawi106.jpg,betawi
betawi107.jpg,/mnt/extended-home/dzakaaufa/dataset/all_images_captioning/betawi107.jpg,betawi
betawi108.jpg,/mnt/extended-home/dzakaaufa/dataset/all_images_captioning/betawi108.jpg,betawi
betawi109.jpg,/mnt/extended-home/dzakaaufa/dataset/all_images_captioning/betawi109.jpg,betawi
betawi11.jpg,/mnt/extended-home/dzakaaufa/dataset/all_images_captioning/betawi11.jpg,betawi
betawi110.jpg,/mnt/extended-home/dzakaaufa/dataset/all_images_captioning/betawi110.jpg,betawi
betawi111.jpg,/mnt/extended-home/dzakaaufa/dataset/all_images_captioning/betawi111.jpg,betawi
betawi112.jpg,/mnt/extended-home/dzakaaufa/dataset/all_images_captioning/betawi112.jpg,betawi
betawi113.jpeg,/mnt/extended-home/dzakaaufa/dataset/all_images_captioning/betawi113.jpeg,betawi
betawi114.jpeg,/mnt/extended-home/dzakaaufa/dataset/all_images_captioning/betawi114.jpeg,betawi
betawi115.jpeg,/mnt/extended-home/dzakaaufa/dataset/all_images_captioning/betawi115.jpeg,betawi
betawi116.jpeg,/mnt/extended-home/dzakaaufa/dataset/all_images_captioning/betawi116.jpeg,betawi
betawi117.jpeg,/mnt/extended-home/dzakaaufa/dataset/all_images_captioning/betawi117.jpeg,betawi
betawi118.jpeg,/mnt/extended-home/dzakaaufa/dataset/all_images_captioning/betawi118.jpeg,betawi
betawi119.jpeg,/mnt/extended-home/dzakaaufa/dataset/all_images_captioning/betawi119.jpeg,betawi
betawi12.jpg,/mnt/extended-home/dzakaaufa/dataset/all_images_captioning/betawi12.jpg,betawi
betawi120.jpg,/mnt/extended-home/dzakaaufa/dataset/all_images_captioning/betawi120.jpg,betawi
betawi121.jpg,/mnt/extended-home/dzakaaufa/dataset/all_images_captioning/betawi121.jpg,betawi
betawi122.jpg,/mnt/extended-home/dzakaaufa/dataset/all_images_captioning/betawi122.jpg,betawi
betawi123.jpg,/mnt/extended-home/dzakaaufa/dataset/all_images_captioning/betawi123.jpg,betawi
betawi124.jpg,/mnt/extended-home/dzakaaufa/dataset/all_images_captioning/betawi124.jpg,betawi
betawi125.jpg,/mnt/extended-home/dzakaaufa/dataset/all_images_captioning/betawi125.jpg,betawi
betawi126.jpg,/mnt/extended-home/dzakaaufa/dataset/all_images_captioning/betawi126.jpg,betawi
betawi127.jpg,/mnt/extended-home/dzakaaufa/dataset/all_images_captioning/betawi127.jpg,betawi
betawi128.jpg,/mnt/extended-home/dzakaaufa/dataset/all_images_captioning/betawi128.jpg,betawi
betawi129.jpg,/mnt/extended-home/dzakaaufa/dataset/all_images_captioning/betawi129.jpg,betawi
betawi13.jpg,/mnt/extended-home/dzakaaufa/dataset/all_images_captioning/betawi13.jpg,betawi
betawi130.jpg,/mnt/extended-home/dzakaaufa/dataset/all_images_captioning/betawi130.jpg,betawi
betawi131.jpg,/mnt/extended-home/dzakaaufa/dataset/all_images_captioning/betawi131.jpg,betawi
betawi132.jpg,/mnt/extended-home/dzakaaufa/dataset/all_images_captioning/betawi132.jpg,betawi
betawi133.jpg,/mnt/extended-home/dzakaaufa/dataset/all_images_captioning/betawi133.jpg,betawi
betawi134.jpg,/mnt/extended-home/dzakaaufa/dataset/all_images_captioning/betawi134.jpg,betawi
betawi135.jpg,/mnt/extended-home/dzakaaufa/dataset/all_images_captioning/betawi135.jpg,betawi
betawi136.jpg,/mnt/extended-home/dzakaaufa/dataset/all_images_captioning/betawi136.jpg,betawi
betawi137.jpg,/mnt/extended-home/dzakaaufa/dataset/all_images_captioning/betawi137.jpg,betawi
betawi138.jpg,/mnt/extended-home/dzakaaufa/dataset/all_images_captioning/betawi138.jpg,betawi
betawi139.jpg,/mnt/extended-home/dzakaaufa/dataset/all_images_captioning/betawi139.jpg,betawi
betawi14.jpg,/mnt/extended-home/dzakaaufa/dataset/all_images_captioning/betawi14.jpg,betawi
betawi140.jpg,/mnt/extended-home/dzakaaufa/dataset/all_images_captioning/betawi140.jpg,betawi
betawi141.jpg,/mnt/extended-home/dzakaaufa/dataset/all_images_captioning/betawi141.jpg,betawi
betawi142.jpg,/mnt/extended-home/dzakaaufa/dataset/all_images_captioning/betawi142.jpg,betawi
betawi143.jpg,/mnt/extended-home/dzakaaufa/dataset/all_images_captioning/betawi143.jpg,betawi
betawi144.jpg,/mnt/extended-home/dzakaaufa/dataset/all_images_captioning/betawi144.jpg,betawi
betawi145.jpg,/mnt/extended-home/dzakaaufa/dataset/all_images_captioning/betawi145.jpg,betawi
betawi146.jpg,/mnt/extended-home/dzakaaufa/dataset/all_images_captioning/betawi146.jpg,betawi
betawi147.jpg,/mnt/extended-home/dzakaaufa/dataset/all_images_captioning/betawi147.jpg,betawi
betawi148.jpg,/mnt/extended-home/dzakaaufa/dataset/all_images_captioning/betawi148.jpg,betawi
betawi149.jpeg,/mnt/extended-home/dzakaaufa/dataset/all_images_captioning/betawi149.jpeg,betawi
betawi15.jpg,/mnt/extended-home/dzakaaufa/dataset/all_images_captioning/betawi15.jpg,betawi
betawi150.jpg,/mnt/extended-home/dzakaaufa/dataset/all_images_captioning/betawi150.jpg,betawi
betawi16.jpg,/mnt/extended-home/dzakaaufa/dataset/all_images_captioning/betawi16.jpg,betawi
betawi17.jpg,/mnt/extended-home/dzakaaufa/dataset/all_images_captioning/betawi17.jpg,betawi
betawi18.jpg,/mnt/extended-home/dzakaaufa/dataset/all_images_captioning/betawi18.jpg,betawi
betawi19.jpg,/mnt/extended-home/dzakaaufa/dataset/all_images_captioning/betawi19.jpg,betawi
betawi2.jpg,/mnt/extended-home/dzakaaufa/dataset/all_images_captioning/betawi2.jpg,betawi
betawi20.jpg,/mnt/extended-home/dzakaaufa/dataset/all_images_captioning/betawi20.jpg,betawi
betawi21.jpg,/mnt/extended-home/dzakaaufa/dataset/all_images_captioning/betawi21.jpg,betawi
betawi22.jpg,/mnt/extended-home/dzakaaufa/dataset/all_images_captioning/betawi22.jpg,betawi
betawi23.jpg,/mnt/extended-home/dzakaaufa/dataset/all_images_captioning/betawi23.jpg,betawi
betawi24.jpg,/mnt/extended-home/dzakaaufa/dataset/all_images_captioning/betawi24.jpg,betawi
betawi25.jpg,/mnt/extended-home/dzakaaufa/dataset/all_images_captioning/betawi25.jpg,betawi
betawi26.jpg,/mnt/extended-home/dzakaaufa/dataset/all_images_captioning/betawi26.jpg,betawi
betawi27.jpg,/mnt/extended-home/dzakaaufa/dataset/all_images_captioning/betawi27.jpg,betawi
betawi28.jpg,/mnt/extended-home/dzakaaufa/dataset/all_images_captioning/betawi28.jpg,betawi
betawi29.jpg,/mnt/extended-home/dzakaaufa/dataset/all_images_captioning/betawi29.jpg,betawi
betawi3.jpg,/mnt/extended-home/dzakaaufa/dataset/all_images_captioning/betawi3.jpg,betawi
betawi30.jpg,/mnt/extended-home/dzakaaufa/dataset/all_images_captioning/betawi30.jpg,betawi
betawi31.jpg,/mnt/extended-home/dzakaaufa/dataset/all_images_captioning/betawi31.jpg,betawi
betawi32.jpg,/mnt/extended-home/dzakaaufa/dataset/all_images_captioning/betawi32.jpg,betawi
betawi33.jpg,/mnt/extended-home/dzakaaufa/dataset/all_images_captioning/betawi33.jpg,betawi
betawi34.jpg,/mnt/extended-home/dzakaaufa/dataset/all_images_captioning/betawi34.jpg,betawi
betawi35.jpg,/mnt/extended-home/dzakaaufa/dataset/all_images_captioning/betawi35.jpg,betawi
betawi36.jpg,/mnt/extended-home/dzakaaufa/dataset/all_images_captioning/betawi36.jpg,betawi
betawi37.jpg,/mnt/extended-home/dzakaaufa/dataset/all_images_captioning/betawi37.jpg,betawi
betawi38.jpg,/mnt/extended-home/dzakaaufa/dataset/all_images_captioning/betawi38.jpg,betawi
betawi39.jpg,/mnt/extended-home/dzakaaufa/dataset/all_images_captioning/betawi39.jpg,betawi
betawi4.jpeg,/mnt/extended-home/dzakaaufa/dataset/all_images_captioning/betawi4.jpeg,betawi
betawi40.jpg,/mnt/extended-home/dzakaaufa/dataset/all_images_captioning/betawi40.jpg,betawi
betawi41.jpg,/mnt/extended-home/dzakaaufa/dataset/all_images_captioning/betawi41.jpg,betawi
betawi42.jpg,/mnt/extended-home/dzakaaufa/dataset/all_images_captioning/betawi42.jpg,betawi
betawi43.jpg,/mnt/extended-home/dzakaaufa/dataset/all_images_captioning/betawi43.jpg,betawi
betawi44.jpg,/mnt/extended-home/dzakaaufa/dataset/all_images_captioning/betawi44.jpg,betawi
betawi45.jpg,/mnt/extended-home/dzakaaufa/dataset/all_images_captioning/betawi45.jpg,betawi
betawi46.jpg,/mnt/extended-home/dzakaaufa/dataset/all_images_captioning/betawi46.jpg,betawi
betawi47.jpg,/mnt/extended-home/dzakaaufa/dataset/all_images_captioning/betawi47.jpg,betawi
betawi48.jpg,/mnt/extended-home/dzakaaufa/dataset/all_images_captioning/betawi48.jpg,betawi
betawi49.jpg,/mnt/extended-home/dzakaaufa/dataset/all_images_captioning/betawi49.jpg,betawi
betawi5.jpg,/mnt/extended-home/dzakaaufa/dataset/all_images_captioning/betawi5.jpg,betawi
betawi50.jpg,/mnt/extended-home/dzakaaufa/dataset/all_images_captioning/betawi50.jpg,betawi
betawi51.jpg,/mnt/extended-home/dzakaaufa/dataset/all_images_captioning/betawi51.jpg,betawi
betawi52.jpg,/mnt/extended-home/dzakaaufa/dataset/all_images_captioning/betawi52.jpg,betawi
betawi53.jpg,/mnt/extended-home/dzakaaufa/dataset/all_images_captioning/betawi53.jpg,betawi
betawi54.jpg,/mnt/extended-home/dzakaaufa/dataset/all_images_captioning/betawi54.jpg,betawi
betawi55.jpg,/mnt/extended-home/dzakaaufa/dataset/all_images_captioning/betawi55.jpg,betawi
betawi56.jpg,/mnt/extended-home/dzakaaufa/dataset/all_images_captioning/betawi56.jpg,betawi
betawi57.jpg,/mnt/extended-home/dzakaaufa/dataset/all_images_captioning/betawi57.jpg,betawi
betawi58.jpg,/mnt/extended-home/dzakaaufa/dataset/all_images_captioning/betawi58.jpg,betawi
betawi59.jpg,/mnt/extended-home/dzakaaufa/dataset/all_images_captioning/betawi59.jpg,betawi
betawi6.jpg,/mnt/extended-home/dzakaaufa/dataset/all_images_captioning/betawi6.jpg,betawi
betawi60.jpg,/mnt/extended-home/dzakaaufa/dataset/all_images_captioning/betawi60.jpg,betawi
betawi61.jpg,/mnt/extended-home/dzakaaufa/dataset/all_images_captioning/betawi61.jpg,betawi
betawi62.jpg,/mnt/extended-home/dzakaaufa/dataset/all_images_captioning/betawi62.jpg,betawi
betawi63.jpg,/mnt/extended-home/dzakaaufa/dataset/all_images_captioning/betawi63.jpg,betawi
betawi64.jpg,/mnt/extended-home/dzakaaufa/dataset/all_images_captioning/betawi64.jpg,betawi
betawi65.jpg,/mnt/extended-home/dzakaaufa/dataset/all_images_captioning/betawi65.jpg,betawi
betawi66.jpg,/mnt/extended-home/dzakaaufa/dataset/all_images_captioning/betawi66.jpg,betawi
betawi67.jpg,/mnt/extended-home/dzakaaufa/dataset/all_images_captioning/betawi67.jpg,betawi
betawi68.jpg,/mnt/extended-home/dzakaaufa/dataset/all_images_captioning/betawi68.jpg,betawi
betawi69.jpg,/mnt/extended-home/dzakaaufa/dataset/all_images_captioning/betawi69.jpg,betawi
betawi7.jpg,/mnt/extended-home/dzakaaufa/dataset/all_images_captioning/betawi7.jpg,betawi
betawi70.jpg,/mnt/extended-home/dzakaaufa/dataset/all_images_captioning/betawi70.jpg,betawi
betawi71.jpg,/mnt/extended-home/dzakaaufa/dataset/all_images_captioning/betawi71.jpg,betawi
betawi72.jpg,/mnt/extended-home/dzakaaufa/dataset/all_images_captioning/betawi72.jpg,betawi
betawi73.jpg,/mnt/extended-home/dzakaaufa/dataset/all_images_captioning/betawi73.jpg,betawi
betawi74.jpg,/mnt/extended-home/dzakaaufa/dataset/all_images_captioning/betawi74.jpg,betawi
betawi75.jpg,/mnt/extended-home/dzakaaufa/dataset/all_images_captioning/betawi75.jpg,betawi
betawi76.jpg,/mnt/extended-home/dzakaaufa/dataset/all_images_captioning/betawi76.jpg,betawi
betawi77.jpg,/mnt/extended-home/dzakaaufa/dataset/all_images_captioning/betawi77.jpg,betawi
betawi78.jpg,/mnt/extended-home/dzakaaufa/dataset/all_images_captioning/betawi78.jpg,betawi
betawi79.jpg,/mnt/extended-home/dzakaaufa/dataset/all_images_captioning/betawi79.jpg,betawi
betawi8.jpg,/mnt/extended-home/dzakaaufa/dataset/all_images_captioning/betawi8.jpg,betawi
betawi80.jpg,/mnt/extended-home/dzakaaufa/dataset/all_images_captioning/betawi80.jpg,betawi
betawi81.jpg,/mnt/extended-home/dzakaaufa/dataset/all_images_captioning/betawi81.jpg,betawi
betawi82.jpg,/mnt/extended-home/dzakaaufa/dataset/all_images_captioning/betawi82.jpg,betawi
betawi83.jpg,/mnt/extended-home/dzakaaufa/dataset/all_images_captioning/betawi83.jpg,betawi
betawi84.jpg,/mnt/extended-home/dzakaaufa/dataset/all_images_captioning/betawi84.jpg,betawi
betawi85.jpg,/mnt/extended-home/dzakaaufa/dataset/all_images_captioning/betawi85.jpg,betawi
betawi86.jpg,/mnt/extended-home/dzakaaufa/dataset/all_images_captioning/betawi86.jpg,betawi
betawi87.jpg,/mnt/extended-home/dzakaaufa/dataset/all_images_captioning/betawi87.jpg,betawi
betawi88.jpg,/mnt/extended-home/dzakaaufa/dataset/all_images_captioning/betawi88.jpg,betawi
betawi89.jpg,/mnt/extended-home/dzakaaufa/dataset/all_images_captioning/betawi89.jpg,betawi
betawi9.jpg,/mnt/extended-home/dzakaaufa/dataset/all_images_captioning/betawi9.jpg,betawi
betawi90.jpg,/mnt/extended-home/dzakaaufa/dataset/all_images_captioning/betawi90.jpg,betawi
betawi91.jpg,/mnt/extended-home/dzakaaufa/dataset/all_images_captioning/betawi91.jpg,betawi
betawi92.jpg,/mnt/extended-home/dzakaaufa/dataset/all_images_captioning/betawi92.jpg,betawi
betawi93.jpg,/mnt/extended-home/dzakaaufa/dataset/all_images_captioning/betawi93.jpg,betawi
betawi94.jpg,/mnt/extended-home/dzakaaufa/dataset/all_images_captioning/betawi94.jpg,betawi
betawi95.jpg,/mnt/extended-home/dzakaaufa/dataset/all_images_captioning/betawi95.jpg,betawi
betawi96.jpg,/mnt/extended-home/dzakaaufa/dataset/all_images_captioning/betawi96.jpg,betawi
betawi97.jpg,/mnt/extended-home/dzakaaufa/dataset/all_images_captioning/betawi97.jpg,betawi
betawi98.jpg,/mnt/extended-home/dzakaaufa/dataset/all_images_captioning/betawi98.jpg,betawi
betawi99.jpg,/mnt/extended-home/dzakaaufa/dataset/all_images_captioning/betawi99.jpg,betawi
sidomulyo1.jpg,/mnt/extended-home/dzakaaufa/dataset/all_images_captioning/sidomulyo1.jpg,sidomulyo
sidomulyo10.jpg,/mnt/extended-home/dzakaaufa/dataset/all_images_captioning/sidomulyo10.jpg,sidomulyo
sidomulyo100.jpg,/mnt/extended-home/dzakaaufa/dataset/all_images_captioning/sidomulyo100.jpg,sidomulyo
sidomulyo101.jpg,/mnt/extended-home/dzakaaufa/dataset/all_images_captioning/sidomulyo101.jpg,sidomulyo
sidomulyo102.jpg,/mnt/extended-home/dzakaaufa/dataset/all_images_captioning/sidomulyo102.jpg,sidomulyo
sidomulyo103.jpg,/mnt/extended-home/dzakaaufa/dataset/all_images_captioning/sidomulyo103.jpg,sidomulyo
sidomulyo104.jpg,/mnt/extended-home/dzakaaufa/dataset/all_images_captioning/sidomulyo104.jpg,sidomulyo
sidomulyo105.jpg,/mnt/extended-home/dzakaaufa/dataset/all_images_captioning/sidomulyo105.jpg,sidomulyo
sidomulyo106.jpg,/mnt/extended-home/dzakaaufa/dataset/all_images_captioning/sidomulyo106.jpg,sidomulyo
sidomulyo107.jpg,/mnt/extended-home/dzakaaufa/dataset/all_images_captioning/sidomulyo107.jpg,sidomulyo
sidomulyo108.jpg,/mnt/extended-home/dzakaaufa/dataset/all_images_captioning/sidomulyo108.jpg,sidomulyo
sidomulyo109.jpg,/mnt/extended-home/dzakaaufa/dataset/all_images_captioning/sidomulyo109.jpg,sidomulyo
sidomulyo11.jpg,/mnt/extended-home/dzakaaufa/dataset/all_images_captioning/sidomulyo11.jpg,sidomulyo
sidomulyo110.jpg,/mnt/extended-home/dzakaaufa/dataset/all_images_captioning/sidomulyo110.jpg,sidomulyo
sidomulyo111.jpg,/mnt/extended-home/dzakaaufa/dataset/all_images_captioning/sidomulyo111.jpg,sidomulyo
sidomulyo112.jpg,/mnt/extended-home/dzakaaufa/dataset/all_images_captioning/sidomulyo112.jpg,sidomulyo
sidomulyo113.jpg,/mnt/extended-home/dzakaaufa/dataset/all_images_captioning/sidomulyo113.jpg,sidomulyo
sidomulyo114.jpg,/mnt/extended-home/dzakaaufa/dataset/all_images_captioning/sidomulyo114.jpg,sidomulyo
sidomulyo115.jpg,/mnt/extended-home/dzakaaufa/dataset/all_images_captioning/sidomulyo115.jpg,sidomulyo
sidomulyo116.jpg,/mnt/extended-home/dzakaaufa/dataset/all_images_captioning/sidomulyo116.jpg,sidomulyo
sidomulyo117.jpg,/mnt/extended-home/dzakaaufa/dataset/all_images_captioning/sidomulyo117.jpg,sidomulyo
sidomulyo118.jpg,/mnt/extended-home/dzakaaufa/dataset/all_images_captioning/sidomulyo118.jpg,sidomulyo
sidomulyo119.jpg,/mnt/extended-home/dzakaaufa/dataset/all_images_captioning/sidomulyo119.jpg,sidomulyo
sidomulyo12.jpg,/mnt/extended-home/dzakaaufa/dataset/all_images_captioning/sidomulyo12.jpg,sidomulyo
sidomulyo120.jpg,/mnt/extended-home/dzakaaufa/dataset/all_images_captioning/sidomulyo120.jpg,sidomulyo
sidomulyo121.jpg,/mnt/extended-home/dzakaaufa/dataset/all_images_captioning/sidomulyo121.jpg,sidomulyo
sidomulyo122.jpg,/mnt/extended-home/dzakaaufa/dataset/all_images_captioning/sidomulyo122.jpg,sidomulyo
sidomulyo123.jpg,/mnt/extended-home/dzakaaufa/dataset/all_images_captioning/sidomulyo123.jpg,sidomulyo
sidomulyo124.jpg,/mnt/extended-home/dzakaaufa/dataset/all_images_captioning/sidomulyo124.jpg,sidomulyo
sidomulyo125.jpg,/mnt/extended-home/dzakaaufa/dataset/all_images_captioning/sidomulyo125.jpg,sidomulyo
sidomulyo126.jpg,/mnt/extended-home/dzakaaufa/dataset/all_images_captioning/sidomulyo126.jpg,sidomulyo
sidomulyo127.jpg,/mnt/extended-home/dzakaaufa/dataset/all_images_captioning/sidomulyo127.jpg,sidomulyo
sidomulyo128.jpg,/mnt/extended-home/dzakaaufa/dataset/all_images_captioning/sidomulyo128.jpg,sidomulyo
sidomulyo129.jpg,/mnt/extended-home/dzakaaufa/dataset/all_images_captioning/sidomulyo129.jpg,sidomulyo
sidomulyo13.jpg,/mnt/extended-home/dzakaaufa/dataset/all_images_captioning/sidomulyo13.jpg,sidomulyo
sidomulyo130.jpg,/mnt/extended-home/dzakaaufa/dataset/all_images_captioning/sidomulyo130.jpg,sidomulyo
sidomulyo131.jpg,/mnt/extended-home/dzakaaufa/dataset/all_images_captioning/sidomulyo131.jpg,sidomulyo
sidomulyo132.jpg,/mnt/extended-home/dzakaaufa/dataset/all_images_captioning/sidomulyo132.jpg,sidomulyo
sidomulyo133.jpg,/mnt/extended-home/dzakaaufa/dataset/all_images_captioning/sidomulyo133.jpg,sidomulyo
sidomulyo134.jpg,/mnt/extended-home/dzakaaufa/dataset/all_images_captioning/sidomulyo134.jpg,sidomulyo
sidomulyo135.jpg,/mnt/extended-home/dzakaaufa/dataset/all_images_captioning/sidomulyo135.jpg,sidomulyo
sidomulyo136.jpg,/mnt/extended-home/dzakaaufa/dataset/all_images_captioning/sidomulyo136.jpg,sidomulyo
sidomulyo137.jpg,/mnt/extended-home/dzakaaufa/dataset/all_images_captioning/sidomulyo137.jpg,sidomulyo
sidomulyo138.jpg,/mnt/extended-home/dzakaaufa/dataset/all_images_captioning/sidomulyo138.jpg,sidomulyo
sidomulyo139.jpg,/mnt/extended-home/dzakaaufa/dataset/all_images_captioning/sidomulyo139.jpg,sidomulyo
sidomulyo14.jpg,/mnt/extended-home/dzakaaufa/dataset/all_images_captioning/sidomulyo14.jpg,sidomulyo
sidomulyo140.jpg,/mnt/extended-home/dzakaaufa/dataset/all_images_captioning/sidomulyo140.jpg,sidomulyo
sidomulyo141.jpg,/mnt/extended-home/dzakaaufa/dataset/all_images_captioning/sidomulyo141.jpg,sidomulyo
sidomulyo142.jpg,/mnt/extended-home/dzakaaufa/dataset/all_images_captioning/sidomulyo142.jpg,sidomulyo
sidomulyo143.jpg,/mnt/extended-home/dzakaaufa/dataset/all_images_captioning/sidomulyo143.jpg,sidomulyo
sidomulyo144.jpg,/mnt/extended-home/dzakaaufa/dataset/all_images_captioning/sidomulyo144.jpg,sidomulyo
sidomulyo145.jpg,/mnt/extended-home/dzakaaufa/dataset/all_images_captioning/sidomulyo145.jpg,sidomulyo
sidomulyo146.jpg,/mnt/extended-home/dzakaaufa/dataset/all_images_captioning/sidomulyo146.jpg,sidomulyo
sidomulyo147.jpg,/mnt/extended-home/dzakaaufa/dataset/all_images_captioning/sidomulyo147.jpg,sidomulyo
sidomulyo148.jpg,/mnt/extended-home/dzakaaufa/dataset/all_images_captioning/sidomulyo148.jpg,sidomulyo
sidomulyo149.jpg,/mnt/extended-home/dzakaaufa/dataset/all_images_captioning/sidomulyo149.jpg,sidomulyo
sidomulyo15.jpg,/mnt/extended-home/dzakaaufa/dataset/all_images_captioning/sidomulyo15.jpg,sidomulyo
sidomulyo150.jpg,/mnt/extended-home/dzakaaufa/dataset/all_images_captioning/sidomulyo150.jpg,sidomulyo
sidomulyo16.jpg,/mnt/extended-home/dzakaaufa/dataset/all_images_captioning/sidomulyo16.jpg,sidomulyo
sidomulyo17.jpg,/mnt/extended-home/dzakaaufa/dataset/all_images_captioning/sidomulyo17.jpg,sidomulyo
sidomulyo18.jpg,/mnt/extended-home/dzakaaufa/dataset/all_images_captioning/sidomulyo18.jpg,sidomulyo
sidomulyo19.jpg,/mnt/extended-home/dzakaaufa/dataset/all_images_captioning/sidomulyo19.jpg,sidomulyo
sidomulyo2.jpg,/mnt/extended-home/dzakaaufa/dataset/all_images_captioning/sidomulyo2.jpg,sidomulyo
sidomulyo20.jpg,/mnt/extended-home/dzakaaufa/dataset/all_images_captioning/sidomulyo20.jpg,sidomulyo
sidomulyo21.jpg,/mnt/extended-home/dzakaaufa/dataset/all_images_captioning/sidomulyo21.jpg,sidomulyo
sidomulyo22.jpg,/mnt/extended-home/dzakaaufa/dataset/all_images_captioning/sidomulyo22.jpg,sidomulyo
sidomulyo23.jpg,/mnt/extended-home/dzakaaufa/dataset/all_images_captioning/sidomulyo23.jpg,sidomulyo
sidomulyo24.jpg,/mnt/extended-home/dzakaaufa/dataset/all_images_captioning/sidomulyo24.jpg,sidomulyo
sidomulyo25.jpg,/mnt/extended-home/dzakaaufa/dataset/all_images_captioning/sidomulyo25.jpg,sidomulyo
sidomulyo26.jpg,/mnt/extended-home/dzakaaufa/dataset/all_images_captioning/sidomulyo26.jpg,sidomulyo
sidomulyo27.jpg,/mnt/extended-home/dzakaaufa/dataset/all_images_captioning/sidomulyo27.jpg,sidomulyo
sidomulyo28.jpg,/mnt/extended-home/dzakaaufa/dataset/all_images_captioning/sidomulyo28.jpg,sidomulyo
sidomulyo29.jpg,/mnt/extended-home/dzakaaufa/dataset/all_images_captioning/sidomulyo29.jpg,sidomulyo
sidomulyo3.jpg,/mnt/extended-home/dzakaaufa/dataset/all_images_captioning/sidomulyo3.jpg,sidomulyo
sidomulyo30.jpg,/mnt/extended-home/dzakaaufa/dataset/all_images_captioning/sidomulyo30.jpg,sidomulyo
sidomulyo31.jpg,/mnt/extended-home/dzakaaufa/dataset/all_images_captioning/sidomulyo31.jpg,sidomulyo
sidomulyo32.jpg,/mnt/extended-home/dzakaaufa/dataset/all_images_captioning/sidomulyo32.jpg,sidomulyo
sidomulyo33.jpg,/mnt/extended-home/dzakaaufa/dataset/all_images_captioning/sidomulyo33.jpg,sidomulyo
sidomulyo34.jpg,/mnt/extended-home/dzakaaufa/dataset/all_images_captioning/sidomulyo34.jpg,sidomulyo
sidomulyo35.jpg,/mnt/extended-home/dzakaaufa/dataset/all_images_captioning/sidomulyo35.jpg,sidomulyo
sidomulyo36.jpg,/mnt/extended-home/dzakaaufa/dataset/all_images_captioning/sidomulyo36.jpg,sidomulyo
sidomulyo37.jpg,/mnt/extended-home/dzakaaufa/dataset/all_images_captioning/sidomulyo37.jpg,sidomulyo
sidomulyo38.jpg,/mnt/extended-home/dzakaaufa/dataset/all_images_captioning/sidomulyo38.jpg,sidomulyo
sidomulyo39.jpg,/mnt/extended-home/dzakaaufa/dataset/all_images_captioning/sidomulyo39.jpg,sidomulyo
sidomulyo4.jpg,/mnt/extended-home/dzakaaufa/dataset/all_images_captioning/sidomulyo4.jpg,sidomulyo
sidomulyo40.jpg,/mnt/extended-home/dzakaaufa/dataset/all_images_captioning/sidomulyo40.jpg,sidomulyo
sidomulyo41.jpg,/mnt/extended-home/dzakaaufa/dataset/all_images_captioning/sidomulyo41.jpg,sidomulyo
sidomulyo42.jpg,/mnt/extended-home/dzakaaufa/dataset/all_images_captioning/sidomulyo42.jpg,sidomulyo
sidomulyo43.jpg,/mnt/extended-home/dzakaaufa/dataset/all_images_captioning/sidomulyo43.jpg,sidomulyo
sidomulyo44.jpg,/mnt/extended-home/dzakaaufa/dataset/all_images_captioning/sidomulyo44.jpg,sidomulyo
sidomulyo45.jpg,/mnt/extended-home/dzakaaufa/dataset/all_images_captioning/sidomulyo45.jpg,sidomulyo
sidomulyo46.jpg,/mnt/extended-home/dzakaaufa/dataset/all_images_captioning/sidomulyo46.jpg,sidomulyo
sidomulyo47.jpg,/mnt/extended-home/dzakaaufa/dataset/all_images_captioning/sidomulyo47.jpg,sidomulyo
sidomulyo48.jpg,/mnt/extended-home/dzakaaufa/dataset/all_images_captioning/sidomulyo48.jpg,sidomulyo
sidomulyo49.jpg,/mnt/extended-home/dzakaaufa/dataset/all_images_captioning/sidomulyo49.jpg,sidomulyo
sidomulyo5.jpg,/mnt/extended-home/dzakaaufa/dataset/all_images_captioning/sidomulyo5.jpg,sidomulyo
sidomulyo50.jpg,/mnt/extended-home/dzakaaufa/dataset/all_images_captioning/sidomulyo50.jpg,sidomulyo
sidomulyo51.jpg,/mnt/extended-home/dzakaaufa/dataset/all_images_captioning/sidomulyo51.jpg,sidomulyo
sidomulyo52.jpg,/mnt/extended-home/dzakaaufa/dataset/all_images_captioning/sidomulyo52.jpg,sidomulyo
sidomulyo53.jpg,/mnt/extended-home/dzakaaufa/dataset/all_images_captioning/sidomulyo53.jpg,sidomulyo
sidomulyo54.jpg,/mnt/extended-home/dzakaaufa/dataset/all_images_captioning/sidomulyo54.jpg,sidomulyo
sidomulyo55.jpg,/mnt/extended-home/dzakaaufa/dataset/all_images_captioning/sidomulyo55.jpg,sidomulyo
sidomulyo56.jpg,/mnt/extended-home/dzakaaufa/dataset/all_images_captioning/sidomulyo56.jpg,sidomulyo
sidomulyo57.jpg,/mnt/extended-home/dzakaaufa/dataset/all_images_captioning/sidomulyo57.jpg,sidomulyo
sidomulyo58.jpg,/mnt/extended-home/dzakaaufa/dataset/all_images_captioning/sidomulyo58.jpg,sidomulyo
sidomulyo59.jpg,/mnt/extended-home/dzakaaufa/dataset/all_images_captioning/sidomulyo59.jpg,sidomulyo
sidomulyo6.jpg,/mnt/extended-home/dzakaaufa/dataset/all_images_captioning/sidomulyo6.jpg,sidomulyo
sidomulyo60.jpg,/mnt/extended-home/dzakaaufa/dataset/all_images_captioning/sidomulyo60.jpg,sidomulyo
sidomulyo61.jpg,/mnt/extended-home/dzakaaufa/dataset/all_images_captioning/sidomulyo61.jpg,sidomulyo
sidomulyo62.jpg,/mnt/extended-home/dzakaaufa/dataset/all_images_captioning/sidomulyo62.jpg,sidomulyo
sidomulyo63.jpg,/mnt/extended-home/dzakaaufa/dataset/all_images_captioning/sidomulyo63.jpg,sidomulyo
sidomulyo64.jpg,/mnt/extended-home/dzakaaufa/dataset/all_images_captioning/sidomulyo64.jpg,sidomulyo
sidomulyo65.jpg,/mnt/extended-home/dzakaaufa/dataset/all_images_captioning/sidomulyo65.jpg,sidomulyo
sidomulyo66.jpg,/mnt/extended-home/dzakaaufa/dataset/all_images_captioning/sidomulyo66.jpg,sidomulyo
sidomulyo67.jpg,/mnt/extended-home/dzakaaufa/dataset/all_images_captioning/sidomulyo67.jpg,sidomulyo
sidomulyo68.jpg,/mnt/extended-home/dzakaaufa/dataset/all_images_captioning/sidomulyo68.jpg,sidomulyo
sidomulyo69.jpg,/mnt/extended-home/dzakaaufa/dataset/all_images_captioning/sidomulyo69.jpg,sidomulyo
sidomulyo7.jpg,/mnt/extended-home/dzakaaufa/dataset/all_images_captioning/sidomulyo7.jpg,sidomulyo
sidomulyo70.jpg,/mnt/extended-home/dzakaaufa/dataset/all_images_captioning/sidomulyo70.jpg,sidomulyo
sidomulyo71.jpg,/mnt/extended-home/dzakaaufa/dataset/all_images_captioning/sidomulyo71.jpg,sidomulyo
sidomulyo72.jpg,/mnt/extended-home/dzakaaufa/dataset/all_images_captioning/sidomulyo72.jpg,sidomulyo
sidomulyo73.jpg,/mnt/extended-home/dzakaaufa/dataset/all_images_captioning/sidomulyo73.jpg,sidomulyo
sidomulyo74.jpg,/mnt/extended-home/dzakaaufa/dataset/all_images_captioning/sidomulyo74.jpg,sidomulyo
sidomulyo75.jpg,/mnt/extended-home/dzakaaufa/dataset/all_images_captioning/sidomulyo75.jpg,sidomulyo
sidomulyo76.jpg,/mnt/extended-home/dzakaaufa/dataset/all_images_captioning/sidomulyo76.jpg,sidomulyo
sidomulyo77.jpg,/mnt/extended-home/dzakaaufa/dataset/all_images_captioning/sidomulyo77.jpg,sidomulyo
sidomulyo78.jpg,/mnt/extended-home/dzakaaufa/dataset/all_images_captioning/sidomulyo78.jpg,sidomulyo
sidomulyo79.jpg,/mnt/extended-home/dzakaaufa/dataset/all_images_captioning/sidomulyo79.jpg,sidomulyo
sidomulyo8.jpg,/mnt/extended-home/dzakaaufa/dataset/all_images_captioning/sidomulyo8.jpg,sidomulyo
sidomulyo80.jpg,/mnt/extended-home/dzakaaufa/dataset/all_images_captioning/sidomulyo80.jpg,sidomulyo
sidomulyo81.jpg,/mnt/extended-home/dzakaaufa/dataset/all_images_captioning/sidomulyo81.jpg,sidomulyo
sidomulyo82.jpg,/mnt/extended-home/dzakaaufa/dataset/all_images_captioning/sidomulyo82.jpg,sidomulyo
sidomulyo83.jpg,/mnt/extended-home/dzakaaufa/dataset/all_images_captioning/sidomulyo83.jpg,sidomulyo
sidomulyo84.jpg,/mnt/extended-home/dzakaaufa/dataset/all_images_captioning/sidomulyo84.jpg,sidomulyo
sidomulyo85.jpg,/mnt/extended-home/dzakaaufa/dataset/all_images_captioning/sidomulyo85.jpg,sidomulyo
sidomulyo86.jpg,/mnt/extended-home/dzakaaufa/dataset/all_images_captioning/sidomulyo86.jpg,sidomulyo
sidomulyo87.jpg,/mnt/extended-home/dzakaaufa/dataset/all_images_captioning/sidomulyo87.jpg,sidomulyo
sidomulyo88.jpg,/mnt/extended-home/dzakaaufa/dataset/all_images_captioning/sidomulyo88.jpg,sidomulyo
sidomulyo89.jpg,/mnt/extended-home/dzakaaufa/dataset/all_images_captioning/sidomulyo89.jpg,sidomulyo
sidomulyo9.jpg,/mnt/extended-home/dzakaaufa/dataset/all_images_captioning/sidomulyo9.jpg,sidomulyo
sidomulyo90.jpg,/mnt/extended-home/dzakaaufa/dataset/all_images_captioning/sidomulyo90.jpg,sidomulyo
sidomulyo91.jpg,/mnt/extended-home/dzakaaufa/dataset/all_images_captioning/sidomulyo91.jpg,sidomulyo
sidomulyo92.jpg,/mnt/extended-home/dzakaaufa/dataset/all_images_captioning/sidomulyo92.jpg,sidomulyo
sidomulyo93.jpg,/mnt/extended-home/dzakaaufa/dataset/all_images_captioning/sidomulyo93.jpg,sidomulyo
sidomulyo94.jpg,/mnt/extended-home/dzakaaufa/dataset/all_images_captioning/sidomulyo94.jpg,sidomulyo
sidomulyo95.jpg,/mnt/extended-home/dzakaaufa/dataset/all_images_captioning/sidomulyo95.jpg,sidomulyo
sidomulyo96.jpg,/mnt/extended-home/dzakaaufa/dataset/all_images_captioning/sidomulyo96.jpg,sidomulyo
sidomulyo97.jpg,/mnt/extended-home/dzakaaufa/dataset/all_images_captioning/sidomulyo97.jpg,sidomulyo
sidomulyo98.jpg,/mnt/extended-home/dzakaaufa/dataset/all_images_captioning/sidomulyo98.jpg,sidomulyo
sidomulyo99.jpg,/mnt/extended-home/dzakaaufa/dataset/all_images_captioning/sidomulyo99.jpg,sidomulyo
