CODE,CLASS,NAME,THEME,COLOR,TECHNIQUE,FABRIC,DYE,SHAPE,HISTORY,CAPTION_ID,CAPTION_EN,Image_Path
Data 1 Batik Baronggung (Gayatri Putri),Tulungagung,Gayatri Putri,CULTURE (Candi Gayatri) // FLORA (Tanaman hayat),"Hijau muda, hijau tua",Cap dan Tulis,Primisima,Sintetis,Geometris,"Terinspirasi dari keagungan sejarah dengan motif tanaman hayat, melambangkan kehidupan dan kebijaksanaan. Ornamen candi yang megah berpadu dengan sulur-sulur tumbuhan, mencerminkan spiritualitas, keluhuran, serta keharmonisan alam dan budaya Tulungagung","Gayatri Putri merupakan mahakarya kelas Batik Tulungagung dengan tata letak geometris. Warna yang digunakan adalah hijau muda dan hijau tua, membentuk motif utama candi gayatri dan tanaman hayat. Dibuat dengan teknik cap dan tulis menggunakan pewarna sintetis pada kain Primisima. Secara filosofis, Terinspirasi dari keagungan sejarah dengan motif tanaman hayat, melambangkan kehidupan dan kebijaksanaan. Ornamen candi yang megah berpadu dengan sulur-sulur tumbuhan, mencerminkan spiritualitas, keluhuran, serta keharmonisan alam dan budaya Tulungagung","The batik fabric features the Tulungagung motif, characterized by light green, dark green motifs. The dominant motifs include gayatri temple and living plants. The motifs are arranged in a geometric pattern across the fabric, creating a harmonious and balanced composition.",/mnt/extended-home/dzakaaufa/dataset/all_images_captioning/Data 1 Batik Baronggung (Gayatri Putri).jpg
Data 2 Batik Baronggung (Jahewono),Tulungagung,Jahewono,FLORA (Tanaman Jahe),"Merah, hitam",Handprinting,Primisima,Sintetis,Non-geometris,"Terinspirasi dari kesegaran pemandian alami yang dikelilingi tanaman jahe. Motif daun jahe melambangkan kesucian, kesehatan, dan ketentraman","Jahewono merupakan mahakarya kelas Batik Tulungagung dengan tata letak non-geometris. Warna yang digunakan adalah merah dan hitam, membentuk motif utama tanaman jahe. Dibuat dengan teknik cetak manual (handprinting) menggunakan pewarna sintetis pada kain Primisima. Secara filosofis, Terinspirasi dari kesegaran pemandian alami yang dikelilingi tanaman jahe. Motif daun jahe melambangkan kesucian, kesehatan, dan ketentraman","The batik fabric features the Tulungagung motif, characterized by red, black motifs. The dominant motifs include ginger plant. The motifs are arranged in a non-geometric pattern across the fabric, creating a harmonious and balanced composition.",/mnt/extended-home/dzakaaufa/dataset/all_images_captioning/Data 2 Batik Baronggung (Jahewono).jpg
Data 3 Batik Baronggung (Ombak Segoro),Tulungagung,Ombak Segoro,NATURE (Laut),"Merah, hitam",Handprinting,Primisima,Sintetis,Non-geometris,"Menggambarkan keindahan deretan pantai dengan motif ombak yang dinamis. Pola bergelombang mencerminkan kekuatan dan ketenangan laut, kehidupan pesisir yang penuh kearifan.","Ombak Segoro merupakan mahakarya kelas Batik Tulungagung dengan tata letak non-geometris. Warna yang digunakan adalah merah dan hitam, membentuk motif utama laut. Dibuat dengan teknik cetak manual (handprinting) menggunakan pewarna sintetis pada kain Primisima. Secara filosofis, Menggambarkan keindahan deretan pantai dengan motif ombak yang dinamis. Pola bergelombang mencerminkan kekuatan dan ketenangan laut, kehidupan pesisir yang penuh kearifan.","The batik fabric features the Tulungagung motif, characterized by red, black motifs. The dominant motifs include sea. The motifs are arranged in a non-geometric pattern across the fabric, creating a harmonious and balanced composition.",/mnt/extended-home/dzakaaufa/dataset/all_images_captioning/Data 3 Batik Baronggung (Ombak Segoro).jpg
Data 4 Batik Baronggung (Terumbu Karang),Tulungagung,Terumbu Karang,FAUNA (Terumbu karang),"Biru, hitam",Handprinting,Primisima,Sintetis,Non-geometris,Keindahan pantai dengan motif terumbu karang yang cantik dan beragam. Pola unik melambangkan kekayaan bahari dan keseimbangan ekosistem.,"Terumbu Karang merupakan mahakarya kelas Batik Tulungagung dengan tata letak non-geometris. Warna yang digunakan adalah biru dan hitam, membentuk motif utama terumbu karang. Dibuat dengan teknik cetak manual (handprinting) menggunakan pewarna sintetis pada kain Primisima. Secara filosofis, Keindahan pantai dengan motif terumbu karang yang cantik dan beragam. Pola unik melambangkan kekayaan bahari dan keseimbangan ekosistem.","The batik fabric features the Tulungagung motif, characterized by blue, black motifs. The dominant motifs include coral reefs. The motifs are arranged in a non-geometric pattern across the fabric, creating a harmonious and balanced composition.",/mnt/extended-home/dzakaaufa/dataset/all_images_captioning/Data 4 Batik Baronggung (Terumbu Karang).jpg
Data 5 Batik Baronggung (Bunga Nirwana 1),Tulungagung,Bunga Nirwana 1,FLORA ( Bunga anggrek),"Hijau, merah",Handprinting,Primisima,Sintetis,Non-geometris,"Keindahan bunga bermekaran yang terinspirasi dari perjalanan seorang pembatik ke taman penuh warna. Motif bunga yang anggun melambangkan kebahagiaan, keceriaan, dan harapan, menciptakan harmoni antara alam","Bunga Nirwana 1 merupakan mahakarya kelas Batik Tulungagung dengan tata letak non-geometris. Warna yang digunakan adalah hijau dan merah, membentuk motif utama bunga anggrek. Dibuat dengan teknik cetak manual (handprinting) menggunakan pewarna sintetis pada kain Primisima. Secara filosofis, Keindahan bunga bermekaran yang terinspirasi dari perjalanan seorang pembatik ke taman penuh warna. Motif bunga yang anggun melambangkan kebahagiaan, keceriaan, dan harapan, menciptakan harmoni antara alam","The batik fabric features the Tulungagung motif, characterized by green, red motifs. The dominant motifs include orchid flower. The motifs are arranged in a non-geometric pattern across the fabric, creating a harmonious and balanced composition.",/mnt/extended-home/dzakaaufa/dataset/all_images_captioning/Data 5 Batik Baronggung (Bunga Nirwana 1).jpg
Data 6 Batik Baronggung (Bunga Nirwana 2),Tulungagung,Bunga Nirwana 2,FLORA ( Bunga anggrek),"Biru, Merah",Handprinting,Primisima,Sintetis,Non-geometris,"Keindahan bunga bermekaran yang terinspirasi dari perjalanan seorang pembatik ke taman penuh warna. Motif bunga yang anggun melambangkan kebahagiaan, keceriaan, dan harapan, menciptakan harmoni antara alam","Bunga Nirwana 2 merupakan mahakarya kelas Batik Tulungagung dengan tata letak non-geometris. Warna yang digunakan adalah biru dan merah, membentuk motif utama bunga anggrek. Dibuat dengan teknik cetak manual (handprinting) menggunakan pewarna sintetis pada kain Primisima. Secara filosofis, Keindahan bunga bermekaran yang terinspirasi dari perjalanan seorang pembatik ke taman penuh warna. Motif bunga yang anggun melambangkan kebahagiaan, keceriaan, dan harapan, menciptakan harmoni antara alam","The batik fabric features the Tulungagung motif, characterized by blue, red motifs. The dominant motifs include orchid flower. The motifs are arranged in a non-geometric pattern across the fabric, creating a harmonious and balanced composition.",/mnt/extended-home/dzakaaufa/dataset/all_images_captioning/Data 6 Batik Baronggung (Bunga Nirwana 2).jpg
Data 7 Batik Baronggung (Tiga Negeri),Tulungagung,Tiga Negeri,"FLORA (Tanaman padi, jahe) // CULTURE(Motif sidomukti)","Canary, hijau emerald",Cap,Primisima,Sintetis,Geometris,"Memadukan keunikan cap dengan motif Sidomukti yang melambangkan kemakmuran, Jahewono sebagai simbol kesuburan, dan Pari Sakuri yang mencerminkan kesejahteraan. Perpaduan harmonis ini menciptakan keindahan batik yang sarat makna budaya dan kearifan lokal.","Tiga Negeri merupakan mahakarya kelas Batik Tulungagung dengan tata letak geometris. Warna yang digunakan adalah canary dan hijau emerald, membentuk motif utama tanaman padi, jahe dan otif sidomukti. Dibuat dengan teknik cap menggunakan pewarna sintetis pada kain Primisima. Secara filosofis, Memadukan keunikan cap dengan motif Sidomukti yang melambangkan kemakmuran, Jahewono sebagai simbol kesuburan, dan Pari Sakuri yang mencerminkan kesejahteraan. Perpaduan harmonis ini menciptakan keindahan batik yang sarat makna budaya dan kearifan lokal.","The batik fabric features the Tulungagung motif, characterized by canaries, emerald green motifs. The dominant motifs include rice plants, ginger and otif sidomukti. The motifs are arranged in a geometric pattern across the fabric, creating a harmonious and balanced composition.",/mnt/extended-home/dzakaaufa/dataset/all_images_captioning/Data 7 Batik Baronggung (Tiga Negeri).jpg
Data 8 Batik Baronggung (Anggrek Argo Wilis),Tulungagung,Anggrek Argo Wilis,FLORA ( Bunga anggrek),"Hijau tua, hijau muda",Cap,Primisima,Sintetis,Geometris,"menggambarkan kejayaan masa lalu saat pantai di era Belanda dan Argo Wilis menjadi pusat berkembangnya anggrek. Motif anggrek yang elegan melambangkan keindahan, ketahanan, dan warisan alam yang terus lestari.","Anggrek Argo Wilis merupakan mahakarya kelas Batik Tulungagung dengan tata letak geometris. Warna yang digunakan adalah hijau tua dan hijau muda, membentuk motif utama bunga anggrek. Dibuat dengan teknik cap menggunakan pewarna sintetis pada kain Primisima. Secara filosofis, menggambarkan kejayaan masa lalu saat pantai di era Belanda dan Argo Wilis menjadi pusat berkembangnya anggrek. Motif anggrek yang elegan melambangkan keindahan, ketahanan, dan warisan alam yang terus lestari.","The batik fabric features the Tulungagung motif, characterized by dark green, light green motifs. The dominant motifs include orchid flower. The motifs are arranged in a geometric pattern across the fabric, creating a harmonious and balanced composition.",/mnt/extended-home/dzakaaufa/dataset/all_images_captioning/Data 8 Batik Baronggung (Anggrek Argo Wilis).jpg
Data 9 Batik Baronggung (Cumi-Cumi),Tulungagung,Cumi-cumi,FAUNA (Cumi-cumi),"Coklat, kuning",Cap,Primisima,Sintetis,Non-geometris,Terinspirasi dari kekayaan laut Kota Tulungagung . Dengan menampilan cumi-cumi sebagai motif utama didalamnya.,"Cumi-cumi merupakan mahakarya kelas Batik Tulungagung dengan tata letak non-geometris. Warna yang digunakan adalah coklat dan kuning, membentuk motif utama cumi-cumi. Dibuat dengan teknik cap menggunakan pewarna sintetis pada kain Primisima. Secara filosofis, Terinspirasi dari kekayaan laut Kota Tulungagung . Dengan menampilan cumi-cumi sebagai motif utama didalamnya.","The batik fabric features the Tulungagung motif, characterized by chocolate, yellow motifs. The dominant motifs include squid. The motifs are arranged in a non-geometric pattern across the fabric, creating a harmonious and balanced composition.",/mnt/extended-home/dzakaaufa/dataset/all_images_captioning/Data 9 Batik Baronggung (Cumi-Cumi).jpg
Data 10 Batik Baronggung (Sisik Ikan),Tulungagung,Sisik Ikan,FAUNA (Ikan mas koki) // CULTURE(Motif parang),"Brich red, coklat muda",Cap dan Tulis,Primisima,Sintetis,Geometris,"Tulungagung sebagai penghasil ikan mas kok tertinggi di Jawa Timur. Melambangkan kesuburan, kemakmuran dan keberuntungan","Sisik Ikan merupakan mahakarya kelas Batik Tulungagung dengan tata letak geometris. Warna yang digunakan adalah brich red dan coklat muda, membentuk motif utama ikan mas koki dan otif parang. Dibuat dengan teknik cap dan tulis menggunakan pewarna sintetis pada kain Primisima. Secara filosofis, Tulungagung sebagai penghasil ikan mas kok tertinggi di Jawa Timur. Melambangkan kesuburan, kemakmuran dan keberuntungan","The batik fabric features the Tulungagung motif, characterized by brich red, light brown motifs. The dominant motifs include goldfish and machete otif. The motifs are arranged in a geometric pattern across the fabric, creating a harmonious and balanced composition.",/mnt/extended-home/dzakaaufa/dataset/all_images_captioning/Data 10 Batik Baronggung (Sisik Ikan).jpg
Data 11 Batik Baronggung (Rumput Laut),Tulungagung,Rumput Laut,NATURE (Laut) // FLORA (Rumput laut),"Brick Red, coklat",Cap dan Tulis,Primisima,Sintetis,Non-geometris,Menghadirkan keindahan laut dengan motif ombak dan rumput laut yang melambangkan kesejahteraan dan keberlanjutan. Pola organik menggambarkan kearifan masyarakat pesisir dalam menjaga ekosistem bahari.,"Rumput Laut merupakan mahakarya kelas Batik Tulungagung dengan tata letak non-geometris. Warna yang digunakan adalah brick red dan coklat, membentuk motif utama laut dan rumput laut. Dibuat dengan teknik cap dan tulis menggunakan pewarna sintetis pada kain Primisima. Secara filosofis, Menghadirkan keindahan laut dengan motif ombak dan rumput laut yang melambangkan kesejahteraan dan keberlanjutan. Pola organik menggambarkan kearifan masyarakat pesisir dalam menjaga ekosistem bahari.","The batik fabric features the Tulungagung motif, characterized by brick red, chocolate motifs. The dominant motifs include sea and seaweed. The motifs are arranged in a non-geometric pattern across the fabric, creating a harmonious and balanced composition.",/mnt/extended-home/dzakaaufa/dataset/all_images_captioning/Data 11 Batik Baronggung (Rumput Laut).jpg
Data 1 Batik Tiepuk Trenggalek (Turonggo Yakso),Trenggalek,Turonggoyakso,"Kebudayaan (Tari Turonggoyakso) // Flora (Tanaman cengkeh, melati, mawar)","Hitam, coklat",Tulis,Katun,Alam,Non-geometris,"Batik Turonggoyakso Trenggalek menggambarkan keanggunan dan kegagahan tari Turonggoyakso, dengan motif tari turonggoyakso dan gerakan dinamis. Perpaduan warna kontras mencerminkan semangat, keberanian, serta warisan budaya yang kaya dari Trenggalek","Turonggoyakso merupakan mahakarya kelas Batik Trenggalek dengan tata letak non-geometris. Warna yang digunakan adalah hitam dan coklat, membentuk motif utama kebudayaan tari turonggoyakso dan flora tanaman cengkeh, melati, mawar. Dibuat dengan teknik tulis menggunakan pewarna alam pada kain Katun. Secara filosofis, Batik Turonggoyakso Trenggalek menggambarkan keanggunan dan kegagahan tari Turonggoyakso, dengan motif tari turonggoyakso dan gerakan dinamis. Perpaduan warna kontras mencerminkan semangat, keberanian, serta warisan budaya yang kaya dari Trenggalek","The batik fabric features the Trenggalek motif, characterized by black, chocolate motifs. The dominant motifs include turonggoyakso dance culture and flora of cloves, jasmine, roses. The motifs are arranged in a non-geometric pattern across the fabric, creating a harmonious and balanced composition.",/mnt/extended-home/dzakaaufa/dataset/all_images_captioning/Data 1 Batik Tiepuk Trenggalek (Turonggo Yakso).jpg
Data 2 Batik Tiepuk Trenggalek (Manggis Pecah),Trenggalek,Manggis Pecah,"Flora ( Buah manggis, truntum, cengkeh) // Kebudayaan (motif kawung)","Purple,Eggplant",Tulis,Katun,Sintetis,Non-geometris,"Menampilkan motif buah manggis, bunga dan daunnya yang rimbun, mencerminkan kesuburan dan kekayaan alam. Warna Purple melambangkan musim panen yang melimpah dan kearifan lokal masyarakat Trenggalek.","Manggis Pecah merupakan mahakarya kelas Batik Trenggalek dengan tata letak non-geometris. Warna yang digunakan adalah purple dan eggplant, membentuk motif utama flora  buah manggis, truntum, cengkeh dan kebudayaan motif kawung. Dibuat dengan teknik tulis menggunakan pewarna sintetis pada kain Katun. Secara filosofis, Menampilkan motif buah manggis, bunga dan daunnya yang rimbun, mencerminkan kesuburan dan kekayaan alam. Warna Purple melambangkan musim panen yang melimpah dan kearifan lokal masyarakat Trenggalek.","The batik fabric features the Trenggalek motif, characterized by purple, eggplant motifs. The dominant motifs include mangosteen fruit flora, truntum, cloves and kawung motif culture. The motifs are arranged in a non-geometric pattern across the fabric, creating a harmonious and balanced composition.",/mnt/extended-home/dzakaaufa/dataset/all_images_captioning/Data 2 Batik Tiepuk Trenggalek (Manggis Pecah).jpg
Data 3 Batik Tiepuk Malang (Gemah Ripah Jahe Cengkeh),Trenggalek,Gemah Ripah Jahe Cengkeh,"Flora (Tanaman jahe, cengkeh)","Orange, hitam",Cap,Katun,Sintetis,Non-geometris,"Menghadirkan keindahan alam dengan motif akar jahe yang kuat dan bunga cengkeh yang elegan. Perpaduan ini melambangkan ketahanan, kesejahteraan, serta kearifan lokal yang diwariskan dalam budaya batik Trenggalek.","Gemah Ripah Jahe Cengkeh merupakan mahakarya kelas Batik Trenggalek dengan tata letak non-geometris. Warna yang digunakan adalah orange dan hitam, membentuk motif utama flora tanaman jahe, cengkeh. Dibuat dengan teknik cap menggunakan pewarna sintetis pada kain Katun. Secara filosofis, Menghadirkan keindahan alam dengan motif akar jahe yang kuat dan bunga cengkeh yang elegan. Perpaduan ini melambangkan ketahanan, kesejahteraan, serta kearifan lokal yang diwariskan dalam budaya batik Trenggalek.","The batik fabric features the Trenggalek motif, characterized by orange, black motifs. The dominant motifs include flora of ginger plants, cloves. The motifs are arranged in a non-geometric pattern across the fabric, creating a harmonious and balanced composition.",/mnt/extended-home/dzakaaufa/dataset/all_images_captioning/Data 3 Batik Tiepuk Malang (Gemah Ripah Jahe Cengkeh).jpg
Data 4 Batik Tiepuk (Akar Cengkeh Turonggo Yakso),Trenggalek,Akar Cengkeh Turonggoyokso,Flora (Tanaman cengkeh) // Kebudayaan (Tari turonggoyokso),"Kuning, hijau",Cap,Katun,Sintetis,Non-geometris,"Terinspirasi dari akar tanaman yang kokoh, melambangkan kekuatan dan kelestarian kebudayaan Trenggalek. Motif yang saling terjalin mencerminkan keterikatan nilai-nilai leluhur, mengajarkan bahwa budaya yang kuat berakar pada tradisi yang dijaga dan diwariskan.","Akar Cengkeh Turonggoyokso merupakan mahakarya kelas Batik Trenggalek dengan tata letak non-geometris. Warna yang digunakan adalah kuning dan hijau, membentuk motif utama flora tanaman cengkeh dan kebudayaan tari turonggoyokso. Dibuat dengan teknik cap menggunakan pewarna sintetis pada kain Katun. Secara filosofis, Terinspirasi dari akar tanaman yang kokoh, melambangkan kekuatan dan kelestarian kebudayaan Trenggalek. Motif yang saling terjalin mencerminkan keterikatan nilai-nilai leluhur, mengajarkan bahwa budaya yang kuat berakar pada tradisi yang dijaga dan diwariskan.","The batik fabric features the Trenggalek motif, characterized by yellow, green motifs. The dominant motifs include clove plant flora and turonggoyokso dance culture. The motifs are arranged in a non-geometric pattern across the fabric, creating a harmonious and balanced composition.",/mnt/extended-home/dzakaaufa/dataset/all_images_captioning/Data 4 Batik Tiepuk (Akar Cengkeh Turonggo Yakso).jpg
Data 5 Batik Tiepuk (Kipas Cengkeh),Trenggalek,Kipas Cengkeh,Kebudayaan (motif kipas) // Flora (Cengkeh),"Moss green, hitam",Tulis,Katun,Alam,Non-geometris,"Menampilkan motif kipas yang anggun, melambangkan kesejukan dan ketenangan. Pola yang mengalun lembut mencerminkan harmoni serta keindahan dalam kehidupan","Kipas Cengkeh merupakan mahakarya kelas Batik Trenggalek dengan tata letak non-geometris. Warna yang digunakan adalah moss green dan hitam, membentuk motif utama kebudayaan motif kipas dan flora cengkeh. Dibuat dengan teknik tulis menggunakan pewarna alam pada kain Katun. Secara filosofis, Menampilkan motif kipas yang anggun, melambangkan kesejukan dan ketenangan. Pola yang mengalun lembut mencerminkan harmoni serta keindahan dalam kehidupan","The batik fabric features the Trenggalek motif, characterized by moss green, black motifs. The dominant motifs include fan motif culture and clove flora. The motifs are arranged in a non-geometric pattern across the fabric, creating a harmonious and balanced composition.",/mnt/extended-home/dzakaaufa/dataset/all_images_captioning/Data 5 Batik Tiepuk (Kipas Cengkeh).jpg
Data 6 Batik Tiepuk (Nyi Loro Klandon),Trenggalek,Nyi Loro Klandon,"Fauna (Gajah) // Kebudayaan (Motif manusia) // Flora (Melon, tembakau, truntum)","Hitam / Black, coklat terang / bright brown",Tulis,Katun,Sintetis,Non-geometris,"Batik Nyi Loro Klandon menggambarkan kisah pengkhianatan terhadap Minak Sopal melalui motif bunga yang yang anggun, sebagai simbol tipu daya, serta siluet sosok misterius. Pola dinamis mencerminkan ketegangan legenda, sementara warna kontras melambangkan ambisi, pengkhianatan, dan konsekuensi dari tindakan yang tidak setia.","Nyi Loro Klandon merupakan mahakarya kelas Batik Trenggalek dengan tata letak non-geometris. Warna yang digunakan adalah hitam dan coklat terang, membentuk motif utama fauna gajah, kebudayaan motif manusia dan flora melon, tembakau, truntum. Dibuat dengan teknik tulis menggunakan pewarna sintetis pada kain Katun. Secara filosofis, Batik Nyi Loro Klandon menggambarkan kisah pengkhianatan terhadap Minak Sopal melalui motif bunga yang yang anggun, sebagai simbol tipu daya, serta siluet sosok misterius. Pola dinamis mencerminkan ketegangan legenda, sementara warna kontras melambangkan ambisi, pengkhianatan, dan konsekuensi dari tindakan yang tidak setia.","The batik fabric features the Trenggalek motif, characterized by black, bright brown motifs. The dominant motifs include elephant fauna, culture of human motives and melon flora, tobacco, truntum. The motifs are arranged in a non-geometric pattern across the fabric, creating a harmonious and balanced composition.",/mnt/extended-home/dzakaaufa/dataset/all_images_captioning/Data 6 Batik Tiepuk (Nyi Loro Klandon).jpg
Data 7 Batik Tiepuk (Sulur Anggrek Cengkeh),Trenggalek,Sulur Anggrek Cengkeh,"Flora (Tanaman sulur, cengkeh, anggrek)","kuning emas, hitam",Tulis,Katun,Sintetis,Non-geometris,"Batik Anggrek menghadirkan motif anggrek yang elegan, melambangkan keteguhan dan kepercayaan diri. Pola kelopak yang mekar mencerminkan harapan dan ketulusan, sementara perpaduan warna lembut dan tegas menggambarkan keseimbangan antara keindahan","Sulur Anggrek Cengkeh merupakan mahakarya kelas Batik Trenggalek dengan tata letak non-geometris. Warna yang digunakan adalah kuning emas dan hitam, membentuk motif utama flora tanaman sulur, cengkeh, anggrek. Dibuat dengan teknik tulis menggunakan pewarna sintetis pada kain Katun. Secara filosofis, Batik Anggrek menghadirkan motif anggrek yang elegan, melambangkan keteguhan dan kepercayaan diri. Pola kelopak yang mekar mencerminkan harapan dan ketulusan, sementara perpaduan warna lembut dan tegas menggambarkan keseimbangan antara keindahan","The batik fabric features the Trenggalek motif, characterized by golden yellow, black motifs. The dominant motifs include flora of vines, cloves, orchids. The motifs are arranged in a non-geometric pattern across the fabric, creating a harmonious and balanced composition.",/mnt/extended-home/dzakaaufa/dataset/all_images_captioning/Data 7 Batik Tiepuk (Sulur Anggrek Cengkeh).jpg
Data 8 Batik Tiepuk (Kapur Sirih),Trenggalek,Kapur Sirih,Flora (Tanaman sirih kapur) // Kebudayaan (Tugu kebudayaan),"Merah tua, Kuning",Tulis,Katun,Sintetis,Non-geometris,"Mengusung kecantikan daun sirih sebagai latar belakang pembuatan motif, simbol keharmonisan dan kasih sayang","Kapur Sirih merupakan mahakarya kelas Batik Trenggalek dengan tata letak non-geometris. Warna yang digunakan adalah merah tua dan kuning, membentuk motif utama flora tanaman sirih kapur dan kebudayaan tugu kebudayaan. Dibuat dengan teknik tulis menggunakan pewarna sintetis pada kain Katun. Secara filosofis, Mengusung kecantikan daun sirih sebagai latar belakang pembuatan motif, simbol keharmonisan dan kasih sayang","The batik fabric features the Trenggalek motif, characterized by dark red, yellow motifs. The dominant motifs include lime betel plant flora and cultural monument culture. The motifs are arranged in a non-geometric pattern across the fabric, creating a harmonious and balanced composition.",/mnt/extended-home/dzakaaufa/dataset/all_images_captioning/Data 8 Batik Tiepuk (Kapur Sirih).jpg
Data 9 Batik Tiepuk (Semen Romo),Trenggalek,Semen Romo,Flora (Tanaman cengkeh) ,"Coklat susu, Merah jingga",Tulis,Katun,Alam,geometris,"Batik Sayap Klasik menghadirkan motif sayap yang elegan, melambangkan kebebasan, harapan, dan kejayaan. Pola simetris menciptakan kesan anggun dan megah, sementara sentuhan klasik mencerminkan warisan budaya yang abadi","Semen Romo merupakan mahakarya kelas Batik Trenggalek dengan tata letak geometris. Warna yang digunakan adalah coklat susu dan merah jingga, membentuk motif utama flora tanaman cengkeh. Dibuat dengan teknik tulis menggunakan pewarna alam pada kain Katun. Secara filosofis, Batik Sayap Klasik menghadirkan motif sayap yang elegan, melambangkan kebebasan, harapan, dan kejayaan. Pola simetris menciptakan kesan anggun dan megah, sementara sentuhan klasik mencerminkan warisan budaya yang abadi","The batik fabric features the Trenggalek motif, characterized by milk chocolate, orange red motifs. The dominant motifs include clove plant flora. The motifs are arranged in a geometric pattern across the fabric, creating a harmonious and balanced composition.",/mnt/extended-home/dzakaaufa/dataset/all_images_captioning/Data 9 Batik Tiepuk (Semen Romo).jpg
Data 10 Batik Tiepuk (Njunjung Derajat Gemah Ripah),Trenggalek,Njunjung Derajat Gemah Ripah,"Flora (Tanaman Empon-empon, cengkeh)","Merah, kuning",Tulis,Katun,Sintetis,Non-geometris,"Terisnpirasi dari jamu tradisional yang menggambarkan warisan budaya jamu melalui motif tanaman herbal seperti jahe, kunyit, dan daun sirih. Pola alami melambangkan kesehatan dan kearifan lokal","Njunjung Derajat Gemah Ripah merupakan mahakarya kelas Batik Trenggalek dengan tata letak non-geometris. Warna yang digunakan adalah merah dan kuning, membentuk motif utama flora tanaman empon-empon, cengkeh. Dibuat dengan teknik tulis menggunakan pewarna sintetis pada kain Katun. Secara filosofis, Terisnpirasi dari jamu tradisional yang menggambarkan warisan budaya jamu melalui motif tanaman herbal seperti jahe, kunyit, dan daun sirih. Pola alami melambangkan kesehatan dan kearifan lokal","The batik fabric features the Trenggalek motif, characterized by red, yellow motifs. The dominant motifs include empon-empon plant flora, cloves. The motifs are arranged in a non-geometric pattern across the fabric, creating a harmonious and balanced composition.",/mnt/extended-home/dzakaaufa/dataset/all_images_captioning/Data 10 Batik Tiepuk (Njunjung Derajat Gemah Ripah).jpg
Data 11 Batik Tiepuk (Turonggo Yakso Abstrak),Trenggalek,Turonggoyakso Abstrak,Flora (Tanaman cengkeh) // Makanan (...) // Kebudayaan (Tari turonggoyakso),"Hitam, coklat susu, biru",Tulis,Katun,Alam,Non-geometris,"Turonggoyakso Trenggalek menghadirkan keanggunan seni tari tradisional melalui motif. Mencerminkan kelembutan serta kekompakan, sementara perpaduan warna mencerminkan semangat dan keceriaan, menggambarkan keindahan budaya yang terus lestari","Turonggoyakso Abstrak merupakan mahakarya kelas Batik Trenggalek dengan tata letak non-geometris. Warna yang digunakan adalah hitam dan coklat susu dan biru, membentuk motif utama flora tanaman cengkeh, makanan ... dan kebudayaan tari turonggoyakso. Dibuat dengan teknik tulis menggunakan pewarna alam pada kain Katun. Secara filosofis, Turonggoyakso Trenggalek menghadirkan keanggunan seni tari tradisional melalui motif. Mencerminkan kelembutan serta kekompakan, sementara perpaduan warna mencerminkan semangat dan keceriaan, menggambarkan keindahan budaya yang terus lestari","The batik fabric features the Trenggalek motif, characterized by black, milk chocolate, blue motifs. The dominant motifs include clove plant flora, food ... and turonggoyakso dance culture. The motifs are arranged in a non-geometric pattern across the fabric, creating a harmonious and balanced composition.",/mnt/extended-home/dzakaaufa/dataset/all_images_captioning/Data 11 Batik Tiepuk (Turonggo Yakso Abstrak).jpg
Data 12 Batik Tiepuk (Ayam Bekisar),Trenggalek,Ayam Bekisar Sulur Cengkeh,"Fauna (Ayam bekisar) // Flora (Tanaman cengkeh, sulur)","Merah gelap/Deep red, Krem/cream, Golden yellow",Tulis,Katun,Alam,Non-geometris,"Terinspirasi dari ayam bekisar yang menggambarkan kekuatan dan kegigihan melalui motif ayam yang gagah sebagai simbol keberanian, serta sulur yang menjalar melambangkan semangat pantang menyerah. Perpaduan pola dinamis mencerminkan ketekunan dalam menghadapi tantangan","Ayam Bekisar Sulur Cengkeh merupakan mahakarya kelas Batik Trenggalek dengan tata letak non-geometris. Warna yang digunakan adalah merah gelap dan krem dan golden yellow, membentuk motif utama fauna ayam bekisar dan flora tanaman cengkeh, sulur. Dibuat dengan teknik tulis menggunakan pewarna alam pada kain Katun. Secara filosofis, Terinspirasi dari ayam bekisar yang menggambarkan kekuatan dan kegigihan melalui motif ayam yang gagah sebagai simbol keberanian, serta sulur yang menjalar melambangkan semangat pantang menyerah. Perpaduan pola dinamis mencerminkan ketekunan dalam menghadapi tantangan","The batik fabric features the Trenggalek motif, characterized by deep red, cream, golden yellow motifs. The dominant motifs include bekisar chicken fauna and clove plant flora, tendrils. The motifs are arranged in a non-geometric pattern across the fabric, creating a harmonious and balanced composition.",/mnt/extended-home/dzakaaufa/dataset/all_images_captioning/Data 12 Batik Tiepuk (Ayam Bekisar).jpg
Data 13 Batik Tiepuk (Larung Sembonyo),Trenggalek,Larung Sembonyo,Kebudayaan (Larungsaji) // Flora (Bunga...),"Biru tua, tosca",Tulis,Katun,Sintetis,Non-geometris,"Batik Sedekah Bumi Prigi menggambarkan ritual syukur masyarakat pesisir melalui motif ombak, perahu, dan hasil laut. Pola harmonis melambangkan kebersamaan dan doa untuk kesejahteraan, sementara warna warna biru hitam mencerminkan keseimbangan antara manusia, alam, dan tradisi yang lestari.","Larung Sembonyo merupakan mahakarya kelas Batik Trenggalek dengan tata letak non-geometris. Warna yang digunakan adalah biru tua dan tosca, membentuk motif utama kebudayaan larungsaji dan flora bunga.... Dibuat dengan teknik tulis menggunakan pewarna sintetis pada kain Katun. Secara filosofis, Batik Sedekah Bumi Prigi menggambarkan ritual syukur masyarakat pesisir melalui motif ombak, perahu, dan hasil laut. Pola harmonis melambangkan kebersamaan dan doa untuk kesejahteraan, sementara warna warna biru hitam mencerminkan keseimbangan antara manusia, alam, dan tradisi yang lestari.","The batik fabric features the Trenggalek motif, characterized by dark blue, turquoise motifs. The dominant motifs include larungsaji culture and floral flora.... The motifs are arranged in a non-geometric pattern across the fabric, creating a harmonious and balanced composition.",/mnt/extended-home/dzakaaufa/dataset/all_images_captioning/Data 13 Batik Tiepuk (Larung Sembonyo).jpg
Data 14 Batik Tiepuk (Mutiara Cengkeh),Trenggalek,Mutiara Cengkeh,Flora (Tanaman cengkeh) // Fauna (Mutiara),"Oren, hitam",Cap,Katun,Sintetis,Non-geometris,"Batik Mutiara Cengkeh Trenggalek menghadirkan motif bunga dan biji cengkeh yang melambangkan nilai tinggi dalam kehidupan. Pola elegan mencerminkan kemakmuran dan kejayaan, sementara perpaduan warna hangat menggambarkan kekayaan alam serta warisan budaya yang bernilai","Mutiara Cengkeh merupakan mahakarya kelas Batik Trenggalek dengan tata letak non-geometris. Warna yang digunakan adalah oren dan hitam, membentuk motif utama flora tanaman cengkeh dan fauna mutiara. Dibuat dengan teknik cap menggunakan pewarna sintetis pada kain Katun. Secara filosofis, Batik Mutiara Cengkeh Trenggalek menghadirkan motif bunga dan biji cengkeh yang melambangkan nilai tinggi dalam kehidupan. Pola elegan mencerminkan kemakmuran dan kejayaan, sementara perpaduan warna hangat menggambarkan kekayaan alam serta warisan budaya yang bernilai","The batik fabric features the Trenggalek motif, characterized by orange, black motifs. The dominant motifs include clove plant flora and pearl fauna. The motifs are arranged in a non-geometric pattern across the fabric, creating a harmonious and balanced composition.",/mnt/extended-home/dzakaaufa/dataset/all_images_captioning/Data 14 Batik Tiepuk (Mutiara Cengkeh).jpg
Data 15 Batik Tiepuk (Kripik Tempe),Trenggalek,Kripik Tempe,Makanan (Kripik tempe) // Flora (Tanaman truntum) // Kebudayaan (Motif parang),"Hijau, kuning",Cap,Katun,Sintetis,Non-geometris,"Batik Kripik Tempe Trenggalek menghadirkan motif butiran kedelai dan pola renyah yang terinspirasi dari makanan khas daerah. Desain unik ini melambangkan kreativitas, ketekunan, dan kearifan lokal kota Trenggalek","Kripik Tempe merupakan mahakarya kelas Batik Trenggalek dengan tata letak non-geometris. Warna yang digunakan adalah hijau dan kuning, membentuk motif utama makanan kripik tempe, flora tanaman truntum dan kebudayaan motif parang. Dibuat dengan teknik cap menggunakan pewarna sintetis pada kain Katun. Secara filosofis, Batik Kripik Tempe Trenggalek menghadirkan motif butiran kedelai dan pola renyah yang terinspirasi dari makanan khas daerah. Desain unik ini melambangkan kreativitas, ketekunan, dan kearifan lokal kota Trenggalek","The batik fabric features the Trenggalek motif, characterized by green, yellow motifs. The dominant motifs include tempeh chips food, truntum plant flora and machete motif culture. The motifs are arranged in a non-geometric pattern across the fabric, creating a harmonious and balanced composition.",/mnt/extended-home/dzakaaufa/dataset/all_images_captioning/Data 15 Batik Tiepuk (Kripik Tempe).jpg
Data 16 Batik Tiepuk (Sidoluhur Bledhak),Trenggalek,Sidoluhur Bledhak,Kebudayaan (Sayap garuda),"Coklat, oren kecoklatan",Tulis,Katun,Alam,Geometris,"Motif sidoluhur bledhak terinspirasi dari nilai spiritual melambangkan perjalanan menuju kehidupan penuh kesucian. Pola harmonis mencerminkan ketulusan dan kebijaksanaan, sementara warna lembut menggambarkan harapan untuk keseimbangan, kedamaian, dan makna hidup yang luhur.","Sidoluhur Bledhak merupakan mahakarya kelas Batik Trenggalek dengan tata letak geometris. Warna yang digunakan adalah coklat dan oren kecoklatan, membentuk motif utama kebudayaan sayap garuda. Dibuat dengan teknik tulis menggunakan pewarna alam pada kain Katun. Secara filosofis, Motif sidoluhur bledhak terinspirasi dari nilai spiritual melambangkan perjalanan menuju kehidupan penuh kesucian. Pola harmonis mencerminkan ketulusan dan kebijaksanaan, sementara warna lembut menggambarkan harapan untuk keseimbangan, kedamaian, dan makna hidup yang luhur.","The batik fabric features the Trenggalek motif, characterized by chocolate, brownish orange motifs. The dominant motifs include garuda wings culture. The motifs are arranged in a geometric pattern across the fabric, creating a harmonious and balanced composition.",/mnt/extended-home/dzakaaufa/dataset/all_images_captioning/Data 16 Batik Tiepuk (Sidoluhur Bledhak).jpg
Data 17 Batik Tiepuk (Sisik Ikan Prigi),Trenggalek,Sisik Ikan Prigi,Flora (Bunga teratai) // Fauna (Ikan prigi),"Hitam, oren",Cap,Katun,Alam,Non-geometris,"Menghadirkan motif sisik ikan yang tersusun rapi, melambangkan ketahanan dan keberlimpahan laut Trenggalek. Pola berulang mencerminkan keseimbangan alam dan kerja keras nelayan, sementara perpaduan warna menggambarkan kejernihan air serta kekayaan bahari yang lestari.","Sisik Ikan Prigi merupakan mahakarya kelas Batik Trenggalek dengan tata letak non-geometris. Warna yang digunakan adalah hitam dan oren, membentuk motif utama flora bunga teratai dan fauna ikan prigi. Dibuat dengan teknik cap menggunakan pewarna alam pada kain Katun. Secara filosofis, Menghadirkan motif sisik ikan yang tersusun rapi, melambangkan ketahanan dan keberlimpahan laut Trenggalek. Pola berulang mencerminkan keseimbangan alam dan kerja keras nelayan, sementara perpaduan warna menggambarkan kejernihan air serta kekayaan bahari yang lestari.","The batik fabric features the Trenggalek motif, characterized by black, orange motifs. The dominant motifs include lotus flower flora and native fish fauna. The motifs are arranged in a non-geometric pattern across the fabric, creating a harmonious and balanced composition.",/mnt/extended-home/dzakaaufa/dataset/all_images_captioning/Data 17 Batik Tiepuk (Sisik Ikan Prigi).jpg
Data 18 Batik Tiepuk (Sulur Gringsing),Trenggalek,Sulur Gringsing,"Flora (Bunga mlati, mawar) // Fauna (Kupu-kupu)","Coklat, moss green",Tulis,Katun,Alam,Non-geometris,"Batik Gringsing Trenggalek menghadirkan keindahan motif nusantara dengan pola khas yang melambangkan perlindungan dan kekuatan. Simetri motif menciptakan harmoni, mencerminkan kebijaksanaan budaya serta warisan leluhur yang terus dijaga.","Sulur Gringsing merupakan mahakarya kelas Batik Trenggalek dengan tata letak non-geometris. Warna yang digunakan adalah coklat dan moss green, membentuk motif utama flora bunga mlati, mawar dan fauna kupu-kupu. Dibuat dengan teknik tulis menggunakan pewarna alam pada kain Katun. Secara filosofis, Batik Gringsing Trenggalek menghadirkan keindahan motif nusantara dengan pola khas yang melambangkan perlindungan dan kekuatan. Simetri motif menciptakan harmoni, mencerminkan kebijaksanaan budaya serta warisan leluhur yang terus dijaga.","The batik fabric features the Trenggalek motif, characterized by chocolate, moss green motifs. The dominant motifs include flora, mlati flowers, roses and butterfly fauna. The motifs are arranged in a non-geometric pattern across the fabric, creating a harmonious and balanced composition.",/mnt/extended-home/dzakaaufa/dataset/all_images_captioning/Data 18 Batik Tiepuk (Sulur Gringsing).jpg
Data 19 Batik Tiepuk (Parang Kawung Cengkeh),Trenggalek,Parang Kawung Cengkeh,Flora (Tanaman cengkeh),"Coklat, hitam",Tulis,Katun,Sogan,Non-geometris,"Memadukan motif kawung yang melambangkan keseimbangan dengan bunga cengkeh sebagai simbol ketulusan. Pola terjalin mencerminkan eratnya ikatan persahabatan, sementara warna hangat menggambarkan keharmonisan, kebersamaan, dan nilai luhur dalam kehidupan sosial masyarakat.","Parang Kawung Cengkeh merupakan mahakarya kelas Batik Trenggalek dengan tata letak non-geometris. Warna yang digunakan adalah coklat dan hitam, membentuk motif utama flora tanaman cengkeh. Dibuat dengan teknik tulis menggunakan pewarna sogan pada kain Katun. Secara filosofis, Memadukan motif kawung yang melambangkan keseimbangan dengan bunga cengkeh sebagai simbol ketulusan. Pola terjalin mencerminkan eratnya ikatan persahabatan, sementara warna hangat menggambarkan keharmonisan, kebersamaan, dan nilai luhur dalam kehidupan sosial masyarakat.","The batik fabric features the Trenggalek motif, characterized by chocolate, black motifs. The dominant motifs include clove plant flora. The motifs are arranged in a non-geometric pattern across the fabric, creating a harmonious and balanced composition.",/mnt/extended-home/dzakaaufa/dataset/all_images_captioning/Data 19 Batik Tiepuk (Parang Kawung Cengkeh).jpg
Data 20 Batik Tiepuk (Junjung Derajat Mahkota Cengkeh),Trenggalek,Junjung Derajat Mahkota Cengkeh,Flora (Tanaman cengkeh) // Kebudayaan (Motif kawung),"Merah tua, pink",Tulis lasem,Katun,Sogan,Non-geometris,"Menggambarkan kejayaan dan kesejahteraan melalui motif cengkeh yang melambangkan kekayaan alam. Pola elegan mencerminkan perjuangan mengangkat derajat manusia, sementara warna harmonis merepresentasikan keseimbangan antara kerja keras, keberkahan, dan keluhuran hidup.","Junjung Derajat Mahkota Cengkeh merupakan mahakarya kelas Batik Trenggalek dengan tata letak non-geometris. Warna yang digunakan adalah merah tua dan pink, membentuk motif utama flora tanaman cengkeh dan kebudayaan motif kawung. Dibuat dengan teknik tulis lasem menggunakan pewarna sogan pada kain Katun. Secara filosofis, Menggambarkan kejayaan dan kesejahteraan melalui motif cengkeh yang melambangkan kekayaan alam. Pola elegan mencerminkan perjuangan mengangkat derajat manusia, sementara warna harmonis merepresentasikan keseimbangan antara kerja keras, keberkahan, dan keluhuran hidup.","The batik fabric features the Trenggalek motif, characterized by dark red, pink motifs. The dominant motifs include clove plant flora and kawung motif culture. The motifs are arranged in a non-geometric pattern across the fabric, creating a harmonious and balanced composition.",/mnt/extended-home/dzakaaufa/dataset/all_images_captioning/Data 20 Batik Tiepuk (Junjung Derajat Mahkota Cengkeh).jpg
Data 21 Batik Tiepuk (Sidoluhur Rawan),Trenggalek,Sidoluhur Rawan,culture (Air) // Flora (Bunga...),"Hitam, moss green",Tulis,Katun,Alam,Geometris,"Harmoni antara daratan, rawa, dan lautan melalui motif gelombang, sulur tanaman, dan kontur tanah. Pola menyatu mencerminkan keseimbangan alam, sementara perpaduan warna alami merepresentasikan keberagaman ekosistem dan kehidupan yang dinamis.","Sidoluhur Rawan merupakan mahakarya kelas Batik Trenggalek dengan tata letak geometris. Warna yang digunakan adalah hitam dan moss green, membentuk motif utama culture air dan flora bunga.... Dibuat dengan teknik tulis menggunakan pewarna alam pada kain Katun. Secara filosofis, Harmoni antara daratan, rawa, dan lautan melalui motif gelombang, sulur tanaman, dan kontur tanah. Pola menyatu mencerminkan keseimbangan alam, sementara perpaduan warna alami merepresentasikan keberagaman ekosistem dan kehidupan yang dinamis.","The batik fabric features the Trenggalek motif, characterized by black, moss green motifs. The dominant motifs include water culture and floral flora.... The motifs are arranged in a geometric pattern across the fabric, creating a harmonious and balanced composition.",/mnt/extended-home/dzakaaufa/dataset/all_images_captioning/Data 21 Batik Tiepuk (Sidoluhur Rawan).jpg
Data 22 Batik Tiepuk (Sepak Segong),Trenggalek,Sepak Segong,Fauna (Burung kalkun) // Flora (Tanaman cengkeh) // Kebudayaan (motif parang),"Coklat muda, hitam",Tulis,Katun,Alam,Geometris,"Menggambarkan perjalanan hidup manusia yang melambangkan usaha dan pertumbuhan. Pola bunga di puncak mencerminkan pencapaian dan kesempurnaan, menciptakan harmoni antara perjuangan, harapan, dan keberhasilan dalam kehidupan.","Sepak Segong merupakan mahakarya kelas Batik Trenggalek dengan tata letak geometris. Warna yang digunakan adalah coklat muda dan hitam, membentuk motif utama fauna burung kalkun, flora tanaman cengkeh dan kebudayaan motif parang. Dibuat dengan teknik tulis menggunakan pewarna alam pada kain Katun. Secara filosofis, Menggambarkan perjalanan hidup manusia yang melambangkan usaha dan pertumbuhan. Pola bunga di puncak mencerminkan pencapaian dan kesempurnaan, menciptakan harmoni antara perjuangan, harapan, dan keberhasilan dalam kehidupan.","The batik fabric features the Trenggalek motif, characterized by light brown, black motifs. The dominant motifs include turkey bird fauna, clove plant flora and machete motif culture. The motifs are arranged in a geometric pattern across the fabric, creating a harmonious and balanced composition.",/mnt/extended-home/dzakaaufa/dataset/all_images_captioning/Data 22 Batik Tiepuk (Sepak Segong).jpg
Data 23 Batik Tiepuk (Sedapur Bambu),Trenggalek,Sedapur Bambu/Pring Sedapur,Flora (Pohon bambu),"Hitam, moss green",Tulis,Katun,Alam,Non-geometris,"Sedapur Bambu menggambarkan kesatuan dan keteraturan melalui motif pohon bambu yang kokoh dan rapi. Pola harmonis mencerminkan keteguhan, keseimbangan, serta semangat kebersamaan dalam kehidupan yang selaras dengan alam dan budaya.","Sedapur Bambu/Pring Sedapur merupakan mahakarya kelas Batik Trenggalek dengan tata letak non-geometris. Warna yang digunakan adalah hitam dan moss green, membentuk motif utama flora pohon bambu. Dibuat dengan teknik tulis menggunakan pewarna alam pada kain Katun. Secara filosofis, Sedapur Bambu menggambarkan kesatuan dan keteraturan melalui motif pohon bambu yang kokoh dan rapi. Pola harmonis mencerminkan keteguhan, keseimbangan, serta semangat kebersamaan dalam kehidupan yang selaras dengan alam dan budaya.","The batik fabric features the Trenggalek motif, characterized by black, moss green motifs. The dominant motifs include bamboo tree flora. The motifs are arranged in a non-geometric pattern across the fabric, creating a harmonious and balanced composition.",/mnt/extended-home/dzakaaufa/dataset/all_images_captioning/Data 23 Batik Tiepuk (Sedapur Bambu).jpg
Data 24 Batik Tiepuk (Larung Sembonyo),Trenggalek,Larung Sembonyo,Kebudayaan (Larungsaji) // Flora (Bunga...),"Oren, kuning",Tulis,Katun,Sintetis,Non-geometris,"Batik Sedekah Bumi Prigi menggambarkan ritual syukur masyarakat pesisir melalui motif ombak, perahu, dan hasil laut. Pola dinamis melambangkan doa, kebersamaan, dan harapan akan keberkahan, mencerminkan hubungan harmonis antara manusia, alam, dan tradisi leluhur","Larung Sembonyo merupakan mahakarya kelas Batik Trenggalek dengan tata letak non-geometris. Warna yang digunakan adalah oren dan kuning, membentuk motif utama kebudayaan larungsaji dan flora bunga.... Dibuat dengan teknik tulis menggunakan pewarna sintetis pada kain Katun. Secara filosofis, Batik Sedekah Bumi Prigi menggambarkan ritual syukur masyarakat pesisir melalui motif ombak, perahu, dan hasil laut. Pola dinamis melambangkan doa, kebersamaan, dan harapan akan keberkahan, mencerminkan hubungan harmonis antara manusia, alam, dan tradisi leluhur","The batik fabric features the Trenggalek motif, characterized by orange, yellow motifs. The dominant motifs include larungsaji culture and floral flora.... The motifs are arranged in a non-geometric pattern across the fabric, creating a harmonious and balanced composition.",/mnt/extended-home/dzakaaufa/dataset/all_images_captioning/Data 24 Batik Tiepuk (Larung Sembonyo).jpg
Data 25 Batik Tiepuk (Sekar Jagad Abstrak),Trenggalek,Sekar Jagad Abstrak,Flora (Tanaman cengkeh) // Fauna (Burung....),"Merah, pink",Tulis,Katun,Sintetis,Non-geometris,"Menggambarkan keberagaman melalui motif beragam yang berpadu harmonis. Pola dinamis mencerminkan persatuan dalam perbedaan, melambangkan kekuatan, toleransi, dan keharmonisan dalam kehidupan bermasyarakat yang saling melengkapi","Sekar Jagad Abstrak merupakan mahakarya kelas Batik Trenggalek dengan tata letak non-geometris. Warna yang digunakan adalah merah dan pink, membentuk motif utama flora tanaman cengkeh dan fauna burung..... Dibuat dengan teknik tulis menggunakan pewarna sintetis pada kain Katun. Secara filosofis, Menggambarkan keberagaman melalui motif beragam yang berpadu harmonis. Pola dinamis mencerminkan persatuan dalam perbedaan, melambangkan kekuatan, toleransi, dan keharmonisan dalam kehidupan bermasyarakat yang saling melengkapi","The batik fabric features the Trenggalek motif, characterized by red, pink motifs. The dominant motifs include clove plant flora and bird fauna..... The motifs are arranged in a non-geometric pattern across the fabric, creating a harmonious and balanced composition.",/mnt/extended-home/dzakaaufa/dataset/all_images_captioning/Data 25 Batik Tiepuk (Sekar Jagad Abstrak).jpg
Data 26 Batik Tiepuk (Sekar Jagad Cengkeh),Trenggalek,Sekar Jagad Cengkeh,Kebudayaan (Sekar jagad),"Coklat, biru",Tulis,Katun,Sogan,Geometris,"Perpaduan berbagai corak batik dalam satu kesatuan harmonis. Pola beragam mencerminkan keberagaman budaya, melambangkan persatuan, toleransi, dan keindahan dalam perbedaan, sesuai dengan semangat Bhineka Tunggal Ika.","Sekar Jagad Cengkeh merupakan mahakarya kelas Batik Trenggalek dengan tata letak geometris. Warna yang digunakan adalah coklat dan biru, membentuk motif utama kebudayaan sekar jagad. Dibuat dengan teknik tulis menggunakan pewarna sogan pada kain Katun. Secara filosofis, Perpaduan berbagai corak batik dalam satu kesatuan harmonis. Pola beragam mencerminkan keberagaman budaya, melambangkan persatuan, toleransi, dan keindahan dalam perbedaan, sesuai dengan semangat Bhineka Tunggal Ika.","The batik fabric features the Trenggalek motif, characterized by chocolate, blue motifs. The dominant motifs include sekar universe culture. The motifs are arranged in a geometric pattern across the fabric, creating a harmonious and balanced composition.",/mnt/extended-home/dzakaaufa/dataset/all_images_captioning/Data 26 Batik Tiepuk (Sekar Jagad Cengkeh).jpg
Data 27 Batik Tiepuk (Sulur Miji Timun),Trenggalek,Sulur Miji Timun,Flora (Sulur wiji timun),"Coklat, biru",Kerok tulis,Katun,Sogan,Non-geometris,"kecantikan seorang wanita yang pantang menyerah. Pola bunga mekar melambangkan keteguhan hati, sementara garis dinamis mencerminkan perjalanan penuh perjuangan menuju keberhasilan dan kebijaksanaan dalam kehidupan.","Sulur Miji Timun merupakan mahakarya kelas Batik Trenggalek dengan tata letak non-geometris. Warna yang digunakan adalah coklat dan biru, membentuk motif utama flora sulur wiji timun. Dibuat dengan teknik kerok tulis menggunakan pewarna sogan pada kain Katun. Secara filosofis, kecantikan seorang wanita yang pantang menyerah. Pola bunga mekar melambangkan keteguhan hati, sementara garis dinamis mencerminkan perjalanan penuh perjuangan menuju keberhasilan dan kebijaksanaan dalam kehidupan.","The batik fabric features the Trenggalek motif, characterized by chocolate, blue motifs. The dominant motifs include cucumber sesame vine flora. The motifs are arranged in a non-geometric pattern across the fabric, creating a harmonious and balanced composition.",/mnt/extended-home/dzakaaufa/dataset/all_images_captioning/Data 27 Batik Tiepuk (Sulur Miji Timun).jpg
Data 28 Batik Tiepuk (Hutan Kota Trenggalek),Trenggalek,Hutan Kota Trenggalek,"Flora (Tanaman...) // Alam (Hutan, gunung) // Manusia ","Coklat, moss green",Tulis,Katun,Alam,Non-geometris,"terinspirasi dari hutan Kota Trenggalek menggambarkan keasrian alam melalui motif pohon rindang, dan dedaunan. Pola alami mencerminkan keseimbangan ekosistem, harapan akan kelestarian lingkungan, serta keharmonisan antara manusia dan alam dalam kehidupan perkotaan.","Hutan Kota Trenggalek merupakan mahakarya kelas Batik Trenggalek dengan tata letak non-geometris. Warna yang digunakan adalah coklat dan moss green, membentuk motif utama flora tanaman..., alam hutan, gunung dan manusia. Dibuat dengan teknik tulis menggunakan pewarna alam pada kain Katun. Secara filosofis, terinspirasi dari hutan Kota Trenggalek menggambarkan keasrian alam melalui motif pohon rindang, dan dedaunan. Pola alami mencerminkan keseimbangan ekosistem, harapan akan kelestarian lingkungan, serta keharmonisan antara manusia dan alam dalam kehidupan perkotaan.","The batik fabric features the Trenggalek motif, characterized by chocolate, moss green motifs. The dominant motifs include plant flora..., forest, mountain and man. The motifs are arranged in a non-geometric pattern across the fabric, creating a harmonious and balanced composition.",/mnt/extended-home/dzakaaufa/dataset/all_images_captioning/Data 28 Batik Tiepuk (Hutan Kota Trenggalek).jpg
Data 29 Batik Tiepuk (Den Liris Cengkeh),Trenggalek,Den Liris Cengkeh,"Flora (Tanaman cengkeh, kawung, truntum)","Coklat, moss green",Tulis,Katun,Alam,Non-geometris,"Menggambarkan keindahan hujan yang jatuh lembut di depan studio batik. Motif tetesan air mencerminkan ketenangan, kesegaran, dan inspirasi, menghadirkan harmoni antara alam dan kreativitas.","Den Liris Cengkeh merupakan mahakarya kelas Batik Trenggalek dengan tata letak non-geometris. Warna yang digunakan adalah coklat dan moss green, membentuk motif utama flora tanaman cengkeh, kawung, truntum. Dibuat dengan teknik tulis menggunakan pewarna alam pada kain Katun. Secara filosofis, Menggambarkan keindahan hujan yang jatuh lembut di depan studio batik. Motif tetesan air mencerminkan ketenangan, kesegaran, dan inspirasi, menghadirkan harmoni antara alam dan kreativitas.","The batik fabric features the Trenggalek motif, characterized by chocolate, moss green motifs. The dominant motifs include flora of clove plants, kawung, truntum. The motifs are arranged in a non-geometric pattern across the fabric, creating a harmonious and balanced composition.",/mnt/extended-home/dzakaaufa/dataset/all_images_captioning/Data 29 Batik Tiepuk (Den Liris Cengkeh).jpg
Data 30 Batik Tiepuk (Tambalan Manggis Pecah),Trenggalek,Tambalan Manggis Pecah,"Flora (Tanaman manggis, cengkeh)","Hitam, moss green",Tulis,Katun,Alam,Non-geometris,"Proses menambal dan memperbaiki dalam kesatuan motif yang dinamis. Pola berpadu harmonis melambangkan kebersamaan, keberlanjutan, dan semangat memperbaiki serta menjaga warisan budaya","Tambalan Manggis Pecah merupakan mahakarya kelas Batik Trenggalek dengan tata letak non-geometris. Warna yang digunakan adalah hitam dan moss green, membentuk motif utama flora tanaman manggis, cengkeh. Dibuat dengan teknik tulis menggunakan pewarna alam pada kain Katun. Secara filosofis, Proses menambal dan memperbaiki dalam kesatuan motif yang dinamis. Pola berpadu harmonis melambangkan kebersamaan, keberlanjutan, dan semangat memperbaiki serta menjaga warisan budaya","The batik fabric features the Trenggalek motif, characterized by black, moss green motifs. The dominant motifs include mangosteen plant flora, cloves. The motifs are arranged in a non-geometric pattern across the fabric, creating a harmonious and balanced composition.",/mnt/extended-home/dzakaaufa/dataset/all_images_captioning/Data 30 Batik Tiepuk (Tambalan Manggis Pecah).jpg
Data 31 Batik Tiepuk (Junjung Derajat Mahkota Cengkeh),Trenggalek,Junjung Derajat Mahkota Cengkeh,Flora (Tanaman cengkeh) // Kebudayaan (Motif kawung),"Merah tua, pink",Tulis lasem,Katun,Sogan,Non-geometris,"Menggambarkan kejayaan dan kesejahteraan melalui motif cengkeh yang melambangkan kekayaan alam. Pola elegan mencerminkan perjuangan mengangkat derajat manusia, sementara warna harmonis merepresentasikan keseimbangan antara kerja keras, keberkahan, dan keluhuran hidup.","Junjung Derajat Mahkota Cengkeh merupakan mahakarya kelas Batik Trenggalek dengan tata letak non-geometris. Warna yang digunakan adalah merah tua dan pink, membentuk motif utama flora tanaman cengkeh dan kebudayaan motif kawung. Dibuat dengan teknik tulis lasem menggunakan pewarna sogan pada kain Katun. Secara filosofis, Menggambarkan kejayaan dan kesejahteraan melalui motif cengkeh yang melambangkan kekayaan alam. Pola elegan mencerminkan perjuangan mengangkat derajat manusia, sementara warna harmonis merepresentasikan keseimbangan antara kerja keras, keberkahan, dan keluhuran hidup.","The batik fabric features the Trenggalek motif, characterized by dark red, pink motifs. The dominant motifs include clove plant flora and kawung motif culture. The motifs are arranged in a non-geometric pattern across the fabric, creating a harmonious and balanced composition.",/mnt/extended-home/dzakaaufa/dataset/all_images_captioning/Data 31 Batik Tiepuk (Junjung Derajat Mahkota Cengkeh).jpg
Data 1 Batik Rahayu (Kleten),Trenggalek,Kleten,Flora (Bunga Melati),"Coklat Sogan, hitam",Tulis,Primisima,Sintetis,Non-geometris,"Motif elegan yang melambangkan status dan kehormatan seseorang dalam lingkungan. Pola anggun mencerminkan kebijaksanaan, kewibawaan seseorang","Kleten merupakan mahakarya kelas Batik Trenggalek dengan tata letak non-geometris. Warna yang digunakan adalah coklat sogan dan hitam, membentuk motif utama flora bunga melati. Dibuat dengan teknik tulis menggunakan pewarna sintetis pada kain Primisima. Secara filosofis, Motif elegan yang melambangkan status dan kehormatan seseorang dalam lingkungan. Pola anggun mencerminkan kebijaksanaan, kewibawaan seseorang","The batik fabric features the Trenggalek motif, characterized by sogan chocolate, black motifs. The dominant motifs include jasmine flower flora. The motifs are arranged in a non-geometric pattern across the fabric, creating a harmonious and balanced composition.",/mnt/extended-home/dzakaaufa/dataset/all_images_captioning/Data 1 Batik Rahayu (Kleten).jpg
Data 2 Batik Rahayu (Parang Barong),Trenggalek,Parang Barong,CULTURE (Parang),Coklat Sogan,Tulis,Primisima,Sintetis,Geometris,"Motif parang barong yang melambangkan kebijaksanaan, pengendalian diri, dan kehati-hatian. Pola tegas mencerminkan kekuatan, keteguhan, serta keseimbangan dalam menjalani kehidupan dengan penuh kehormatan dan kebajikan","Parang Barong merupakan mahakarya kelas Batik Trenggalek dengan tata letak geometris. Warna yang digunakan adalah coklat sogan, membentuk motif utama parang. Dibuat dengan teknik tulis menggunakan pewarna sintetis pada kain Primisima. Secara filosofis, Motif parang barong yang melambangkan kebijaksanaan, pengendalian diri, dan kehati-hatian. Pola tegas mencerminkan kekuatan, keteguhan, serta keseimbangan dalam menjalani kehidupan dengan penuh kehormatan dan kebajikan","The batik fabric features the Trenggalek motif, characterized by sogan chocolate motifs. The dominant motifs include machete. The motifs are arranged in a geometric pattern across the fabric, creating a harmonious and balanced composition.",/mnt/extended-home/dzakaaufa/dataset/all_images_captioning/Data 2 Batik Rahayu (Parang Barong).jpg
Data 3 Batik Rahayu (Seret Jedet,Trenggalek,Seret Jedet,FLORA ( Cengkeh/Clove) // Kebudayaan (motif parang/Parang Pattern),"Merah/Red, Orens/Orange",Tulis,Primisima,Sintetis,Geometris,"Motif yang mencerminkan keseimbangan dan keselarasan dalam kehidupan. Pola yang teratur melambangkan kedamaian, kebijaksanaan, dan hubungan harmonis antara manusia, alam, serta nilai-nilai luhur yang dijunjung tinggi.","Seret Jedet merupakan mahakarya kelas Batik Trenggalek dengan tata letak geometris. Warna yang digunakan adalah merah dan orens, membentuk motif utama cengkeh dan kebudayaan motif parang. Dibuat dengan teknik tulis menggunakan pewarna sintetis pada kain Primisima. Secara filosofis, Motif yang mencerminkan keseimbangan dan keselarasan dalam kehidupan. Pola yang teratur melambangkan kedamaian, kebijaksanaan, dan hubungan harmonis antara manusia, alam, serta nilai-nilai luhur yang dijunjung tinggi.","The batik fabric features the Trenggalek motif, characterized by red, orange motifs. The dominant motifs include clove and parang pattern. The motifs are arranged in a geometric pattern across the fabric, creating a harmonious and balanced composition.",/mnt/extended-home/dzakaaufa/dataset/all_images_captioning/Data 3 Batik Rahayu (Seret Jedet.jpg
Data 4 Batik Rahayu (Kupu-kupu Cengkeh),Trenggalek,Kupu-kupu Cengkeh,FLORA (Cengkeh/Clove) // FAUNA (Kupu-kupu/Butterfly),"Coklat, dan Coklat Muda",Tulis,Primisima,Alam,Geometris,"Motif kupu-kupu yang anggun, melambangkan kebebasan, transformasi, dan keindahan hidup. Pola yang ringan dan dinamis mencerminkan perjalanan menuju kemandirian, harapan","Kupu-kupu Cengkeh merupakan mahakarya kelas Batik Trenggalek dengan tata letak geometris. Warna yang digunakan adalah coklat dan dan coklat muda, membentuk motif utama cengkeh dan kupu-kupu. Dibuat dengan teknik tulis menggunakan pewarna alam pada kain Primisima. Secara filosofis, Motif kupu-kupu yang anggun, melambangkan kebebasan, transformasi, dan keindahan hidup. Pola yang ringan dan dinamis mencerminkan perjalanan menuju kemandirian, harapan","The batik fabric features the Trenggalek motif, characterized by chocolate, and light brown motifs. The dominant motifs include clove and butterfly. The motifs are arranged in a geometric pattern across the fabric, creating a harmonious and balanced composition.",/mnt/extended-home/dzakaaufa/dataset/all_images_captioning/Data 4 Batik Rahayu (Kupu-kupu Cengkeh).jpg
Data 5 Batik Rahayu (Parang Curigo),Trenggalek,Parang Curigo,FLORA (Cengkeh/Clove) // KEBUDAYAAN (Motif Parang/Parang Pattern),"Coklat Sogan, Hitam/Black",Tulis,Primisima,Sintetis,Non-geometris,"Terinspirasi dari Pangeran yang bertapa di Pantai Parangtritis. Pola gagah melambangkan keteguhan, kebijaksanaan, serta perjalanan spiritual menuju pencerahan dan kekuatan batin.","Parang Curigo merupakan mahakarya kelas Batik Trenggalek dengan tata letak non-geometris. Warna yang digunakan adalah coklat sogan dan hitam, membentuk motif utama cengkeh dan motif parang. Dibuat dengan teknik tulis menggunakan pewarna sintetis pada kain Primisima. Secara filosofis, Terinspirasi dari Pangeran yang bertapa di Pantai Parangtritis. Pola gagah melambangkan keteguhan, kebijaksanaan, serta perjalanan spiritual menuju pencerahan dan kekuatan batin.","The batik fabric features the Trenggalek motif, characterized by sogan chocolate, black motifs. The dominant motifs include clove and parang pattern. The motifs are arranged in a non-geometric pattern across the fabric, creating a harmonious and balanced composition.",/mnt/extended-home/dzakaaufa/dataset/all_images_captioning/Data 5 Batik Rahayu (Parang Curigo).jpg
Data 6 Batik Rahayu (Pelabuhan Prigi),Trenggalek,Pelabuhan Prigi,FAUNA (Ikan/Fish) // NATURE (Laut) // Kebudayaan (Kapal pinisi),"Merah/Red, Hitam/Black",Tulis,Primisima,Sintetis,Non-geometris,Terinspirasi dari letak geografi kota Trenggalek sebagai kota yang memiliki sektor perikanan yang besar,"Pelabuhan Prigi merupakan mahakarya kelas Batik Trenggalek dengan tata letak non-geometris. Warna yang digunakan adalah merah dan hitam, membentuk motif utama ikan, laut dan kebudayaan kapal pinisi. Dibuat dengan teknik tulis menggunakan pewarna sintetis pada kain Primisima. Secara filosofis, Terinspirasi dari letak geografi kota Trenggalek sebagai kota yang memiliki sektor perikanan yang besar","The batik fabric features the Trenggalek motif, characterized by red, black motifs. The dominant motifs include fish, sea and pinisi ship culture. The motifs are arranged in a non-geometric pattern across the fabric, creating a harmonious and balanced composition.",/mnt/extended-home/dzakaaufa/dataset/all_images_captioning/Data 6 Batik Rahayu (Pelabuhan Prigi).jpg
Data 7 Batik Rahayu (Wahyu Tumurun Klasik),Trenggalek,Wahyu Tumurun Klasik,FLORA (Bunga) // FAUNA (Burung) // Kebudayaan (Mahkota),"Coklat sogan, hitam",Tulis,Primisima,Sintetis,Non-geometris,"Batik Wahyu Tumurun menghadirkan motif mahkota terbang yang melambangkan kemuliaan dan anugerah dari langit. Pola anggun mencerminkan harapan akan kebijaksanaan, kesejahteraan, serta keberkahan dalam kehidupan yang penuh makna dan kehormatan.","Wahyu Tumurun Klasik merupakan mahakarya kelas Batik Trenggalek dengan tata letak non-geometris. Warna yang digunakan adalah coklat sogan dan hitam, membentuk motif utama bunga, burung dan kebudayaan mahkota. Dibuat dengan teknik tulis menggunakan pewarna sintetis pada kain Primisima. Secara filosofis, Batik Wahyu Tumurun menghadirkan motif mahkota terbang yang melambangkan kemuliaan dan anugerah dari langit. Pola anggun mencerminkan harapan akan kebijaksanaan, kesejahteraan, serta keberkahan dalam kehidupan yang penuh makna dan kehormatan.","The batik fabric features the Trenggalek motif, characterized by sogan chocolate, black motifs. The dominant motifs include flower, bird and crown culture. The motifs are arranged in a non-geometric pattern across the fabric, creating a harmonious and balanced composition.",/mnt/extended-home/dzakaaufa/dataset/all_images_captioning/Data 7 Batik Rahayu (Wahyu Tumurun Klasik).jpg
Data 8 Batik Rahayu (Brondong Pentul),Trenggalek,Brondong Pentul,FLORA (Jagung/Corn),"Coklat Susu/Milk Chocolate, Hijau/Green",Tulis,Primisima,Sintetis,Non-geometris,"Menghadirkan motif bunga jagung bermekaran, melambangkan proses yang tertata dan penuh ketekunan. Pola teratur mencerminkan pertumbuhan, ketahanan, dan keseimbangan, menggambarkan perjalanan kehidupan","Brondong Pentul merupakan mahakarya kelas Batik Trenggalek dengan tata letak non-geometris. Warna yang digunakan adalah coklat susu dan hijau, membentuk motif utama jagung. Dibuat dengan teknik tulis menggunakan pewarna sintetis pada kain Primisima. Secara filosofis, Menghadirkan motif bunga jagung bermekaran, melambangkan proses yang tertata dan penuh ketekunan. Pola teratur mencerminkan pertumbuhan, ketahanan, dan keseimbangan, menggambarkan perjalanan kehidupan","The batik fabric features the Trenggalek motif, characterized by milk chocolate, green motifs. The dominant motifs include corn. The motifs are arranged in a non-geometric pattern across the fabric, creating a harmonious and balanced composition.",/mnt/extended-home/dzakaaufa/dataset/all_images_captioning/Data 8 Batik Rahayu (Brondong Pentul).jpg
Data 9 Batik Rahayu (Truntum Cengkeh),Trenggalek,Truntum Cengkeh,"FLORA (Bunga Truntum, Cengkeh/Clove)",Sogan Merah,Tulis,Primisima,Sintetis,Non-geometris,Motif elegan yang melambangkan kesabaran dan sakralnya pernikahan.,"Truntum Cengkeh merupakan mahakarya kelas Batik Trenggalek dengan tata letak non-geometris. Warna yang digunakan adalah sogan merah, membentuk motif utama bunga truntum, cengkeh. Dibuat dengan teknik tulis menggunakan pewarna sintetis pada kain Primisima. Secara filosofis, Motif elegan yang melambangkan kesabaran dan sakralnya pernikahan.","The batik fabric features the Trenggalek motif, characterized by red sogan motifs. The dominant motifs include clove. The motifs are arranged in a non-geometric pattern across the fabric, creating a harmonious and balanced composition.",/mnt/extended-home/dzakaaufa/dataset/all_images_captioning/Data 9 Batik Rahayu (Truntum Cengkeh).jpg
Data 10 Batik Rahayu (Sido Asih Rahayu),Trenggalek,Sido Asih Rahayu,FLORA (Cengkeh/Clove) // Kebudayaan (Motif gurdo),"Merah Kecoklatan/Maroon, Hitam/black",Tulis,Primisima,Sintetis,Non-geometris,"Melambangkan kasih sayang, harapan, dan kehidupan yang penuh cinta. Pola harmonis mencerminkan kehangatan, ketulusan, serta kebersamaan, menghadirkan makna mendalam tentang kebahagiaan","Sido Asih Rahayu merupakan mahakarya kelas Batik Trenggalek dengan tata letak non-geometris. Warna yang digunakan adalah merah kecoklatan dan hitam, membentuk motif utama cengkeh dan kebudayaan motif gurdo. Dibuat dengan teknik tulis menggunakan pewarna sintetis pada kain Primisima. Secara filosofis, Melambangkan kasih sayang, harapan, dan kehidupan yang penuh cinta. Pola harmonis mencerminkan kehangatan, ketulusan, serta kebersamaan, menghadirkan makna mendalam tentang kebahagiaan","The batik fabric features the Trenggalek motif, characterized by maroon, black motifs. The dominant motifs include clove and gurdo motif culture. The motifs are arranged in a non-geometric pattern across the fabric, creating a harmonious and balanced composition.",/mnt/extended-home/dzakaaufa/dataset/all_images_captioning/Data 10 Batik Rahayu (Sido Asih Rahayu).jpg
Data 11 Batik Rahayu (Rawa Klasik),Trenggalek,Rawa Klasik,FLORA (Cengkeh/Clove) // Kebudayaan (Motif gurdo) // Alam (Rawa),Coklat Sogan,Tulis,Primisima,Sintetis,Non-geometris,"Menghadirkan motif cekungan air yang tenang, melambangkan keseimbangan duniawi dan kehidupan manusia. Pola harmonis mencerminkan ketenangan, refleksi diri","Rawa Klasik merupakan mahakarya kelas Batik Trenggalek dengan tata letak non-geometris. Warna yang digunakan adalah coklat sogan, membentuk motif utama cengkeh, kebudayaan motif gurdo dan alam rawa. Dibuat dengan teknik tulis menggunakan pewarna sintetis pada kain Primisima. Secara filosofis, Menghadirkan motif cekungan air yang tenang, melambangkan keseimbangan duniawi dan kehidupan manusia. Pola harmonis mencerminkan ketenangan, refleksi diri","The batik fabric features the Trenggalek motif, characterized by sogan chocolate motifs. The dominant motifs include clove, gurdo motif culture and swamp nature. The motifs are arranged in a non-geometric pattern across the fabric, creating a harmonious and balanced composition.",/mnt/extended-home/dzakaaufa/dataset/all_images_captioning/Data 11 Batik Rahayu (Rawa Klasik).jpg
Data 12 Batik Rahayu (Bledak Bouket),Trenggalek,Bledak Bouquet,FLORA (Bunga bouquet),"Coklat/Brown, Hijau/Green, Hitam/Black",Tulis,Primisima,Alam,Non-geometris,"Menggambarkan perjalanan spiritual melalui motif bunga mekar, melambangkan pembersihan jiwa dan pembaruan hidup. Pola harmonis mencerminkan ketulusan, ketenangan, dan keseimbangan, menghadirkan makna mendalam tentang kesadaran serta kesucian hati.","Bledak Bouquet merupakan mahakarya kelas Batik Trenggalek dengan tata letak non-geometris. Warna yang digunakan adalah coklat dan hijau dan hitam, membentuk motif utama bunga bouquet. Dibuat dengan teknik tulis menggunakan pewarna alam pada kain Primisima. Secara filosofis, Menggambarkan perjalanan spiritual melalui motif bunga mekar, melambangkan pembersihan jiwa dan pembaruan hidup. Pola harmonis mencerminkan ketulusan, ketenangan, dan keseimbangan, menghadirkan makna mendalam tentang kesadaran serta kesucian hati.","The batik fabric features the Trenggalek motif, characterized by brown, green, black motifs. The dominant motifs include bouquet flowers. The motifs are arranged in a non-geometric pattern across the fabric, creating a harmonious and balanced composition.",/mnt/extended-home/dzakaaufa/dataset/all_images_captioning/Data 12 Batik Rahayu (Bledak Bouket).jpg
Data 13 Batik Rahayu (Sergung Wiji Timun),Trenggalek,Sergung Wiji Timun,"FLORA (Wiji Timun/Cucumber Wiji, Cengkeh/Clove))",Coklat Sogan,Tulis,Primisima,Sintetis,Geometris,"Motif yang teratur mencerminkan keteraturan dan harmoni. Pola simetris melambangkan ketelitian, keseimbangan, dan keindahan yang lahir dari kerapihan","Sergung Wiji Timun merupakan mahakarya kelas Batik Trenggalek dengan tata letak geometris. Warna yang digunakan adalah coklat sogan, membentuk motif utama wiji timun. Dibuat dengan teknik tulis menggunakan pewarna sintetis pada kain Primisima. Secara filosofis, Motif yang teratur mencerminkan keteraturan dan harmoni. Pola simetris melambangkan ketelitian, keseimbangan, dan keindahan yang lahir dari kerapihan","The batik fabric features the Trenggalek motif, characterized by sogan chocolate motifs. The dominant motifs include cucumber wiji, cengkeh. The motifs are arranged in a geometric pattern across the fabric, creating a harmonious and balanced composition.",/mnt/extended-home/dzakaaufa/dataset/all_images_captioning/Data 13 Batik Rahayu (Sergung Wiji Timun).jpg
Data 14 Batik Rahayu (Penyu Prigi),Trenggalek,Penyu Prigi,FLORA (Buah manggis) // FAUNA (Penyu),"Merah/Red, Ungu/Purple",Tulis,Primisima,Sintetis,Geometris,"Motif penyu Kili-Kili, dan buah manggis, melambangkan kelestarian alam dan kekayaan Trenggalek. Pola harmonis mencerminkan keseimbangan ekosistem, keberlanjutan, serta keterkaitan erat antara manusia dan alam dalam kehidupan pesisir.","Penyu Prigi merupakan mahakarya kelas Batik Trenggalek dengan tata letak geometris. Warna yang digunakan adalah merah dan ungu, membentuk motif utama buah manggis dan penyu. Dibuat dengan teknik tulis menggunakan pewarna sintetis pada kain Primisima. Secara filosofis, Motif penyu Kili-Kili, dan buah manggis, melambangkan kelestarian alam dan kekayaan Trenggalek. Pola harmonis mencerminkan keseimbangan ekosistem, keberlanjutan, serta keterkaitan erat antara manusia dan alam dalam kehidupan pesisir.","The batik fabric features the Trenggalek motif, characterized by red, purple motifs. The dominant motifs include mangosteen and turtle. The motifs are arranged in a geometric pattern across the fabric, creating a harmonious and balanced composition.",/mnt/extended-home/dzakaaufa/dataset/all_images_captioning/Data 14 Batik Rahayu (Penyu Prigi).jpg
Data 15 Batik Rahayu (Koi Keberuntungan),Trenggalek,Koi Keberuntungan,"FLORA (Cengkeh/Clove, Teratai/Lotus) // FAUNA (Ikan Koi/Koi Fish)","Hijau/Green, Biru/Blue",Tulis,Primisima,Sintetis,Non-geometris,"Motif ikan koi yang anggun, melambangkan ketekunan, keberuntungan, dan kesuksesan. Pola mengalir mencerminkan semangat pantang menyerah, membawa harapan akan kehidupan yang sejahtera dan penuh berkah.","Koi Keberuntungan merupakan mahakarya kelas Batik Trenggalek dengan tata letak non-geometris. Warna yang digunakan adalah hijau dan biru, membentuk motif utama cengkeh dan ikan koi. Dibuat dengan teknik tulis menggunakan pewarna sintetis pada kain Primisima. Secara filosofis, Motif ikan koi yang anggun, melambangkan ketekunan, keberuntungan, dan kesuksesan. Pola mengalir mencerminkan semangat pantang menyerah, membawa harapan akan kehidupan yang sejahtera dan penuh berkah.","The batik fabric features the Trenggalek motif, characterized by green, blue motifs. The dominant motifs include clove, teratai and koi fish. The motifs are arranged in a non-geometric pattern across the fabric, creating a harmonious and balanced composition.",/mnt/extended-home/dzakaaufa/dataset/all_images_captioning/Data 15 Batik Rahayu (Koi Keberuntungan).jpg
Data 16 Batik Rahayu (Sergung Kawung Pala),Trenggalek,Sergung Kawung Pala,"FLORA (Pala/Nutmeg, Bunga/Flower) // CULTURE (Kawung)",Merah/Red,Tulis,Primisima,Sintetis,Geometris,"Menampilkan motif serat yang saling terkait erat, melambangkan keterhubungan dan solidaritas. Pola yang terjalin rapi mencerminkan kekuatan dalam kebersamaan, menciptakan harmoni serta keindahan, sekaligus menggambarkan nilai persatuan.","Sergung Kawung Pala merupakan mahakarya kelas Batik Trenggalek dengan tata letak geometris. Warna yang digunakan adalah merah, membentuk motif utama pala dan kawung. Dibuat dengan teknik tulis menggunakan pewarna sintetis pada kain Primisima. Secara filosofis, Menampilkan motif serat yang saling terkait erat, melambangkan keterhubungan dan solidaritas. Pola yang terjalin rapi mencerminkan kekuatan dalam kebersamaan, menciptakan harmoni serta keindahan, sekaligus menggambarkan nilai persatuan.","The batik fabric features the Trenggalek motif, characterized by red motifs. The dominant motifs include nutmeg, bunga and kawung. The motifs are arranged in a geometric pattern across the fabric, creating a harmonious and balanced composition.",/mnt/extended-home/dzakaaufa/dataset/all_images_captioning/Data 16 Batik Rahayu (Sergung Kawung Pala).jpg
Data 17 Batik Rahayu (Gringsing Satrio Manah),Trenggalek,Gringsing Satrio Manah,CULTURE (Satrio Manah),Coklat Sogan. Hijau/Green,Tulis,Primisima,Sintetis,Non-geometris,"Terinspirasi dari tokoh pewayangan yang melambangkan ketepatan, kebijaksanaan, dan tujuan mulia. Motif panah dan busur mencerminkan fokus dan tekad, sementara pola dinamis menggambarkan perjalanan menuju keberhasilan dengan keberanian","Gringsing Satrio Manah merupakan mahakarya kelas Batik Trenggalek dengan tata letak non-geometris. Warna yang digunakan adalah coklat sogan. hijau, membentuk motif utama satrio manah. Dibuat dengan teknik tulis menggunakan pewarna sintetis pada kain Primisima. Secara filosofis, Terinspirasi dari tokoh pewayangan yang melambangkan ketepatan, kebijaksanaan, dan tujuan mulia. Motif panah dan busur mencerminkan fokus dan tekad, sementara pola dinamis menggambarkan perjalanan menuju keberhasilan dengan keberanian","The batik fabric features the Trenggalek motif, characterized by green motifs. The dominant motifs include satrio manah. The motifs are arranged in a non-geometric pattern across the fabric, creating a harmonious and balanced composition.",/mnt/extended-home/dzakaaufa/dataset/all_images_captioning/Data 17 Batik Rahayu (Gringsing Satrio Manah).jpg
Data 18 Batik Rahayu (Sekar Jagat Rahayu),Trenggalek,Sekar Jagad Rahayu,"FLORA (Kembang jeruk, truntum, cengkeh)","Coklat sogan, hitam",Tulis,Primisima,Sintetis,Non-geometris,"Motif bunga yang mekar anggun, melambangkan keindahan dan kebahagiaan dalam pernikahan. Pola harmonis mencerminkan cinta, kesucian, dan harapan akan kehidupan penuh berkah","Sekar Jagad Rahayu merupakan mahakarya kelas Batik Trenggalek dengan tata letak non-geometris. Warna yang digunakan adalah coklat sogan dan hitam, membentuk motif utama kembang jeruk, truntum, cengkeh. Dibuat dengan teknik tulis menggunakan pewarna sintetis pada kain Primisima. Secara filosofis, Motif bunga yang mekar anggun, melambangkan keindahan dan kebahagiaan dalam pernikahan. Pola harmonis mencerminkan cinta, kesucian, dan harapan akan kehidupan penuh berkah","The batik fabric features the Trenggalek motif, characterized by sogan chocolate, black motifs. The dominant motifs include orange blossom, truntum, cloves. The motifs are arranged in a non-geometric pattern across the fabric, creating a harmonious and balanced composition.",/mnt/extended-home/dzakaaufa/dataset/all_images_captioning/Data 18 Batik Rahayu (Sekar Jagat Rahayu).jpg
Data 19 Batik Rahayu (Turonggo Yakso),Trenggalek,Turonggo Yakso,"CULTURE (Tari, kendang)","Biru, oren",Tulis,Primisima,Sintetis,Non-geometris,"Menggambarkan keperkasaan dan keindahan seni tradisional melalui motif kuda, kendang dan gerakan tari yang dinamis. Pola energik melambangkan semangat, keberanian, serta warisan budaya yang tetap lestari sepanjang zaman.","Turonggo Yakso merupakan mahakarya kelas Batik Trenggalek dengan tata letak non-geometris. Warna yang digunakan adalah biru dan oren, membentuk motif utama tari, kendang. Dibuat dengan teknik tulis menggunakan pewarna sintetis pada kain Primisima. Secara filosofis, Menggambarkan keperkasaan dan keindahan seni tradisional melalui motif kuda, kendang dan gerakan tari yang dinamis. Pola energik melambangkan semangat, keberanian, serta warisan budaya yang tetap lestari sepanjang zaman.","The batik fabric features the Trenggalek motif, characterized by blue, orange motifs. The dominant motifs include dance, drums. The motifs are arranged in a non-geometric pattern across the fabric, creating a harmonious and balanced composition.",/mnt/extended-home/dzakaaufa/dataset/all_images_captioning/Data 19 Batik Rahayu (Turonggo Yakso).jpg
Data 20 Batik Rahayu (Wiji Timun Suluran),Trenggalek,Wiji Timun Suluran,"FLORA (Bunga bouquet, sulur, cengkeh)","coklat sogan, hitam",Tulis,Primisima,Alam,Non-geometris,"Motif batik Wiji Timun Suluran menampilkan perpaduan bentuk biji timun (wiji timun) dengan suluran tanaman yang menjalar dan saling terhubung. Biji timun dalam tradisi Jawa melambangkan kesuburan, harapan, dan potensi kehidupan baru, sementara suluran tanaman menggambarkan kelenturan, kesinambungan, dan keterhubungan antar unsur kehidupan. Secara filosofis, motif ini mengajarkan tentang keselarasan hidup: bagaimana manusia harus menjaga keseimbangan dengan lingkungan, membangun hubungan yang rukun, serta senantiasa menumbuhkan kebaikan dalam kehidupan bersama.","Wiji Timun Suluran merupakan mahakarya kelas Batik Trenggalek dengan tata letak non-geometris. Warna yang digunakan adalah coklat sogan dan hitam, membentuk motif utama bunga bouquet, sulur, cengkeh. Dibuat dengan teknik tulis menggunakan pewarna alam pada kain Primisima. Secara filosofis, Motif batik Wiji Timun Suluran menampilkan perpaduan bentuk biji timun (wiji timun) dengan suluran tanaman yang menjalar dan saling terhubung. Biji timun dalam tradisi Jawa melambangkan kesuburan, harapan, dan potensi kehidupan baru, sementara suluran tanaman menggambarkan kelenturan, kesinambungan, dan keterhubungan antar unsur kehidupan. Secara filosofis, motif ini mengajarkan tentang keselarasan hidup: bagaimana manusia harus menjaga keseimbangan dengan lingkungan, membangun hubungan yang rukun, serta senantiasa menumbuhkan kebaikan dalam kehidupan bersama.","The batik fabric features the Trenggalek motif, characterized by sogan chocolate, black motifs. The dominant motifs include bouquet flowers, tendrils, cloves. The motifs are arranged in a non-geometric pattern across the fabric, creating a harmonious and balanced composition.",/mnt/extended-home/dzakaaufa/dataset/all_images_captioning/Data 20 Batik Rahayu (Wiji Timun Suluran).jpg
Data 21 Batik Rahayu (Kawung Kopi Pecah),Trenggalek,Kawung Kopi Pecah,"FLORA (Cengkeh,Biji kopi)","Oren, hitam",Tulis,Primisima,Sintetis,Geometris,"Terinspirasi dari kegiatan petani kopi saat memetik kopi di kebun. melambangkan pengorbanan dan kerja keras petani. Pola alami mencerminkan kesabaran, dedikasi, serta kehangatan","Kawung Kopi Pecah merupakan mahakarya kelas Batik Trenggalek dengan tata letak geometris. Warna yang digunakan adalah oren dan hitam, membentuk motif utama cengkeh,biji kopi. Dibuat dengan teknik tulis menggunakan pewarna sintetis pada kain Primisima. Secara filosofis, Terinspirasi dari kegiatan petani kopi saat memetik kopi di kebun. melambangkan pengorbanan dan kerja keras petani. Pola alami mencerminkan kesabaran, dedikasi, serta kehangatan","The batik fabric features the Trenggalek motif, characterized by orange, black motifs. The dominant motifs include cloves, coffee beans. The motifs are arranged in a geometric pattern across the fabric, creating a harmonious and balanced composition.",/mnt/extended-home/dzakaaufa/dataset/all_images_captioning/Data 21 Batik Rahayu (Kawung Kopi Pecah).jpg
Data 22 Batik Rahayu (Parang Janaka),Trenggalek,Parang Janaka,"CULTURE (Motif parang, kawung)","Hitam, Kuning Oker",Tulis,Primisima,Sintetis,Geometris,"Terinspirasi dari gurdo dalam relief candi yang melambangkan kekuatan, keberanian, ketangguhan, dan keseimbangan. Pola gagah mencerminkan semangat juang dan kebijaksanaan, menghadirkan harmoni antara kekuasaan dan kebajikan dalam setiap aspek kehidupan","Parang Janaka merupakan mahakarya kelas Batik Trenggalek dengan tata letak geometris. Warna yang digunakan adalah hitam dan kuning oker, membentuk motif utama motif parang, kawung. Dibuat dengan teknik tulis menggunakan pewarna sintetis pada kain Primisima. Secara filosofis, Terinspirasi dari gurdo dalam relief candi yang melambangkan kekuatan, keberanian, ketangguhan, dan keseimbangan. Pola gagah mencerminkan semangat juang dan kebijaksanaan, menghadirkan harmoni antara kekuasaan dan kebajikan dalam setiap aspek kehidupan","The batik fabric features the Trenggalek motif, characterized by black, ocher yellow motifs. The dominant motifs include machete motif, kawung. The motifs are arranged in a geometric pattern across the fabric, creating a harmonious and balanced composition.",/mnt/extended-home/dzakaaufa/dataset/all_images_captioning/Data 22 Batik Rahayu (Parang Janaka).jpg
Data 23 Batik Rahayu (Parang Rahayu),Trenggalek,Parang Rahayu,"FLORA (cengkeh, truntum) // CULTURE (Motif gurdo)","Coklat, coklat tua",Tulis,Primisima,Alam,Geometris,"Terinspirasi dari gurdo dalam relief candi yang melambangkan kekuatan, keberanian, ketangguhan, dan keseimbangan. Pola gagah mencerminkan semangat juang dan kebijaksanaan, menghadirkan harmoni antara kekuasaan dan kebajikan dalam setiap aspek kehidupan","Parang Rahayu merupakan mahakarya kelas Batik Trenggalek dengan tata letak geometris. Warna yang digunakan adalah coklat dan coklat tua, membentuk motif utama cengkeh, truntum dan motif gurdo. Dibuat dengan teknik tulis menggunakan pewarna alam pada kain Primisima. Secara filosofis, Terinspirasi dari gurdo dalam relief candi yang melambangkan kekuatan, keberanian, ketangguhan, dan keseimbangan. Pola gagah mencerminkan semangat juang dan kebijaksanaan, menghadirkan harmoni antara kekuasaan dan kebajikan dalam setiap aspek kehidupan","The batik fabric features the Trenggalek motif, characterized by chocolate, dark brown motifs. The dominant motifs include cloves, truntum and gurdo motif. The motifs are arranged in a geometric pattern across the fabric, creating a harmonious and balanced composition.",/mnt/extended-home/dzakaaufa/dataset/all_images_captioning/Data 23 Batik Rahayu (Parang Rahayu).jpg
Data 24 Batik Rahayu (Arjuna),Trenggalek,Arjuno,"CULTURE (Wayang, Motif kawung)","Coklat, coklat tua",Tulis,Primisima,Alam,Non-geometris,"Terinspirasi dari pertunjukan wayang kulit di desa. Pola dinamis mencerminkan kearifan lokal, nilai-nilai kehidupan, serta kehangatan kebersamaan dalam menikmati seni tradisional yang sarat makna dan filosofi.","Arjuno merupakan mahakarya kelas Batik Trenggalek dengan tata letak non-geometris. Warna yang digunakan adalah coklat dan coklat tua, membentuk motif utama wayang, motif kawung. Dibuat dengan teknik tulis menggunakan pewarna alam pada kain Primisima. Secara filosofis, Terinspirasi dari pertunjukan wayang kulit di desa. Pola dinamis mencerminkan kearifan lokal, nilai-nilai kehidupan, serta kehangatan kebersamaan dalam menikmati seni tradisional yang sarat makna dan filosofi.","The batik fabric features the Trenggalek motif, characterized by chocolate, dark brown motifs. The dominant motifs include wayang, kawung motif. The motifs are arranged in a non-geometric pattern across the fabric, creating a harmonious and balanced composition.",/mnt/extended-home/dzakaaufa/dataset/all_images_captioning/Data 24 Batik Rahayu (Arjuna).jpg
Data 25 Batik Rahayu (Sido Luhur),Trenggalek,Sido Luhur,CULTURE (Motif Gurdo),"Coklat, hitam",Tulis,Primisima,Sintetis,Non-geometris,"Mencerminkan keluhuran, keagungan, dan kehormatan melalui motif yang elegan dan simetris. Pola yang anggun melambangkan kebijaksanaan serta martabat tinggi, menghadirkan harapan akan kehidupan yang sejahtera dan bermakna bagi pemakainya","Sido Luhur merupakan mahakarya kelas Batik Trenggalek dengan tata letak non-geometris. Warna yang digunakan adalah coklat dan hitam, membentuk motif utama motif gurdo. Dibuat dengan teknik tulis menggunakan pewarna sintetis pada kain Primisima. Secara filosofis, Mencerminkan keluhuran, keagungan, dan kehormatan melalui motif yang elegan dan simetris. Pola yang anggun melambangkan kebijaksanaan serta martabat tinggi, menghadirkan harapan akan kehidupan yang sejahtera dan bermakna bagi pemakainya","The batik fabric features the Trenggalek motif, characterized by chocolate, black motifs. The dominant motifs include gurdo motif. The motifs are arranged in a non-geometric pattern across the fabric, creating a harmonious and balanced composition.",/mnt/extended-home/dzakaaufa/dataset/all_images_captioning/Data 25 Batik Rahayu (Sido Luhur).jpg
Data 26 Batik Rahayu (Sido Mukti Rahayu),Trenggalek,Sido Mukti Rahayu,"FLORA (bunga anggrek, cengkeh) // CULTURE (Motif sido mukti)",Sogan coklat,Tulis,Primisima,Sintetis,Non-geometris,"Menghadirkan motif yang melambangkan harapan, kebahagiaan, dan kebaikan. Pola harmonis mencerminkan keseimbangan hidup, keberuntungan, serta energi positif","Sido Mukti Rahayu merupakan mahakarya kelas Batik Trenggalek dengan tata letak non-geometris. Warna yang digunakan adalah sogan coklat, membentuk motif utama bunga anggrek, cengkeh dan motif sido mukti. Dibuat dengan teknik tulis menggunakan pewarna sintetis pada kain Primisima. Secara filosofis, Menghadirkan motif yang melambangkan harapan, kebahagiaan, dan kebaikan. Pola harmonis mencerminkan keseimbangan hidup, keberuntungan, serta energi positif","The batik fabric features the Trenggalek motif, characterized by chocolate sogan motifs. The dominant motifs include orchid flowers, cloves and sido mukti motif. The motifs are arranged in a non-geometric pattern across the fabric, creating a harmonious and balanced composition.",/mnt/extended-home/dzakaaufa/dataset/all_images_captioning/Data 26 Batik Rahayu (Sido Mukti Rahayu).jpg
Data 27 Batik Rahayu (Mustika Ayu),Trenggalek,Mustika Ayu,Flora (Bunga mahkota) // Kebudayaan (Motif kawung),"Coklat tua, coklat muda",Tulis,Primisima,Alam,Non-geometris,"Motif megah yang terinspirasi dari mahkota putri raja, melambangkan kejayaan dan kewibawaan. Pola anggun mencerminkan keagungan, kehormatan, serta kebijaksanaan dalam menjalani kehidupan yang penuh kemuliaan","Mustika Ayu merupakan mahakarya kelas Batik Trenggalek dengan tata letak non-geometris. Warna yang digunakan adalah coklat tua dan coklat muda, membentuk motif utama flora bunga mahkota dan kebudayaan motif kawung. Dibuat dengan teknik tulis menggunakan pewarna alam pada kain Primisima. Secara filosofis, Motif megah yang terinspirasi dari mahkota putri raja, melambangkan kejayaan dan kewibawaan. Pola anggun mencerminkan keagungan, kehormatan, serta kebijaksanaan dalam menjalani kehidupan yang penuh kemuliaan","The batik fabric features the Trenggalek motif, characterized by dark brown, light brown motifs. The dominant motifs include crown flower flora and kawung motif culture. The motifs are arranged in a non-geometric pattern across the fabric, creating a harmonious and balanced composition.",/mnt/extended-home/dzakaaufa/dataset/all_images_captioning/Data 27 Batik Rahayu (Mustika Ayu).jpg
Data 28 Batik Rahayu (Junjung Derajat Rahayu),Trenggalek,Junjung Derajat Rahayu,"Flora (bunga melati, cengkeh)","Tosca, merah",Tulis,Primisima,Sintetis,Geometris,"motif sakral yang melambangkan penghormatan kepada leluhur dan Sang Pencipta. Pola harmonis mencerminkan doa, kebijaksanaan, dan rasa syukur, menggambarkan ikatan spiritual yang abadi dalam kehidupan manusia.","Junjung Derajat Rahayu merupakan mahakarya kelas Batik Trenggalek dengan tata letak geometris. Warna yang digunakan adalah tosca dan merah, membentuk motif utama flora bunga melati, cengkeh. Dibuat dengan teknik tulis menggunakan pewarna sintetis pada kain Primisima. Secara filosofis, motif sakral yang melambangkan penghormatan kepada leluhur dan Sang Pencipta. Pola harmonis mencerminkan doa, kebijaksanaan, dan rasa syukur, menggambarkan ikatan spiritual yang abadi dalam kehidupan manusia.","The batik fabric features the Trenggalek motif, characterized by turquoise, red motifs. The dominant motifs include jasmine flower flora, cloves. The motifs are arranged in a geometric pattern across the fabric, creating a harmonious and balanced composition.",/mnt/extended-home/dzakaaufa/dataset/all_images_captioning/Data 28 Batik Rahayu (Junjung Derajat Rahayu).jpg
Data 29 Batik Rahayu (Udan Liris),Trenggalek,Udan Liris,Alam (Hujan),"Coklat, hitam",Tulis,Primisima,Sintetis,Geometris,"menggambarkan hujan rintik-rintik. Pola tetesan air tersusun harmonis melambangkan kesuburan, ketenangan, dan keseimbangan alam, menciptakan suasana damai yang merefleksikan hubungan erat manusia dengan lingkungan sekitarnya","Udan Liris merupakan mahakarya kelas Batik Trenggalek dengan tata letak geometris. Warna yang digunakan adalah coklat dan hitam, membentuk motif utama alam hujan. Dibuat dengan teknik tulis menggunakan pewarna sintetis pada kain Primisima. Secara filosofis, menggambarkan hujan rintik-rintik. Pola tetesan air tersusun harmonis melambangkan kesuburan, ketenangan, dan keseimbangan alam, menciptakan suasana damai yang merefleksikan hubungan erat manusia dengan lingkungan sekitarnya","The batik fabric features the Trenggalek motif, characterized by chocolate, black motifs. The dominant motifs include rainy nature. The motifs are arranged in a geometric pattern across the fabric, creating a harmonious and balanced composition.",/mnt/extended-home/dzakaaufa/dataset/all_images_captioning/Data 29 Batik Rahayu (Udan Liris).jpg
Data 1 Batik Soendari (Lereng Singa Kawung),Malang,Lereng Singa Kawung,"FLORA (Teratai/ Lotus/ 蓮花, Kopi/ Coffee/ コーヒー) // FAUNA (Singa/ Lion/ ライオン) ","Coklat/brown, Hijau/green",Cap,Katun Prima,Sintetis,Geometris,Kawung dan singa sebagai lambang dari Kerajaan Singosari (1222 - 1292). Motif kawung terinspirasi dari Arca Mahakala (Mahakala Statue) yang terdapat pada Candi Singosari. Arca ini merupakan simbol dewa waktu. Penempatan motif kawung pada batik ini menyimbolkan kejayaan kerajaan Singasari yang melintas zaman.,"Lereng Singa Kawung merupakan mahakarya kelas Batik Malang dengan tata letak geometris. Warna yang digunakan adalah coklat dan hijau, membentuk motif utama teratai dan singa. Dibuat dengan teknik cap menggunakan pewarna sintetis pada kain Katun Prima. Secara filosofis, Kawung dan singa sebagai lambang dari Kerajaan Singosari (1222 - 1292). Motif kawung terinspirasi dari Arca Mahakala (Mahakala Statue) yang terdapat pada Candi Singosari. Arca ini merupakan simbol dewa waktu. Penempatan motif kawung pada batik ini menyimbolkan kejayaan kerajaan Singasari yang melintas zaman.","The batik fabric features the Malang motif, characterized by brown, green motifs. The dominant motifs include lotus and lion. The motifs are arranged in a geometric pattern across the fabric, creating a harmonious and balanced composition.",/mnt/extended-home/dzakaaufa/dataset/all_images_captioning/Data 1 Batik Soendari (Lereng Singa Kawung).jpg
Data 2 Batik Soendari (Manyar Latar Trembesi),Malang,Manyar Latar Trembesi,FLORA (Trembesi/Rain Tree/ レインツリー) // FAUNA (Burung Manyar/Weaver Bird/ ハタオリドリ),"Tosca, Coklat/brown",Cap,Katun Prima,Sintetis,Non Geometris,"Burung Manyar merupakan simbol kreatifitas yang ditetapkan Pemerintah Kota Malang sebagai simbol kota Malang. Pohon Trembesi juga dianggap sebagai pohon pusaka di malang, karena memiliki nilai sejarah, pohon ini dibawa dari Amerika oleh bangsa Belanda. Pohon ini juga menyimbolkan kekuatan dan keteduhan.","Manyar Latar Trembesi merupakan mahakarya kelas Batik Malang dengan tata letak non geometris. Warna yang digunakan adalah tosca dan coklat, membentuk motif utama trembesi dan burung manyar. Dibuat dengan teknik cap menggunakan pewarna sintetis pada kain Katun Prima. Secara filosofis, Burung Manyar merupakan simbol kreatifitas yang ditetapkan Pemerintah Kota Malang sebagai simbol kota Malang. Pohon Trembesi juga dianggap sebagai pohon pusaka di malang, karena memiliki nilai sejarah, pohon ini dibawa dari Amerika oleh bangsa Belanda. Pohon ini juga menyimbolkan kekuatan dan keteduhan.","The batik fabric features the Malang motif, characterized by turquoise, brown motifs. The dominant motifs include rain tree and weaver bird. The motifs are arranged in a non-geometric pattern across the fabric, creating a harmonious and balanced composition.",/mnt/extended-home/dzakaaufa/dataset/all_images_captioning/Data 2 Batik Soendari (Manyar Latar Trembesi).jpg
Data 3 Batik Soendari (Padma Manyar),Malang,Padma Manyar (Teratai dan burung manyar),FLORA (Teratai/Lotus/ 蓮花) // FAUNA (Burung Manyar/Weaver Bird/ ハタオリドリ),"Biru/blue, Merah/red",Tulis,Katun Prima,Sintetis,Non Geometris,Warna biru yang dominan sebagai simbol dari Arema (Klub sepakbola Malang) dan merah yang menyimbolkan bunga teratai (yang banyak ditemukan di kolam Tugu kota malang),"Padma Manyar (Teratai dan burung manyar) merupakan mahakarya kelas Batik Malang dengan tata letak non geometris. Warna yang digunakan adalah biru dan merah, membentuk motif utama teratai dan burung manyar. Dibuat dengan teknik tulis menggunakan pewarna sintetis pada kain Katun Prima. Secara filosofis, Warna biru yang dominan sebagai simbol dari Arema (Klub sepakbola Malang) dan merah yang menyimbolkan bunga teratai (yang banyak ditemukan di kolam Tugu kota malang)","The batik fabric features the Malang motif, characterized by blue, red motifs. The dominant motifs include lotus and weaver bird. The motifs are arranged in a non-geometric pattern across the fabric, creating a harmonious and balanced composition.",/mnt/extended-home/dzakaaufa/dataset/all_images_captioning/Data 3 Batik Soendari (Padma Manyar).jpg
Data 4 Batik Soendari (Ikan Maskoki),Malang,Ikan Maskoki,FAUNA (Ikan Maskoki / Goldfish/ 金魚),"Biru Tua/dark blue, Cream, Merah Muda/Pink",Tulis,Sutra,Sintetis,Non Geometris,"Terinspirasi dari ikan maskoki yang menjadi lambang kesuksesan, keberlimpahan dan kekayaan pada kebudayaan Tionghoa","Ikan Maskoki merupakan mahakarya kelas Batik Malang dengan tata letak non geometris. Warna yang digunakan adalah biru tua dan cream dan merah muda, membentuk motif utama ikan maskoki. Dibuat dengan teknik tulis menggunakan pewarna sintetis pada kain Sutra. Secara filosofis, Terinspirasi dari ikan maskoki yang menjadi lambang kesuksesan, keberlimpahan dan kekayaan pada kebudayaan Tionghoa","The batik fabric features the Malang motif, characterized by dark blue, cream, pink motifs. The dominant motifs include goldfish. The motifs are arranged in a non-geometric pattern across the fabric, creating a harmonious and balanced composition.",/mnt/extended-home/dzakaaufa/dataset/all_images_captioning/Data 4 Batik Soendari (Ikan Maskoki).jpg
Data 5 Batik Soendari (Arca GanesCandra Kapalaha),Malang,(Arca GanesCandra Kapalaha),FLORA (Teratai / Lotus/ 蓮花) // CULTURE (Arca Ganesha / Ganesha Statue/ ガネーシャ像),Hijau Emerald,Cap,Katun Prima,Sintetis,Geometris,"Terinspirasi dari Ardha Candra Kapala, yang terdapat di atas arca Ganesha (berupa Batara Kala yang sedang menggigit bulan sabit sebagai simbol mata ketiga). Pemujaan kepada Ganesha (dewa perlindungan) disini menjadi bagian dari tradisi Budha Tantrayana.","(Arca GanesCandra Kapalaha) merupakan mahakarya kelas Batik Malang dengan tata letak geometris. Warna yang digunakan adalah hijau emerald, membentuk motif utama teratai dan arca ganesha. Dibuat dengan teknik cap menggunakan pewarna sintetis pada kain Katun Prima. Secara filosofis, Terinspirasi dari Ardha Candra Kapala, yang terdapat di atas arca Ganesha (berupa Batara Kala yang sedang menggigit bulan sabit sebagai simbol mata ketiga). Pemujaan kepada Ganesha (dewa perlindungan) disini menjadi bagian dari tradisi Budha Tantrayana.","The batik fabric features the Malang motif, characterized by emerald green motifs. The dominant motifs include lotus and ganesha statue. The motifs are arranged in a geometric pattern across the fabric, creating a harmonious and balanced composition.",/mnt/extended-home/dzakaaufa/dataset/all_images_captioning/Data 5 Batik Soendari (Arca GanesCandra Kapalaha).jpg
Data 6 Batik Soendari (Trembesi),Malang,Trembesi,FLORA (Trembesi / Rain Tree/ レインツリー),"Coklat/brown, Tosca",Cap,Katun Prima,Sintetis,Geometris,"terinspirasi dari pohon trembesi yang banyak terdapat di kota Malang. Kemudian pada tahun 2018, wakil walikota Malang menginstruksikan Trembesi sebagai pohon heritage di malang untuk jadi motif batik.","Trembesi merupakan mahakarya kelas Batik Malang dengan tata letak geometris. Warna yang digunakan adalah coklat dan tosca, membentuk motif utama trembesi. Dibuat dengan teknik cap menggunakan pewarna sintetis pada kain Katun Prima. Secara filosofis, terinspirasi dari pohon trembesi yang banyak terdapat di kota Malang. Kemudian pada tahun 2018, wakil walikota Malang menginstruksikan Trembesi sebagai pohon heritage di malang untuk jadi motif batik.","The batik fabric features the Malang motif, characterized by brown, turquoise motifs. The dominant motifs include rain tree. The motifs are arranged in a geometric pattern across the fabric, creating a harmonious and balanced composition.",/mnt/extended-home/dzakaaufa/dataset/all_images_captioning/Data 6 Batik Soendari (Trembesi).jpg
Data 7 Batik Soendari (Tugu Singa Lurik),Malang,Tugu Singa Lurik,FLORA (Teratai / Lotus/ 蓮花) // ARCHITECTURE (Tugu Malang / Malang Monument/ マランの記念像),"Biru/blue, Biru Muda/Bright blue",Cap,Katun Prima,Sintetis,Geometris,Warna biru sebagai simbol klub sepakbola Malang Arema. garis garis vertikal sebagai simbol harapan agar para ASN dapat menjalankan tugasnya dengan baik.,"Tugu Singa Lurik merupakan mahakarya kelas Batik Malang dengan tata letak geometris. Warna yang digunakan adalah biru dan biru muda, membentuk motif utama teratai dan tugu malang. Dibuat dengan teknik cap menggunakan pewarna sintetis pada kain Katun Prima. Secara filosofis, Warna biru sebagai simbol klub sepakbola Malang Arema. garis garis vertikal sebagai simbol harapan agar para ASN dapat menjalankan tugasnya dengan baik.","The batik fabric features the Malang motif, characterized by blue, bright blue motifs. The dominant motifs include lotus and malang monument. The motifs are arranged in a geometric pattern across the fabric, creating a harmonious and balanced composition.",/mnt/extended-home/dzakaaufa/dataset/all_images_captioning/Data 7 Batik Soendari (Tugu Singa Lurik).jpg
Data 8 Batik Soendari (Pagi Sore Lereng Apel),Malang,Pagi Sore Lereng Apel,FLORA (Apel / Apple/りんご) ,"Coklat/brown, Emas/gold",Cap,Katun Prima,Alam,Geometris,Malang adalah satu-satunya daerah di Indonesia yang memiliki perkebunan Apel. Oleh karena itu Apel menjadi salah satu ikon Malang.,"Pagi Sore Lereng Apel merupakan mahakarya kelas Batik Malang dengan tata letak geometris. Warna yang digunakan adalah coklat dan emas, membentuk motif utama apel. Dibuat dengan teknik cap menggunakan pewarna alam pada kain Katun Prima. Secara filosofis, Malang adalah satu-satunya daerah di Indonesia yang memiliki perkebunan Apel. Oleh karena itu Apel menjadi salah satu ikon Malang.","The batik fabric features the Malang motif, characterized by brown, gold motifs. The dominant motifs include apple. The motifs are arranged in a geometric pattern across the fabric, creating a harmonious and balanced composition.",/mnt/extended-home/dzakaaufa/dataset/all_images_captioning/Data 8 Batik Soendari (Pagi Sore Lereng Apel).jpg
Data 9 Batik Soendari (Lereng Sekartaji),Malang,Lereng Sekartaji,"CULTURE (Topeng / Traditional Mask/ 仮面, Air / Water/ 水)","Biru, Putih",Cap,Katun Prima,Sintetis,Geometris,"Pada perayaan kota Malang yang ke, topeng panji Sekartaji dipilih menjadi simbol kota Malang karena memiliki makna kesetiaan dan keberanian.","Lereng Sekartaji merupakan mahakarya kelas Batik Malang dengan tata letak geometris. Warna yang digunakan adalah biru dan putih, membentuk motif utama topeng. Dibuat dengan teknik cap menggunakan pewarna sintetis pada kain Katun Prima. Secara filosofis, Pada perayaan kota Malang yang ke, topeng panji Sekartaji dipilih menjadi simbol kota Malang karena memiliki makna kesetiaan dan keberanian.","The batik fabric features the Malang motif, characterized by blue, white motifs. The dominant motifs include traditional mask. The motifs are arranged in a geometric pattern across the fabric, creating a harmonious and balanced composition.",/mnt/extended-home/dzakaaufa/dataset/all_images_captioning/Data 9 Batik Soendari (Lereng Sekartaji).jpg
Data 10 Batik Soendari (Candi Badut Trembesi),Malang,Candi Badut Trembesi,"FLORA (Trembesi/Rain Tree/ レインツリー, Teratai/Lotus/ 蓮花蓮花) // ARCHITECTURE (Candi Badut/Badut Temple/ バドゥット寺院) // CULTURE (Sekartaji/Sekartaji Mask/ セカルタジ)","Ungu, Hitam",Tulis dan Cap,Katun Prima,Sintetis,Non Geometris,terinspirasi dari gerbang yang terdapat pada candi badut (candi peninggalan kerajaan Kanjuruhan abad ke 7). Gerbang tersebut dibuat lima buah untuk melambangkan lima kecamatan yang ada di kota Malang.,"Candi Badut Trembesi merupakan mahakarya kelas Batik Malang dengan tata letak non geometris. Warna yang digunakan adalah ungu dan hitam, membentuk motif utama trembesi, candi badut dan sekartaji. Dibuat dengan teknik tulis dan cap menggunakan pewarna sintetis pada kain Katun Prima. Secara filosofis, terinspirasi dari gerbang yang terdapat pada candi badut (candi peninggalan kerajaan Kanjuruhan abad ke 7). Gerbang tersebut dibuat lima buah untuk melambangkan lima kecamatan yang ada di kota Malang.","The batik fabric features the Malang motif, characterized by purple, black motifs. The dominant motifs include rain tree, badut temple and sekartaji mask. The motifs are arranged in a non-geometric pattern across the fabric, creating a harmonious and balanced composition.",/mnt/extended-home/dzakaaufa/dataset/all_images_captioning/Data 10 Batik Soendari (Candi Badut Trembesi).jpg
Data 11 Batik Soendari (Bantengan),Malang,Bantengan,FLORA (Teratai/Lotus/ 蓮花) // FAUNA (Banteng/Bull/ 雄牛) ,Peach (Pink Muda),Cap,Katun Prima,Sintetis,Geometris,Untuk memperkenalkan kesenian daerah Mberot atau Bantengan kepada masyarakat umum.,"Bantengan merupakan mahakarya kelas Batik Malang dengan tata letak geometris. Warna yang digunakan adalah peach (pink muda), membentuk motif utama teratai dan banteng. Dibuat dengan teknik cap menggunakan pewarna sintetis pada kain Katun Prima. Secara filosofis, Untuk memperkenalkan kesenian daerah Mberot atau Bantengan kepada masyarakat umum.","The batik fabric features the Malang motif, characterized by peach (light pink) motifs. The dominant motifs include lotus and bull. The motifs are arranged in a geometric pattern across the fabric, creating a harmonious and balanced composition.",/mnt/extended-home/dzakaaufa/dataset/all_images_captioning/Data 11 Batik Soendari (Bantengan).jpg
Data 12 Batik Soendari (Tugu Teratai),Malang,Tugu Teratai,"FLORA (Trembesi/Rain Tree/ レインツリー, Teratai/Lotus/ 蓮花) // ARCHITECTURE (Tugu Malang/Malang Statue/ マランの記念像)",Merah Terang/Bright Red,Cap,Katun Prima,Sintetis,Geometris,Terinspirasi dari tugu malang yang dikelilingi oleh tanaman teratai.,"Tugu Teratai merupakan mahakarya kelas Batik Malang dengan tata letak geometris. Warna yang digunakan adalah merah terang, membentuk motif utama trembesi dan tugu malang. Dibuat dengan teknik cap menggunakan pewarna sintetis pada kain Katun Prima. Secara filosofis, Terinspirasi dari tugu malang yang dikelilingi oleh tanaman teratai.","The batik fabric features the Malang motif, characterized by bright red motifs. The dominant motifs include rain tree and malang statue. The motifs are arranged in a geometric pattern across the fabric, creating a harmonious and balanced composition.",/mnt/extended-home/dzakaaufa/dataset/all_images_captioning/Data 12 Batik Soendari (Tugu Teratai).jpg
Data 13 Batik Soendari (Batik Kopi),Malang,Batik Kopi,"FLORA (Bunga Mawar/Rose/ バラの花, Biji Kopi/Coffee Beans/ コーヒー豆, Daun Kopi/Coffee Leaf/ コーヒーの葉)","Coklat, Putih",Tulis dan Cap,Katun Prima,Sintetis,Geometris,"Dibuat untuk pameran di festival kopi yang dilaksanakan di lapangan Banteng Jakarta, Juni 2022","Batik Kopi merupakan mahakarya kelas Batik Malang dengan tata letak geometris. Warna yang digunakan adalah coklat dan putih, membentuk motif utama bunga mawar. Dibuat dengan teknik tulis dan cap menggunakan pewarna sintetis pada kain Katun Prima. Secara filosofis, Dibuat untuk pameran di festival kopi yang dilaksanakan di lapangan Banteng Jakarta, Juni 2022","The batik fabric features the Malang motif, characterized by chocolate, white motifs. The dominant motifs include rose. The motifs are arranged in a geometric pattern across the fabric, creating a harmonious and balanced composition.",/mnt/extended-home/dzakaaufa/dataset/all_images_captioning/Data 13 Batik Soendari (Batik Kopi).jpg
Data 14 Batik Soendari (Bapang Bonpring),Malang,Bapang Bonpring,FLORA (Bambu/Bamboo/ 竹) // CULTURE (Topeng Bapang/Bapang Mask/ バパンの仮面),"Biru, Cream",Tulis,Primisima,Sintetis,Non Geometris,"Terinspirasi dari kebun bambu / arboretum bambu terbesar di Indonesia yang berada di Kecamatan Turen, kabupaten Malang. Motif bambu ini Dipadukan dengan topeng Bapang yang merupakan topeng yang paling sering muncul di pertunjukan topeng Malang","Bapang Bonpring merupakan mahakarya kelas Batik Malang dengan tata letak non geometris. Warna yang digunakan adalah biru dan cream, membentuk motif utama bambu dan topeng bapang. Dibuat dengan teknik tulis menggunakan pewarna sintetis pada kain Primisima. Secara filosofis, Terinspirasi dari kebun bambu / arboretum bambu terbesar di Indonesia yang berada di Kecamatan Turen, kabupaten Malang. Motif bambu ini Dipadukan dengan topeng Bapang yang merupakan topeng yang paling sering muncul di pertunjukan topeng Malang","The batik fabric features the Malang motif, characterized by blue, cream motifs. The dominant motifs include bamboo and bapang mask. The motifs are arranged in a non-geometric pattern across the fabric, creating a harmonious and balanced composition.",/mnt/extended-home/dzakaaufa/dataset/all_images_captioning/Data 14 Batik Soendari (Bapang Bonpring).jpg
Data 15 Batik Soendari (Sido Candra Kapala),Malang,Sido Candra Kapala,FLORA (Teratai/Lotus/ 蓮花) // CULTURE (Candra Kapala/ Candra Kapala/ チャンドラ・カパラ),"Coklat, Biru",Tulis,Primisima,Sintetis,Non Geometris,"Motif ardha candra kapala yang dikombinasikan dengan motif klasik sidomukti (motif batik dari keraton Solo) dan pengaruh dari batik Tulungagung-an. Secara keseluruhan, filosofis yang tertuang dalam batik ini ialah pencerahan.","Sido Candra Kapala merupakan mahakarya kelas Batik Malang dengan tata letak non geometris. Warna yang digunakan adalah coklat dan biru, membentuk motif utama teratai dan candra kapala. Dibuat dengan teknik tulis menggunakan pewarna sintetis pada kain Primisima. Secara filosofis, Motif ardha candra kapala yang dikombinasikan dengan motif klasik sidomukti (motif batik dari keraton Solo) dan pengaruh dari batik Tulungagung-an. Secara keseluruhan, filosofis yang tertuang dalam batik ini ialah pencerahan.","The batik fabric features the Malang motif, characterized by chocolate, blue motifs. The dominant motifs include lotus and candra kapala. The motifs are arranged in a non-geometric pattern across the fabric, creating a harmonious and balanced composition.",/mnt/extended-home/dzakaaufa/dataset/all_images_captioning/Data 15 Batik Soendari (Sido Candra Kapala).jpg
Data 16 Batik Soendari (Padma Manyar),Malang,Padma Manyar,FLORA (Teratai/Lotus/ 蓮花) // FAUNA (Burung Manyar/Weaver Bird/ ハタオリドリ),"Coklat, Merah",Tulis,Primisima,Sintetis,Non Geometris,"Burung Manyar disahkan menjadi ikon kota Malang pada tahun 2016. Berdasarkan Surat Keputusan Gubernur Jatim nomor 5225/16774/032/1996, burung istimewa dengan nama ilmiah Pioceus Manyar itu telah ditetapkan sebagai ciri khas fauna Kota Malang. Motif Manyar ini dikombinasikan dengan motif padma yang menjadi ikon dari batik Soendari.","Padma Manyar merupakan mahakarya kelas Batik Malang dengan tata letak non geometris. Warna yang digunakan adalah coklat dan merah, membentuk motif utama teratai dan burung manyar. Dibuat dengan teknik tulis menggunakan pewarna sintetis pada kain Primisima. Secara filosofis, Burung Manyar disahkan menjadi ikon kota Malang pada tahun 2016. Berdasarkan Surat Keputusan Gubernur Jatim nomor 5225/16774/032/1996, burung istimewa dengan nama ilmiah Pioceus Manyar itu telah ditetapkan sebagai ciri khas fauna Kota Malang. Motif Manyar ini dikombinasikan dengan motif padma yang menjadi ikon dari batik Soendari.","The batik fabric features the Malang motif, characterized by chocolate, red motifs. The dominant motifs include lotus and weaver bird. The motifs are arranged in a non-geometric pattern across the fabric, creating a harmonious and balanced composition.",/mnt/extended-home/dzakaaufa/dataset/all_images_captioning/Data 16 Batik Soendari (Padma Manyar).jpg
Data 17 Batik Soendari (Padma Gradasi),Malang,Padma Gradasi,FLORA (Teratai/Lotus/ 蓮花) ,"Hijau/Dark Green, Kuning",Tulis,Primisima,Sintetis,Non Geometris,Mengangkat Padma sebagai ikon kota Malang (tahun 2000an) yang dibuat dengan teknik gradasi.,"Padma Gradasi merupakan mahakarya kelas Batik Malang dengan tata letak non geometris. Warna yang digunakan adalah hijau dan kuning, membentuk motif utama teratai. Dibuat dengan teknik tulis menggunakan pewarna sintetis pada kain Primisima. Secara filosofis, Mengangkat Padma sebagai ikon kota Malang (tahun 2000an) yang dibuat dengan teknik gradasi.","The batik fabric features the Malang motif, characterized by dark green, yellow motifs. The dominant motifs include lotus. The motifs are arranged in a non-geometric pattern across the fabric, creating a harmonious and balanced composition.",/mnt/extended-home/dzakaaufa/dataset/all_images_captioning/Data 17 Batik Soendari (Padma Gradasi).jpg
Data 18 Batik Soendari (Padma),Malang,Padma,FLORA (Teratai/Lotus/ 蓮花)) ,"Biru gelap, Hijau",Tulis,Primisima,Sintetis,Non Geometris,Mengangkat ikon kota Malang yaitu Padma atau teratai.,"Padma merupakan mahakarya kelas Batik Malang dengan tata letak non geometris. Warna yang digunakan adalah biru gelap dan hijau, membentuk motif utama teratai. Dibuat dengan teknik tulis menggunakan pewarna sintetis pada kain Primisima. Secara filosofis, Mengangkat ikon kota Malang yaitu Padma atau teratai.","The batik fabric features the Malang motif, characterized by dark blue, green motifs. The dominant motifs include lotus. The motifs are arranged in a non-geometric pattern across the fabric, creating a harmonious and balanced composition.",/mnt/extended-home/dzakaaufa/dataset/all_images_captioning/Data 18 Batik Soendari (Padma).jpg
Data 19 Batik Soendari (Sekartaji Bonpring),Malang,Sekartaji Bonpring,FLORA (Bambu/Bamboo/ 竹) // CULTURE (Sekartaji/Sekartaji Mask/ セカルタジ仮面),"Kuning, Merah",Tulis,Prima,Sintetis,Non-Geometris,"Eksplorasi kekayaan Kab. Malang yang memiliki arboretum bambu terbesar di Indonesia. Motif ini dipadukan dengan topeng Sekartaji (topeng Dewi Sekartaji, putri raja Kediri, yang kerap muncul dalam pertunjukan tari topeng Malang)","Sekartaji Bonpring merupakan mahakarya kelas Batik Malang dengan tata letak non-geometris. Warna yang digunakan adalah kuning dan merah, membentuk motif utama bambu dan sekartaji. Dibuat dengan teknik tulis menggunakan pewarna sintetis pada kain Prima. Secara filosofis, Eksplorasi kekayaan Kab. Malang yang memiliki arboretum bambu terbesar di Indonesia. Motif ini dipadukan dengan topeng Sekartaji (topeng Dewi Sekartaji, putri raja Kediri, yang kerap muncul dalam pertunjukan tari topeng Malang)","The batik fabric features the Malang motif, characterized by yellow, red motifs. The dominant motifs include bamboo and sekartaji mask. The motifs are arranged in a non-geometric pattern across the fabric, creating a harmonious and balanced composition.",/mnt/extended-home/dzakaaufa/dataset/all_images_captioning/Data 19 Batik Soendari (Sekartaji Bonpring).jpg
Data 20 Batik Soendari (Ceplok Apel Singa),Malang,Ceplok Apel-Singa,FLORA (Apel/Apple/ りんご) // FAUNA (Singa/Lion/ ライオン),Coklat Kehijauan,Cap,Prima,Alam,Geometris,Mengkombinasikan ikon-ikon yang menggambarkan kota Malang seperti apel dan singa (arema) untuk menarik wisatawan.,"Ceplok Apel-Singa merupakan mahakarya kelas Batik Malang dengan tata letak geometris. Warna yang digunakan adalah coklat kehijauan, membentuk motif utama apel dan singa. Dibuat dengan teknik cap menggunakan pewarna alam pada kain Prima. Secara filosofis, Mengkombinasikan ikon-ikon yang menggambarkan kota Malang seperti apel dan singa (arema) untuk menarik wisatawan.","The batik fabric features the Malang motif, characterized by greenish brown motifs. The dominant motifs include apple and lion. The motifs are arranged in a geometric pattern across the fabric, creating a harmonious and balanced composition.",/mnt/extended-home/dzakaaufa/dataset/all_images_captioning/Data 20 Batik Soendari (Ceplok Apel Singa).jpg
Data 21 Batik Soendari (Teratai Truntum),Malang,Teratai Truntum,FLORA (Teratai/Lotus/ 蓮花)) ,"Hijau Muda/Bright green, Biru/blue",Cap,Prima,Sintetis,Geometris,Kombinasi motif khas Baik Soendari yaitu teratai dengan motif klasik truntum. Truntum dibuat oleh Permaisuri Pakubuwono IV yang sedang bersedih. Menjadi simbol dari hati yang berbunga-bunga.,"Teratai Truntum merupakan mahakarya kelas Batik Malang dengan tata letak geometris. Warna yang digunakan adalah hijau muda dan biru, membentuk motif utama teratai. Dibuat dengan teknik cap menggunakan pewarna sintetis pada kain Prima. Secara filosofis, Kombinasi motif khas Baik Soendari yaitu teratai dengan motif klasik truntum. Truntum dibuat oleh Permaisuri Pakubuwono IV yang sedang bersedih. Menjadi simbol dari hati yang berbunga-bunga.","The batik fabric features the Malang motif, characterized by bright green, blue motifs. The dominant motifs include lotus. The motifs are arranged in a geometric pattern across the fabric, creating a harmonious and balanced composition.",/mnt/extended-home/dzakaaufa/dataset/all_images_captioning/Data 21 Batik Soendari (Teratai Truntum).jpg
Data 22 Batik Soendari (Biota Laut),Malang,Biota Laut,"FLORA (Tanaman Laut/Sea Plants/海の植物 ) // FAUNA (Penyu/ SeaTurtle/ 亀, Gurita/Octopus/ 蛸, Ikan/Fish/ 魚) ","Biru Tua, Hitam",Cap,Prima,Sintetis,Non Geometris,Terinspirasi dari kawasan Malang Selatan yang banyak terdapat pantai sekaligus ingin mengangkat pesona laut Malang.,"Biota Laut merupakan mahakarya kelas Batik Malang dengan tata letak non geometris. Warna yang digunakan adalah biru tua dan hitam, membentuk motif utama tanaman laut dan penyu. Dibuat dengan teknik cap menggunakan pewarna sintetis pada kain Prima. Secara filosofis, Terinspirasi dari kawasan Malang Selatan yang banyak terdapat pantai sekaligus ingin mengangkat pesona laut Malang.","The batik fabric features the Malang motif, characterized by dark blue, black motifs. The dominant motifs include sea plants and seaturtle. The motifs are arranged in a non-geometric pattern across the fabric, creating a harmonious and balanced composition.",/mnt/extended-home/dzakaaufa/dataset/all_images_captioning/Data 22 Batik Soendari (Biota Laut).jpg
Data 23 Batik Soendari (Padma Latar Ceceg),Malang,Padma Latar Ceceg,"FLORA (Teratai/Lotus/ 蓮花)) // FAUNA (Kupu-kupu/Butterfly/蝶 , Burung Manyar/Weaver Bird/ ハタオリドリ)","Biru, Cream",Tulis,Katun Sutra,Sintetis,"Naturalis, Non Geometris",Padma/teratai sebagai ikon kota Malang. Menggambarkan lintas waktu/lintas zaman karena banyak dijumpai di Candi Singosari.,"Padma Latar Ceceg merupakan mahakarya kelas Batik Malang dengan tata letak naturalis, non geometris. Warna yang digunakan adalah biru dan cream, membentuk motif utama teratai dan kupu-kupu. Dibuat dengan teknik tulis menggunakan pewarna sintetis pada kain Katun Sutra. Secara filosofis, Padma/teratai sebagai ikon kota Malang. Menggambarkan lintas waktu/lintas zaman karena banyak dijumpai di Candi Singosari.","The batik fabric features the Malang motif, characterized by blue, cream motifs. The dominant motifs include lotus and butterfly. The motifs are arranged in a non-geometric pattern across the fabric, creating a harmonious and balanced composition.",/mnt/extended-home/dzakaaufa/dataset/all_images_captioning/Data 23 Batik Soendari (Padma Latar Ceceg).jpg
Data 24 Batik Soendari (Candi Badut),Malang,Candi Badut,FLORA (Teratai/Lotus/ 蓮花) ) // ARCHITECTURE (Candi Badut/Badut Temple),Oranye/orange,Cap,Prima,Sintetis,Geometris,terinspirasi dari gerbang yang terdapat pada candi badut (candi peninggalan kerajaan Kanjuruhan abad ke 7). Gerbang tersebut dibuat lima buah untuk melambangkan lima kecamatan yang ada di kota Malang. Pemilihan warna oranye untuk menunjukkan kesan hangat dan cerah,"Candi Badut merupakan mahakarya kelas Batik Malang dengan tata letak geometris. Warna yang digunakan adalah oranye, membentuk motif utama teratai dan candi badut. Dibuat dengan teknik cap menggunakan pewarna sintetis pada kain Prima. Secara filosofis, terinspirasi dari gerbang yang terdapat pada candi badut (candi peninggalan kerajaan Kanjuruhan abad ke 7). Gerbang tersebut dibuat lima buah untuk melambangkan lima kecamatan yang ada di kota Malang. Pemilihan warna oranye untuk menunjukkan kesan hangat dan cerah","The batik fabric features the Malang motif, characterized by orange motifs. The dominant motifs include lotus and badut temple. The motifs are arranged in a geometric pattern across the fabric, creating a harmonious and balanced composition.",/mnt/extended-home/dzakaaufa/dataset/all_images_captioning/Data 24 Batik Soendari (Candi Badut).jpg
Data 25 Batik Soendari (Teratai Sekartaji 3 Dimensi),Malang,Teratai Sekartaji 3 Dimensi,FLORA (Trembesi/Rain Tree/ レインツリー) // CULTURE (Sekartaji/Sekartaji Mask/セカルタジ仮面),Biru Tua/dark blue,Cap,prima,Sintetis,Geometris,Simbol dari perempuan yang bijaksana yang dipadukan dari teratai. Umumnya menjadi hiasan kepala topeng sekartaji,"Teratai Sekartaji 3 Dimensi merupakan mahakarya kelas Batik Malang dengan tata letak geometris. Warna yang digunakan adalah biru tua, membentuk motif utama trembesi dan sekartaji. Dibuat dengan teknik cap menggunakan pewarna sintetis pada kain prima. Secara filosofis, Simbol dari perempuan yang bijaksana yang dipadukan dari teratai. Umumnya menjadi hiasan kepala topeng sekartaji","The batik fabric features the Malang motif, characterized by dark blue motifs. The dominant motifs include rain tree and sekartaji mask. The motifs are arranged in a geometric pattern across the fabric, creating a harmonious and balanced composition.",/mnt/extended-home/dzakaaufa/dataset/all_images_captioning/Data 25 Batik Soendari (Teratai Sekartaji 3 Dimensi).jpg
Data 26 Batik Soendari (Teratai Tugu Kontemporer),Malang,Teratai Tugu Kontemporer,FLORA (Teratai/Lotus・蓮花・) // ARCHITECTURE (Tugu Malang/Malang Statue/マランの記念像,Merah/red,Tulis dan Cap,Prima,Sintetis,Non Geometris,"Kombinasi antara batik sekarjagad dan Tugu malang sebagai ikon kota Malang. Batik Sekarjagad adalah motif batik dari Solo dan Yogyakarta. Motif ini mengandung makna aneka rupa keindahan yang terjalin menjadi satu. Ada juga yang beranggapan bahwa Sekarjagad berasal dari kata ""kar"" dan ""jagad"" (Bahasa Jawa). ""kar"" berarti peta, ""jagad"" berarti ""dunia"" sehingga ""kar jagad"" melambangkan keragaman di seluruh dunia.","Teratai Tugu Kontemporer merupakan mahakarya kelas Batik Malang dengan tata letak non geometris. Warna yang digunakan adalah merah, membentuk motif utama teratai dan tugu malang. Dibuat dengan teknik tulis dan cap menggunakan pewarna sintetis pada kain Prima. Secara filosofis, Kombinasi antara batik sekarjagad dan Tugu malang sebagai ikon kota Malang. Batik Sekarjagad adalah motif batik dari Solo dan Yogyakarta. Motif ini mengandung makna aneka rupa keindahan yang terjalin menjadi satu. Ada juga yang beranggapan bahwa Sekarjagad berasal dari kata ""kar"" dan ""jagad"" (Bahasa Jawa). ""kar"" berarti peta, ""jagad"" berarti ""dunia"" sehingga ""kar jagad"" melambangkan keragaman di seluruh dunia.","The batik fabric features the Malang motif, characterized by red motifs. The dominant motifs include lotus・蓮花・ and malang statue. The motifs are arranged in a non-geometric pattern across the fabric, creating a harmonious and balanced composition.",/mnt/extended-home/dzakaaufa/dataset/all_images_captioning/Data 26 Batik Soendari (Teratai Tugu Kontemporer).jpg
Data 27 Batik Soendari (Sekartaji Latar Gede),Malang,Sekartaji Latar Gedeg,"CULTURE (Topeng Sekartaji/Sekartaji Mask/ セカルタジ仮面, Gedeg/ Gedeg/ ) ","Biru/blue, Hitam/Black",Cap,Prima,Sintetis,Geometris,"Batik ini memiliki latar utama anyaman bambu yang disebut ""gedeg"" (bahasa Jawa). Warna biru dipilih karena berasosiasi dengan Klub Sepakbola Malang ""Arema""","Sekartaji Latar Gedeg merupakan mahakarya kelas Batik Malang dengan tata letak geometris. Warna yang digunakan adalah biru dan hitam, membentuk motif utama topeng sekartaji. Dibuat dengan teknik cap menggunakan pewarna sintetis pada kain Prima. Secara filosofis, Batik ini memiliki latar utama anyaman bambu yang disebut ""gedeg"" (bahasa Jawa). Warna biru dipilih karena berasosiasi dengan Klub Sepakbola Malang ""Arema""","The batik fabric features the Malang motif, characterized by blue, black motifs. The dominant motifs include sekartaji mask. The motifs are arranged in a geometric pattern across the fabric, creating a harmonious and balanced composition.",/mnt/extended-home/dzakaaufa/dataset/all_images_captioning/Data 27 Batik Soendari (Sekartaji Latar Gede).jpg
Data 28 Batik Soendari (Sekartaji Latar Daun Bambu),Malang,Sekartaji Latar Daun Bambu,FLORA (Daun Bambu/Bamboo Leaf) // CULTURE (Sekartaji/Sekartaji Mask),Merah/red,Cap,Prima,Sintetis,Geometris,"Sekartaji sebagai simbol perempuan tangguh dikombinasikan dengan bambu yang digambarkan fleksibel namun kuat, cocok dengan sifat Sekartaji.","Sekartaji Latar Daun Bambu merupakan mahakarya kelas Batik Malang dengan tata letak geometris. Warna yang digunakan adalah merah, membentuk motif utama daun bambu dan sekartaji. Dibuat dengan teknik cap menggunakan pewarna sintetis pada kain Prima. Secara filosofis, Sekartaji sebagai simbol perempuan tangguh dikombinasikan dengan bambu yang digambarkan fleksibel namun kuat, cocok dengan sifat Sekartaji.","The batik fabric features the Malang motif, characterized by red motifs. The dominant motifs include bamboo leaf and sekartaji mask. The motifs are arranged in a geometric pattern across the fabric, creating a harmonious and balanced composition.",/mnt/extended-home/dzakaaufa/dataset/all_images_captioning/Data 28 Batik Soendari (Sekartaji Latar Daun Bambu).jpg
Data 29 Batik Soendari (Sekartaji Latar Kawung),Malang,Sekartaji Latar Kawung,"CULTURE (Sekartaji/Sekartaji Mask/ , Kawung)","Hitam/Black, Putih/White",Cap,Prima,Sintetis,Geometris,Eksplorasi dari cerita Sekartaji dengan latar Kerajaan Jenggala dan Kediri yang disatukan setelah berperang (Narasi Sejarah Kerajaan).,"Sekartaji Latar Kawung merupakan mahakarya kelas Batik Malang dengan tata letak geometris. Warna yang digunakan adalah hitam dan putih, membentuk motif utama sekartaji. Dibuat dengan teknik cap menggunakan pewarna sintetis pada kain Prima. Secara filosofis, Eksplorasi dari cerita Sekartaji dengan latar Kerajaan Jenggala dan Kediri yang disatukan setelah berperang (Narasi Sejarah Kerajaan).","The batik fabric features the Malang motif, characterized by black, white motifs. The dominant motifs include sekartaji mask. The motifs are arranged in a geometric pattern across the fabric, creating a harmonious and balanced composition.",/mnt/extended-home/dzakaaufa/dataset/all_images_captioning/Data 29 Batik Soendari (Sekartaji Latar Kawung).jpg
Data 30 Batik Soendari (Noni Latar Gedeg),Malang,Noni Latar Gedeg,HISTORY (Noni Belanda/Dutch Lady),Coklat/Brown,Cap,Prima,Sintetis,Geometris,"Di Malang banyak terdapat peninggalan zaman kolonial belanda seperti rumah dan gereja. Sementara ""gedeg"" atau dinding rumah yang terbuat dari anyaman bambu biasa ditemukan di rumah tradisional jawa. Penggabungan dua motif ini menunjukkan akulturasi budaya yang juga bernilai sejarah.","Noni Latar Gedeg merupakan mahakarya kelas Batik Malang dengan tata letak geometris. Warna yang digunakan adalah coklat, membentuk motif utama noni belanda. Dibuat dengan teknik cap menggunakan pewarna sintetis pada kain Prima. Secara filosofis, Di Malang banyak terdapat peninggalan zaman kolonial belanda seperti rumah dan gereja. Sementara ""gedeg"" atau dinding rumah yang terbuat dari anyaman bambu biasa ditemukan di rumah tradisional jawa. Penggabungan dua motif ini menunjukkan akulturasi budaya yang juga bernilai sejarah.","The batik fabric features the Malang motif, characterized by brown motifs. The dominant motifs include dutch lady. The motifs are arranged in a geometric pattern across the fabric, creating a harmonious and balanced composition.",/mnt/extended-home/dzakaaufa/dataset/all_images_captioning/Data 30 Batik Soendari (Noni Latar Gedeg).jpg
Data 31 Batik Soendari (Bunga Apel),Malang,Bunga Apel,FLORA (Bunga Apel/Apple Leaf),Merah tua/Dark Red,Cap,Prima,Sintetis,Geometris,Terinspirasi dari Apel Malang yang terkenal,"Bunga Apel merupakan mahakarya kelas Batik Malang dengan tata letak geometris. Warna yang digunakan adalah merah tua, membentuk motif utama bunga apel. Dibuat dengan teknik cap menggunakan pewarna sintetis pada kain Prima. Secara filosofis, Terinspirasi dari Apel Malang yang terkenal","The batik fabric features the Malang motif, characterized by dark red motifs. The dominant motifs include apple leaf. The motifs are arranged in a geometric pattern across the fabric, creating a harmonious and balanced composition.",/mnt/extended-home/dzakaaufa/dataset/all_images_captioning/Data 31 Batik Soendari (Bunga Apel).jpg
Data 32 Batik Soendari (Bunga Apel),Malang,Bunga Apel,CULTURE (Naga/Dragon),"Biru/Blue, Putih/White",Cap,Prima,Sintetis,Geometris,"Kombinasi dua motif yaitu 'Kawung"", sebuah motif batik klasik yang menjadi ciri khas kerajaan Singosari dipadu dengan ""naga"", yang terdapat pada ukiran candi jawi di pasuruan, jawa Timur. Candi ini didedikasikan untuk raja terakhir kerajaan Singosari yairu Raja Kertanegara (1268-1292)","Bunga Apel merupakan mahakarya kelas Batik Malang dengan tata letak geometris. Warna yang digunakan adalah biru dan putih, membentuk motif utama naga. Dibuat dengan teknik cap menggunakan pewarna sintetis pada kain Prima. Secara filosofis, Kombinasi dua motif yaitu 'Kawung"", sebuah motif batik klasik yang menjadi ciri khas kerajaan Singosari dipadu dengan ""naga"", yang terdapat pada ukiran candi jawi di pasuruan, jawa Timur. Candi ini didedikasikan untuk raja terakhir kerajaan Singosari yairu Raja Kertanegara (1268-1292)","The batik fabric features the Malang motif, characterized by blue, white motifs. The dominant motifs include dragon. The motifs are arranged in a geometric pattern across the fabric, creating a harmonious and balanced composition.",/mnt/extended-home/dzakaaufa/dataset/all_images_captioning/Data 32 Batik Soendari (Bunga Apel).jpg
Data 33 Batik Soendari (Garudeya Latar Kawung),Malang,Garudeya Latar Kawung,"CULTURE (Garudeya, Kawung)","Merah/red, Putih/White",Cap,Prima,Sintetis,Geometris,"Garudeya adalah ornamen yang terdapat di candi Kidal, Kecamatan Tumpang, Kabupaten Malang. Candi Kidal dibangun pada tahun 1284 M sebagai bentuk penghormatan kepada raja kedua kerajaan Singasari, Raja Anusapati. Pada bagian bawah candi terdapat relief garudeya (Garuda) dimana legenda ini menceritakan bakti seorang anak yang melakukan pembebasan perbudakan ibunya. Terinspirasi dari kisah tersebut, motif batik ini dibuat sebagai tema perayaan ke 10 tahun galeri batik ""Soendari' yaitu ""bakti anak terhadap ibu"".","Garudeya Latar Kawung merupakan mahakarya kelas Batik Malang dengan tata letak geometris. Warna yang digunakan adalah merah dan putih, membentuk motif utama garudeya, kawung. Dibuat dengan teknik cap menggunakan pewarna sintetis pada kain Prima. Secara filosofis, Garudeya adalah ornamen yang terdapat di candi Kidal, Kecamatan Tumpang, Kabupaten Malang. Candi Kidal dibangun pada tahun 1284 M sebagai bentuk penghormatan kepada raja kedua kerajaan Singasari, Raja Anusapati. Pada bagian bawah candi terdapat relief garudeya (Garuda) dimana legenda ini menceritakan bakti seorang anak yang melakukan pembebasan perbudakan ibunya. Terinspirasi dari kisah tersebut, motif batik ini dibuat sebagai tema perayaan ke 10 tahun galeri batik ""Soendari' yaitu ""bakti anak terhadap ibu"".","The batik fabric features the Malang motif, characterized by red, white motifs. The dominant motifs include garudeya, kawung. The motifs are arranged in a geometric pattern across the fabric, creating a harmonious and balanced composition.",/mnt/extended-home/dzakaaufa/dataset/all_images_captioning/Data 33 Batik Soendari (Garudeya Latar Kawung).jpg
Data 34 Batik Soendari (Teratai Trembesi 3 Dimensi),Malang,Teratai Trembesi 3 Dimensi,"FLORA (Trembesi/Rain Tree/ , Teratai/Lotus)","Merah muda/pink, Cream",Cap,Prima,Sintetis,Non Geometris,gambaran suasana alun-alun tugu Kota Malang yang dikelilingi tanaman teratai dan pohon trembesi.,"Teratai Trembesi 3 Dimensi merupakan mahakarya kelas Batik Malang dengan tata letak non geometris. Warna yang digunakan adalah merah muda dan cream, membentuk motif utama trembesi. Dibuat dengan teknik cap menggunakan pewarna sintetis pada kain Prima. Secara filosofis, gambaran suasana alun-alun tugu Kota Malang yang dikelilingi tanaman teratai dan pohon trembesi.","The batik fabric features the Malang motif, characterized by pink, cream motifs. The dominant motifs include rain tree. The motifs are arranged in a non-geometric pattern across the fabric, creating a harmonious and balanced composition.",/mnt/extended-home/dzakaaufa/dataset/all_images_captioning/Data 34 Batik Soendari (Teratai Trembesi 3 Dimensi).jpg
Data 1 Batik Krajan (Kopi),Malang,Kopi,FLORA (Biji kopi/Coffee Beans/コーヒー豆),"Coklat/Brown/茶色, Putih/White/白い",Tulis,Katun Primisima,Sintetis,Non Geometris,"Motif batik ini terinspirasi dari tren menjamurnya kafe, mencerminkan suasana santai yang penuh kreativitas, khas budaya ngopi masa kini. Pola desain menggabungkan elemen-elemen ikonik seperti cangkir kopi beruap, biji kopi. Batik ini tidak hanya menjadi representasi gaya hidup modern, tetapi juga simbol harmonisasi antara tradisi dan tren kontemporer.","Kopi merupakan mahakarya kelas Batik Malang dengan tata letak non geometris. Warna yang digunakan adalah coklat dan putih, membentuk motif utama biji kopi. Dibuat dengan teknik tulis menggunakan pewarna sintetis pada kain Katun Primisima. Secara filosofis, Motif batik ini terinspirasi dari tren menjamurnya kafe, mencerminkan suasana santai yang penuh kreativitas, khas budaya ngopi masa kini. Pola desain menggabungkan elemen-elemen ikonik seperti cangkir kopi beruap, biji kopi. Batik ini tidak hanya menjadi representasi gaya hidup modern, tetapi juga simbol harmonisasi antara tradisi dan tren kontemporer.","The batik fabric features the Malang motif, characterized by brown, white motifs. The dominant motifs include coffee beans. The motifs are arranged in a non-geometric pattern across the fabric, creating a harmonious and balanced composition.",/mnt/extended-home/dzakaaufa/dataset/all_images_captioning/Data 1 Batik Krajan (Kopi).jpg
Data 2 Batik Krajan (Truntum Garudeya),Malang,Truntum Garudeya,FLORA (Bunga/Flower/花) // CULTURE (Garudeya/ガルデヤ),"Hitam/Black/黒い, Putih/White/白い",Tulis dan cap,Katun Primisima,Sintetis,Non Geometris,Pembuatan motif batik atas permintaan Pemerintah Kabupaten Malang (motif Garudeya/garuda dipatenkan oleh pemerintah kab. malang pada tahun 2023 sebagai ikon unggulan kabupaten Malang),"Truntum Garudeya merupakan mahakarya kelas Batik Malang dengan tata letak non geometris. Warna yang digunakan adalah hitam dan putih, membentuk motif utama bunga dan garudeya. Dibuat dengan teknik tulis dan cap menggunakan pewarna sintetis pada kain Katun Primisima. Secara filosofis, Pembuatan motif batik atas permintaan Pemerintah Kabupaten Malang (motif Garudeya/garuda dipatenkan oleh pemerintah kab. malang pada tahun 2023 sebagai ikon unggulan kabupaten Malang)","The batik fabric features the Malang motif, characterized by black, white motifs. The dominant motifs include flower and ガルデヤ. The motifs are arranged in a non-geometric pattern across the fabric, creating a harmonious and balanced composition.",/mnt/extended-home/dzakaaufa/dataset/all_images_captioning/Data 2 Batik Krajan (Truntum Garudeya).jpg
Data 3 Batik Krajan (Bunga Terompet Garudeya),Malang,Bunga Terompet Garudeya,"FLORA (Bunga Terompet/Trumpet Flower/ダチュラ, Daun Bunga Terompet/Trumpet Flower Leaf/ダチュラの葉, Bunga Terompet Batang/Trumpet Flower Stem/ダチュラ) // CULTURE (Garudeya/ガルデヤ)","Hitam/Black/黒い, Kuning/Yellow/黄色",Tulis,Katun Primisima,Sintetis,Non Geometris,Pembuatan motif batik atas permintaan Pemerintah Kabupaten Malang (motif Garudeya/garuda dipatenkan oleh pemerintah kab. malang pada tahun 2023 sebagai ikon unggulan kabupaten Malang) untuk even DEKRANASDA fest. Motif ini dipadukan dengan bunga terompet yang banyak terdapat di desa Krajan.,"Bunga Terompet Garudeya merupakan mahakarya kelas Batik Malang dengan tata letak non geometris. Warna yang digunakan adalah hitam dan kuning, membentuk motif utama bunga terompet dan garudeya. Dibuat dengan teknik tulis menggunakan pewarna sintetis pada kain Katun Primisima. Secara filosofis, Pembuatan motif batik atas permintaan Pemerintah Kabupaten Malang (motif Garudeya/garuda dipatenkan oleh pemerintah kab. malang pada tahun 2023 sebagai ikon unggulan kabupaten Malang) untuk even DEKRANASDA fest. Motif ini dipadukan dengan bunga terompet yang banyak terdapat di desa Krajan.","The batik fabric features the Malang motif, characterized by black, yellow motifs. The dominant motifs include trumpet flower and ガルデヤ. The motifs are arranged in a non-geometric pattern across the fabric, creating a harmonious and balanced composition.",/mnt/extended-home/dzakaaufa/dataset/all_images_captioning/Data 3 Batik Krajan (Bunga Terompet Garudeya).jpg
Data 4 Batik Krajan (Bunga Mega Mendung),Malang,Bunga Mega Mendung,FLORA (Bunga/Flower/花) // FAUNA (Sepasang burung Merak/a pair of Peacocks/孔雀) // CULTURE (Motif Awan Mega Mendung/Awan Mega Mendung pattern/ メガ・ムンドゥンの雲文様),"Coklat/Brown/茶色, Putih/White/白い",Tulis,Katun Primisima,Sintetis,Non Geometris,"Motif batik ini dibuat berdasarkan permintaan dari Perum BULOG (badan urusan logistik, badan usaha milik negara yang mengurusi masalah pangan)","Bunga Mega Mendung merupakan mahakarya kelas Batik Malang dengan tata letak non geometris. Warna yang digunakan adalah coklat dan putih, membentuk motif utama bunga, sepasang burung merak dan motif awan mega mendung. Dibuat dengan teknik tulis menggunakan pewarna sintetis pada kain Katun Primisima. Secara filosofis, Motif batik ini dibuat berdasarkan permintaan dari Perum BULOG (badan urusan logistik, badan usaha milik negara yang mengurusi masalah pangan)","The batik fabric features the Malang motif, characterized by brown, white motifs. The dominant motifs include flower, a pair of peacocks and awan mega mendung pattern. The motifs are arranged in a non-geometric pattern across the fabric, creating a harmonious and balanced composition.",/mnt/extended-home/dzakaaufa/dataset/all_images_captioning/Data 4 Batik Krajan (Bunga Mega Mendung).jpg
Data 5 Batik Krajan (Bunga Sepatu),Malang,Bunga Sepatu,FLORA (Bunga Sepatu/ Hibiscus/ ハイビスカス) ,"Biru Navy/Navy Blue/ネイビーブルー, Putih/White/白い",Tulis,Katun Primisima,Natural Strobilanthes,Non Geometris,"Motif ini terinspirasi dari studi banding di Yogyakarta tentang pewarna alam indigo blue. Warna biru alami menciptakan kesan elegan dan klasik, dipadukan dengan pola organik yang mencerminkan harmoni alam","Bunga Sepatu merupakan mahakarya kelas Batik Malang dengan tata letak non geometris. Warna yang digunakan adalah biru navy dan putih, membentuk motif utama bunga sepatu. Dibuat dengan teknik tulis menggunakan pewarna natural strobilanthes pada kain Katun Primisima. Secara filosofis, Motif ini terinspirasi dari studi banding di Yogyakarta tentang pewarna alam indigo blue. Warna biru alami menciptakan kesan elegan dan klasik, dipadukan dengan pola organik yang mencerminkan harmoni alam","The batik fabric features the Malang motif, characterized by navy blue, white motifs. The dominant motifs include hibiscus. The motifs are arranged in a non-geometric pattern across the fabric, creating a harmonious and balanced composition.",/mnt/extended-home/dzakaaufa/dataset/all_images_captioning/Data 5 Batik Krajan (Bunga Sepatu).jpg
Data 6 batik Krajan (Bunga Ploso),Malang,Bunga Ploso,FLORA (Bunga Ploso/Palasa Flower/ モノスペルマの花),"Coklat/Brown/茶色, Oranye/Orange/オレンジ",Tulis,Tenun Gedog,Sintetis,Non Geometris,Motif bunga Ploso (Palasa Flower) yang menjadi Ikon Kecamatan Karangploso karena tanaman ini banyak ditemukan di sini.,"Bunga Ploso merupakan mahakarya kelas Batik Malang dengan tata letak non geometris. Warna yang digunakan adalah coklat dan oranye, membentuk motif utama bunga ploso. Dibuat dengan teknik tulis menggunakan pewarna sintetis pada kain Tenun Gedog. Secara filosofis, Motif bunga Ploso (Palasa Flower) yang menjadi Ikon Kecamatan Karangploso karena tanaman ini banyak ditemukan di sini.","The batik fabric features the Malang motif, characterized by brown, orange motifs. The dominant motifs include palasa flower. The motifs are arranged in a non-geometric pattern across the fabric, creating a harmonious and balanced composition.",/mnt/extended-home/dzakaaufa/dataset/all_images_captioning/Data 6 batik Krajan (Bunga Ploso).jpg
Data 7 Batik Krajan (Bunga Sepatu),Malang,Bunga Sepatu,"FLORA (Bunga Sepatu/Hibiscus/ハイビスカス, Daun Bunga Sepatu/Hibiscus Leaf/ハイビスカスの葉, Ranting Bunga Sepatu/Hibiscus Twig/ハイビスカスの枝)","Hitam/Black/黒い, Coklat/Brown/茶色",Tulis,Katun Primisima,Sintetis,Non Geometris,"Motif ini lahir dari kreativitas di tengah pandemi COVID-19, terinspirasi dari bunga bermekaran di halaman, sebagai simbol harapan dan ketahanan.","Bunga Sepatu merupakan mahakarya kelas Batik Malang dengan tata letak non geometris. Warna yang digunakan adalah hitam dan coklat, membentuk motif utama bunga sepatu. Dibuat dengan teknik tulis menggunakan pewarna sintetis pada kain Katun Primisima. Secara filosofis, Motif ini lahir dari kreativitas di tengah pandemi COVID-19, terinspirasi dari bunga bermekaran di halaman, sebagai simbol harapan dan ketahanan.","The batik fabric features the Malang motif, characterized by black, brown motifs. The dominant motifs include hibiscus. The motifs are arranged in a non-geometric pattern across the fabric, creating a harmonious and balanced composition.",/mnt/extended-home/dzakaaufa/dataset/all_images_captioning/Data 7 Batik Krajan (Bunga Sepatu).jpg
Data 8 Batik Krajan (Sekar Jagad),Malang,Sekar Jagad,"FLORA (Biji kopi/Coffee Beans, Bunga Mawar/Rose/薔薇, ukel-ukel) // FAUNA (Burung pipit/sparrows/雀)","Coklat/Brown/茶色, Merah Bata/Dark Red/濃い赤",Cap,Katun Prima,Sintetis,Geometris,"Motif ini tercipta di masa pandemi sebagai ekspresi kreativitas, menggabungkan keindahan sekar jagad, bunga, dan kopmenghadirkan batik penuh makna yang merefleksikan semangat bertahan dan berkarya.","Sekar Jagad merupakan mahakarya kelas Batik Malang dengan tata letak geometris. Warna yang digunakan adalah coklat dan merah bata, membentuk motif utama biji kopi dan burung pipit. Dibuat dengan teknik cap menggunakan pewarna sintetis pada kain Katun Prima. Secara filosofis, Motif ini tercipta di masa pandemi sebagai ekspresi kreativitas, menggabungkan keindahan sekar jagad, bunga, dan kopmenghadirkan batik penuh makna yang merefleksikan semangat bertahan dan berkarya.","The batik fabric features the Malang motif, characterized by brown, dark red motifs. The dominant motifs include coffee beans, bunga mawar and sparrows. The motifs are arranged in a geometric pattern across the fabric, creating a harmonious and balanced composition.",/mnt/extended-home/dzakaaufa/dataset/all_images_captioning/Data 8 Batik Krajan (Sekar Jagad).jpg
Data 9 Batik Krajan (Bangau Terbang),Malang,Bangau Terbang,FAUNA (Burung Bangau/Stork/鸛) // NATURE (Awan/Cloud/曇り),"Ungu/Purple/紫, Biru/Blue/青い",Tulis,Katun primisima,Sintetis,Non Geometris,"Motif batik ini terinspirasi dari burung bangau yang terlihat di sawah Desa Karangploso. Dengan sentuhan artistik, desain ini mencerminkan harmoni antara kehidupan tradisional dan keindahan alam.","Bangau Terbang merupakan mahakarya kelas Batik Malang dengan tata letak non geometris. Warna yang digunakan adalah ungu dan biru, membentuk motif utama burung bangau dan awan. Dibuat dengan teknik tulis menggunakan pewarna sintetis pada kain Katun primisima. Secara filosofis, Motif batik ini terinspirasi dari burung bangau yang terlihat di sawah Desa Karangploso. Dengan sentuhan artistik, desain ini mencerminkan harmoni antara kehidupan tradisional dan keindahan alam.","The batik fabric features the Malang motif, characterized by purple, blue motifs. The dominant motifs include stork and cloud. The motifs are arranged in a non-geometric pattern across the fabric, creating a harmonious and balanced composition.",/mnt/extended-home/dzakaaufa/dataset/all_images_captioning/Data 9 Batik Krajan (Bangau Terbang).jpg
Data 10 Batik Krajan (Parang Lombok),Malang,Parang lombok,FLORA (Tanaman Cabe/Chili Plant/蕃椒) // CULTURE (Motif Klasik/Classic Pattern/ 古典文様),"Merah/red/赤い, Hitam/Black/黒い",Tulis,Katun primisima,Sintetis,Non Geometris,Inspirasi motif bersumber dari Icon Desa Mbocek Kecamatan Karangploso dengan isian motif tanaman Lombok,"Parang lombok merupakan mahakarya kelas Batik Malang dengan tata letak non geometris. Warna yang digunakan adalah merah dan hitam, membentuk motif utama tanaman cabe dan motif klasik. Dibuat dengan teknik tulis menggunakan pewarna sintetis pada kain Katun primisima. Secara filosofis, Inspirasi motif bersumber dari Icon Desa Mbocek Kecamatan Karangploso dengan isian motif tanaman Lombok","The batik fabric features the Malang motif, characterized by red, black motifs. The dominant motifs include chili plant and classic pattern. The motifs are arranged in a non-geometric pattern across the fabric, creating a harmonious and balanced composition.",/mnt/extended-home/dzakaaufa/dataset/all_images_captioning/Data 10 Batik Krajan (Parang Lombok).jpg
Data 11 Batik Krajan (Ukel-ukel),Malang,Ukel-ukel,FLORA (Tanaman sekulen tasbih/String of Pearls/ グリーンネックレス),Biru Navy/Navy Blue/ネイビーブルー,Cap,Katun primisima,Sintetis,Geometris,"Motif Ukel adalah motif modern yang terinspirasi dari tumbuhan menjalar, melambangkan pertumbuhan dan keindahan alami. Pola ukel-ukel juga sering diasosiasikan dengan rambut melingkar, menciptakan kesan dinamis, elegan, dan harmonis","Ukel-ukel merupakan mahakarya kelas Batik Malang dengan tata letak geometris. Warna yang digunakan adalah biru navy, membentuk motif utama tanaman sekulen tasbih. Dibuat dengan teknik cap menggunakan pewarna sintetis pada kain Katun primisima. Secara filosofis, Motif Ukel adalah motif modern yang terinspirasi dari tumbuhan menjalar, melambangkan pertumbuhan dan keindahan alami. Pola ukel-ukel juga sering diasosiasikan dengan rambut melingkar, menciptakan kesan dinamis, elegan, dan harmonis","The batik fabric features the Malang motif, characterized by navy blue motifs. The dominant motifs include string of pearls. The motifs are arranged in a geometric pattern across the fabric, creating a harmonious and balanced composition.",/mnt/extended-home/dzakaaufa/dataset/all_images_captioning/Data 11 Batik Krajan (Ukel-ukel).jpg
Data 12 Batik Krajan (Parang Garudeya Truntum),Malang,Parang Garudeya Truntum,FLORA (Bunga Truntum/トゥルントゥム文様) // CULTURE (Garudeya/ガルデヤ),"Hijau army/Army Green/グリーンアーミー, Merah/Red/赤い",Cap,Katun prima,Sintetis,Non Geometris,Pembuatan motif ini secara khusus dirancang untuk event dekranasda fest pada bulan desember 2024,"Parang Garudeya Truntum merupakan mahakarya kelas Batik Malang dengan tata letak non geometris. Warna yang digunakan adalah hijau army dan merah, membentuk motif utama bunga truntum dan garudeya. Dibuat dengan teknik cap menggunakan pewarna sintetis pada kain Katun prima. Secara filosofis, Pembuatan motif ini secara khusus dirancang untuk event dekranasda fest pada bulan desember 2024","The batik fabric features the Malang motif, characterized by army green, red motifs. The dominant motifs include トゥルントゥム文様 and ガルデヤ. The motifs are arranged in a non-geometric pattern across the fabric, creating a harmonious and balanced composition.",/mnt/extended-home/dzakaaufa/dataset/all_images_captioning/Data 12 Batik Krajan (Parang Garudeya Truntum).jpg
Data 13 Batik Krajan (Garudeya Daun),Malang,Garudeya Daun,FLORA (Daun perisai/盾形の葉文様) // CULTURE (Garudeya/ガルデヤ),"Coklat/Brown/ 茶色, Coklat Muda/Bright Brown",Cap,Katun Prima,Sintetis,Non Geometris,Pembuatan motif ini secara khusus dirancang untuk event dekranasda fest pada bulan desember 2024,"Garudeya Daun merupakan mahakarya kelas Batik Malang dengan tata letak non geometris. Warna yang digunakan adalah coklat dan coklat muda, membentuk motif utama daun perisai dan garudeya. Dibuat dengan teknik cap menggunakan pewarna sintetis pada kain Katun Prima. Secara filosofis, Pembuatan motif ini secara khusus dirancang untuk event dekranasda fest pada bulan desember 2024","The batik fabric features the Malang motif, characterized by brown, bright brown motifs. The dominant motifs include 盾形の葉文様 and ガルデヤ. The motifs are arranged in a non-geometric pattern across the fabric, creating a harmonious and balanced composition.",/mnt/extended-home/dzakaaufa/dataset/all_images_captioning/Data 13 Batik Krajan (Garudeya Daun).jpg
Data 14 Batik Krajan (Parang Kopi),Malang,Parang Kopi,"FLORA (Biji kopi/Coffee Beans/コーヒー豆) // CULTURE (Motif Parang/Parang Pattern, Motif Klasik/Classic Pattern/古典文様)","Oranye/Orange/オレンジ, Coklat/Brown/茶色",Cap,Katun Prima,Sintetis,Non Geometris,"Motif batik ini mengadaptasi tren batik gelombang, mencerminkan budaya ngopi modern dengan nuansa santai dan kreatif. Pola dinamis menyerupai aliran kopi, menggabungkan biji kopi serta ornamen khas.","Parang Kopi merupakan mahakarya kelas Batik Malang dengan tata letak non geometris. Warna yang digunakan adalah oranye dan coklat, membentuk motif utama biji kopi dan motif parang. Dibuat dengan teknik cap menggunakan pewarna sintetis pada kain Katun Prima. Secara filosofis, Motif batik ini mengadaptasi tren batik gelombang, mencerminkan budaya ngopi modern dengan nuansa santai dan kreatif. Pola dinamis menyerupai aliran kopi, menggabungkan biji kopi serta ornamen khas.","The batik fabric features the Malang motif, characterized by orange, brown motifs. The dominant motifs include coffee beans and parang pattern, motif klasik. The motifs are arranged in a non-geometric pattern across the fabric, creating a harmonious and balanced composition.",/mnt/extended-home/dzakaaufa/dataset/all_images_captioning/Data 14 Batik Krajan (Parang Kopi).jpg
Data 15 Batik Krajan (Kawung Kates),Malang,Kawung Kates,FAUNA (Burung merak/孔雀),"Oranye/Orange/オレンジ, Coklat/Brown/茶色",Cap dan tulis,Katun Prima,Sintetis,Non Geometris,"Pembatik adalah ketua kelompok wanita tani desa Krajan, sehingga banyak motif batiknya terinspirasi dari hasil pertanian seperti pepaya dan kopi. Motif ini dikombinasikan buatan motif untuk event dekranasda fest pada bulan desember 2024","Kawung Kates merupakan mahakarya kelas Batik Malang dengan tata letak non geometris. Warna yang digunakan adalah oranye dan coklat, membentuk motif utama burung merak. Dibuat dengan teknik cap dan tulis menggunakan pewarna sintetis pada kain Katun Prima. Secara filosofis, Pembatik adalah ketua kelompok wanita tani desa Krajan, sehingga banyak motif batiknya terinspirasi dari hasil pertanian seperti pepaya dan kopi. Motif ini dikombinasikan buatan motif untuk event dekranasda fest pada bulan desember 2024","The batik fabric features the Malang motif, characterized by orange, brown motifs. The dominant motifs include 孔雀. The motifs are arranged in a non-geometric pattern across the fabric, creating a harmonious and balanced composition.",/mnt/extended-home/dzakaaufa/dataset/all_images_captioning/Data 15 Batik Krajan (Kawung Kates).jpg
Data 1 Batik Blimbing (Heritage of Malang),Malang,Heritage Of Malang,"FLORA (Teratai/Lotus, Bunga Melati/Jasmine flower) // ARCHITECTURE (Tugu Malang/Malang Monument)","Coklat/brown, Fuschia",Tulis dan Cap,Prima B,Sintetis,Simetris,"Mengangkat tema Cityscape; bangunan-bangunan terkenal yang ada di Kota Malang seperti Stasiun Malang, Plaza Sarinah, Candi Badut, Gereja Corjesu, Gereja Ijen, Balai Kota, Masjid Jami, Toko Oen (toko es krim sejak zaman kolonial Belanda), Kampung Warna-warni, Tugu Malang","Heritage Of Malang merupakan mahakarya kelas Batik Malang dengan tata letak simetris. Warna yang digunakan adalah coklat dan fuschia, membentuk motif utama teratai dan tugu malang. Dibuat dengan teknik tulis dan cap menggunakan pewarna sintetis pada kain Prima B. Secara filosofis, Mengangkat tema Cityscape; bangunan-bangunan terkenal yang ada di Kota Malang seperti Stasiun Malang, Plaza Sarinah, Candi Badut, Gereja Corjesu, Gereja Ijen, Balai Kota, Masjid Jami, Toko Oen (toko es krim sejak zaman kolonial Belanda), Kampung Warna-warni, Tugu Malang","The batik fabric features the Malang motif, characterized by brown, fuschia motifs. The dominant motifs include lotus, bunga melati and malang monument. The motifs are arranged in a simetris pattern across the fabric, creating a harmonious and balanced composition.",/mnt/extended-home/dzakaaufa/dataset/all_images_captioning/Data 1 Batik Blimbing (Heritage of Malang).jpg
Data 2 Batik Blimbing (Heritage of Malang),Malang,Heritage Of Malang,"FLORA (Teratai/Lotus, Bunga Melati/Jasmine flower) // ARCHITECTURE (Tugu Malang/Malang Monument)","Coklat/brown, Kuning/yellow",Tulis dan Cap,Prima SHT,Sintetis,Simetris,"Mengangkat tema Cityscape; bangunan-bangunan terkenal yang ada di Kota Malang seperti Stasiun Malang, Plaza Sarinah, Candi Badut, Gereja Corjesu, Gereja Ijen, Balai Kota, Masjid Jami, Toko Oen (toko es krim sejak zaman kolonial Belanda), Kampung Warna-warni, Tugu Malang","Heritage Of Malang merupakan mahakarya kelas Batik Malang dengan tata letak simetris. Warna yang digunakan adalah coklat dan kuning, membentuk motif utama teratai dan tugu malang. Dibuat dengan teknik tulis dan cap menggunakan pewarna sintetis pada kain Prima SHT. Secara filosofis, Mengangkat tema Cityscape; bangunan-bangunan terkenal yang ada di Kota Malang seperti Stasiun Malang, Plaza Sarinah, Candi Badut, Gereja Corjesu, Gereja Ijen, Balai Kota, Masjid Jami, Toko Oen (toko es krim sejak zaman kolonial Belanda), Kampung Warna-warni, Tugu Malang","The batik fabric features the Malang motif, characterized by brown, yellow motifs. The dominant motifs include lotus, bunga melati and malang monument. The motifs are arranged in a simetris pattern across the fabric, creating a harmonious and balanced composition.",/mnt/extended-home/dzakaaufa/dataset/all_images_captioning/Data 2 Batik Blimbing (Heritage of Malang).jpg
Data 3 Batik Blimbing (Daniswara Silamukti),Malang,Daniswara Silamukti,"FLORA (Bunga/Flower, Padi/Rice Plant, Kapas/Cotton, Pohon Beringin/Banyan Tree) // FAUNA (Kupu-kupu/Butterfly, Banteng/Bull) // CULTURE (Topeng/Mask, Panji Asmora Bangun, Ragil Kuning)","Biru/blue, Putih/White",Tulis,Prisma,Sintetis,Non Geometris,Mengangkat topeng Malangan sebagai kesenian tradisional khas Malang yang dikombinasikan dengan Pancasila,"Daniswara Silamukti merupakan mahakarya kelas Batik Malang dengan tata letak non geometris. Warna yang digunakan adalah biru dan putih, membentuk motif utama bunga, kupu-kupu dan topeng. Dibuat dengan teknik tulis menggunakan pewarna sintetis pada kain Prisma. Secara filosofis, Mengangkat topeng Malangan sebagai kesenian tradisional khas Malang yang dikombinasikan dengan Pancasila","The batik fabric features the Malang motif, characterized by blue, white motifs. The dominant motifs include flower, padi, butterfly, banteng and mask, panji asmora bangun, ragil kuning. The motifs are arranged in a non-geometric pattern across the fabric, creating a harmonious and balanced composition.",/mnt/extended-home/dzakaaufa/dataset/all_images_captioning/Data 3 Batik Blimbing (Daniswara Silamukti).jpg
Data 4 Batik Blimbing (Daniswara Silamukti),Malang,Daniswara Silamukti,"FLORA (Bunga/Flower, Padi/Rice Plant, Kapas/Cotton, Pohon Beringin/Banyan Tree) // FAUNA (Kupu-kupu/Butterfly, Banteng/Bull) // CULTURE (Topeng/Mask, Panji Asmora Bangun, Ragil Kuning)","Coklat/brown, Biru muda/Bright blue",Tulis,Prisma,Sintetis,Non Geometris,Mengangkat topeng Malangan sebagai kesenian tradisional khas Malang yang dikombinasikan dengan Pancasila,"Daniswara Silamukti merupakan mahakarya kelas Batik Malang dengan tata letak non geometris. Warna yang digunakan adalah coklat dan biru muda, membentuk motif utama bunga, kupu-kupu dan topeng. Dibuat dengan teknik tulis menggunakan pewarna sintetis pada kain Prisma. Secara filosofis, Mengangkat topeng Malangan sebagai kesenian tradisional khas Malang yang dikombinasikan dengan Pancasila","The batik fabric features the Malang motif, characterized by brown, bright blue motifs. The dominant motifs include flower, padi, butterfly, banteng and mask, panji asmora bangun, ragil kuning. The motifs are arranged in a non-geometric pattern across the fabric, creating a harmonious and balanced composition.",/mnt/extended-home/dzakaaufa/dataset/all_images_captioning/Data 4 Batik Blimbing (Daniswara Silamukti).jpg
Data 5 Batik Blimbing ( Treasure of Jago),Malang,Treasure Of Jago,"FLORA (Teratai/Lotus) // ARCHITECTURE (Candi Jago/Jago Temple, Arca/statue) // FAUNA (Ayam Jago/Rooster)","Biru/blue, Hitam/black",Tulis,Prisma,Sintetis,Simetris,"Representasi dari lokasi Batik Blimbing yang berada di Jl. Candi Jago yang mengangkat sejarah dan bangunan dari Candi Jago, serta pemilihan warna biru dan hitam karena batik ini diperuntukkan untuk Pria.","Treasure Of Jago merupakan mahakarya kelas Batik Malang dengan tata letak simetris. Warna yang digunakan adalah biru dan hitam, membentuk motif utama teratai, candi jago dan ayam jago. Dibuat dengan teknik tulis menggunakan pewarna sintetis pada kain Prisma. Secara filosofis, Representasi dari lokasi Batik Blimbing yang berada di Jl. Candi Jago yang mengangkat sejarah dan bangunan dari Candi Jago, serta pemilihan warna biru dan hitam karena batik ini diperuntukkan untuk Pria.","The batik fabric features the Malang motif, characterized by blue, black motifs. The dominant motifs include lotus, jago temple, arca and rooster. The motifs are arranged in a simetris pattern across the fabric, creating a harmonious and balanced composition.",/mnt/extended-home/dzakaaufa/dataset/all_images_captioning/Data 5 Batik Blimbing ( Treasure of Jago).jpg
Data 6 Batik Blimbing (Daniswara Patibrata),Malang,Daniswara Patibrata,FLORA (Bunga Melati/Jasmine Flower) // CULTURE (Topeng Panji/Panji Mask),Merah Muda/Bright Red,Cap,Prima SHT,Sintetis,Simetris,Mengangkat topeng Malangan sebagai penghormatan kepada kesenian tradisional khas Malang,"Daniswara Patibrata merupakan mahakarya kelas Batik Malang dengan tata letak simetris. Warna yang digunakan adalah merah muda, membentuk motif utama bunga melati dan topeng panji. Dibuat dengan teknik cap menggunakan pewarna sintetis pada kain Prima SHT. Secara filosofis, Mengangkat topeng Malangan sebagai penghormatan kepada kesenian tradisional khas Malang","The batik fabric features the Malang motif, characterized by bright red motifs. The dominant motifs include jasmine flower and panji mask. The motifs are arranged in a simetris pattern across the fabric, creating a harmonious and balanced composition.",/mnt/extended-home/dzakaaufa/dataset/all_images_captioning/Data 6 Batik Blimbing (Daniswara Patibrata).jpg
Data 7 Batik Blimbing (Lituhaya Prameswari Singasari),Malang,Lituhaya Prameswari Singasari,FLORA (Trembesi/Rain Tree) // FAUNA (Burung Manyar/Weaver Bird) // CULTURE (Penari/Traditional Dancers) // ARCHITECTURE (Candi Singosari/Singosari Temple),"Hitam/Black, Kuning/Yellow",Tulis,Prisma,Sintetis,Simetris,Mengangkat dua simbol kebudayaan kota Malang yaitu penari topeng Malang dan Candi Singosari.,"Lituhaya Prameswari Singasari merupakan mahakarya kelas Batik Malang dengan tata letak simetris. Warna yang digunakan adalah hitam dan kuning, membentuk motif utama trembesi, burung manyar, penari dan candi singosari. Dibuat dengan teknik tulis menggunakan pewarna sintetis pada kain Prisma. Secara filosofis, Mengangkat dua simbol kebudayaan kota Malang yaitu penari topeng Malang dan Candi Singosari.","The batik fabric features the Malang motif, characterized by black, yellow motifs. The dominant motifs include rain tree, weaver bird, traditional dancers and singosari temple. The motifs are arranged in a simetris pattern across the fabric, creating a harmonious and balanced composition.",/mnt/extended-home/dzakaaufa/dataset/all_images_captioning/Data 7 Batik Blimbing (Lituhaya Prameswari Singasari).jpg
Data 8 Batik Blimbing (Balai Kota Malang),Malang,Balai Kota Malang,"FLORA (Teratai/Lotus) // ARCHITECTURE (Tugu Malang/Malang Monument, Balai Kota Malang/Malang Town Hall)","Merah Muda/Bright Red, Coklat/brown",Tulis dan Cap,Prima AJL,Sintetis,Simetris,"Mengangkat salah satu bangunan ikonik di Malang yaitu balai kota Malang, bangunan bersejarah yang dibangun pada tahun 1927 dan berarsitektur kolonial Belanda. Saat ini balai kota malang sudah disahkan menjadi cagar budaya oleh Walikota Malang dalam Surat Ketetapan Walikota Malang nomor SK 185.45/341/35/73.112/2018 tertanggal 12 Desember 2018","Balai Kota Malang merupakan mahakarya kelas Batik Malang dengan tata letak simetris. Warna yang digunakan adalah merah muda dan coklat, membentuk motif utama teratai dan tugu malang. Dibuat dengan teknik tulis dan cap menggunakan pewarna sintetis pada kain Prima AJL. Secara filosofis, Mengangkat salah satu bangunan ikonik di Malang yaitu balai kota Malang, bangunan bersejarah yang dibangun pada tahun 1927 dan berarsitektur kolonial Belanda. Saat ini balai kota malang sudah disahkan menjadi cagar budaya oleh Walikota Malang dalam Surat Ketetapan Walikota Malang nomor SK 185.45/341/35/73.112/2018 tertanggal 12 Desember 2018","The batik fabric features the Malang motif, characterized by bright red, brown motifs. The dominant motifs include lotus and malang monument, balai kota malang. The motifs are arranged in a simetris pattern across the fabric, creating a harmonious and balanced composition.",/mnt/extended-home/dzakaaufa/dataset/all_images_captioning/Data 8 Batik Blimbing (Balai Kota Malang).jpg
Data 9 Batik Blimbing (Balai Kota Malang),Malang,Balai Kota Malang,"FLORA (Teratai/Lotus) // ARCHITECTURE (Tugu Malang/Malang Monument, Balai Kota Malang/Malang Town Hall)","Biru/Blue, Coklat/brown",Tulis dan Cap,Prima AJL,Sintetis,Simetris,"Mengangkat salah satu bangunan ikonik di Malang yaitu balai kota Malang, bangunan bersejarah yang dibangun pada tahun 1927 dan berarsitektur kolonial Belanda. Saat ini balai kota malang sudah disahkan menjadi cagar budaya oleh Walikota Malang dalam Surat Ketetapan Walikota Malang nomor SK 185.45/341/35/73.112/2018 tertanggal 12 Desember 2018","Balai Kota Malang merupakan mahakarya kelas Batik Malang dengan tata letak simetris. Warna yang digunakan adalah biru dan coklat, membentuk motif utama teratai dan tugu malang. Dibuat dengan teknik tulis dan cap menggunakan pewarna sintetis pada kain Prima AJL. Secara filosofis, Mengangkat salah satu bangunan ikonik di Malang yaitu balai kota Malang, bangunan bersejarah yang dibangun pada tahun 1927 dan berarsitektur kolonial Belanda. Saat ini balai kota malang sudah disahkan menjadi cagar budaya oleh Walikota Malang dalam Surat Ketetapan Walikota Malang nomor SK 185.45/341/35/73.112/2018 tertanggal 12 Desember 2018","The batik fabric features the Malang motif, characterized by blue, brown motifs. The dominant motifs include lotus and malang monument, balai kota malang. The motifs are arranged in a simetris pattern across the fabric, creating a harmonious and balanced composition.",/mnt/extended-home/dzakaaufa/dataset/all_images_captioning/Data 9 Batik Blimbing (Balai Kota Malang).jpg
Data 10 Batik Blimbing ( Daniswara Sukumara),Malang,Daniswara Sukumara,"CULTURE (Topeng Ragil Kuning, Panji)// FLORA (Bunga kamboja/Frangipani)","Coklat/Brown, Merah/Red",Tulis dan Cap,Prima AJL,Sintetis,Geometris,Kombinasi motif topeng malang yang ikonik dan bunga kamboja,"Daniswara Sukumara merupakan mahakarya kelas Batik Malang dengan tata letak geometris. Warna yang digunakan adalah coklat dan merah, membentuk motif utama topeng ragil kuning, panji dan bunga kamboja. Dibuat dengan teknik tulis dan cap menggunakan pewarna sintetis pada kain Prima AJL. Secara filosofis, Kombinasi motif topeng malang yang ikonik dan bunga kamboja","The batik fabric features the Malang motif, characterized by brown, red motifs. The dominant motifs include yellow ragil mask, banner and frangipani. The motifs are arranged in a geometric pattern across the fabric, creating a harmonious and balanced composition.",/mnt/extended-home/dzakaaufa/dataset/all_images_captioning/Data 10 Batik Blimbing ( Daniswara Sukumara).jpg
Data 11 Batik Blimbing (Lituhaya Prameswari),Malang,Lituhaya Prameswari,"FLORA (Padi/Rice Plant, Bunga Kamboja/Frangipani Flower) // FAUNA (Burung Manyar/Weaver Bird) // CULTURE (Penari tradisional/Mask Dancers, Topeng Malang/Malang Mask)","Merah/red, Putih/White",Tulis dan Cap,Prima AJL,Sintetis,Simetris,Mengangkat tema penari topeng yang cantik serta digabungkan dengan ikon kota malang Burung Manyar.,"Lituhaya Prameswari merupakan mahakarya kelas Batik Malang dengan tata letak simetris. Warna yang digunakan adalah merah dan putih, membentuk motif utama padi, burung manyar dan penari tradisional. Dibuat dengan teknik tulis dan cap menggunakan pewarna sintetis pada kain Prima AJL. Secara filosofis, Mengangkat tema penari topeng yang cantik serta digabungkan dengan ikon kota malang Burung Manyar.","The batik fabric features the Malang motif, characterized by red, white motifs. The dominant motifs include rice plant, bunga kamboja, weaver bird and mask dancers, topeng malang. The motifs are arranged in a simetris pattern across the fabric, creating a harmonious and balanced composition.",/mnt/extended-home/dzakaaufa/dataset/all_images_captioning/Data 11 Batik Blimbing (Lituhaya Prameswari).jpg
Data 12 Batik Blimbing (Daniswara Jiwa Trisna),Malang,Daniswara Jiwa Trisna,"FLORA (Bunga Sepatu/Hibiscus) // FAUNA (Kupu-kupu/Butterfly) // CULTURE (Topeng/Mask, Koin/Coin, Api/Fire)","Hitam/Black, Biru/Blue",Cap,Prima AJL,Sintetis,Simetris,"Mengangkat ornamen dari mahkota topeng-topeng Panji dan Ragil Kuning, serta dikombinasikan dengan kupu-kupu sebagai pemanis.","Daniswara Jiwa Trisna merupakan mahakarya kelas Batik Malang dengan tata letak simetris. Warna yang digunakan adalah hitam dan biru, membentuk motif utama bunga sepatu, kupu-kupu dan topeng. Dibuat dengan teknik cap menggunakan pewarna sintetis pada kain Prima AJL. Secara filosofis, Mengangkat ornamen dari mahkota topeng-topeng Panji dan Ragil Kuning, serta dikombinasikan dengan kupu-kupu sebagai pemanis.","The batik fabric features the Malang motif, characterized by black, blue motifs. The dominant motifs include hibiscus, butterfly and mask, koin. The motifs are arranged in a simetris pattern across the fabric, creating a harmonious and balanced composition.",/mnt/extended-home/dzakaaufa/dataset/all_images_captioning/Data 12 Batik Blimbing (Daniswara Jiwa Trisna).jpg
Data 13 Batik Blimbing (Daniswara Jiwa Trisna),Malang,Daniswara Jiwa Trisna,"FLORA (Bunga Sepatu/Hibiscus) // FAUNA (Kupu-kupu/Butterfly) // CULTURE (Topeng/Mask, Koin/Coin, Api/Fire)","Hitam/Black, Coklat/Brown",Cap,Prima AJL,Sintetis,Simetris,"Mengangkat ornamen dari mahkota topeng Panji dan topeng Ragil Kuning (tokoh dalam pertunjukan tari topeng Malang), dikombinasikan dengan kupu-kupu sebagai pemanis.","Daniswara Jiwa Trisna merupakan mahakarya kelas Batik Malang dengan tata letak simetris. Warna yang digunakan adalah hitam dan coklat, membentuk motif utama bunga sepatu, kupu-kupu dan topeng. Dibuat dengan teknik cap menggunakan pewarna sintetis pada kain Prima AJL. Secara filosofis, Mengangkat ornamen dari mahkota topeng Panji dan topeng Ragil Kuning (tokoh dalam pertunjukan tari topeng Malang), dikombinasikan dengan kupu-kupu sebagai pemanis.","The batik fabric features the Malang motif, characterized by black, brown motifs. The dominant motifs include hibiscus, butterfly and mask, koin. The motifs are arranged in a simetris pattern across the fabric, creating a harmonious and balanced composition.",/mnt/extended-home/dzakaaufa/dataset/all_images_captioning/Data 13 Batik Blimbing (Daniswara Jiwa Trisna).jpg
Data 14 Batik Blimbing (Ista Malang Kucecwara Gunungan),Malang,Ista Malang Kucecwara Gunungan,"ARCHITECTURE (Tugu Malang/Malang Monument, Tapak Batu/Stone Paved Road) // CULTURE (Api/Fire)
","Merah Tedas/Crimson, Putih/White",Cap,Prima SHT,Sintetis,Simetris,"Mengangkat Tugu sebagai ikon Kota Malang dan Gunungan Wayang yang bermakna 4 elemen (air, tanah, api, angin)","Ista Malang Kucecwara Gunungan merupakan mahakarya kelas Batik Malang dengan tata letak simetris. Warna yang digunakan adalah merah tedas dan putih, membentuk motif utama tugu malang dan api. Dibuat dengan teknik cap menggunakan pewarna sintetis pada kain Prima SHT. Secara filosofis, Mengangkat Tugu sebagai ikon Kota Malang dan Gunungan Wayang yang bermakna 4 elemen (air, tanah, api, angin)","The batik fabric features the Malang motif, characterized by crimson, white motifs. The dominant motifs include malang monument, tapak batu and fire. The motifs are arranged in a simetris pattern across the fabric, creating a harmonious and balanced composition.",/mnt/extended-home/dzakaaufa/dataset/all_images_captioning/Data 14 Batik Blimbing (Ista Malang Kucecwara Gunungan).jpg
Data 15 Batik Blimbing (Motif Singa),Malang,Motif Singa,FAUNA (Singa/Lion) // CULTURE (Kawung),"Hitam/Black, Putih/White",Cap,Prima SHT,Sintetis,Simetris,"Motif Kawung dipercaya sebagai motif dari kain milik Ken Dedes (istri pendiri kerajaan Singosari, dipercaya ibu dari leluhur raja-raja jawa). Kemudian singa sebagai perlambang kerajaan singosari (singo = singa) dan juga simbol klub sepakbola Malang. Latar belakang pembuataan motif batik ini sebagai bahan edukasi untuk sekolah TK di Malang agar anak-anak di malang sudah mengenal kekayaan batik Malang sejak dini.","Motif Singa merupakan mahakarya kelas Batik Malang dengan tata letak simetris. Warna yang digunakan adalah hitam dan putih, membentuk motif utama singa dan kawung. Dibuat dengan teknik cap menggunakan pewarna sintetis pada kain Prima SHT. Secara filosofis, Motif Kawung dipercaya sebagai motif dari kain milik Ken Dedes (istri pendiri kerajaan Singosari, dipercaya ibu dari leluhur raja-raja jawa). Kemudian singa sebagai perlambang kerajaan singosari (singo = singa) dan juga simbol klub sepakbola Malang. Latar belakang pembuataan motif batik ini sebagai bahan edukasi untuk sekolah TK di Malang agar anak-anak di malang sudah mengenal kekayaan batik Malang sejak dini.","The batik fabric features the Malang motif, characterized by black, white motifs. The dominant motifs include lion and kawung. The motifs are arranged in a simetris pattern across the fabric, creating a harmonious and balanced composition.",/mnt/extended-home/dzakaaufa/dataset/all_images_captioning/Data 15 Batik Blimbing (Motif Singa).jpg
Data 16 Batik Blimbing (Topeng Gandring Ista),Malang,Topeng Gandring Ista,"ARCHITECTURE (Tugu/Monument) // CULTURE (Topeng Panji/Panji Mask, Ragil Kuning)
","Biru/blue, Putih/White",Cap,Prima SHT,Sintetis,Simetris,Mengangkat kesenian tradisional tari Topeng Malangan yang merupakan ikon kota Malang. Terdapat 7 macam topeng yang terdapat di dalam batik ini.,"Topeng Gandring Ista merupakan mahakarya kelas Batik Malang dengan tata letak simetris. Warna yang digunakan adalah biru dan putih, membentuk motif utama tugu dan topeng panji. Dibuat dengan teknik cap menggunakan pewarna sintetis pada kain Prima SHT. Secara filosofis, Mengangkat kesenian tradisional tari Topeng Malangan yang merupakan ikon kota Malang. Terdapat 7 macam topeng yang terdapat di dalam batik ini.","The batik fabric features the Malang motif, characterized by blue, white motifs. The dominant motifs include monument and panji mask, ragil kuning. The motifs are arranged in a simetris pattern across the fabric, creating a harmonious and balanced composition.",/mnt/extended-home/dzakaaufa/dataset/all_images_captioning/Data 16 Batik Blimbing (Topeng Gandring Ista).jpg
Data 17 Batik Blimbing (Ista Malang Kucecwara),Malang,Ista Malang Kucecwara,ARCHITECTURE (Tugu/Monument),"Biru/Blue, Putih/White",Cap,Prima AJL,Sintetis,Geometris,"Mengangkat salah satu bangunan ikonik Kota Malang yaitu Tugu kota malang. Dikombinasikan dengan motif tumpal (pucuk atau ujung dalam bahasa Jawa) yang secara filosofis adalah konsep kesatuan kosmos, manusia, semesta, dan alam lain dari sifat keduniaan menuju ketuhanan","Ista Malang Kucecwara merupakan mahakarya kelas Batik Malang dengan tata letak geometris. Warna yang digunakan adalah biru dan putih, membentuk motif utama tugu. Dibuat dengan teknik cap menggunakan pewarna sintetis pada kain Prima AJL. Secara filosofis, Mengangkat salah satu bangunan ikonik Kota Malang yaitu Tugu kota malang. Dikombinasikan dengan motif tumpal (pucuk atau ujung dalam bahasa Jawa) yang secara filosofis adalah konsep kesatuan kosmos, manusia, semesta, dan alam lain dari sifat keduniaan menuju ketuhanan","The batik fabric features the Malang motif, characterized by blue, white motifs. The dominant motifs include monument. The motifs are arranged in a geometric pattern across the fabric, creating a harmonious and balanced composition.",/mnt/extended-home/dzakaaufa/dataset/all_images_captioning/Data 17 Batik Blimbing (Ista Malang Kucecwara).jpg
Data 18 Batik Blimbing (Topeng Gandring Wirasena),Malang,Ista Malang Kucecwara,"CULTURE (Topeng/Mask, Koin/Coin)","Hitam/Black, Putih/White",Cap,Prima AJL,Sintetis,Simetris,"terinspirasi dari kesenian tradisional topeng Malangan. terdapat 4 topeng disini yaitu topeng Panji, Bapang, Sekartaji, Ragil Kuning.","Ista Malang Kucecwara merupakan mahakarya kelas Batik Malang dengan tata letak simetris. Warna yang digunakan adalah hitam dan putih, membentuk motif utama topeng. Dibuat dengan teknik cap menggunakan pewarna sintetis pada kain Prima AJL. Secara filosofis, terinspirasi dari kesenian tradisional topeng Malangan. terdapat 4 topeng disini yaitu topeng Panji, Bapang, Sekartaji, Ragil Kuning.","The batik fabric features the Malang motif, characterized by black, white motifs. The dominant motifs include mask, koin. The motifs are arranged in a simetris pattern across the fabric, creating a harmonious and balanced composition.",/mnt/extended-home/dzakaaufa/dataset/all_images_captioning/Data 18 Batik Blimbing (Topeng Gandring Wirasena).jpg
Data 19 Batik Blimbing (Daniswara Nirbaya),Malang,Daniswara Nirbaya,"FLORA (Bunga Sepatu/Hibiscus) // CULTURE (Topeng/Mask, Kawung, Elemen Api/Fire Element)","Ungu/Purple, Pink",Cap,Prima SHT,Sintetis,Geometris,Bunga Nirbaya (kembang sepatu) menyimbolkan kemakmuran. Motif ini dikombinasikan dengan kesenian tradisional Topeng Malang.,"Daniswara Nirbaya merupakan mahakarya kelas Batik Malang dengan tata letak geometris. Warna yang digunakan adalah ungu dan pink, membentuk motif utama bunga sepatu dan topeng. Dibuat dengan teknik cap menggunakan pewarna sintetis pada kain Prima SHT. Secara filosofis, Bunga Nirbaya (kembang sepatu) menyimbolkan kemakmuran. Motif ini dikombinasikan dengan kesenian tradisional Topeng Malang.","The batik fabric features the Malang motif, characterized by purple, pink motifs. The dominant motifs include hibiscus and mask, kawung, elemen api. The motifs are arranged in a geometric pattern across the fabric, creating a harmonious and balanced composition.",/mnt/extended-home/dzakaaufa/dataset/all_images_captioning/Data 19 Batik Blimbing (Daniswara Nirbaya).jpg
Data 20 Batik Blimbing (Gandring Wirasena Hambangun Negari),Malang,Gandring Wirasena Hambangun Negari,"CULTURE (Topeng/Mask, Sekarjagat)","Coklat/Brown, Pink",Cap,Prima AJL,Sintetis,Simetris,Motif Sekarjagad ( gabungan dari 7 motif bunga dalam satu gambar) yang dikombinasikan dengan topeng malang,"Gandring Wirasena Hambangun Negari merupakan mahakarya kelas Batik Malang dengan tata letak simetris. Warna yang digunakan adalah coklat dan pink, membentuk motif utama topeng. Dibuat dengan teknik cap menggunakan pewarna sintetis pada kain Prima AJL. Secara filosofis, Motif Sekarjagad ( gabungan dari 7 motif bunga dalam satu gambar) yang dikombinasikan dengan topeng malang","The batik fabric features the Malang motif, characterized by brown, pink motifs. The dominant motifs include mask, sekarjagat. The motifs are arranged in a simetris pattern across the fabric, creating a harmonious and balanced composition.",/mnt/extended-home/dzakaaufa/dataset/all_images_captioning/Data 20 Batik Blimbing (Gandring Wirasena Hambangun Negari).jpg
Data 21 Batik Blimbing (Daniswara Ardhani),Malang,Daniswara Ardhani,"CULTURE (Topeng/Mask, Sekarjagat, Api/Fire, Koin/Coin)","Hitam/Black, Biru/Blue",Cap,Prima AJL,Sintetis,Geometris,Topeng malang Dewi Sekartaji. Dewi Sekartaji adalah putri raja kerajaan kediri yang bernama asli putri galuh candra Kirana. Tokoh Dewi Sekartaji dalam pertunjukan tari topeng malang menyimbolkan figur kebaikan dan kecantikan perempuan Jawa,"Daniswara Ardhani merupakan mahakarya kelas Batik Malang dengan tata letak geometris. Warna yang digunakan adalah hitam dan biru, membentuk motif utama topeng. Dibuat dengan teknik cap menggunakan pewarna sintetis pada kain Prima AJL. Secara filosofis, Topeng malang Dewi Sekartaji. Dewi Sekartaji adalah putri raja kerajaan kediri yang bernama asli putri galuh candra Kirana. Tokoh Dewi Sekartaji dalam pertunjukan tari topeng malang menyimbolkan figur kebaikan dan kecantikan perempuan Jawa","The batik fabric features the Malang motif, characterized by black, blue motifs. The dominant motifs include mask, sekarjagat, api. The motifs are arranged in a geometric pattern across the fabric, creating a harmonious and balanced composition.",/mnt/extended-home/dzakaaufa/dataset/all_images_captioning/Data 21 Batik Blimbing (Daniswara Ardhani).jpg
Data 1 Batik Sukun (Batik Akar Kehidupan),Malang,Batik Akar Kehidupan,"FLORA (Daun pohon Sukun/Breadfruit Leaf/ パンノキの葉, Buah pohon Sukun/Breadfruit/ パンノキ, Akar pohon Sukun/Breadfruit root/ パンノキの根) // CULTURE (Kawung/Kawung/ヤシ科)","Krem/Cream, HIjau/Green",Sablon,Primisima,Sintetis,Non Geometris,"Mengangkat pohon sukun yang dimaknai sebagai pohon kehidupan karena berumur panjang dan mudah tumbuh di berbagai kondisi ekologis, serta merupakan gagasan terbentuknya pancasila yang merupakan ide Bapak Soekarno ketika melihat pohon sukun yang memiliki lima cabang.","Batik Akar Kehidupan merupakan mahakarya kelas Batik Malang dengan tata letak non geometris. Warna yang digunakan adalah krem dan hijau, membentuk motif utama daun pohon sukun dan kawung. Dibuat dengan teknik sablon menggunakan pewarna sintetis pada kain Primisima. Secara filosofis, Mengangkat pohon sukun yang dimaknai sebagai pohon kehidupan karena berumur panjang dan mudah tumbuh di berbagai kondisi ekologis, serta merupakan gagasan terbentuknya pancasila yang merupakan ide Bapak Soekarno ketika melihat pohon sukun yang memiliki lima cabang.","The batik fabric features the Malang motif, characterized by cream, green motifs. The dominant motifs include breadfruit leaf and kawung. The motifs are arranged in a non-geometric pattern across the fabric, creating a harmonious and balanced composition.",/mnt/extended-home/dzakaaufa/dataset/all_images_captioning/Data 1 Batik Sukun (Batik Akar Kehidupan).jpg
Data 2 Batik Sukun (Batik Okus),Malang,Batik Okus,"FLORA (Ukel, Tumbuhan Laut/Sea Plants) // FAUNA (Ikan Mujair/Tilapia Fish) // CULTURE (Perahu Cadik/Cadik Boat, Aliran air/Watercourse, Mahkota/Crown)","Biru Tua/Dark Blue, Merah/Red",Tulis,Primisima,Sintetis,Geometris,"Mengangkat perahu cadik sebagai Ikon dari budaya Sumatera Selatan untuk mengangkat serta menonjolkan identitas dari daerah Ogan Kemenag, Sumatera Selatan.","Batik Okus merupakan mahakarya kelas Batik Malang dengan tata letak geometris. Warna yang digunakan adalah biru tua dan merah, membentuk motif utama ukel, tumbuhan laut, ikan mujair dan perahu cadik. Dibuat dengan teknik tulis menggunakan pewarna sintetis pada kain Primisima. Secara filosofis, Mengangkat perahu cadik sebagai Ikon dari budaya Sumatera Selatan untuk mengangkat serta menonjolkan identitas dari daerah Ogan Kemenag, Sumatera Selatan.","The batik fabric features the Malang motif, characterized by dark blue, red motifs. The dominant motifs include sea plants, tilapia fish and cadik boat, aliran air. The motifs are arranged in a geometric pattern across the fabric, creating a harmonious and balanced composition.",/mnt/extended-home/dzakaaufa/dataset/all_images_captioning/Data 2 Batik Sukun (Batik Okus).jpg
Data 3 Batik Sukun (Batik Sulur),Malang,Batik Sulur,"FLORA (Daun pohon Sukun/Breadfruit Leaf, Buah pohon Sukun/Breadfruit)",Coklat/Brown,Tulis,Primisima,Sintetis,Non Geometris,"Terinspirasi dari kata ""sulur"" dan ""daun sukun"" sebagai obat. Dua kata tersebut memiliki makna yang saling berhubungan yaitu ssebagai penyambung kehidupan dan bertahan ketika terjadinya Pandemi Corona.","Batik Sulur merupakan mahakarya kelas Batik Malang dengan tata letak non geometris. Warna yang digunakan adalah coklat, membentuk motif utama daun pohon sukun. Dibuat dengan teknik tulis menggunakan pewarna sintetis pada kain Primisima. Secara filosofis, Terinspirasi dari kata ""sulur"" dan ""daun sukun"" sebagai obat. Dua kata tersebut memiliki makna yang saling berhubungan yaitu ssebagai penyambung kehidupan dan bertahan ketika terjadinya Pandemi Corona.","The batik fabric features the Malang motif, characterized by brown motifs. The dominant motifs include breadfruit leaf, buah pohon sukun. The motifs are arranged in a non-geometric pattern across the fabric, creating a harmonious and balanced composition.",/mnt/extended-home/dzakaaufa/dataset/all_images_captioning/Data 3 Batik Sukun (Batik Sulur).jpg
Data 4 Batik Sukun (Batik Motif Tumbuh),Malang,Batik Motif Tumbuh,"FLORA (Daun pohon Sukun/Breadfruit Leaf, Buah pohon Sukun/Breadfruit) // CULTURE (Parang)","Hitam kecoklatan/Dark Brown, Putih/White",Tulis,Primisima,Sintetis,Geometris dan Non Geometris,"Mengangkat pohon sukun yang dimaknai sebagai pohon kehidupan karena berumur panjang dan mudah tumbuh di berbagai kondisi ekologis, serta merupakan gagasan terbentuknya pancasila yang merupakan ide Bapak Soekarno ketika melihat pohon sukun yang memiliki lima cabang. Hamparan daun Sukun menggambarkan suasana musim kemarau dengan menambah motif buah sukun serta motif parang sebagai penggambaran dari karakteristik seorang pemimpin.","Batik Motif Tumbuh merupakan mahakarya kelas Batik Malang dengan tata letak geometris dan non geometris. Warna yang digunakan adalah hitam kecoklatan dan putih, membentuk motif utama daun pohon sukun dan parang. Dibuat dengan teknik tulis menggunakan pewarna sintetis pada kain Primisima. Secara filosofis, Mengangkat pohon sukun yang dimaknai sebagai pohon kehidupan karena berumur panjang dan mudah tumbuh di berbagai kondisi ekologis, serta merupakan gagasan terbentuknya pancasila yang merupakan ide Bapak Soekarno ketika melihat pohon sukun yang memiliki lima cabang. Hamparan daun Sukun menggambarkan suasana musim kemarau dengan menambah motif buah sukun serta motif parang sebagai penggambaran dari karakteristik seorang pemimpin.","The batik fabric features the Malang motif, characterized by dark brown, white motifs. The dominant motifs include breadfruit leaf, buah pohon sukun and machete. The motifs are arranged in a non-geometric pattern across the fabric, creating a harmonious and balanced composition.",/mnt/extended-home/dzakaaufa/dataset/all_images_captioning/Data 4 Batik Sukun (Batik Motif Tumbuh).jpg
Data 5 Batik Sukun (Batik Pohon Kehidupan),Malang,Batik Pohon Kehidupan,"FLORA (Daun pohon Sukun/Breadfruit Leaf, Buah pohon Sukun/Breadfruit)","Hijau /Green, Kuning/Yellow",Tulis,Primisima,Sintetis,Non Geometris,"Pengrajin ingin menyampaikan bahwa Pohon Sukun mungkin di masa depan dapat dijadikan sebagai bahan pokok makanan karena mudah tumbuh di berbagai kondisi ekologis, dengan berbagai manfaat yang dimiliki oleh Pohon Sukun, sehingga diberi nama ""Pohon Kehidupan"". Penggunaan warna hijau di sini berarti ""kehidupan"" dan warna kuning yang berarti ""Pengharapan"".","Batik Pohon Kehidupan merupakan mahakarya kelas Batik Malang dengan tata letak non geometris. Warna yang digunakan adalah hijau dan kuning, membentuk motif utama daun pohon sukun. Dibuat dengan teknik tulis menggunakan pewarna sintetis pada kain Primisima. Secara filosofis, Pengrajin ingin menyampaikan bahwa Pohon Sukun mungkin di masa depan dapat dijadikan sebagai bahan pokok makanan karena mudah tumbuh di berbagai kondisi ekologis, dengan berbagai manfaat yang dimiliki oleh Pohon Sukun, sehingga diberi nama ""Pohon Kehidupan"". Penggunaan warna hijau di sini berarti ""kehidupan"" dan warna kuning yang berarti ""Pengharapan"".","The batik fabric features the Malang motif, characterized by green, yellow motifs. The dominant motifs include breadfruit leaf, buah pohon sukun. The motifs are arranged in a non-geometric pattern across the fabric, creating a harmonious and balanced composition.",/mnt/extended-home/dzakaaufa/dataset/all_images_captioning/Data 5 Batik Sukun (Batik Pohon Kehidupan).jpg
Data 6 Batik Sukun (Batik Kucecwara),Malang,batik kucecwara,"FLORA (Teratai/Lotus, Trembesi/Rain Tree, Daun pohon Sukun/Breadfruit Leaf, Buah pohon Sukun/Breadfruit, Bunga pohon Sukun/Breadfruit Flower) // FAUNA (Burung Cendrawasih/Cendrawasih Bird/Bird of Paradise) // CULTURE (Kawung, Truntum) // ARCHITECTURE (Tugu Malang/Malang Monument)","Merah/Red, Putih/White",Tulis,Primisima,Sintetis,Non Geometris,"Kucecwara yang berarti luar biasa, burung cendrawasih yang memberikan kesan indah dan menawan, Bunga teratai melambangkan bahwa manusia membutuhkan satu sama lain dan saling bermanfaat untuk sesama, serta motif truntum sebagai simbol kasih sayang. Warna merah pada latar sebagai peringatan hari kemerdekaan Indonesia serta pengharapan agar warga Malang dapat hidup rukun dan damai dalam keberagaman, yang divisualisasikan melalui berbagai simbol di dalam motifnya.","batik kucecwara merupakan mahakarya kelas Batik Malang dengan tata letak non geometris. Warna yang digunakan adalah merah dan putih, membentuk motif utama teratai, burung cendrawasih, kawung, truntum dan tugu malang. Dibuat dengan teknik tulis menggunakan pewarna sintetis pada kain Primisima. Secara filosofis, Kucecwara yang berarti luar biasa, burung cendrawasih yang memberikan kesan indah dan menawan, Bunga teratai melambangkan bahwa manusia membutuhkan satu sama lain dan saling bermanfaat untuk sesama, serta motif truntum sebagai simbol kasih sayang. Warna merah pada latar sebagai peringatan hari kemerdekaan Indonesia serta pengharapan agar warga Malang dapat hidup rukun dan damai dalam keberagaman, yang divisualisasikan melalui berbagai simbol di dalam motifnya.","The batik fabric features the Malang motif, characterized by red, white motifs. The dominant motifs include lotus, trembesi, cendrawasih bird, kawung, truntum and malang monument. The motifs are arranged in a non-geometric pattern across the fabric, creating a harmonious and balanced composition.",/mnt/extended-home/dzakaaufa/dataset/all_images_captioning/Data 6 Batik Sukun (Batik Kucecwara).jpg
Data 7 Batik Sukun (Batik Hamparan Sukun),Malang,Batik Hamparan Sukun,"FLORA (Daun pohon Sukun/Breadfruit Leaf, Buah pohon Sukun/Breadfruit) // CULTURE (Parang)",Hitam kecoklatan/Dark Brown,Tulis,Primisima,Sintetis,Geometris dan Non Geometris,Daun dan buah sukun menyimbolkan kehidupan karena pohon sukun sering disebut juga dengan pohon kehidupan. Menggunakan warna yang hitam kecoklatan yang memperlihatkan kegagahan laki-laki. Menggambarkan karakteristik seorang pemimpin yang digambarkan dengan motif parang.,"Batik Hamparan Sukun merupakan mahakarya kelas Batik Malang dengan tata letak geometris dan non geometris. Warna yang digunakan adalah hitam kecoklatan, membentuk motif utama daun pohon sukun dan parang. Dibuat dengan teknik tulis menggunakan pewarna sintetis pada kain Primisima. Secara filosofis, Daun dan buah sukun menyimbolkan kehidupan karena pohon sukun sering disebut juga dengan pohon kehidupan. Menggunakan warna yang hitam kecoklatan yang memperlihatkan kegagahan laki-laki. Menggambarkan karakteristik seorang pemimpin yang digambarkan dengan motif parang.","The batik fabric features the Malang motif, characterized by dark brown motifs. The dominant motifs include breadfruit leaf, buah pohon sukun and machete. The motifs are arranged in a non-geometric pattern across the fabric, creating a harmonious and balanced composition.",/mnt/extended-home/dzakaaufa/dataset/all_images_captioning/Data 7 Batik Sukun (Batik Hamparan Sukun).jpg
Data 8 Batik Sukun (Batik Srikandi),Malang,Batik Srikandi,"FLORA (Daun pohon Sukun/Breadfruit Leaf, Buah pohon Sukun/Breadfruit) // CULTURE (Parang, Srikandi)","Hitam/Black, Hijau/Green",Tulis,Primisima,Sintetis,Non Geometris,"Srikandi adalah tokoh androgini dari wiracarita Mahabharata yang merupakan seorang permaisuri raja Drupada dari kerajaan Pancala, menggambarkan sosok perempuan yang kuat namun tetap dapat mempercantik diri. Pemilihan warna hitam karena supaya menyatu dengan tema flora yaitu alam.","Batik Srikandi merupakan mahakarya kelas Batik Malang dengan tata letak non geometris. Warna yang digunakan adalah hitam dan hijau, membentuk motif utama daun pohon sukun dan parang, srikandi. Dibuat dengan teknik tulis menggunakan pewarna sintetis pada kain Primisima. Secara filosofis, Srikandi adalah tokoh androgini dari wiracarita Mahabharata yang merupakan seorang permaisuri raja Drupada dari kerajaan Pancala, menggambarkan sosok perempuan yang kuat namun tetap dapat mempercantik diri. Pemilihan warna hitam karena supaya menyatu dengan tema flora yaitu alam.","The batik fabric features the Malang motif, characterized by black, green motifs. The dominant motifs include breadfruit leaf, buah pohon sukun and machete, heroine. The motifs are arranged in a non-geometric pattern across the fabric, creating a harmonious and balanced composition.",/mnt/extended-home/dzakaaufa/dataset/all_images_captioning/Data 8 Batik Sukun (Batik Srikandi).jpg
Data 9 Batik Sukun (Batik Srikandi),Malang,Batik Srikandi,"FLORA (Daun pohon Sukun/Breadfruit Leaf, Buah pohon Sukun/Breadfruit), CULTURE (Parang, Srikandi)","Biru/Blue, Putih/White",Tulis,Primisima,Sintetis,Non Geometris,"Srikandi adalah tokoh androgini dari wiracarita Mahabharata yang merupakan seorang permaisuri raja Drupada dari kerajaan Pancala, menggambarkan sosok perempuan yang kuat namun tetap dapat mempercantik diri. Parang digunakan sebagai simbol dari merangkul masyarakat, seperti ketika wanita yang mendukung dan mendampingi suami.","Batik Srikandi merupakan mahakarya kelas Batik Malang dengan tata letak non geometris. Warna yang digunakan adalah biru dan putih, membentuk motif utama daun pohon sukun. Dibuat dengan teknik tulis menggunakan pewarna sintetis pada kain Primisima. Secara filosofis, Srikandi adalah tokoh androgini dari wiracarita Mahabharata yang merupakan seorang permaisuri raja Drupada dari kerajaan Pancala, menggambarkan sosok perempuan yang kuat namun tetap dapat mempercantik diri. Parang digunakan sebagai simbol dari merangkul masyarakat, seperti ketika wanita yang mendukung dan mendampingi suami.","The batik fabric features the Malang motif, characterized by blue, white motifs. The dominant motifs include breadfruit leaf, buah pohon sukun. The motifs are arranged in a non-geometric pattern across the fabric, creating a harmonious and balanced composition.",/mnt/extended-home/dzakaaufa/dataset/all_images_captioning/Data 9 Batik Sukun (Batik Srikandi).jpg
Data 1 Batik Lana (Daun Monstera),Malang,Daun Monstera,FLORA (Tumbuhan Monstera/Monstera Deliciosa) ,"Coklat/Brown, Coklat Muda/Bright Brown",Tulis,Primisima,Alam,Non Geometris,"Terinspirasi dari Gunung Arjuno yang terletak di perbatasan Kota Batu, Kabupaten Malang, dan Kabupaten Pasuruan. Gunung Arjuno juga merupakan gunung tertinggi kedua di Jawa Timur setelah Gunung Semeru dengan ketinggian 3,339 m. Pewarna yang digunakan adalah pewarna alami yang berasal dari Secang (tumbuhan herbal yang tumbuh alami pada hutan-hutan sekunder), kulit bawang merah, kayu mahoni, dan kapur sebagai pengunci warna.","Daun Monstera merupakan mahakarya kelas Batik Malang dengan tata letak non geometris. Warna yang digunakan adalah coklat dan coklat muda, membentuk motif utama tumbuhan monstera. Dibuat dengan teknik tulis menggunakan pewarna alam pada kain Primisima. Secara filosofis, Terinspirasi dari Gunung Arjuno yang terletak di perbatasan Kota Batu, Kabupaten Malang, dan Kabupaten Pasuruan. Gunung Arjuno juga merupakan gunung tertinggi kedua di Jawa Timur setelah Gunung Semeru dengan ketinggian 3,339 m. Pewarna yang digunakan adalah pewarna alami yang berasal dari Secang (tumbuhan herbal yang tumbuh alami pada hutan-hutan sekunder), kulit bawang merah, kayu mahoni, dan kapur sebagai pengunci warna.","The batik fabric features the Malang motif, characterized by brown, bright brown motifs. The dominant motifs include monstera deliciosa. The motifs are arranged in a non-geometric pattern across the fabric, creating a harmonious and balanced composition.",/mnt/extended-home/dzakaaufa/dataset/all_images_captioning/Data 1 Batik Lana (Daun Monstera).jpg
Data 2 Batik Lana (Pakis Tutul),Malang,Daun Monstera,FLORA (Tumbuhan Pakis/Fern Plants),Hijau tua/Dark Green,Tulis,Primisima,Alam,Non Geometris,Terinspirasi ketika mengunjungi Pujon (salah satu kecamatan yang ada di Kabupaten Malang) yang terdapat banyak tumbuhan pakis. Pewarna yang digunakan adalah pewarna alam yang berasal dari daun mangga dan daun jambu klutuk.,"Daun Monstera merupakan mahakarya kelas Batik Malang dengan tata letak non geometris. Warna yang digunakan adalah hijau tua, membentuk motif utama tumbuhan pakis. Dibuat dengan teknik tulis menggunakan pewarna alam pada kain Primisima. Secara filosofis, Terinspirasi ketika mengunjungi Pujon (salah satu kecamatan yang ada di Kabupaten Malang) yang terdapat banyak tumbuhan pakis. Pewarna yang digunakan adalah pewarna alam yang berasal dari daun mangga dan daun jambu klutuk.","The batik fabric features the Malang motif, characterized by dark green motifs. The dominant motifs include fern plants. The motifs are arranged in a non-geometric pattern across the fabric, creating a harmonious and balanced composition.",/mnt/extended-home/dzakaaufa/dataset/all_images_captioning/Data 2 Batik Lana (Pakis Tutul).jpg
Data 3 Batik Lana (Daun Monstera),Malang,Daun Monstera,FLORA (Tumbuhan Pakis/Fern Plants),botol/Dark GrHijau een,Tulis,Primisima,Sintetis,Non Geometris,Terinspirasi dari flora dan fauna yang terdapat di alam Gunung Bromo (gunung berapi aktif yang terdapat di Jawa Timur).,"Daun Monstera merupakan mahakarya kelas Batik Malang dengan tata letak non geometris. Warna yang digunakan adalah botol, membentuk motif utama tumbuhan pakis. Dibuat dengan teknik tulis menggunakan pewarna sintetis pada kain Primisima. Secara filosofis, Terinspirasi dari flora dan fauna yang terdapat di alam Gunung Bromo (gunung berapi aktif yang terdapat di Jawa Timur).","The batik fabric features the Malang motif, characterized by dark grhijau een motifs. The dominant motifs include fern plants. The motifs are arranged in a non-geometric pattern across the fabric, creating a harmonious and balanced composition.",/mnt/extended-home/dzakaaufa/dataset/all_images_captioning/Data 3 Batik Lana (Daun Monstera).jpg
Data 4 Batik Lana (Parang Anggrek),Malang,parang anggrek,FLORA (Bunga Anggrek/Orchid Flower),Biru/Blue,Tulis,Primisima,Alam,Geometris,"Terinspirasi dari Pantai Banyu Tibo yang terletak di Pacitan, Jawa Timur. Pewarna yang digunakan adalah pewarna alami yang berasal dari daun indigo.","parang anggrek merupakan mahakarya kelas Batik Malang dengan tata letak geometris. Warna yang digunakan adalah biru, membentuk motif utama bunga anggrek. Dibuat dengan teknik tulis menggunakan pewarna alam pada kain Primisima. Secara filosofis, Terinspirasi dari Pantai Banyu Tibo yang terletak di Pacitan, Jawa Timur. Pewarna yang digunakan adalah pewarna alami yang berasal dari daun indigo.","The batik fabric features the Malang motif, characterized by blue motifs. The dominant motifs include orchid flower. The motifs are arranged in a geometric pattern across the fabric, creating a harmonious and balanced composition.",/mnt/extended-home/dzakaaufa/dataset/all_images_captioning/Data 4 Batik Lana (Parang Anggrek).jpg
Data 5 Batik Lana (Jumputan),Malang,Jumputan 1,FLORA,Ungu/ Purple,Tulis,Katun,Alam,Geometris,Melestarikan budaya stagen yaitu kain panjang yang menjadi pelengkap pakaian tradisional Jawa dan berfungsi sebagai pengunci kain. Pewarna yang digunakan adalah pewarna alami dengan menggunakan Secang dan kulit bawang merah.,"Jumputan 1 merupakan mahakarya kelas Batik Malang dengan tata letak geometris. Warna yang digunakan adalah ungu, membentuk motif utama . Dibuat dengan teknik tulis menggunakan pewarna alam pada kain Katun. Secara filosofis, Melestarikan budaya stagen yaitu kain panjang yang menjadi pelengkap pakaian tradisional Jawa dan berfungsi sebagai pengunci kain. Pewarna yang digunakan adalah pewarna alami dengan menggunakan Secang dan kulit bawang merah.","The batik fabric features the Malang motif, characterized by purple motifs. The dominant motifs include . The motifs are arranged in a geometric pattern across the fabric, creating a harmonious and balanced composition.",/mnt/extended-home/dzakaaufa/dataset/all_images_captioning/Data 5 Batik Lana (Jumputan).jpg
Data 6 Batik Lana (Jumputan),Malang,Jumputan 2,FLORA,Hijau tletong/Pickle,Tulis,Katun,Sintetis,Geometris,Melestarikan budaya stagen yaitu kain panjang yang menjadi pelengkap pakaian tradisional Jawa dan berfungsi sebagai pengunci kain.,"Jumputan 2 merupakan mahakarya kelas Batik Malang dengan tata letak geometris. Warna yang digunakan adalah hijau tletong, membentuk motif utama . Dibuat dengan teknik tulis menggunakan pewarna sintetis pada kain Katun. Secara filosofis, Melestarikan budaya stagen yaitu kain panjang yang menjadi pelengkap pakaian tradisional Jawa dan berfungsi sebagai pengunci kain.","The batik fabric features the Malang motif, characterized by pickle motifs. The dominant motifs include . The motifs are arranged in a geometric pattern across the fabric, creating a harmonious and balanced composition.",/mnt/extended-home/dzakaaufa/dataset/all_images_captioning/Data 6 Batik Lana (Jumputan).jpg
Data 7 Batik Lana (Parang Anggrek),Malang,Parang Anggrek,FLORA (Bunga Anggrek/Orchid Flower),Coklat/Brown,Tulis,Katun,Alam,Geometris,"Terinspirasi dari pantai banyu tibo yang terletak di Pacitan, Jawa Timur. Pewarna yang digunakan adalah pewarna alami yang berasal dari kulit kayu mahoni dan manggis.","Parang Anggrek merupakan mahakarya kelas Batik Malang dengan tata letak geometris. Warna yang digunakan adalah coklat, membentuk motif utama bunga anggrek. Dibuat dengan teknik tulis menggunakan pewarna alam pada kain Katun. Secara filosofis, Terinspirasi dari pantai banyu tibo yang terletak di Pacitan, Jawa Timur. Pewarna yang digunakan adalah pewarna alami yang berasal dari kulit kayu mahoni dan manggis.","The batik fabric features the Malang motif, characterized by brown motifs. The dominant motifs include orchid flower. The motifs are arranged in a geometric pattern across the fabric, creating a harmonious and balanced composition.",/mnt/extended-home/dzakaaufa/dataset/all_images_captioning/Data 7 Batik Lana (Parang Anggrek).jpg
Data 8 Batik Lana (Kombinasi Ecoprint dan Batik Tulis),Malang,Kombinasi Ecoprint,"FLORA (Daun Jati/Teak Leaf, Daun Lanang/Lanang Leaf)",Coklat/Brown,Tulis,Katun,Alam,Non Geometris,Memanfaatkan daun jati dan daun lanang yang terdapat di hutan. Pewarna yang digunakan adalah pewarna alami yang berasal dari kulit kayu tingi dan jolawe.,"Kombinasi Ecoprint merupakan mahakarya kelas Batik Malang dengan tata letak non geometris. Warna yang digunakan adalah coklat, membentuk motif utama daun jati. Dibuat dengan teknik tulis menggunakan pewarna alam pada kain Katun. Secara filosofis, Memanfaatkan daun jati dan daun lanang yang terdapat di hutan. Pewarna yang digunakan adalah pewarna alami yang berasal dari kulit kayu tingi dan jolawe.","The batik fabric features the Malang motif, characterized by brown motifs. The dominant motifs include teak leaf, daun lanang. The motifs are arranged in a non-geometric pattern across the fabric, creating a harmonious and balanced composition.",/mnt/extended-home/dzakaaufa/dataset/all_images_captioning/Data 8 Batik Lana (Kombinasi Ecoprint dan Batik Tulis).jpg
Data 9 Batik Lana (Bunga Wijaya Kusuma),Malang,Bunga wijaya kusuma,FLORA (Bunga Wijaya Kusuma/Wijaya Kusuma Flower),Merah/Red,Tulis,Katun,Sintetis,Non Geometris,Terinspirasi dari candi Singosari yang merupakan candi peninggalan kerajaan Majapahit. Motif kawung yang terdapat dalam batik ini terinspirasi dari kawung yang dipakai oleh putri Ken Dedes.,"Bunga wijaya kusuma merupakan mahakarya kelas Batik Malang dengan tata letak non geometris. Warna yang digunakan adalah merah, membentuk motif utama bunga wijaya kusuma. Dibuat dengan teknik tulis menggunakan pewarna sintetis pada kain Katun. Secara filosofis, Terinspirasi dari candi Singosari yang merupakan candi peninggalan kerajaan Majapahit. Motif kawung yang terdapat dalam batik ini terinspirasi dari kawung yang dipakai oleh putri Ken Dedes.","The batik fabric features the Malang motif, characterized by red motifs. The dominant motifs include wijaya kusuma flower. The motifs are arranged in a non-geometric pattern across the fabric, creating a harmonious and balanced composition.",/mnt/extended-home/dzakaaufa/dataset/all_images_captioning/Data 9 Batik Lana (Bunga Wijaya Kusuma).jpg
Data 10 Batik Lana (Bunga Matahari),Malang,Bunga Matahari,FLORA (Bunga Matahari/Sunflower),Hijau/Green,Tulis,Prisma,Sintetis,Non Geometris,Terinspirasi dari salah satu tempat wisata yang terdapat di Kota Batu yaitu ladang bunga matahari.,"Bunga Matahari merupakan mahakarya kelas Batik Malang dengan tata letak non geometris. Warna yang digunakan adalah hijau, membentuk motif utama bunga matahari. Dibuat dengan teknik tulis menggunakan pewarna sintetis pada kain Prisma. Secara filosofis, Terinspirasi dari salah satu tempat wisata yang terdapat di Kota Batu yaitu ladang bunga matahari.","The batik fabric features the Malang motif, characterized by green motifs. The dominant motifs include sunflower. The motifs are arranged in a non-geometric pattern across the fabric, creating a harmonious and balanced composition.",/mnt/extended-home/dzakaaufa/dataset/all_images_captioning/Data 10 Batik Lana (Bunga Matahari).jpg
Data 11 Batik Lana (Bunga Wijaya Kusuma),Malang,Bunga wijaya kusuma,FLORA (Bunga Wijaya Kusuma/Wijaya Kusuma Flower),Hijau ketepeng,Tulis,Katun,Alam,Non Geometris,Bunga wijaya kusuma merupakan bunga yang disukai oleh Ken Dedes dan dipercaya dapat membawa keberuntungan. Pewarna yang digunakan adalah pewarna alami yang berasal dari daun mangga.,"Bunga wijaya kusuma merupakan mahakarya kelas Batik Malang dengan tata letak non geometris. Warna yang digunakan adalah hijau ketepeng, membentuk motif utama bunga wijaya kusuma. Dibuat dengan teknik tulis menggunakan pewarna alam pada kain Katun. Secara filosofis, Bunga wijaya kusuma merupakan bunga yang disukai oleh Ken Dedes dan dipercaya dapat membawa keberuntungan. Pewarna yang digunakan adalah pewarna alami yang berasal dari daun mangga.","The batik fabric features the Malang motif, characterized by kepeng green motifs. The dominant motifs include wijaya kusuma flower. The motifs are arranged in a non-geometric pattern across the fabric, creating a harmonious and balanced composition.",/mnt/extended-home/dzakaaufa/dataset/all_images_captioning/Data 11 Batik Lana (Bunga Wijaya Kusuma).jpg
Data 12 Batik Lana (Daun Pakis),Malang,Daun Pakis,FLORA (Tumbuhan Pakis/Fern Plants),"Hitam/Black, ungu/Purple",Tulis,Kencana,Sintetis,Non Geometris,Terinspirasi ketika mengunjungi Pujon (salah satu kecamatan yang ada di Kabupaten Malang) yang terdapat banyak tumbuhan pakis.,"Daun Pakis merupakan mahakarya kelas Batik Malang dengan tata letak non geometris. Warna yang digunakan adalah hitam dan ungu, membentuk motif utama tumbuhan pakis. Dibuat dengan teknik tulis menggunakan pewarna sintetis pada kain Kencana. Secara filosofis, Terinspirasi ketika mengunjungi Pujon (salah satu kecamatan yang ada di Kabupaten Malang) yang terdapat banyak tumbuhan pakis.","The batik fabric features the Malang motif, characterized by black, purple motifs. The dominant motifs include fern plants. The motifs are arranged in a non-geometric pattern across the fabric, creating a harmonious and balanced composition.",/mnt/extended-home/dzakaaufa/dataset/all_images_captioning/Data 12 Batik Lana (Daun Pakis).jpg
Data 13 Batik Lana (Alam parang daun teh biru),Malang,Alam parang daun teh biru,FLORA(Daun teh/ Teh leaf) // CLASSIC (Motif Parang),Biru/Blue,Tulis,Katun Primisima,Alam,Geometris,Terinspirasi dari daun teh yang dihasilkan dari kebun teh Wonosari yang letaknya tepat di lereng Gunung Arjuno.,"Alam parang daun teh biru merupakan mahakarya kelas Batik Malang dengan tata letak geometris. Warna yang digunakan adalah biru, membentuk motif utama aun teh dan motif parang. Dibuat dengan teknik tulis menggunakan pewarna alam pada kain Katun Primisima. Secara filosofis, Terinspirasi dari daun teh yang dihasilkan dari kebun teh Wonosari yang letaknya tepat di lereng Gunung Arjuno.","The batik fabric features the Malang motif, characterized by blue motifs. The dominant motifs include teh leaf and machete motif. The motifs are arranged in a geometric pattern across the fabric, creating a harmonious and balanced composition.",/mnt/extended-home/dzakaaufa/dataset/all_images_captioning/Data 13 Batik Lana (Alam parang daun teh biru).jpg
"Data 14 Batik Lana (Bambu, Ikan dan Topeng)",Malang,"Bambu, ikan dan topeng",FLORA (Pohon Bambu/Bamboo Tree) // FAUNA (Ikan Koi/Koi Fish) // CULTURE (Topeng/Mask),Hijau/Green,cap dan tulis,Katun Primisima,Sintetis,Non Geometris,"Terinspirasi dari sumber mata air polaman, Kecamatan Lawang yang dipercaya airnya bersumber langsung dari Gunung Arjuno.","Bambu, ikan dan topeng merupakan mahakarya kelas Batik Malang dengan tata letak non geometris. Warna yang digunakan adalah hijau, membentuk motif utama pohon bambu, ikan koi dan topeng. Dibuat dengan teknik cap dan tulis menggunakan pewarna sintetis pada kain Katun Primisima. Secara filosofis, Terinspirasi dari sumber mata air polaman, Kecamatan Lawang yang dipercaya airnya bersumber langsung dari Gunung Arjuno.","The batik fabric features the Malang motif, characterized by green motifs. The dominant motifs include bamboo tree, koi fish and mask. The motifs are arranged in a non-geometric pattern across the fabric, creating a harmonious and balanced composition.","/mnt/extended-home/dzakaaufa/dataset/all_images_captioning/Data 14 Batik Lana (Bambu, Ikan dan Topeng).jpg"
Data 15 Batik Lana (Candi Padma),Malang,Candi Padma,FLORA (Bunga Padma/Rafflesia Arnoldii) // CULTURE (Candi/Temple) ,"Hitam/Black, hijau/Green",Cap dan tulis,Katun,Sintetis,Non Geometris,Motif batik terinspirasi dari Candi Singosari dan bunga Padma yang merupakan ikon dari Kota Malang (tahun 2000an),"Candi Padma merupakan mahakarya kelas Batik Malang dengan tata letak non geometris. Warna yang digunakan adalah hitam dan hijau, membentuk motif utama bunga padma dan candi. Dibuat dengan teknik cap dan tulis menggunakan pewarna sintetis pada kain Katun. Secara filosofis, Motif batik terinspirasi dari Candi Singosari dan bunga Padma yang merupakan ikon dari Kota Malang (tahun 2000an)","The batik fabric features the Malang motif, characterized by black, green motifs. The dominant motifs include rafflesia arnoldii and temple. The motifs are arranged in a non-geometric pattern across the fabric, creating a harmonious and balanced composition.",/mnt/extended-home/dzakaaufa/dataset/all_images_captioning/Data 15 Batik Lana (Candi Padma).jpg
Data 16 Batik Lana (Daun teh dan embun),Malang,Batik Lukis daun teh dan embun,FLORA (Daun teh/Teh leaf),Hijau/Green,Lukis,Katun,Sintetis,Non Geometris,Terinspirasi dari daun teh yang berasal dari kebun teh Wonosari dan bola-bola embun di pagi hari.,"Batik Lukis daun teh dan embun merupakan mahakarya kelas Batik Malang dengan tata letak non geometris. Warna yang digunakan adalah hijau, membentuk motif utama daun teh. Dibuat dengan teknik lukis menggunakan pewarna sintetis pada kain Katun. Secara filosofis, Terinspirasi dari daun teh yang berasal dari kebun teh Wonosari dan bola-bola embun di pagi hari.","The batik fabric features the Malang motif, characterized by green motifs. The dominant motifs include teh leaf. The motifs are arranged in a non-geometric pattern across the fabric, creating a harmonious and balanced composition.",/mnt/extended-home/dzakaaufa/dataset/all_images_captioning/Data 16 Batik Lana (Daun teh dan embun).jpg
Data 1 Batik Wagastu (Sayap Sulur Kopi),Malang,Sayap Sulur Kopi,"FLORA (Tumbuhan Kopi/Coffee Plant, Sulur/Tendril) // FAUNA (Sayap burung/Bird wings)","Coklat, hijau",Tulis,Primisima,Sintetis,Non-Geometris,"Batik dengan tema Sayap Sulur Kopi mencerminkan filosofi kebebasan dan ketahanan, terinspirasi dari daun kopi yang menjalar serta sayap yang melambangkan harapan. Motif ini berkembang dari tradisi batik pesisir dan pedalaman, mencerminkan kekayaan budaya Nusantara serta kejayaan kopi sebagai komoditas penting sejak era kolonial.","Sayap Sulur Kopi merupakan mahakarya kelas Batik Malang dengan tata letak non-geometris. Warna yang digunakan adalah coklat dan hijau, membentuk motif utama tumbuhan kopi dan sayap burung. Dibuat dengan teknik tulis menggunakan pewarna sintetis pada kain Primisima. Secara filosofis, Batik dengan tema Sayap Sulur Kopi mencerminkan filosofi kebebasan dan ketahanan, terinspirasi dari daun kopi yang menjalar serta sayap yang melambangkan harapan. Motif ini berkembang dari tradisi batik pesisir dan pedalaman, mencerminkan kekayaan budaya Nusantara serta kejayaan kopi sebagai komoditas penting sejak era kolonial.","The batik fabric features the Malang motif, characterized by chocolate, green motifs. The dominant motifs include coffee plant, sulur and bird wings. The motifs are arranged in a non-geometric pattern across the fabric, creating a harmonious and balanced composition.",/mnt/extended-home/dzakaaufa/dataset/all_images_captioning/Data 1 Batik Wagastu (Sayap Sulur Kopi).jpg
Data 2 Batik Wagastu (Kupu-kupu Musim Semi),Malang,Kupu-kupu Musim Semi,FLORA (Tumbuhan Monstera/Monstera Deliciosa) // FAUNA (Kupu-kupu/Butterfly),"Brick Red, tosca",Tulis,Primisima,Sintetis,Non-Geometris,"Batik Kupu-kupu Musim Semi melambangkan keindahan, transformasi, dan kehidupan baru. Terinspirasi dari kupu-kupu yang bermekaran saat musim buah di Malang, motif ini mencerminkan harapan dan kebangkitan.","Kupu-kupu Musim Semi merupakan mahakarya kelas Batik Malang dengan tata letak non-geometris. Warna yang digunakan adalah brick red dan tosca, membentuk motif utama tumbuhan monstera dan kupu-kupu. Dibuat dengan teknik tulis menggunakan pewarna sintetis pada kain Primisima. Secara filosofis, Batik Kupu-kupu Musim Semi melambangkan keindahan, transformasi, dan kehidupan baru. Terinspirasi dari kupu-kupu yang bermekaran saat musim buah di Malang, motif ini mencerminkan harapan dan kebangkitan.","The batik fabric features the Malang motif, characterized by brick red, turquoise motifs. The dominant motifs include monstera deliciosa and butterfly. The motifs are arranged in a non-geometric pattern across the fabric, creating a harmonious and balanced composition.",/mnt/extended-home/dzakaaufa/dataset/all_images_captioning/Data 2 Batik Wagastu (Kupu-kupu Musim Semi).jpg
Data 3 Batik Wagastu (Gelombang Cinta),Malang,Gelombang Cinta,FLORA (Tanaman gelombang cinta/Love wave plant),"Coklat, merah",Tulis,Primisima,Sintetis,Geometris,"Batik Gelombang Cinta terinspirasi dari keindahan ombak di pantai sendiri kabupaten Malang yang melambangkan kekuatan dan ketulusan cinta. Motif ini berkembang dari perpaduan gaya batik pesisir yang dinamis dan batik klasik yang penuh filosofi. Dengan pola beriak yang harmonis, batik ini merepresentasikan perjalanan cinta yang abadi dan penuh makna.","Gelombang Cinta merupakan mahakarya kelas Batik Malang dengan tata letak geometris. Warna yang digunakan adalah coklat dan merah, membentuk motif utama tanaman gelombang cinta. Dibuat dengan teknik tulis menggunakan pewarna sintetis pada kain Primisima. Secara filosofis, Batik Gelombang Cinta terinspirasi dari keindahan ombak di pantai sendiri kabupaten Malang yang melambangkan kekuatan dan ketulusan cinta. Motif ini berkembang dari perpaduan gaya batik pesisir yang dinamis dan batik klasik yang penuh filosofi. Dengan pola beriak yang harmonis, batik ini merepresentasikan perjalanan cinta yang abadi dan penuh makna.","The batik fabric features the Malang motif, characterized by chocolate, red motifs. The dominant motifs include love wave plant. The motifs are arranged in a geometric pattern across the fabric, creating a harmonious and balanced composition.",/mnt/extended-home/dzakaaufa/dataset/all_images_captioning/Data 3 Batik Wagastu (Gelombang Cinta).jpg
Data 4 Batik Wagastu (Kawung Daur Rambat),Malang,Kawung Daur Rambat,FLORA (Tanaman English Ivy/Ivy),"Brick Red, kuning",Tulis,Primisima,Sintetis,Geometris,"Batik Kawung Daur Rambat menggabungkan motif kawung klasik dengan tanaman merambat yang berada di halaman rumah batik wagastu melambangkan kesinambungan hidup. Terinspirasi dari keseimbangan dan ketahanan, motif ini berkembang sebagai simbol kebijaksanaan dan siklus kehidupan yang terus berlanjut dalam harmoni dan keberlanjutan","Kawung Daur Rambat merupakan mahakarya kelas Batik Malang dengan tata letak geometris. Warna yang digunakan adalah brick red dan kuning, membentuk motif utama tanaman english ivy. Dibuat dengan teknik tulis menggunakan pewarna sintetis pada kain Primisima. Secara filosofis, Batik Kawung Daur Rambat menggabungkan motif kawung klasik dengan tanaman merambat yang berada di halaman rumah batik wagastu melambangkan kesinambungan hidup. Terinspirasi dari keseimbangan dan ketahanan, motif ini berkembang sebagai simbol kebijaksanaan dan siklus kehidupan yang terus berlanjut dalam harmoni dan keberlanjutan","The batik fabric features the Malang motif, characterized by brick red, yellow motifs. The dominant motifs include ivy. The motifs are arranged in a geometric pattern across the fabric, creating a harmonious and balanced composition.",/mnt/extended-home/dzakaaufa/dataset/all_images_captioning/Data 4 Batik Wagastu (Kawung Daur Rambat).jpg
Data 5 Batik Wagastu (Sesuluran),Malang,Sesuluran,"FLORA (Tanaman gelombang cinta/Love wave plant, Purple Mallow Flower)","Coklat, pink",Tulis,Primisima,Sintetis,Non-Geometris,"Batik Sesuluran mencerminkan kebersamaan dan ikatan persaudaraan yang kuat antara komunitas batik di Malang Raya. Terinspirasi dari sulur tanaman yang saling terhubung, motif ini melambangkan harmoni, gotong royong, dan kekuatan dalam kebersamaan yang diwariskan secara turun-temurun.","Sesuluran merupakan mahakarya kelas Batik Malang dengan tata letak non-geometris. Warna yang digunakan adalah coklat dan pink, membentuk motif utama tanaman gelombang cinta. Dibuat dengan teknik tulis menggunakan pewarna sintetis pada kain Primisima. Secara filosofis, Batik Sesuluran mencerminkan kebersamaan dan ikatan persaudaraan yang kuat antara komunitas batik di Malang Raya. Terinspirasi dari sulur tanaman yang saling terhubung, motif ini melambangkan harmoni, gotong royong, dan kekuatan dalam kebersamaan yang diwariskan secara turun-temurun.","The batik fabric features the Malang motif, characterized by chocolate, pink motifs. The dominant motifs include love wave plant, purple mallow flower. The motifs are arranged in a non-geometric pattern across the fabric, creating a harmonious and balanced composition.",/mnt/extended-home/dzakaaufa/dataset/all_images_captioning/Data 5 Batik Wagastu (Sesuluran).jpg
Data 6 Batik Wagastu (Sulur Wiji Timun),Malang,Sulur Wiji Timun,FLORA (Tanaman timun/Cucumber plant),"Coklat, oren",Tulis,Primisima,Sintetis,Geometris,"Batik Sulur Wiji Timun terinspirasi dari sulur tanaman timun yang tumbuh dekat halaman rumah, melambangkan kesuburan, harapan, dan keberlanjutan hidup. Motif ini mencerminkan kedekatan dengan alam serta nilai ketekunan dan kesederhanaan.","Sulur Wiji Timun merupakan mahakarya kelas Batik Malang dengan tata letak geometris. Warna yang digunakan adalah coklat dan oren, membentuk motif utama tanaman timun. Dibuat dengan teknik tulis menggunakan pewarna sintetis pada kain Primisima. Secara filosofis, Batik Sulur Wiji Timun terinspirasi dari sulur tanaman timun yang tumbuh dekat halaman rumah, melambangkan kesuburan, harapan, dan keberlanjutan hidup. Motif ini mencerminkan kedekatan dengan alam serta nilai ketekunan dan kesederhanaan.","The batik fabric features the Malang motif, characterized by chocolate, orange motifs. The dominant motifs include cucumber plant. The motifs are arranged in a geometric pattern across the fabric, creating a harmonious and balanced composition.",/mnt/extended-home/dzakaaufa/dataset/all_images_captioning/Data 6 Batik Wagastu (Sulur Wiji Timun).jpg
Data 7 Batik Wagastu (Parang Sayap),Malang,Parang Sayap,FAUNA (Burung pipit/Sparrow) // CULTURE (Motif parang/Parang Pattern),"Biru navy, coklat",Tulis,Primisima,Sintetis,Non-geometris,"Batik Parang Sayap terinspirasi dari burung yang terbang di atas kebun. Motif ini menggabungkan dinamika parang dengan keanggunan sayap, melambangkan semangat dan ketangguhan hidup.","Parang Sayap merupakan mahakarya kelas Batik Malang dengan tata letak non-geometris. Warna yang digunakan adalah biru navy dan coklat, membentuk motif utama burung pipit dan motif parang. Dibuat dengan teknik tulis menggunakan pewarna sintetis pada kain Primisima. Secara filosofis, Batik Parang Sayap terinspirasi dari burung yang terbang di atas kebun. Motif ini menggabungkan dinamika parang dengan keanggunan sayap, melambangkan semangat dan ketangguhan hidup.","The batik fabric features the Malang motif, characterized by navy blue, chocolate motifs. The dominant motifs include sparrow and parang pattern. The motifs are arranged in a non-geometric pattern across the fabric, creating a harmonious and balanced composition.",/mnt/extended-home/dzakaaufa/dataset/all_images_captioning/Data 7 Batik Wagastu (Parang Sayap).jpg
Data 8 Batik Wagastu (Batik Musim Gugur),Malang,Batik Musim Gugur,FLORA (Pohon Mangga/Mango Tree),"Merah, tosca",Tulis,Primisima,Sintetis,Non-geometris,"Batik Daun Pohon Mangga terinspirasi dari daun mangga yang gugur di halaman rumah batik Wagastu, melambangkan siklus kehidupan, ketulusan, dan pembaruan.","Batik Musim Gugur merupakan mahakarya kelas Batik Malang dengan tata letak non-geometris. Warna yang digunakan adalah merah dan tosca, membentuk motif utama pohon mangga. Dibuat dengan teknik tulis menggunakan pewarna sintetis pada kain Primisima. Secara filosofis, Batik Daun Pohon Mangga terinspirasi dari daun mangga yang gugur di halaman rumah batik Wagastu, melambangkan siklus kehidupan, ketulusan, dan pembaruan.","The batik fabric features the Malang motif, characterized by red, turquoise motifs. The dominant motifs include mango tree. The motifs are arranged in a non-geometric pattern across the fabric, creating a harmonious and balanced composition.",/mnt/extended-home/dzakaaufa/dataset/all_images_captioning/Data 8 Batik Wagastu (Batik Musim Gugur).jpg
Data 9 Batik Wagastu (Bon Kelengkeng),Malang,Bon Kelengkeng,FLORA (Pohon kelengkeng/Longan Tree),"Biru navy, Brick Red",Tulis,Primisima,Sintetis,Non-geometris,"Batik Pohon Kelengkeng terinspirasi dari pohon kelengkeng yang berbuah lebat di halaman studio batik, melambangkan kesuburan, kemakmuran, dan hasil dari kerja keras","Bon Kelengkeng merupakan mahakarya kelas Batik Malang dengan tata letak non-geometris. Warna yang digunakan adalah biru navy dan brick red, membentuk motif utama pohon kelengkeng. Dibuat dengan teknik tulis menggunakan pewarna sintetis pada kain Primisima. Secara filosofis, Batik Pohon Kelengkeng terinspirasi dari pohon kelengkeng yang berbuah lebat di halaman studio batik, melambangkan kesuburan, kemakmuran, dan hasil dari kerja keras","The batik fabric features the Malang motif, characterized by navy blue, brick red motifs. The dominant motifs include longan tree. The motifs are arranged in a non-geometric pattern across the fabric, creating a harmonious and balanced composition.",/mnt/extended-home/dzakaaufa/dataset/all_images_captioning/Data 9 Batik Wagastu (Bon Kelengkeng).jpg
Data 10 Batik Wagastu (Nandur Kopi),Malang,Nandur Kopi,FLORA (Pohon kopi/Coffee Tree),"Brick Red, tosca",Tulis,Primisima,Sintetis,Non-geometris,"Batik Nandur Kopi di Kebun terinspirasi dari pengalaman menanam kopi saat berlibur, melambangkan ketenangan, kerja keras, dan kedekatan dengan alam","Nandur Kopi merupakan mahakarya kelas Batik Malang dengan tata letak non-geometris. Warna yang digunakan adalah brick red dan tosca, membentuk motif utama pohon kopi. Dibuat dengan teknik tulis menggunakan pewarna sintetis pada kain Primisima. Secara filosofis, Batik Nandur Kopi di Kebun terinspirasi dari pengalaman menanam kopi saat berlibur, melambangkan ketenangan, kerja keras, dan kedekatan dengan alam","The batik fabric features the Malang motif, characterized by brick red, turquoise motifs. The dominant motifs include coffee tree. The motifs are arranged in a non-geometric pattern across the fabric, creating a harmonious and balanced composition.",/mnt/extended-home/dzakaaufa/dataset/all_images_captioning/Data 10 Batik Wagastu (Nandur Kopi).jpg
Data 11 Batik Wagastu (Kebun Apel),Malang,Kebun Apel,FLORA (Pohon apel/Apple Tree),"Coklat, merah",Tulis,Primisima,Sintetis,Non-geometris,"Batik Kebun Apel terinspirasi dari keindahan kebun apel di Kota Batu yang sedang berbuah lebat, melambangkan kesuburan, kemakmuran, dan hasil dari ketekunan.","Kebun Apel merupakan mahakarya kelas Batik Malang dengan tata letak non-geometris. Warna yang digunakan adalah coklat dan merah, membentuk motif utama pohon apel. Dibuat dengan teknik tulis menggunakan pewarna sintetis pada kain Primisima. Secara filosofis, Batik Kebun Apel terinspirasi dari keindahan kebun apel di Kota Batu yang sedang berbuah lebat, melambangkan kesuburan, kemakmuran, dan hasil dari ketekunan.","The batik fabric features the Malang motif, characterized by chocolate, red motifs. The dominant motifs include apple tree. The motifs are arranged in a non-geometric pattern across the fabric, creating a harmonious and balanced composition.",/mnt/extended-home/dzakaaufa/dataset/all_images_captioning/Data 11 Batik Wagastu (Kebun Apel).jpg
Data 12 Batik Wagastu (Rambatan Anggur),Malang,Rambatan Anggur,FLORA (Pohon anggur/Grape Tree),"Brick Red,Hijau",Tulis,Primisima,Sintetis,Non-geometris,Motif batik yang terinspirasi dari kesabaran petani dalam menunggu hasil panen di kebun anggur di Batu,"Rambatan Anggur merupakan mahakarya kelas Batik Malang dengan tata letak non-geometris. Warna yang digunakan adalah brick red dan hijau, membentuk motif utama pohon anggur. Dibuat dengan teknik tulis menggunakan pewarna sintetis pada kain Primisima. Secara filosofis, Motif batik yang terinspirasi dari kesabaran petani dalam menunggu hasil panen di kebun anggur di Batu","The batik fabric features the Malang motif, characterized by brick red, green motifs. The dominant motifs include grape tree. The motifs are arranged in a non-geometric pattern across the fabric, creating a harmonious and balanced composition.",/mnt/extended-home/dzakaaufa/dataset/all_images_captioning/Data 12 Batik Wagastu (Rambatan Anggur).jpg
Data 13 Batik Wagastu (Sayap Rona Harapan),Malang,Sayap Rona Harapan,FLORA (Pohon Mangga/Mango Tree) // FAUNA (Burung pipit/Sparrows) ,"Brick Red, coklat",Tulis,Primisima,Sintetis,Non-geometris,Pembuatan motif batik terinspirasi dari kebaya peserta Malang Fashion Week yang terdapat sayap burung dengan gagah yang merupakan wujud perpaduan antara tradisi dan inovasi dalam dunia fashion.,"Sayap Rona Harapan merupakan mahakarya kelas Batik Malang dengan tata letak non-geometris. Warna yang digunakan adalah brick red dan coklat, membentuk motif utama pohon mangga dan burung pipit. Dibuat dengan teknik tulis menggunakan pewarna sintetis pada kain Primisima. Secara filosofis, Pembuatan motif batik terinspirasi dari kebaya peserta Malang Fashion Week yang terdapat sayap burung dengan gagah yang merupakan wujud perpaduan antara tradisi dan inovasi dalam dunia fashion.","The batik fabric features the Malang motif, characterized by brick red, chocolate motifs. The dominant motifs include mango tree and sparrows. The motifs are arranged in a non-geometric pattern across the fabric, creating a harmonious and balanced composition.",/mnt/extended-home/dzakaaufa/dataset/all_images_captioning/Data 13 Batik Wagastu (Sayap Rona Harapan).jpg
Data 14 Batik Wagastu (Budidaya Melati),Malang,Budidaya Melati,FLORA (Tanaman melati/Jasmine Plant),"Oren, Biru",Tulis,Primisima,Sintetis,Non-Geometris,"Dalam prosesnya pembatik mengamati bentuk bunga melati yang kecil namun elegan, serta pola pertumbuhannya yang menjalar dengan daun-daun hijau yang rimbun di kebun yang dekat dengan rumah batik wagastu.","Budidaya Melati merupakan mahakarya kelas Batik Malang dengan tata letak non-geometris. Warna yang digunakan adalah oren dan biru, membentuk motif utama tanaman melati. Dibuat dengan teknik tulis menggunakan pewarna sintetis pada kain Primisima. Secara filosofis, Dalam prosesnya pembatik mengamati bentuk bunga melati yang kecil namun elegan, serta pola pertumbuhannya yang menjalar dengan daun-daun hijau yang rimbun di kebun yang dekat dengan rumah batik wagastu.","The batik fabric features the Malang motif, characterized by orange, blue motifs. The dominant motifs include jasmine plant. The motifs are arranged in a non-geometric pattern across the fabric, creating a harmonious and balanced composition.",/mnt/extended-home/dzakaaufa/dataset/all_images_captioning/Data 14 Batik Wagastu (Budidaya Melati).jpg
Data 15 Batik Wagastu (Palma),Malang,Palma,FLORA (Pohon palma/Palm Tree),"Mahogany brown, kuning",Tulis,Primisima,Sintetis,Non-Geometris,"Pohon palma menggambarkan kerukunan agama dan budaya di Kota Malang, kota yang dikenal dengan keberagaman dan keharmonisannya. Pohon palma, dengan bentuknya yang kokoh dan daunnya yang menjulur ke segala arah, melambangkan persatuan.","Palma merupakan mahakarya kelas Batik Malang dengan tata letak non-geometris. Warna yang digunakan adalah mahogany brown dan kuning, membentuk motif utama pohon palma. Dibuat dengan teknik tulis menggunakan pewarna sintetis pada kain Primisima. Secara filosofis, Pohon palma menggambarkan kerukunan agama dan budaya di Kota Malang, kota yang dikenal dengan keberagaman dan keharmonisannya. Pohon palma, dengan bentuknya yang kokoh dan daunnya yang menjulur ke segala arah, melambangkan persatuan.","The batik fabric features the Malang motif, characterized by mahogany brown, yellow motifs. The dominant motifs include palm tree. The motifs are arranged in a non-geometric pattern across the fabric, creating a harmonious and balanced composition.",/mnt/extended-home/dzakaaufa/dataset/all_images_captioning/Data 15 Batik Wagastu (Palma).jpg
Data 16 Batik Wagastu (Komposisi Topeng Tukaran),Malang,Komposisi Topeng Tukaran,"FLORA (Tanaman Air mata pengantin/Coral Vine Plant, Carolina Plant) // CULTURE (Topeng/Mask) ","Brick red, spektrum blue",Tulis,Primisima,Sintetis,Non-Geometris,"Pembuatan motif batik yang terinspirasi dari pementasan topeng sebagai bagian dari budaya Kota Malang. Topeng Malangan, dengan karakteristiknya yang kuat, ekspresif, dan penuh filosofi, menjadi sumber inspirasi utama dalam proses penciptaan motif batik ini.","Komposisi Topeng Tukaran merupakan mahakarya kelas Batik Malang dengan tata letak non-geometris. Warna yang digunakan adalah brick red dan spektrum blue, membentuk motif utama tanaman air mata pengantin dan topeng. Dibuat dengan teknik tulis menggunakan pewarna sintetis pada kain Primisima. Secara filosofis, Pembuatan motif batik yang terinspirasi dari pementasan topeng sebagai bagian dari budaya Kota Malang. Topeng Malangan, dengan karakteristiknya yang kuat, ekspresif, dan penuh filosofi, menjadi sumber inspirasi utama dalam proses penciptaan motif batik ini.","The batik fabric features the Malang motif, characterized by brick red, blue spectrum motifs. The dominant motifs include coral vine plant, carolina plant and mask. The motifs are arranged in a non-geometric pattern across the fabric, creating a harmonious and balanced composition.",/mnt/extended-home/dzakaaufa/dataset/all_images_captioning/Data 16 Batik Wagastu (Komposisi Topeng Tukaran).jpg
Data 17 Batik Wagastu (Komposisi Topeng Panji dan Sekartaji Kasmaran),Malang,Komposisi Panji dan Sekartaji Kasmaran,"CULTURE (Topeng/Mask, Topeng Sekarjati/Sekarjati Mask, Topeng Malang/Malang Mask, Topeng Panji, Mask Panji) ","Biru navy, magenta",Tulis,Primisima,Sintetis,Geometris,"Pembuatan motif batik yang terinspirasi dari pementasan topeng sebagai bagian dari budaya Kota Malang. Topeng Malangan, dengan karakteristiknya yang kuat, ekspresif, dan penuh filosofi, menjadi sumber inspirasi utama dalam proses penciptaan motif batik ini.","Komposisi Panji dan Sekartaji Kasmaran merupakan mahakarya kelas Batik Malang dengan tata letak geometris. Warna yang digunakan adalah biru navy dan magenta, membentuk motif utama topeng. Dibuat dengan teknik tulis menggunakan pewarna sintetis pada kain Primisima. Secara filosofis, Pembuatan motif batik yang terinspirasi dari pementasan topeng sebagai bagian dari budaya Kota Malang. Topeng Malangan, dengan karakteristiknya yang kuat, ekspresif, dan penuh filosofi, menjadi sumber inspirasi utama dalam proses penciptaan motif batik ini.","The batik fabric features the Malang motif, characterized by navy blue, magenta motifs. The dominant motifs include mask, topeng sekarjati. The motifs are arranged in a geometric pattern across the fabric, creating a harmonious and balanced composition.",/mnt/extended-home/dzakaaufa/dataset/all_images_captioning/Data 17 Batik Wagastu (Komposisi Topeng Panji dan Sekartaji Kasmaran).jpg
Data 18 Batik Wagastu (Motif Liris),Malang,Motif Liris,CULTURE (Motif Liris/Liris Pattern) // NATURE (Air hujan/Rainwater),Brick red,Tulis,Primisima,Sintetis,Geometris,Proses pembuatan motif berawal dari suasana hujan dan gemericik yang menyelimuti di Kabupaten Malang,"Motif Liris merupakan mahakarya kelas Batik Malang dengan tata letak geometris. Warna yang digunakan adalah brick red, membentuk motif utama motif liris dan air hujan. Dibuat dengan teknik tulis menggunakan pewarna sintetis pada kain Primisima. Secara filosofis, Proses pembuatan motif berawal dari suasana hujan dan gemericik yang menyelimuti di Kabupaten Malang","The batik fabric features the Malang motif, characterized by brick red motifs. The dominant motifs include liris pattern and rainwater. The motifs are arranged in a geometric pattern across the fabric, creating a harmonious and balanced composition.",/mnt/extended-home/dzakaaufa/dataset/all_images_captioning/Data 18 Batik Wagastu (Motif Liris).jpg
Data 19 Batik Wagastu (Nyanyian Burung Pipit),Malang,Nyanyian Burung Pipit,FAUNA (Burung pipit/Sparrow) ,"Kuning, hijau",Tulis,Primisima,Sintetis,Non-Geometris,Pembuatan motif batik terinspirasi dari suara burung pipit di belakang rumah batik Wagastu merupakan proses yang menggabungkan kepekaan terhadap alam dengan seni tradisional. Suara khas burung pipit yang merdu dan ritmis menjadi sumber inspirasi dalam menciptakan pola-pola burung yang cantik yang merepresentasikan harmoni alam.,"Nyanyian Burung Pipit merupakan mahakarya kelas Batik Malang dengan tata letak non-geometris. Warna yang digunakan adalah kuning dan hijau, membentuk motif utama burung pipit. Dibuat dengan teknik tulis menggunakan pewarna sintetis pada kain Primisima. Secara filosofis, Pembuatan motif batik terinspirasi dari suara burung pipit di belakang rumah batik Wagastu merupakan proses yang menggabungkan kepekaan terhadap alam dengan seni tradisional. Suara khas burung pipit yang merdu dan ritmis menjadi sumber inspirasi dalam menciptakan pola-pola burung yang cantik yang merepresentasikan harmoni alam.","The batik fabric features the Malang motif, characterized by yellow, green motifs. The dominant motifs include sparrow. The motifs are arranged in a non-geometric pattern across the fabric, creating a harmonious and balanced composition.",/mnt/extended-home/dzakaaufa/dataset/all_images_captioning/Data 19 Batik Wagastu (Nyanyian Burung Pipit).jpg
Data 20 Batik Wagastu (Komposisi Liris dan Bunga),Malang,Komposisi Liris dan Bunga,FLORA (Purple Mallow Plants) // CULTURE (Motif Liris/Liris Pattern),"Coklat, oren",Tulis,Primisima,Sintetis,Non-Geometris,"Keindahan aneka bunga yang bermekaran di Taman Purwodadi yang bermekaran melambangkan kehidupan, keindahan, dan harmoni alam.","Komposisi Liris dan Bunga merupakan mahakarya kelas Batik Malang dengan tata letak non-geometris. Warna yang digunakan adalah coklat dan oren, membentuk motif utama purple mallow plants dan motif liris. Dibuat dengan teknik tulis menggunakan pewarna sintetis pada kain Primisima. Secara filosofis, Keindahan aneka bunga yang bermekaran di Taman Purwodadi yang bermekaran melambangkan kehidupan, keindahan, dan harmoni alam.","The batik fabric features the Malang motif, characterized by chocolate, orange motifs. The dominant motifs include purple mallow plants and liris pattern. The motifs are arranged in a non-geometric pattern across the fabric, creating a harmonious and balanced composition.",/mnt/extended-home/dzakaaufa/dataset/all_images_captioning/Data 20 Batik Wagastu (Komposisi Liris dan Bunga).jpg
Data 21 Batik Wagastu (Parang Kopi),Malang,Parang Kopi,FLORA (Pohon kopi/Coffee Tree) // CULTURE (Motif parang/Parang Pattern),"Ungu,imperial red",Tulis,Primisima,Sintetis,Geometris,"Keindahan alam dan kejayaan kopi di desa Dampit yang dikenal sebagai pusat kopi di Malang. Motif ini menggambarkan hamparan kebun kopi, proses panen, dan semangat petani.","Parang Kopi merupakan mahakarya kelas Batik Malang dengan tata letak geometris. Warna yang digunakan adalah ungu dan imperial red, membentuk motif utama pohon kopi dan motif parang. Dibuat dengan teknik tulis menggunakan pewarna sintetis pada kain Primisima. Secara filosofis, Keindahan alam dan kejayaan kopi di desa Dampit yang dikenal sebagai pusat kopi di Malang. Motif ini menggambarkan hamparan kebun kopi, proses panen, dan semangat petani.","The batik fabric features the Malang motif, characterized by purple, imperial red motifs. The dominant motifs include coffee tree and parang pattern. The motifs are arranged in a geometric pattern across the fabric, creating a harmonious and balanced composition.",/mnt/extended-home/dzakaaufa/dataset/all_images_captioning/Data 21 Batik Wagastu (Parang Kopi).jpg
Data 22 Batik Wagastu (Panen Jeruk),Malang,Panen Jeruk,FLORA (Pohon jeruk/Orange Tree),"Coklat, oren",Tulis,Primisima,Sintetis,Non-Geometris,"Mengikuti panen jeruk di kebun jeruk Batu menjadi inspirasi dalam membuat motif, menggambarkan kemakmuran sumber daya alam di kota Batu","Panen Jeruk merupakan mahakarya kelas Batik Malang dengan tata letak non-geometris. Warna yang digunakan adalah coklat dan oren, membentuk motif utama pohon jeruk. Dibuat dengan teknik tulis menggunakan pewarna sintetis pada kain Primisima. Secara filosofis, Mengikuti panen jeruk di kebun jeruk Batu menjadi inspirasi dalam membuat motif, menggambarkan kemakmuran sumber daya alam di kota Batu","The batik fabric features the Malang motif, characterized by chocolate, orange motifs. The dominant motifs include orange tree. The motifs are arranged in a non-geometric pattern across the fabric, creating a harmonious and balanced composition.",/mnt/extended-home/dzakaaufa/dataset/all_images_captioning/Data 22 Batik Wagastu (Panen Jeruk).jpg
Data 23 Batik Wagastu (Liris Kopi),Malang,Liris kopi,FLORA (Tanaman kopi/Coffee Plant) // CULTURE (Motif Liris/LirisPattern),"Brick red, kuning",Tulis,Primisima,Sintetis,Geometris,"Keindahan alam dan kejayaan kopi di desa Dampit yang dikenal sebagai pusat kopi di Malang. Motif ini menggambarkan hamparan kebun kopi, proses panen, dan semangat petani.","Liris kopi merupakan mahakarya kelas Batik Malang dengan tata letak geometris. Warna yang digunakan adalah brick red dan kuning, membentuk motif utama tanaman kopi dan motif liris. Dibuat dengan teknik tulis menggunakan pewarna sintetis pada kain Primisima. Secara filosofis, Keindahan alam dan kejayaan kopi di desa Dampit yang dikenal sebagai pusat kopi di Malang. Motif ini menggambarkan hamparan kebun kopi, proses panen, dan semangat petani.","The batik fabric features the Malang motif, characterized by brick red, yellow motifs. The dominant motifs include coffee plant and lirispattern. The motifs are arranged in a geometric pattern across the fabric, creating a harmonious and balanced composition.",/mnt/extended-home/dzakaaufa/dataset/all_images_captioning/Data 23 Batik Wagastu (Liris Kopi).jpg
Data 24 Batik Wagastu (Sekar Setaman),Malang,Sekar Setaman,FLORA (Tanaman terompet/Trumpet Plant),"Hitam, putih",Cap,Primisima,Sintetis,Geometris,"Keindahan alam yang asri di kebun raya Purwodadi. Motif ini mencerminkan kekayaan flora, keseimbangan hidup, serta harmoni alam yang terus terjaga.","Sekar Setaman merupakan mahakarya kelas Batik Malang dengan tata letak geometris. Warna yang digunakan adalah hitam dan putih, membentuk motif utama tanaman terompet. Dibuat dengan teknik cap menggunakan pewarna sintetis pada kain Primisima. Secara filosofis, Keindahan alam yang asri di kebun raya Purwodadi. Motif ini mencerminkan kekayaan flora, keseimbangan hidup, serta harmoni alam yang terus terjaga.","The batik fabric features the Malang motif, characterized by black, white motifs. The dominant motifs include trumpet plant. The motifs are arranged in a geometric pattern across the fabric, creating a harmonious and balanced composition.",/mnt/extended-home/dzakaaufa/dataset/all_images_captioning/Data 24 Batik Wagastu (Sekar Setaman).jpg
Data 1 Batik Kantil (Tambal),Malang,Tambal,Semua motif batik,"Biru/Blue, Putih/White",Tulis,Primisima,Alam,Geometris,"Memperbaiki (tambal) motif-motif yag kurang baik/rusak (Google), motif tambal asli dari lasem dengan warna coklat","Tambal merupakan mahakarya kelas Batik Malang dengan tata letak geometris. Warna yang digunakan adalah biru dan putih, membentuk motif utama semua motif batik. Dibuat dengan teknik tulis menggunakan pewarna alam pada kain Primisima. Secara filosofis, Memperbaiki (tambal) motif-motif yag kurang baik/rusak (Google), motif tambal asli dari lasem dengan warna coklat","The batik fabric features the Malang motif, characterized by blue, white motifs. The dominant motifs include all batik motifs. The motifs are arranged in a geometric pattern across the fabric, creating a harmonious and balanced composition.",/mnt/extended-home/dzakaaufa/dataset/all_images_captioning/Data 1 Batik Kantil (Tambal).jpg
Data 2 Batik Kantil (Sekar Jagad),Malang,Sekar Jagad,"FLORA ( Cempaka Putih / White Champaka, Bunga sepatu/Hibiscus, Melati Klasik/Classic Jasmine, Apel/Apple) // CULTURE (Parang, truntum, kawung)","Ungu/Purple, Putih/White",Tulis,Primisima,Sintetis,Non Geometris,"Bu Camat Kota Batu memesan batik dengan kombinasi teknik Shibori dan motif Sekar Jagad saat sesi mengajar. Permintaan ini menggabungkan pola unik Shibori dengan keindahan tradisional Sekar Jagad, menciptakan karya batik yang khas dan eksklusif.","Sekar Jagad merupakan mahakarya kelas Batik Malang dengan tata letak non geometris. Warna yang digunakan adalah ungu dan putih, membentuk motif utama cempaka putih dan parang, truntum, kawung. Dibuat dengan teknik tulis menggunakan pewarna sintetis pada kain Primisima. Secara filosofis, Bu Camat Kota Batu memesan batik dengan kombinasi teknik Shibori dan motif Sekar Jagad saat sesi mengajar. Permintaan ini menggabungkan pola unik Shibori dengan keindahan tradisional Sekar Jagad, menciptakan karya batik yang khas dan eksklusif.","The batik fabric features the Malang motif, characterized by purple, white motifs. The dominant motifs include white champaka, bunga sepatu and machete, truntum, kawung. The motifs are arranged in a non-geometric pattern across the fabric, creating a harmonious and balanced composition.",/mnt/extended-home/dzakaaufa/dataset/all_images_captioning/Data 2 Batik Kantil (Sekar Jagad).jpg
Data 3 Batik Kantil (Topeng Kantil),Malang,Topeng Kantil,CULTURE (Topeng Kantil/Kantil Mask),"Ungu tua/Dark Purple, Putih/White",Tulis,Primisima,Sintetis,Non Geometris,"Mengangkat kebudayaan khas Malang melalui Topeng Kantil sebagai objek utama. Dengan menonjolkan ciri khas bentuk, warna, dan maknanya, karya ini bertujuan melestarikan serta memperkenalkan keunikan Topeng Kantil dalam seni dan budaya lokal maupun global.","Topeng Kantil merupakan mahakarya kelas Batik Malang dengan tata letak non geometris. Warna yang digunakan adalah ungu tua dan putih, membentuk motif utama topeng kantil. Dibuat dengan teknik tulis menggunakan pewarna sintetis pada kain Primisima. Secara filosofis, Mengangkat kebudayaan khas Malang melalui Topeng Kantil sebagai objek utama. Dengan menonjolkan ciri khas bentuk, warna, dan maknanya, karya ini bertujuan melestarikan serta memperkenalkan keunikan Topeng Kantil dalam seni dan budaya lokal maupun global.","The batik fabric features the Malang motif, characterized by dark purple, white motifs. The dominant motifs include kantil mask. The motifs are arranged in a non-geometric pattern across the fabric, creating a harmonious and balanced composition.",/mnt/extended-home/dzakaaufa/dataset/all_images_captioning/Data 3 Batik Kantil (Topeng Kantil).jpg
Data 4 Batik Kantil (Rama Sinta Kantil),Malang,Rama Sinta Kantil,CULTURE (Wayang Rama Sinta) // FLORA (Bunga kantil/Cempaka Putih/White Cempaka),"Ungu tua/Dark Purple, Oranye/Orange",Tulis,Primisima,Sintetis,Non Geometris,"Batik motif Rama Sinta terinspirasi dari filosofi kesetiaan dalam pewayangan Rama dan Sinta yang mencerminkan cinta sejati. Kesetiaan bukan sekadar janji, tetapi keteguhan hati, kepercayaan, dan ketulusan dalam menghadapi segala rintangan kehidupan.","Rama Sinta Kantil merupakan mahakarya kelas Batik Malang dengan tata letak non geometris. Warna yang digunakan adalah ungu tua dan oranye, membentuk motif utama wayang rama sinta dan bunga kantil. Dibuat dengan teknik tulis menggunakan pewarna sintetis pada kain Primisima. Secara filosofis, Batik motif Rama Sinta terinspirasi dari filosofi kesetiaan dalam pewayangan Rama dan Sinta yang mencerminkan cinta sejati. Kesetiaan bukan sekadar janji, tetapi keteguhan hati, kepercayaan, dan ketulusan dalam menghadapi segala rintangan kehidupan.","The batik fabric features the Malang motif, characterized by dark purple, orange motifs. The dominant motifs include rama sinta puppet and cempaka putih. The motifs are arranged in a non-geometric pattern across the fabric, creating a harmonious and balanced composition.",/mnt/extended-home/dzakaaufa/dataset/all_images_captioning/Data 4 Batik Kantil (Rama Sinta Kantil).jpg
Data 5 Batik Kantil (Mas-mas Mbois),Malang,Mas-mas Mbois,CULTURE (Manusia berpakaian adat jawa) // FLORA (Bunga kantil/Cempaka Putih/White Cempaka),"Coklat/Brown, Oranye/Orange",Tulis,Primisima,Sintetis,Non Geometris,"Motif manusia terinspirasi dari sosok laki-laki Jawa yang mengenakan baju tradisional, mencerminkan kearifan lokal dan identitas budaya. Sementara itu, motif flora berupa bunga kantil terinspirasi dari bunga kantil yang masih kuncup di halaman rumah. Motif ini melambangkan harapan akan masa depan yang cerah serta potensi yang terus berkembang, mencerminkan perjalanan menuju kematangan dan kesuksesan","Mas-mas Mbois merupakan mahakarya kelas Batik Malang dengan tata letak non geometris. Warna yang digunakan adalah coklat dan oranye, membentuk motif utama manusia berpakaian adat jawa dan bunga kantil. Dibuat dengan teknik tulis menggunakan pewarna sintetis pada kain Primisima. Secara filosofis, Motif manusia terinspirasi dari sosok laki-laki Jawa yang mengenakan baju tradisional, mencerminkan kearifan lokal dan identitas budaya. Sementara itu, motif flora berupa bunga kantil terinspirasi dari bunga kantil yang masih kuncup di halaman rumah. Motif ini melambangkan harapan akan masa depan yang cerah serta potensi yang terus berkembang, mencerminkan perjalanan menuju kematangan dan kesuksesan","The batik fabric features the Malang motif, characterized by brown, orange motifs. The dominant motifs include people dressed in javanese traditional clothes and cempaka putih. The motifs are arranged in a non-geometric pattern across the fabric, creating a harmonious and balanced composition.",/mnt/extended-home/dzakaaufa/dataset/all_images_captioning/Data 5 Batik Kantil (Mas-mas Mbois).jpg
Data 6 Batik Kantil (Burung Perkutut),Malang,Burung Perkutut,"FAUNA (Perkutut/Turtledove) // FLORA ( Buah anggur/Grape Fruit, bunga anggrek/Orchid Flower, bunga kantil/Cempaka Putih/White Cempaka)","Hijau/Green, Pink",Tulis,Primisima,Alam,Non Geometris,"Suara burung perkutut setiap pagi hari di halaman rumah menjadi inspirasi batik ini. Suara burung yang lembut, merdu dan suasana pagi hari yang sejuk di kota Malang juga menjadi inspirasi dalam pemilihan warna pada batik ini.","Burung Perkutut merupakan mahakarya kelas Batik Malang dengan tata letak non geometris. Warna yang digunakan adalah hijau dan pink, membentuk motif utama perkutut dan buah anggur. Dibuat dengan teknik tulis menggunakan pewarna alam pada kain Primisima. Secara filosofis, Suara burung perkutut setiap pagi hari di halaman rumah menjadi inspirasi batik ini. Suara burung yang lembut, merdu dan suasana pagi hari yang sejuk di kota Malang juga menjadi inspirasi dalam pemilihan warna pada batik ini.","The batik fabric features the Malang motif, characterized by green, pink motifs. The dominant motifs include turtledove and grape fruit, bunga anggrek. The motifs are arranged in a non-geometric pattern across the fabric, creating a harmonious and balanced composition.",/mnt/extended-home/dzakaaufa/dataset/all_images_captioning/Data 6 Batik Kantil (Burung Perkutut).jpg
Data 7 Batik Kantil (Penyu),Malang,Penyu,FAUNA (Penyu/Sea Turtle),"Biru/Blue, hijau/Green",Tulis,Primisima,Sintetis,Non Geometris,"Motif batik ini terinspirasi dari penyu ketika mengunjungi konservasi penyu yang ada pesisir Kabupaten Malang, Jawa Timur. Melihat proses pelestarian penyu dari telur penyu hingga pelepasan penyu ke habitat aslinya.","Penyu merupakan mahakarya kelas Batik Malang dengan tata letak non geometris. Warna yang digunakan adalah biru dan hijau, membentuk motif utama penyu. Dibuat dengan teknik tulis menggunakan pewarna sintetis pada kain Primisima. Secara filosofis, Motif batik ini terinspirasi dari penyu ketika mengunjungi konservasi penyu yang ada pesisir Kabupaten Malang, Jawa Timur. Melihat proses pelestarian penyu dari telur penyu hingga pelepasan penyu ke habitat aslinya.","The batik fabric features the Malang motif, characterized by blue, green motifs. The dominant motifs include sea turtle. The motifs are arranged in a non-geometric pattern across the fabric, creating a harmonious and balanced composition.",/mnt/extended-home/dzakaaufa/dataset/all_images_captioning/Data 7 Batik Kantil (Penyu).jpg
Data 8 Batik Kantil (Penyu Klasik),Malang,Penyu Klasik,FAUNA (Penyu/Sea Turtle),"Biru/Blue, Krem/Cream",Tulis,Primisima,Alam Indigo,Non Geometris,"Motif batik ini terinspirasi dari penyu ketika mengunjungi konservasi penyu yang ada pesisir Kabupaten Malang, Jawa Timur. Melihat proses pelestarian penyu dari telur penyu hingga pelepasan penyu ke habitat aslinya.","Penyu Klasik merupakan mahakarya kelas Batik Malang dengan tata letak non geometris. Warna yang digunakan adalah biru dan krem, membentuk motif utama penyu. Dibuat dengan teknik tulis menggunakan pewarna alam indigo pada kain Primisima. Secara filosofis, Motif batik ini terinspirasi dari penyu ketika mengunjungi konservasi penyu yang ada pesisir Kabupaten Malang, Jawa Timur. Melihat proses pelestarian penyu dari telur penyu hingga pelepasan penyu ke habitat aslinya.","The batik fabric features the Malang motif, characterized by blue, cream motifs. The dominant motifs include sea turtle. The motifs are arranged in a non-geometric pattern across the fabric, creating a harmonious and balanced composition.",/mnt/extended-home/dzakaaufa/dataset/all_images_captioning/Data 8 Batik Kantil (Penyu Klasik).jpg
Data 9 Batik Kantil (Love Bird dan Kamboja),Malang,Love Bird & Kamboja,FAUNA (Burung love bird/Love Bird) // FLORA (Bunga Kamboja/Frangipani Flower),"Ungu muda/Bright Purple, Merah/Red",Tulis,Primisima,Sintetis,Non Geometris,"Burung Lovebird melambangkan kesetiaan dan keindahan, menjadi inspirasi motif batik, yang menggambarkan harmoni dalam hubungan serta keanggunan alam. Motif ini mencerminkan cinta sejati, kebersamaan, dan keharmonisan dalam kehidupan yang penuh makna.","Love Bird & Kamboja merupakan mahakarya kelas Batik Malang dengan tata letak non geometris. Warna yang digunakan adalah ungu muda dan merah, membentuk motif utama burung love bird dan bunga kamboja. Dibuat dengan teknik tulis menggunakan pewarna sintetis pada kain Primisima. Secara filosofis, Burung Lovebird melambangkan kesetiaan dan keindahan, menjadi inspirasi motif batik, yang menggambarkan harmoni dalam hubungan serta keanggunan alam. Motif ini mencerminkan cinta sejati, kebersamaan, dan keharmonisan dalam kehidupan yang penuh makna.","The batik fabric features the Malang motif, characterized by bright purple, red motifs. The dominant motifs include love bird and frangipani flower. The motifs are arranged in a non-geometric pattern across the fabric, creating a harmonious and balanced composition.",/mnt/extended-home/dzakaaufa/dataset/all_images_captioning/Data 9 Batik Kantil (Love Bird dan Kamboja).jpg
Data 10 Batik Kantil (Merak Wolak-walik),Malang,Merak Wolak-walik,FLORA (Bunga krisan/Chrysanthemum Flower) // FAUNA (Burung merak/Peacock),"Coklat susu/Milk Chocolate, pink",Tulis,Katun sutra,Indigosol,Non Geometris,"Konsep dualisme batik ""Merak Tangguh"" menggambarkan dua sisi dalam satu kesatuan. Meski indah dan anggun, merak juga mencerminkan kesombongan. Motif ini melambangkan keseimbangan antara keindahan, ketangguhan, dan sifat manusia yang kompleks.","Merak Wolak-walik merupakan mahakarya kelas Batik Malang dengan tata letak non geometris. Warna yang digunakan adalah coklat susu dan pink, membentuk motif utama bunga krisan dan burung merak. Dibuat dengan teknik tulis menggunakan pewarna indigosol pada kain Katun sutra. Secara filosofis, Konsep dualisme batik ""Merak Tangguh"" menggambarkan dua sisi dalam satu kesatuan. Meski indah dan anggun, merak juga mencerminkan kesombongan. Motif ini melambangkan keseimbangan antara keindahan, ketangguhan, dan sifat manusia yang kompleks.","The batik fabric features the Malang motif, characterized by milk chocolate, pink motifs. The dominant motifs include chrysanthemum flower and peacock. The motifs are arranged in a non-geometric pattern across the fabric, creating a harmonious and balanced composition.",/mnt/extended-home/dzakaaufa/dataset/all_images_captioning/Data 10 Batik Kantil (Merak Wolak-walik).jpg
"Data 11 Batik Kantil (Kantil Klasik, Coklat)",Malang,Kantil Klasik,FLORA (Bunga kantil/Cempaka Putih/White Cempaka) ,"Coklat/Brown, Putih/White",Tulis,Primisima,Alam,Non Geometris,"Motif ini terinspirasi dari bunga kantil (Magnolia champaca), yang dalam budaya Jawa sering dikaitkan dengan kesucian, spiritualitas, dan kesetiaan. Dengan latar warna coklat dalam konteks budaya Jawa, coklat juga mencerminkan sifat kesederhanaan, keteguhan, serta hubungan erat dengan nilai-nilai tradisional dan spiritual.","Kantil Klasik merupakan mahakarya kelas Batik Malang dengan tata letak non geometris. Warna yang digunakan adalah coklat dan putih, membentuk motif utama bunga kantil. Dibuat dengan teknik tulis menggunakan pewarna alam pada kain Primisima. Secara filosofis, Motif ini terinspirasi dari bunga kantil (Magnolia champaca), yang dalam budaya Jawa sering dikaitkan dengan kesucian, spiritualitas, dan kesetiaan. Dengan latar warna coklat dalam konteks budaya Jawa, coklat juga mencerminkan sifat kesederhanaan, keteguhan, serta hubungan erat dengan nilai-nilai tradisional dan spiritual.","The batik fabric features the Malang motif, characterized by brown, white motifs. The dominant motifs include cempaka putih. The motifs are arranged in a non-geometric pattern across the fabric, creating a harmonious and balanced composition.","/mnt/extended-home/dzakaaufa/dataset/all_images_captioning/Data 11 Batik Kantil (Kantil Klasik, Coklat).jpg"
Data 12 Batik Kantil (Keong),Malang,Keong,FLORA (Bunga kantil/Cempaka Putih/White Cempaka) // FAUNA (Keong/Snail) ,"Biru navy,/Navy Blue, Biru muda/Bright Blue",Tulis,Primisima,Sintetis,Non Geometris,"Karya ini terinspirasi dari keong yang ditemukan saat pelesir di Pantai Sendiki Kabupaten Malang. Motifnya melambangkan ketenangan, ketahanan, dan perjalanan hidup, mencerminkan harmoni antara alam dan manusia dalam setiap lekukan bentuknya yang unik.","Keong merupakan mahakarya kelas Batik Malang dengan tata letak non geometris. Warna yang digunakan adalah biru navy dan  dan biru muda, membentuk motif utama bunga kantil dan keong. Dibuat dengan teknik tulis menggunakan pewarna sintetis pada kain Primisima. Secara filosofis, Karya ini terinspirasi dari keong yang ditemukan saat pelesir di Pantai Sendiki Kabupaten Malang. Motifnya melambangkan ketenangan, ketahanan, dan perjalanan hidup, mencerminkan harmoni antara alam dan manusia dalam setiap lekukan bentuknya yang unik.","The batik fabric features the Malang motif, characterized by navy blue, navy blue, bright blue motifs. The dominant motifs include cempaka putih and snail. The motifs are arranged in a non-geometric pattern across the fabric, creating a harmonious and balanced composition.",/mnt/extended-home/dzakaaufa/dataset/all_images_captioning/Data 12 Batik Kantil (Keong).jpg
Data 13 Batik Kantil (Buntel),Malang,Buntel,"FLORA (Bunga Melati/Jasmine Flower, Bunga kantil/Cempaka Putih/White Cempaka)","Coklat/Brown, HIjau/Green",Tulis,Primisima,Indigosol,Non Geometris,"Karya ini terinspirasi dari keindahan kebun bunga yang ditemui saat liburan di Kebun Kota Kebumen. Motifnya menggambarkan keharuman, keceriaan, dan keanekaragaman, mencerminkan harmoni alam serta kebahagiaan dalam setiap kelopak dan warna.","Buntel merupakan mahakarya kelas Batik Malang dengan tata letak non geometris. Warna yang digunakan adalah coklat dan hijau, membentuk motif utama bunga melati. Dibuat dengan teknik tulis menggunakan pewarna indigosol pada kain Primisima. Secara filosofis, Karya ini terinspirasi dari keindahan kebun bunga yang ditemui saat liburan di Kebun Kota Kebumen. Motifnya menggambarkan keharuman, keceriaan, dan keanekaragaman, mencerminkan harmoni alam serta kebahagiaan dalam setiap kelopak dan warna.","The batik fabric features the Malang motif, characterized by brown, green motifs. The dominant motifs include jasmine flower, bunga kantil. The motifs are arranged in a non-geometric pattern across the fabric, creating a harmonious and balanced composition.",/mnt/extended-home/dzakaaufa/dataset/all_images_captioning/Data 13 Batik Kantil (Buntel).jpg
Data 14 Batik Kantil (Srikit Kantil),Malang,Srikit Kantil,"FLORA (Bunga krisan/Chrysanthemum Flower, Bunga matahari/Sunflower, Bunga mawar/Rose Flower) ","Coklat/Brown, HIjau/Green",Tulis,Primisima,Indigosol,Geometris,"Batik ini menampilkan komposisi pola yang kompleks dengan susunan diagonal yang berisi motif bunga dan dedaunan dalam berbagai warna, termasuk biru, ungu, jingga, dan hijau terinspirasi dari motif batik srikit Kabupaten Kebumen. Bentuk mengkerucut memiliki filosofi perjalanan menuju puncak tertinggi.","Srikit Kantil merupakan mahakarya kelas Batik Malang dengan tata letak geometris. Warna yang digunakan adalah coklat dan hijau, membentuk motif utama bunga krisan. Dibuat dengan teknik tulis menggunakan pewarna indigosol pada kain Primisima. Secara filosofis, Batik ini menampilkan komposisi pola yang kompleks dengan susunan diagonal yang berisi motif bunga dan dedaunan dalam berbagai warna, termasuk biru, ungu, jingga, dan hijau terinspirasi dari motif batik srikit Kabupaten Kebumen. Bentuk mengkerucut memiliki filosofi perjalanan menuju puncak tertinggi.","The batik fabric features the Malang motif, characterized by brown, green motifs. The dominant motifs include chrysanthemum flower, bunga matahari. The motifs are arranged in a geometric pattern across the fabric, creating a harmonious and balanced composition.",/mnt/extended-home/dzakaaufa/dataset/all_images_captioning/Data 14 Batik Kantil (Srikit Kantil).jpg
Data 15 Batik Kantil (Parang Mawar Kupu-kupu),Malang,Parang Mawar Kupu-kupu,FLORA (Bunga mawar/Rose Flower) // FAUNA (Kupu-kupu/Butterfly) // CULTURE (Motif Parang/Parang Pattern) ,"Hijau Muda/Bright Green, HIjau/Green",Tulis,Primisima,Sintetis,Geometris,"Karya ini terinspirasi dari kebun bunga dan kupu-kupu yang indah saat liburan di Wisata Selecta, Kota Batu. Motifnya melambangkan keindahan, keceriaan, dan transformasi hidup, menciptakan harmoni antara alam dan keanggunan makhluknya.","Parang Mawar Kupu-kupu merupakan mahakarya kelas Batik Malang dengan tata letak geometris. Warna yang digunakan adalah hijau muda dan hijau, membentuk motif utama bunga mawar, kupu-kupu dan motif parang. Dibuat dengan teknik tulis menggunakan pewarna sintetis pada kain Primisima. Secara filosofis, Karya ini terinspirasi dari kebun bunga dan kupu-kupu yang indah saat liburan di Wisata Selecta, Kota Batu. Motifnya melambangkan keindahan, keceriaan, dan transformasi hidup, menciptakan harmoni antara alam dan keanggunan makhluknya.","The batik fabric features the Malang motif, characterized by bright green, green motifs. The dominant motifs include rose flower, butterfly and parang pattern. The motifs are arranged in a geometric pattern across the fabric, creating a harmonious and balanced composition.",/mnt/extended-home/dzakaaufa/dataset/all_images_captioning/Data 15 Batik Kantil (Parang Mawar Kupu-kupu).jpg
Data 16 Batik Kantil (Kembang Sepatu),Malang,Kembang Sepatu,FLORA (Bunga Sepatu/Hibiscus),"Pink fuchia, Biru/Blue",Tulis,Primisima,Sintetis,Non Geometris,"Batik motif Bunga Sepatu terinspirasi dari keindahan bunga sepatu (Hibiscus rosa-sinensis), yang dikenal dengan kelopak lebarnya dan warna-warna cerah. Motif ini memiliki karakter yang dinamis dan penuh ekspresi, mencerminkan keanggunan serta keindahan alam tropis. Warna yang kompleks terinspirasi dari suasana perjalanan ketika berada di Bali.","Kembang Sepatu merupakan mahakarya kelas Batik Malang dengan tata letak non geometris. Warna yang digunakan adalah pink fuchia dan biru, membentuk motif utama bunga sepatu. Dibuat dengan teknik tulis menggunakan pewarna sintetis pada kain Primisima. Secara filosofis, Batik motif Bunga Sepatu terinspirasi dari keindahan bunga sepatu (Hibiscus rosa-sinensis), yang dikenal dengan kelopak lebarnya dan warna-warna cerah. Motif ini memiliki karakter yang dinamis dan penuh ekspresi, mencerminkan keanggunan serta keindahan alam tropis. Warna yang kompleks terinspirasi dari suasana perjalanan ketika berada di Bali.","The batik fabric features the Malang motif, characterized by fuchsia pink, blue motifs. The dominant motifs include hibiscus. The motifs are arranged in a non-geometric pattern across the fabric, creating a harmonious and balanced composition.",/mnt/extended-home/dzakaaufa/dataset/all_images_captioning/Data 16 Batik Kantil (Kembang Sepatu).jpg
Data 17 Batik Kantil (Mak-mak Mbois),Malang,Mak-mak Mbois,MANUSIA // FLORA (Bunga kantil/Cempaka Putih/White Cempaka),"Hitam/Black, Merah/Red",Tulis,Primisima,Sintetis,Non Geometris,"Batik ini memiliki latar warna hitam dengan 2 corak motif flora (bunga kantil) dan motif manusia. Motif Manusia terinspirasi perempuan Jawa dengan menggunakan baju tradisional. sedangkan motif flora (bunga kantil) terinspirasi dari bunga kantil yang masih kuncup di halaman rumah, menggambarkan harapan akan masa depan yang cerah serta potensi yang masih akan berkembang.","Mak-mak Mbois merupakan mahakarya kelas Batik Malang dengan tata letak non geometris. Warna yang digunakan adalah hitam dan merah, membentuk motif utama bunga kantil. Dibuat dengan teknik tulis menggunakan pewarna sintetis pada kain Primisima. Secara filosofis, Batik ini memiliki latar warna hitam dengan 2 corak motif flora (bunga kantil) dan motif manusia. Motif Manusia terinspirasi perempuan Jawa dengan menggunakan baju tradisional. sedangkan motif flora (bunga kantil) terinspirasi dari bunga kantil yang masih kuncup di halaman rumah, menggambarkan harapan akan masa depan yang cerah serta potensi yang masih akan berkembang.","The batik fabric features the Malang motif, characterized by black, red motifs. The dominant motifs include cempaka putih. The motifs are arranged in a non-geometric pattern across the fabric, creating a harmonious and balanced composition.",/mnt/extended-home/dzakaaufa/dataset/all_images_captioning/Data 17 Batik Kantil (Mak-mak Mbois).jpg
Data 18 Batik Kantil (Bunga Mawar),Malang,Mawar,FLORA (Bunga mawar/Rose Flower) // FAUNA (Kupu-kupu/Butterfly),"Oranye/Orange, Pink",Tulis,Primisima,Sintetis,Non Geometris,"Batik ini memiliki nuansa elegan dengan latar warna orange memberi kesan hangat, ceria, dan penuh semangat, dipadukan dengan dua motif Flora (Bunga Mawar) sebagai simbol universal cinta dan keanggunan, merepresentasikan kelembutan serta kecantikan yang abadi dan Fauna (Kupu-kupu) dalam filosofi Jawa melambangkan perjalanan hidup yang penuh perubahan, dari kepompong hingga menjadi makhluk yang indah, mencerminkan harapan akan perkembangan dan pencapaian yang lebih baik.","Mawar merupakan mahakarya kelas Batik Malang dengan tata letak non geometris. Warna yang digunakan adalah oranye dan pink, membentuk motif utama bunga mawar dan kupu-kupu. Dibuat dengan teknik tulis menggunakan pewarna sintetis pada kain Primisima. Secara filosofis, Batik ini memiliki nuansa elegan dengan latar warna orange memberi kesan hangat, ceria, dan penuh semangat, dipadukan dengan dua motif Flora (Bunga Mawar) sebagai simbol universal cinta dan keanggunan, merepresentasikan kelembutan serta kecantikan yang abadi dan Fauna (Kupu-kupu) dalam filosofi Jawa melambangkan perjalanan hidup yang penuh perubahan, dari kepompong hingga menjadi makhluk yang indah, mencerminkan harapan akan perkembangan dan pencapaian yang lebih baik.","The batik fabric features the Malang motif, characterized by orange, pink motifs. The dominant motifs include rose flower and butterfly. The motifs are arranged in a non-geometric pattern across the fabric, creating a harmonious and balanced composition.",/mnt/extended-home/dzakaaufa/dataset/all_images_captioning/Data 18 Batik Kantil (Bunga Mawar).jpg
Data 19 Batik Kantil (Bunga Mawar),Malang,Mawar,FLORA (Bunga mawar/Rose Flower) ,"Coklat susu/Milk Chocolate, Putih/White",Tulis,Primisima,Alami,Non Geometris,"Batik ini memiliki nuansa alam dengan latar warna coklat, dalam budaya Jawa coklat alam menggambarkan kesuburan dan kemakmuran, sebagaimana warna tanah yang menjadi sumber kehidupan. Dipadukan dengan motif Flora (Bunga Mawar) sebagai simbol universal cinta dan keanggunan, merepresentasikan kelembutan serta kecantikan yang abadi sebagai penggambaran kota Malang sebagai tanah yang makmur, ramah dan penuh cinta.","Mawar merupakan mahakarya kelas Batik Malang dengan tata letak non geometris. Warna yang digunakan adalah coklat susu dan putih, membentuk motif utama bunga mawar. Dibuat dengan teknik tulis menggunakan pewarna alami pada kain Primisima. Secara filosofis, Batik ini memiliki nuansa alam dengan latar warna coklat, dalam budaya Jawa coklat alam menggambarkan kesuburan dan kemakmuran, sebagaimana warna tanah yang menjadi sumber kehidupan. Dipadukan dengan motif Flora (Bunga Mawar) sebagai simbol universal cinta dan keanggunan, merepresentasikan kelembutan serta kecantikan yang abadi sebagai penggambaran kota Malang sebagai tanah yang makmur, ramah dan penuh cinta.","The batik fabric features the Malang motif, characterized by milk chocolate, white motifs. The dominant motifs include rose flower. The motifs are arranged in a non-geometric pattern across the fabric, creating a harmonious and balanced composition.",/mnt/extended-home/dzakaaufa/dataset/all_images_captioning/Data 19 Batik Kantil (Bunga Mawar).jpg
Data 20 Batik Kantil (Bangau),Malang,Bangau,FAUNA (Burung bangau/Stork) // FLORA (Bunga krisan/Chrysanthemum Flower) ,Biru indigo/Dark Blue,Tulis,Primisima,Alami,Non Geometris,"Motif fauna (bangau) terinspirasi ketika melihat sekumpulan burung bangau terbang ketika perjalanan menuju Yogyakarta, populasi burung bangau yang semakin sedikit menjadi motivasi untuk membuat motif ini. Sedangkan motif bunga krisan dalam budaya Jawa, bunga ini sering dikaitkan dengan keharmonisan dan ketenangan batin, menjadikannya simbol yang sesuai untuk menggambarkan keseimbangan dalam kehidupan.","Bangau merupakan mahakarya kelas Batik Malang dengan tata letak non geometris. Warna yang digunakan adalah biru indigo, membentuk motif utama burung bangau dan bunga krisan. Dibuat dengan teknik tulis menggunakan pewarna alami pada kain Primisima. Secara filosofis, Motif fauna (bangau) terinspirasi ketika melihat sekumpulan burung bangau terbang ketika perjalanan menuju Yogyakarta, populasi burung bangau yang semakin sedikit menjadi motivasi untuk membuat motif ini. Sedangkan motif bunga krisan dalam budaya Jawa, bunga ini sering dikaitkan dengan keharmonisan dan ketenangan batin, menjadikannya simbol yang sesuai untuk menggambarkan keseimbangan dalam kehidupan.","The batik fabric features the Malang motif, characterized by dark blue motifs. The dominant motifs include stork and chrysanthemum flower. The motifs are arranged in a non-geometric pattern across the fabric, creating a harmonious and balanced composition.",/mnt/extended-home/dzakaaufa/dataset/all_images_captioning/Data 20 Batik Kantil (Bangau).jpg
Data 21 Batik Kantil (Musahara Gauri),Malang,Musahara Gauri,FLORA (Pohon pisang/Banana tree) // FAUNA (Burung Foniks/Phoenix Bird),Hijau daun/Foliage green,Tulis,Primisima,Sintetis,Non Geometris,"Batik ini terinspirasi dari pohon pisang yang banyak tumbuh di daerah Kabupaten Lumajang, Jawa Timur. Kabupaten Lumajang merupakan salah satu sentra penghasil berbagai jenis pisang.","Musahara Gauri merupakan mahakarya kelas Batik Malang dengan tata letak non geometris. Warna yang digunakan adalah hijau daun, membentuk motif utama pohon pisang dan burung foniks. Dibuat dengan teknik tulis menggunakan pewarna sintetis pada kain Primisima. Secara filosofis, Batik ini terinspirasi dari pohon pisang yang banyak tumbuh di daerah Kabupaten Lumajang, Jawa Timur. Kabupaten Lumajang merupakan salah satu sentra penghasil berbagai jenis pisang.","The batik fabric features the Malang motif, characterized by foliage green motifs. The dominant motifs include banana tree and phoenix bird. The motifs are arranged in a non-geometric pattern across the fabric, creating a harmonious and balanced composition.",/mnt/extended-home/dzakaaufa/dataset/all_images_captioning/Data 21 Batik Kantil (Musahara Gauri).jpg
Data 22 Batik Kantil (Klasik Kantil),Malang,Klasik Kantil,FLORA (Bunga kantil/Cempaka Putih/White Cempaka) ,"Ungu/Purple, Hijau/Green",Tulis,Primisima,Sintetis,Non Geometris,"Motif batik ini menggabungkan unsur modern dengan tetap mempertahankan keklasikan bunga kantil. Keanggunan dan filosofi bunga kantil sebagai simbol kesucian dan ketulusan dihadirkan dalam desain, menciptakan harmoni antara tradisi dan inovasi dalam seni batik.","Klasik Kantil merupakan mahakarya kelas Batik Malang dengan tata letak non geometris. Warna yang digunakan adalah ungu dan hijau, membentuk motif utama bunga kantil. Dibuat dengan teknik tulis menggunakan pewarna sintetis pada kain Primisima. Secara filosofis, Motif batik ini menggabungkan unsur modern dengan tetap mempertahankan keklasikan bunga kantil. Keanggunan dan filosofi bunga kantil sebagai simbol kesucian dan ketulusan dihadirkan dalam desain, menciptakan harmoni antara tradisi dan inovasi dalam seni batik.","The batik fabric features the Malang motif, characterized by purple, green motifs. The dominant motifs include cempaka putih. The motifs are arranged in a non-geometric pattern across the fabric, creating a harmonious and balanced composition.",/mnt/extended-home/dzakaaufa/dataset/all_images_captioning/Data 22 Batik Kantil (Klasik Kantil).jpg
Data 23 Batik Kantil (Sarang Lebah),Malang,Sarang Lebah,FLORA (Bunga Sepatu/Hibiscus) // FAUNA (Sarang Lebah/Beehive) ,Biru indigo/Dark Blue,Tulis,Primisima,Alam,Non Geometris,"Pemilik rumah batik terinspirasi dari batu akik sarang lebah untuk menciptakan motif batik unik. Pola sarang lebah melambangkan kerja keras, kebersamaan, dan ketahanan.","Sarang Lebah merupakan mahakarya kelas Batik Malang dengan tata letak non geometris. Warna yang digunakan adalah biru indigo, membentuk motif utama bunga sepatu dan sarang lebah. Dibuat dengan teknik tulis menggunakan pewarna alam pada kain Primisima. Secara filosofis, Pemilik rumah batik terinspirasi dari batu akik sarang lebah untuk menciptakan motif batik unik. Pola sarang lebah melambangkan kerja keras, kebersamaan, dan ketahanan.","The batik fabric features the Malang motif, characterized by dark blue motifs. The dominant motifs include hibiscus and beehive. The motifs are arranged in a non-geometric pattern across the fabric, creating a harmonious and balanced composition.",/mnt/extended-home/dzakaaufa/dataset/all_images_captioning/Data 23 Batik Kantil (Sarang Lebah).jpg
Data 24 Batik Kantil (Metamorfosa Adhiluhung),Malang,Batik Metamorfora Adhiluhung,FLORA (Bunga kantil/Cempaka Putih/White Cempaka) // FAUNA (Kupu-kupu/Butterfly) // CULTURE (Adhiluhung simbol batik eyang patik),Ungu/Purple,Tulis,Primisima,Sintetis,Non Geometris,"Batik metamorfora Adhiluhung terinspirasi dari, kerja sama dengan Eyang Tatik melahirkan karya adiluhung yang mencerminkan keindahan dan filosofi batik. Karya ini kemudian diundang untuk tampil dalam event Hari Batik pada 2 Oktober, merayakan warisan budaya dengan penuh makna","Batik Metamorfora Adhiluhung merupakan mahakarya kelas Batik Malang dengan tata letak non geometris. Warna yang digunakan adalah ungu, membentuk motif utama bunga kantil, kupu-kupu dan adhiluhung simbol batik eyang patik. Dibuat dengan teknik tulis menggunakan pewarna sintetis pada kain Primisima. Secara filosofis, Batik metamorfora Adhiluhung terinspirasi dari, kerja sama dengan Eyang Tatik melahirkan karya adiluhung yang mencerminkan keindahan dan filosofi batik. Karya ini kemudian diundang untuk tampil dalam event Hari Batik pada 2 Oktober, merayakan warisan budaya dengan penuh makna","The batik fabric features the Malang motif, characterized by purple motifs. The dominant motifs include cempaka putih, butterfly and adhiluhung eyang patik's batik symbol. The motifs are arranged in a non-geometric pattern across the fabric, creating a harmonious and balanced composition.",/mnt/extended-home/dzakaaufa/dataset/all_images_captioning/Data 24 Batik Kantil (Metamorfosa Adhiluhung).jpg
Data 25 Batik Kantil (Anggrek),Malang,Anggrek,FLORA (Bunga anggrek/Orchid flower),"Merah Bata/Brick Red, ungu/Purple",Tulis,Primisima,Sintetis,Non Geometris,"Terinspirasi saat berjalan-jalan ke kebun bunga di kota Batu, melihat anggrek yang tumbuh subur dan memancarkan keindahan. Namun, keindahannya tidak abadi, mengajarkan bahwa kecantikan bersifat sementara, tetapi maknanya dapat diabadikan dalam sebuah karya seni batik.","Anggrek merupakan mahakarya kelas Batik Malang dengan tata letak non geometris. Warna yang digunakan adalah merah bata dan ungu, membentuk motif utama bunga anggrek. Dibuat dengan teknik tulis menggunakan pewarna sintetis pada kain Primisima. Secara filosofis, Terinspirasi saat berjalan-jalan ke kebun bunga di kota Batu, melihat anggrek yang tumbuh subur dan memancarkan keindahan. Namun, keindahannya tidak abadi, mengajarkan bahwa kecantikan bersifat sementara, tetapi maknanya dapat diabadikan dalam sebuah karya seni batik.","The batik fabric features the Malang motif, characterized by brick red, purple motifs. The dominant motifs include orchid flower. The motifs are arranged in a non-geometric pattern across the fabric, creating a harmonious and balanced composition.",/mnt/extended-home/dzakaaufa/dataset/all_images_captioning/Data 25 Batik Kantil (Anggrek).jpg
Data 26 Batik Kantil (Kamalini Buana),Malang,Kamalini Buana,FLORA (Bunga teratai/Lotus),"Hitam/Black, hijau/green",Tulis,Primisima,Sintetis,Non Geometris,"Motif batik ini terinspirasi dari keanggunan bunga teratai di Balai Kota Malang yang terlihat saat berjalan-jalan bersama keluarga. Dipadukan dengan ragam bunga indah lainnya, desain ini melambangkan harmoni dalam keindahan budaya Nusantara.","Kamalini Buana merupakan mahakarya kelas Batik Malang dengan tata letak non geometris. Warna yang digunakan adalah hitam dan hijau, membentuk motif utama bunga teratai. Dibuat dengan teknik tulis menggunakan pewarna sintetis pada kain Primisima. Secara filosofis, Motif batik ini terinspirasi dari keanggunan bunga teratai di Balai Kota Malang yang terlihat saat berjalan-jalan bersama keluarga. Dipadukan dengan ragam bunga indah lainnya, desain ini melambangkan harmoni dalam keindahan budaya Nusantara.","The batik fabric features the Malang motif, characterized by black, green motifs. The dominant motifs include lotus. The motifs are arranged in a non-geometric pattern across the fabric, creating a harmonious and balanced composition.",/mnt/extended-home/dzakaaufa/dataset/all_images_captioning/Data 26 Batik Kantil (Kamalini Buana).jpg
Data 27 Batik Kantil (Junjung Derajat),Malang,Junjung Derajat,FLORA (Bunga matahari/Sunflower) // FAUNA (Burung hong/Phoenix Bird) // CULTURE (Parang junjung) ,Ungu/Purple,Tulis,Primisima,Sintetis,Non Geometris,"Motif batik ini terinspirasi dari keagungan burung phoenix yang ditemukan dalam perayaan hari besar masyarakat Tionghoa, dipadukan dengan keindahan bunga yang memikat. Kombinasi ini melambangkan keabadian, keanggunan, dan kebangkitan.","Junjung Derajat merupakan mahakarya kelas Batik Malang dengan tata letak non geometris. Warna yang digunakan adalah ungu, membentuk motif utama bunga matahari, burung hong dan parang junjung. Dibuat dengan teknik tulis menggunakan pewarna sintetis pada kain Primisima. Secara filosofis, Motif batik ini terinspirasi dari keagungan burung phoenix yang ditemukan dalam perayaan hari besar masyarakat Tionghoa, dipadukan dengan keindahan bunga yang memikat. Kombinasi ini melambangkan keabadian, keanggunan, dan kebangkitan.","The batik fabric features the Malang motif, characterized by purple motifs. The dominant motifs include sunflower, phoenix bird and parang junjung. The motifs are arranged in a non-geometric pattern across the fabric, creating a harmonious and balanced composition.",/mnt/extended-home/dzakaaufa/dataset/all_images_captioning/Data 27 Batik Kantil (Junjung Derajat).jpg
Data 28 Batik Kantil (Cendrawasih),Malang,Cendrawasih,"FLORA (Bunga teratai/Lotus, kantil/Bunga kantil/Cempaka Putih/White Cempaka) // FAUNA (Burung cendrawasih/Cendrawasih Bird/Bird of Paradise)","Coklat klasik/Brown, biru/blue",Tulis,Primisima,Sintetis,Non Geometris,"Motif batik ini terinspirasi dari keanggunan burung cendrawasih yang ditemukan di internet, dipadukan dengan keindahan bunga yang memikat. Perpaduan ini menciptakan desain harmonis yang mencerminkan keindahan alam, keeksotisan, serta kemewahan budaya Nusantara.","Cendrawasih merupakan mahakarya kelas Batik Malang dengan tata letak non geometris. Warna yang digunakan adalah coklat klasik dan biru, membentuk motif utama bunga teratai dan burung cendrawasih. Dibuat dengan teknik tulis menggunakan pewarna sintetis pada kain Primisima. Secara filosofis, Motif batik ini terinspirasi dari keanggunan burung cendrawasih yang ditemukan di internet, dipadukan dengan keindahan bunga yang memikat. Perpaduan ini menciptakan desain harmonis yang mencerminkan keindahan alam, keeksotisan, serta kemewahan budaya Nusantara.","The batik fabric features the Malang motif, characterized by brown, blue motifs. The dominant motifs include lotus, kantil and cendrawasih bird. The motifs are arranged in a non-geometric pattern across the fabric, creating a harmonious and balanced composition.",/mnt/extended-home/dzakaaufa/dataset/all_images_captioning/Data 28 Batik Kantil (Cendrawasih).jpg
Data 29 Batik Kantil (Merak),Malang,Merak,"FLORA (Bunga teratai/Lotus, kantil/Bunga kantil/Cempaka Putih/White Cempaka) // FAUNA (Burung merak/peacock)","Coklat klasik/Brown, biru/blue",Tulis,Primisima,Sintetis,Non Geometris,"Motif batik ini terinspirasi dari keindahan merak yang pembatik temui saat berkunjung ke Kebun Binatang Pasuruan. Pola anggun ekor merak yang mengembang dipadukan dengan unsur tradisional, menciptakan desain elegan yang mencerminkan keindahan dan kemegahan alam.","Merak merupakan mahakarya kelas Batik Malang dengan tata letak non geometris. Warna yang digunakan adalah coklat klasik dan biru, membentuk motif utama bunga teratai dan burung merak. Dibuat dengan teknik tulis menggunakan pewarna sintetis pada kain Primisima. Secara filosofis, Motif batik ini terinspirasi dari keindahan merak yang pembatik temui saat berkunjung ke Kebun Binatang Pasuruan. Pola anggun ekor merak yang mengembang dipadukan dengan unsur tradisional, menciptakan desain elegan yang mencerminkan keindahan dan kemegahan alam.","The batik fabric features the Malang motif, characterized by brown, blue motifs. The dominant motifs include lotus, kantil and peacock. The motifs are arranged in a non-geometric pattern across the fabric, creating a harmonious and balanced composition.",/mnt/extended-home/dzakaaufa/dataset/all_images_captioning/Data 29 Batik Kantil (Merak).jpg
Data 30 Batik Kantil (Bunga Sepatu dan Isen-isen),Malang,Bunga Sepatu dan Isen-isen,FLORA (Bunga Sepatu/Hibiscus),"Coklat/Brown, pink peach",Tulis,Primisima,Sintetis,Non Geometris,"Terinspirasi saat berjalan-jalan ke kebun bunga di selecta kota Batu, melihat bunga-bunga sepatu yang tumbuh subur dan memancarkan keindahan.","Bunga Sepatu dan Isen-isen merupakan mahakarya kelas Batik Malang dengan tata letak non geometris. Warna yang digunakan adalah coklat dan pink peach, membentuk motif utama bunga sepatu. Dibuat dengan teknik tulis menggunakan pewarna sintetis pada kain Primisima. Secara filosofis, Terinspirasi saat berjalan-jalan ke kebun bunga di selecta kota Batu, melihat bunga-bunga sepatu yang tumbuh subur dan memancarkan keindahan.","The batik fabric features the Malang motif, characterized by brown, pink peach motifs. The dominant motifs include hibiscus. The motifs are arranged in a non-geometric pattern across the fabric, creating a harmonious and balanced composition.",/mnt/extended-home/dzakaaufa/dataset/all_images_captioning/Data 30 Batik Kantil (Bunga Sepatu dan Isen-isen).jpg
Data 31 Batik Kantil (Mawar),Malang,Mawar,FLORA (Bunga mawar/Rose Flower) // FAUNA (Kupu-kupu/Butterfly),Merah Bata/Brick Red,Tulis,Primisima,Sintetis,Non Geometris,"Batik ini memiliki nuansa elegan dengan latar warna brick red memberi kesan hangat, ceria, dan penuh semangat, dipadukan dengan dua motif Flora (Bunga Mawar) sebagai simbol universal cinta dan keanggunan, merepresentasikan kelembutan serta kecantikan yang abadi dan Fauna (Kupu-kupu) dalam filosofi Jawa melambangkan perjalanan hidup yang penuh perubahan, dari kepompong hingga menjadi makhluk yang indah, mencerminkan harapan akan perkembangan dan pencapaian yang lebih baik.","Mawar merupakan mahakarya kelas Batik Malang dengan tata letak non geometris. Warna yang digunakan adalah merah bata, membentuk motif utama bunga mawar dan kupu-kupu. Dibuat dengan teknik tulis menggunakan pewarna sintetis pada kain Primisima. Secara filosofis, Batik ini memiliki nuansa elegan dengan latar warna brick red memberi kesan hangat, ceria, dan penuh semangat, dipadukan dengan dua motif Flora (Bunga Mawar) sebagai simbol universal cinta dan keanggunan, merepresentasikan kelembutan serta kecantikan yang abadi dan Fauna (Kupu-kupu) dalam filosofi Jawa melambangkan perjalanan hidup yang penuh perubahan, dari kepompong hingga menjadi makhluk yang indah, mencerminkan harapan akan perkembangan dan pencapaian yang lebih baik.","The batik fabric features the Malang motif, characterized by brick red motifs. The dominant motifs include rose flower and butterfly. The motifs are arranged in a non-geometric pattern across the fabric, creating a harmonious and balanced composition.",/mnt/extended-home/dzakaaufa/dataset/all_images_captioning/Data 31 Batik Kantil (Mawar).jpg
Data 32 Batik Kantil (Kamalini Buana),Malang,Kamalini Buana,FLORA (Bunga teratai/Lotus),"Hitam/Black, hijau/green",Tulis,Primisima,Sintetis,Non Geometris,"Motif batik ini terinspirasi dari keanggunan bunga teratai di Balai Kota Malang yang terlihat saat berjalan-jalan bersama keluarga. Dipadukan dengan ragam bunga indah lainnya, desain ini melambangkan harmoni dalam keindahan budaya Nusantara.","Kamalini Buana merupakan mahakarya kelas Batik Malang dengan tata letak non geometris. Warna yang digunakan adalah hitam dan hijau, membentuk motif utama bunga teratai. Dibuat dengan teknik tulis menggunakan pewarna sintetis pada kain Primisima. Secara filosofis, Motif batik ini terinspirasi dari keanggunan bunga teratai di Balai Kota Malang yang terlihat saat berjalan-jalan bersama keluarga. Dipadukan dengan ragam bunga indah lainnya, desain ini melambangkan harmoni dalam keindahan budaya Nusantara.","The batik fabric features the Malang motif, characterized by black, green motifs. The dominant motifs include lotus. The motifs are arranged in a non-geometric pattern across the fabric, creating a harmonious and balanced composition.",/mnt/extended-home/dzakaaufa/dataset/all_images_captioning/Data 32 Batik Kantil (Kamalini Buana).jpg
Data 1 Batik Bengkel (Tameng Pitulungan),Malang,Tameng Pitulungan,CULTURE (Perisai/Tameng/Shield),Lilac,Batik tulis,Primisima,Sintetis,Non-Geometris,"Terinspirasi dari BTS sebagai lambang perjuangan, proses pembuatan ini penuh dengan tantangan, kerja keras, dan tekad yang tak tergoyahkan. Seperti BTS yang mengatasi rintangan untuk mencapai kesuksesan global, karya ini juga lahir dari dedikasi, semangat pantang menyerah, serta keyakinan akan mimpi yang bisa diwujudkan.","Tameng Pitulungan merupakan mahakarya kelas Batik Malang dengan tata letak non-geometris. Warna yang digunakan adalah lilac, membentuk motif utama perisai. Dibuat dengan teknik batik tulis menggunakan pewarna sintetis pada kain Primisima. Secara filosofis, Terinspirasi dari BTS sebagai lambang perjuangan, proses pembuatan ini penuh dengan tantangan, kerja keras, dan tekad yang tak tergoyahkan. Seperti BTS yang mengatasi rintangan untuk mencapai kesuksesan global, karya ini juga lahir dari dedikasi, semangat pantang menyerah, serta keyakinan akan mimpi yang bisa diwujudkan.","The batik fabric features the Malang motif, characterized by lilacs motifs. The dominant motifs include tameng. The motifs are arranged in a non-geometric pattern across the fabric, creating a harmonious and balanced composition.",/mnt/extended-home/dzakaaufa/dataset/all_images_captioning/Data 1 Batik Bengkel (Tameng Pitulungan).jpg
Data 2 Batik Bengkel (Puspavardhati Sandhiya),Malang,Puspavardhati Sandhiya,FLORA (Bunga Mawar) // NATURE (senja/dusk),"Oranye/Orange, merah/red",Batik tulis,Primisima,Sintetis,Non-Geometris,"Inspirasi hadir saat pembatik melihat senja-Inspirasi muncul saat pembatik menatap senja, menyaksikan gradasi warna yang indah. Keindahan alam itu tertuang dalam setiap goresan, menciptakan motif yang penuh makna dan kehangatan","Puspavardhati Sandhiya merupakan mahakarya kelas Batik Malang dengan tata letak non-geometris. Warna yang digunakan adalah oranye dan merah, membentuk motif utama bunga mawar dan senja. Dibuat dengan teknik batik tulis menggunakan pewarna sintetis pada kain Primisima. Secara filosofis, Inspirasi hadir saat pembatik melihat senja-Inspirasi muncul saat pembatik menatap senja, menyaksikan gradasi warna yang indah. Keindahan alam itu tertuang dalam setiap goresan, menciptakan motif yang penuh makna dan kehangatan","The batik fabric features the Malang motif, characterized by orange, red motifs. The dominant motifs include roses and dusk. The motifs are arranged in a non-geometric pattern across the fabric, creating a harmonious and balanced composition.",/mnt/extended-home/dzakaaufa/dataset/all_images_captioning/Data 2 Batik Bengkel (Puspavardhati Sandhiya).jpg
Data 3 Batik Bengkel (Kawung Trembesi),Malang,Kawung Trembesi,FLORA (Pohon trembesi/Rain Tree) // CULTURE (motif kawung),Mulberry,Batik tulis,Primisima,Sintetis,Non-Geometris,"Trembesi sebagai pohon icon kota Malang, dengan mengambil daunnya sebagai inspirasi-Trembesi, ikon hijau Kota Malang, menginspirasi dengan keindahan daunnya. Bentuk dan teksturnya memberi makna mendalam, diabadikan dalam karya batik, seni yang mencerminkan harmoni alam.","Kawung Trembesi merupakan mahakarya kelas Batik Malang dengan tata letak non-geometris. Warna yang digunakan adalah mulberry, membentuk motif utama pohon trembesi dan motif kawung. Dibuat dengan teknik batik tulis menggunakan pewarna sintetis pada kain Primisima. Secara filosofis, Trembesi sebagai pohon icon kota Malang, dengan mengambil daunnya sebagai inspirasi-Trembesi, ikon hijau Kota Malang, menginspirasi dengan keindahan daunnya. Bentuk dan teksturnya memberi makna mendalam, diabadikan dalam karya batik, seni yang mencerminkan harmoni alam.","The batik fabric features the Malang motif, characterized by mulberries motifs. The dominant motifs include rain tree and kawung motif. The motifs are arranged in a non-geometric pattern across the fabric, creating a harmonious and balanced composition.",/mnt/extended-home/dzakaaufa/dataset/all_images_captioning/Data 3 Batik Bengkel (Kawung Trembesi).jpg
Data 4 Batik Bengkel (Catur Padma Kahuripan),Malang,Catur Padma Kahuripan,FLORA (Teratai/Lotus),"Puitih/white, hitam/black",Batik tulis,Primisima,Sintetis,Non-Geometris,"Hidup tidak ada yang hitam dan putih, bagaimana dari kita membawa apa yang kita yakini-Hidup tidak hanya hitam dan putih, tetapi hadir dalam berbagai perspektif. Semua tergantung pada bagaimana kita menjalani dan membawa keyakinan kita, menjadikannya cahaya yang membimbing setiap langkah menuju kebaikan.","Catur Padma Kahuripan merupakan mahakarya kelas Batik Malang dengan tata letak non-geometris. Warna yang digunakan adalah puitih dan hitam, membentuk motif utama teratai. Dibuat dengan teknik batik tulis menggunakan pewarna sintetis pada kain Primisima. Secara filosofis, Hidup tidak ada yang hitam dan putih, bagaimana dari kita membawa apa yang kita yakini-Hidup tidak hanya hitam dan putih, tetapi hadir dalam berbagai perspektif. Semua tergantung pada bagaimana kita menjalani dan membawa keyakinan kita, menjadikannya cahaya yang membimbing setiap langkah menuju kebaikan.","The batik fabric features the Malang motif, characterized by white, black motifs. The dominant motifs include lotus. The motifs are arranged in a non-geometric pattern across the fabric, creating a harmonious and balanced composition.",/mnt/extended-home/dzakaaufa/dataset/all_images_captioning/Data 4 Batik Bengkel (Catur Padma Kahuripan).jpg
Data 5 Batik Bengkel (Ukel Kelana),Malang,Ukel Kelana,CULTURE (Topeng/mask),Navy blue,Batik tulis,Primisima,Sintetis,Non-Geometris,"Studi bersama Kementrian untuk belajar bersama pembatik baru, yang pada akhirnya mendapatkan inspirasi tersebut-Studi bersama Kementerian untuk belajar bersama para pembatik baru, menggali teknik dan makna di balik setiap motif. Pada akhirnya, pengalaman ini melahirkan inspirasi yang memperkaya kreativitas dan melestarikan warisan budaya.","Ukel Kelana merupakan mahakarya kelas Batik Malang dengan tata letak non-geometris. Warna yang digunakan adalah navy blue, membentuk motif utama topeng. Dibuat dengan teknik batik tulis menggunakan pewarna sintetis pada kain Primisima. Secara filosofis, Studi bersama Kementrian untuk belajar bersama pembatik baru, yang pada akhirnya mendapatkan inspirasi tersebut-Studi bersama Kementerian untuk belajar bersama para pembatik baru, menggali teknik dan makna di balik setiap motif. Pada akhirnya, pengalaman ini melahirkan inspirasi yang memperkaya kreativitas dan melestarikan warisan budaya.","The batik fabric features the Malang motif, characterized by navy blue motifs. The dominant motifs include mask. The motifs are arranged in a non-geometric pattern across the fabric, creating a harmonious and balanced composition.",/mnt/extended-home/dzakaaufa/dataset/all_images_captioning/Data 5 Batik Bengkel (Ukel Kelana).jpg
Data 6 Batik Bengkel (Sekar Jagad Puspakartika),Malang,Sekar Jagad Puspakartika,"FLORA (Bunga mawar/Rose, Anggrek/Orchid Flower, Cemara/pine, bougainvillea, kenari putih/white walnut)","Hitam/Black, hijau/green",Batik tulis,Primisima,Sintetis,Non-Geometris,"Terinspirasi dari bunga saat jalan-jalan ke taman Purwodadi-Terinspirasi dari keindahan bunga saat berjalan di Taman Purwodadi, warna dan bentuknya menciptakan kesan mendalam, menghidupkan ide-ide segar yang tercermin dalam karya seni dan kreativitas.","Sekar Jagad Puspakartika merupakan mahakarya kelas Batik Malang dengan tata letak non-geometris. Warna yang digunakan adalah hitam dan hijau, membentuk motif utama bunga mawar. Dibuat dengan teknik batik tulis menggunakan pewarna sintetis pada kain Primisima. Secara filosofis, Terinspirasi dari bunga saat jalan-jalan ke taman Purwodadi-Terinspirasi dari keindahan bunga saat berjalan di Taman Purwodadi, warna dan bentuknya menciptakan kesan mendalam, menghidupkan ide-ide segar yang tercermin dalam karya seni dan kreativitas.","The batik fabric features the Malang motif, characterized by black, green motifs. The dominant motifs include rose, anggrek. The motifs are arranged in a non-geometric pattern across the fabric, creating a harmonious and balanced composition.",/mnt/extended-home/dzakaaufa/dataset/all_images_captioning/Data 6 Batik Bengkel (Sekar Jagad Puspakartika).jpg
Data 7 Batik Bengkel (Mayuragari),Malang,Mayuragari,FAUNA (Burung merak/Peacock),Navy blue,Batik tulis,Primisima,Sintetis,Non-Geometris,"Melihat keindahan bulu merak, warna biru terinspirasi dari Arema-Melihat keindahan bulu merak yang megah, warna birunya memancarkan pesona dan keanggunan. Keindahan ini menginspirasi, selaras dengan warna kebanggaan Arema yang melambangkan semangat, keberanian, dan tekad pantang menyerah dalam setiap perjuangan","Mayuragari merupakan mahakarya kelas Batik Malang dengan tata letak non-geometris. Warna yang digunakan adalah navy blue, membentuk motif utama burung merak. Dibuat dengan teknik batik tulis menggunakan pewarna sintetis pada kain Primisima. Secara filosofis, Melihat keindahan bulu merak, warna biru terinspirasi dari Arema-Melihat keindahan bulu merak yang megah, warna birunya memancarkan pesona dan keanggunan. Keindahan ini menginspirasi, selaras dengan warna kebanggaan Arema yang melambangkan semangat, keberanian, dan tekad pantang menyerah dalam setiap perjuangan","The batik fabric features the Malang motif, characterized by navy blue motifs. The dominant motifs include peacock. The motifs are arranged in a non-geometric pattern across the fabric, creating a harmonious and balanced composition.",/mnt/extended-home/dzakaaufa/dataset/all_images_captioning/Data 7 Batik Bengkel (Mayuragari).jpg
Data 1 Batik Hamparan Rintik (Daun Waru dan Hujan),Malang,Daun Waru dan Hujan,FLORA (Pohon waru/flame tree),Grape,batik kuas mix shibori,Katun Jepang,Sintetis,Non-Geometris,Waru merupakan simbol kelurahan lowokwaru. Lowok artinya cekungan. Tempat banyak air menggenang. Daun waru dan hujan ini adalah kain yang menggambarkan suasana daun waru yang berguguran ditengah hujan dan ikut menggenang di tanah. Kain ini dibuat bersama teman tuli.,"Daun Waru dan Hujan merupakan mahakarya kelas Batik Malang dengan tata letak non-geometris. Warna yang digunakan adalah grape, membentuk motif utama pohon waru. Dibuat dengan teknik batik kuas mix shibori menggunakan pewarna sintetis pada kain Katun Jepang. Secara filosofis, Waru merupakan simbol kelurahan lowokwaru. Lowok artinya cekungan. Tempat banyak air menggenang. Daun waru dan hujan ini adalah kain yang menggambarkan suasana daun waru yang berguguran ditengah hujan dan ikut menggenang di tanah. Kain ini dibuat bersama teman tuli.","The batik fabric features the Malang motif, characterized by grapes motifs. The dominant motifs include flame tree. The motifs are arranged in a non-geometric pattern across the fabric, creating a harmonious and balanced composition.",/mnt/extended-home/dzakaaufa/dataset/all_images_captioning/Data 1 Batik Hamparan Rintik (Daun Waru dan Hujan).jpg
Data 2 Batik Hamparan Rintik (Tasik Madu),Malang,Tasik Madu,FAUNA (Lebah/bee),Violet,batik kuas mix shibori,Katun Jepang,Sintetis,Non-Geometris,Tasik madu adalah salah satu daerah di kecamatan lowokwaru. Tasik artinya aliran air. Kain ini punya penggambaran tentang lebah madu yang madunya mengalir deras bagai air sungai. Kain ini dibuat bersama teman tuli,"Tasik Madu merupakan mahakarya kelas Batik Malang dengan tata letak non-geometris. Warna yang digunakan adalah violet, membentuk motif utama lebah. Dibuat dengan teknik batik kuas mix shibori menggunakan pewarna sintetis pada kain Katun Jepang. Secara filosofis, Tasik madu adalah salah satu daerah di kecamatan lowokwaru. Tasik artinya aliran air. Kain ini punya penggambaran tentang lebah madu yang madunya mengalir deras bagai air sungai. Kain ini dibuat bersama teman tuli","The batik fabric features the Malang motif, characterized by violet motifs. The dominant motifs include bee. The motifs are arranged in a non-geometric pattern across the fabric, creating a harmonious and balanced composition.",/mnt/extended-home/dzakaaufa/dataset/all_images_captioning/Data 2 Batik Hamparan Rintik (Tasik Madu).jpg
Data 3 Batik Hamparan Rintik (Teratai Senja),Malang,Teratai Senja,FLORA (Bunga teratai/Lotus),"Violet, Boysenberry",batik kuas mix shibori,Katun Jepang,Sintetis,Non-Geometris,Cerita tentang kelurahan tunjung sekar. Tunjung adalah nama lain bunga lotus atau teratai. Ada bunga teratai yang bergembira ria di tengah senja. Ada ilustrasi cahaya kecil dari matahari yang mulai redup. Kain ini dibuat bersama teman tuli.,"Teratai Senja merupakan mahakarya kelas Batik Malang dengan tata letak non-geometris. Warna yang digunakan adalah violet dan boysenberry, membentuk motif utama bunga teratai. Dibuat dengan teknik batik kuas mix shibori menggunakan pewarna sintetis pada kain Katun Jepang. Secara filosofis, Cerita tentang kelurahan tunjung sekar. Tunjung adalah nama lain bunga lotus atau teratai. Ada bunga teratai yang bergembira ria di tengah senja. Ada ilustrasi cahaya kecil dari matahari yang mulai redup. Kain ini dibuat bersama teman tuli.","The batik fabric features the Malang motif, characterized by violet, boysenberries motifs. The dominant motifs include lotus. The motifs are arranged in a non-geometric pattern across the fabric, creating a harmonious and balanced composition.",/mnt/extended-home/dzakaaufa/dataset/all_images_captioning/Data 3 Batik Hamparan Rintik (Teratai Senja).jpg
Data 4 Batik Hamparan Rintik (Ranting Hanyut),Malang,Ranting Hanyut,FLORA (Pohon Trembesi/rain tree),"Violet, Boysenberry",batik kuas mix shibori,Katun Jepang,Sintetis,Non-Geometris,Cerita tentang ranting dan potongan dahan yang ikut hanyut terbawa aliran air saat hujan. Kain yang dibuat di pertengahan Januari saat hujan dan angin menerpa Kota Malang tiap hari. Kain ini dibuat bersama teman tuli.,"Ranting Hanyut merupakan mahakarya kelas Batik Malang dengan tata letak non-geometris. Warna yang digunakan adalah violet dan boysenberry, membentuk motif utama pohon trembesi. Dibuat dengan teknik batik kuas mix shibori menggunakan pewarna sintetis pada kain Katun Jepang. Secara filosofis, Cerita tentang ranting dan potongan dahan yang ikut hanyut terbawa aliran air saat hujan. Kain yang dibuat di pertengahan Januari saat hujan dan angin menerpa Kota Malang tiap hari. Kain ini dibuat bersama teman tuli.","The batik fabric features the Malang motif, characterized by violet, boysenberries motifs. The dominant motifs include rain tree. The motifs are arranged in a non-geometric pattern across the fabric, creating a harmonious and balanced composition.",/mnt/extended-home/dzakaaufa/dataset/all_images_captioning/Data 4 Batik Hamparan Rintik (Ranting Hanyut).jpg
Chotifa_35241420060101_Daun Asem Bandeng Lele_2025_FLORA_FAUNA,Lamongan,Daun Asem Bandeng Lele,FLORA (Daun Asem/ Tamarind Leaves/ タマリンドの葉) // FAUNA (Bandeng Lele/ Milkfish and Catfish / ミルクフィッシュとナマズ) ,"Merah/ Red/ 赤い, Hitam/ Black/ 黒い, Oren/ Orange/ オレンジ",Tulis,Juantiu,Sintestis (Naptol dan Remasol),Geometris,Saat jalan - jalan melihat daun asem,"Daun Asem Bandeng Lele merupakan mahakarya kelas Batik Lamongan dengan tata letak geometris. Warna yang digunakan adalah merah dan hitam dan oren, membentuk motif utama daun asem dan bandeng lele. Dibuat dengan teknik tulis menggunakan pewarna sintestis (naptol dan remasol) pada kain Juantiu. Secara filosofis, Saat jalan - jalan melihat daun asem","The batik fabric features the Lamongan motif, characterized by red, black, orange motifs. The dominant motifs include tamarind leaves and milkfish and catfish. The motifs are arranged in a geometric pattern across the fabric, creating a harmonious and balanced composition.",/mnt/extended-home/dzakaaufa/dataset/all_images_captioning/Chotifa_35241420060101_Daun Asem Bandeng Lele_2025_FLORA_FAUNA.jpg
Chotifa_35241420060102_Kepet Bandeng Lele_2025_CULTURE_FAUNA,Lamongan,Kepet Bandeng Lele,"CULTURE (Kepet/ Kepet/ ケぺット) // 
FAUNA (Bandeng Lele)/ Milkfish and Catfish/ ミルクフィッシュとナマズ)","Hitam/Black/ 黒い,
Merah/ Red/ 赤い",Tulis,Juantiu,Sintestis (Naptol),Non Geometris,"Terinspirasi dari kekayaan alam pesisir Lamongan, khususnya ikan bandeng dan lele yang menjadi ikon Kota Lamongan. Kepet merujuk pada bentuk kipas tradisional yang melambangkan kesejukan dan harmoni dalam kehidupan masyarakat.","Kepet Bandeng Lele merupakan mahakarya kelas Batik Lamongan dengan tata letak non geometris. Warna yang digunakan adalah hitam dan merah, membentuk motif utama kepet dan bandeng lele. Dibuat dengan teknik tulis menggunakan pewarna sintestis (naptol) pada kain Juantiu. Secara filosofis, Terinspirasi dari kekayaan alam pesisir Lamongan, khususnya ikan bandeng dan lele yang menjadi ikon Kota Lamongan. Kepet merujuk pada bentuk kipas tradisional yang melambangkan kesejukan dan harmoni dalam kehidupan masyarakat.","The batik fabric features the Lamongan motif, characterized by black, red motifs. The dominant motifs include kepet and milkfish and catfish. The motifs are arranged in a non-geometric pattern across the fabric, creating a harmonious and balanced composition.",/mnt/extended-home/dzakaaufa/dataset/all_images_captioning/Chotifa_35241420060102_Kepet Bandeng Lele_2025_CULTURE_FAUNA.jpg
Chotifa_35241420060103_Daun Sente (Talas)_2025_FLORA,Lamongan,Daun Sente (Talas),FLORA (Daun Sente/ Taro Leaves/ サトイモの葉) ,Biru Navy/ Navy Blue/ ネイビーブルー,Tulis,Juantiu,Sintetis (Remasol),Non Geometris,"Daun Sente terinspirasi dari tanaman talas (sente) yang tumbuh subur di lingkungan Sendang Duwur. Daun talas melambangkan keteduhan, perlindungan, dan kemurahan hati alam terhadap kehidupan masyarakat.","Daun Sente (Talas) merupakan mahakarya kelas Batik Lamongan dengan tata letak non geometris. Warna yang digunakan adalah biru navy, membentuk motif utama daun sente. Dibuat dengan teknik tulis menggunakan pewarna sintetis (remasol) pada kain Juantiu. Secara filosofis, Daun Sente terinspirasi dari tanaman talas (sente) yang tumbuh subur di lingkungan Sendang Duwur. Daun talas melambangkan keteduhan, perlindungan, dan kemurahan hati alam terhadap kehidupan masyarakat.","The batik fabric features the Lamongan motif, characterized by navy blue motifs. The dominant motifs include taro leaves. The motifs are arranged in a non-geometric pattern across the fabric, creating a harmonious and balanced composition.",/mnt/extended-home/dzakaaufa/dataset/all_images_captioning/Chotifa_35241420060103_Daun Sente (Talas)_2025_FLORA.jpg
Chotifa_35241420060104_Latohan (Rumput Laut)_2025_FLORA,Lamongan,Latohan (Rumput Laut),FLORA (Rumput Laut/ Seaweed/ 海藻),"Hitam/ Black/ 黒い,
Hijau Tletong/ Olive Drab/ オリーブドラブ",Tulis,Juantiu,Sintetis (Remasol),Non Geometris,Terinspirasi dari rumput laut yang mampu bertahan di ombak dan arus laut menjadi simbol ketabahan dan kemampuan beradaptasi dalam kehidupan. Motif ini menjadi pengingat akan pentingnya menjaga kelestarian sumber daya laut sebagai warisan budaya Lamongan.,"Latohan (Rumput Laut) merupakan mahakarya kelas Batik Lamongan dengan tata letak non geometris. Warna yang digunakan adalah hitam dan hijau tletong, membentuk motif utama rumput laut. Dibuat dengan teknik tulis menggunakan pewarna sintetis (remasol) pada kain Juantiu. Secara filosofis, Terinspirasi dari rumput laut yang mampu bertahan di ombak dan arus laut menjadi simbol ketabahan dan kemampuan beradaptasi dalam kehidupan. Motif ini menjadi pengingat akan pentingnya menjaga kelestarian sumber daya laut sebagai warisan budaya Lamongan.","The batik fabric features the Lamongan motif, characterized by black, olive drab motifs. The dominant motifs include seaweed. The motifs are arranged in a non-geometric pattern across the fabric, creating a harmonious and balanced composition.",/mnt/extended-home/dzakaaufa/dataset/all_images_captioning/Chotifa_35241420060104_Latohan (Rumput Laut)_2025_FLORA.jpg
Chotifa_35241420060105_Kepetan (Kipas)_2025_CULTURE,Lamongan,Kepetan (Kipas),BUDAYA (Kepetan/Kepetan/ 手持ち扇),"Putih/ White/ 白い,
Merah/ Red/ 赤い,
Hitam/ Black/ 黒い",Tulis,Juantiu,Sintetis (Naptol),Non Geometris,"Motif kepetan atau kipas melambangkan kesejukan dan perlindungan. Motif ini mengajarkan tentang pentingnya menjaga sikap dan rendah hati dan menyebarkan kebaikan, seperti kesejukan yang dibawa oleh hembusan angin.","Kepetan (Kipas) merupakan mahakarya kelas Batik Lamongan dengan tata letak non geometris. Warna yang digunakan adalah putih dan merah dan hitam, membentuk motif utama kepetan. Dibuat dengan teknik tulis menggunakan pewarna sintetis (naptol) pada kain Juantiu. Secara filosofis, Motif kepetan atau kipas melambangkan kesejukan dan perlindungan. Motif ini mengajarkan tentang pentingnya menjaga sikap dan rendah hati dan menyebarkan kebaikan, seperti kesejukan yang dibawa oleh hembusan angin.","The batik fabric features the Lamongan motif, characterized by white, red, black motifs. The dominant motifs include kepetan. The motifs are arranged in a non-geometric pattern across the fabric, creating a harmonious and balanced composition.",/mnt/extended-home/dzakaaufa/dataset/all_images_captioning/Chotifa_35241420060105_Kepetan (Kipas)_2025_CULTURE.jpg
Chotifa_35241420060106_Petetan_2025_FLORA,Lamongan,Petetan,FLORA (Petetan/ Seed Pattern/ 小柄),"Putih/ White/ 白い,
Merah/ Red/ 赤い,
Hitam/ Black/ 黒い",Tulis,Juantiu,Sintetis (Naptol),Non Geometris,"Petetan merujuk pada pola berulang yang menyerupai bentuk-bentuk kecil yang teratur, seperti biji-bijian atau bunga-bunga kecil, yang melambangkan kelimpahan dan kesinambungan.","Petetan merupakan mahakarya kelas Batik Lamongan dengan tata letak non geometris. Warna yang digunakan adalah putih dan merah dan hitam, membentuk motif utama petetan. Dibuat dengan teknik tulis menggunakan pewarna sintetis (naptol) pada kain Juantiu. Secara filosofis, Petetan merujuk pada pola berulang yang menyerupai bentuk-bentuk kecil yang teratur, seperti biji-bijian atau bunga-bunga kecil, yang melambangkan kelimpahan dan kesinambungan.","The batik fabric features the Lamongan motif, characterized by white, red, black motifs. The dominant motifs include seed pattern. The motifs are arranged in a non-geometric pattern across the fabric, creating a harmonious and balanced composition.",/mnt/extended-home/dzakaaufa/dataset/all_images_captioning/Chotifa_35241420060106_Petetan_2025_FLORA.jpg
Chotifa_35241420060107_Bandeng Lele Daun Imbo_2025_FLORA,Lamongan,Bandeng Lele Daun Imbo,FLORA (Daun Imbo/Neem Leaves/ ニームの葉),"Hijau Army/ Army Green/ グリーンアーミー,
Abu-abu/ Grey/ グレー",Tulis,Juantiu,Sintetis (Naptol dan Remasol),Non Geometris,"Kombinasi motif bandeng, lele, dan daun imbo ini melambangkan sinergi antara unsur air dan darat yang menopang kehidupan masyarakat Sendang Duwur. Bandeng dan lele mewakili sumber pangan dari perairan, sementara daun imbo melambangkan kesuburan dan kehijauan alam.","Bandeng Lele Daun Imbo merupakan mahakarya kelas Batik Lamongan dengan tata letak non geometris. Warna yang digunakan adalah hijau army dan abu-abu, membentuk motif utama daun imbo. Dibuat dengan teknik tulis menggunakan pewarna sintetis (naptol dan remasol) pada kain Juantiu. Secara filosofis, Kombinasi motif bandeng, lele, dan daun imbo ini melambangkan sinergi antara unsur air dan darat yang menopang kehidupan masyarakat Sendang Duwur. Bandeng dan lele mewakili sumber pangan dari perairan, sementara daun imbo melambangkan kesuburan dan kehijauan alam.","The batik fabric features the Lamongan motif, characterized by army green, grey motifs. The dominant motifs include neem leaves. The motifs are arranged in a non-geometric pattern across the fabric, creating a harmonious and balanced composition.",/mnt/extended-home/dzakaaufa/dataset/all_images_captioning/Chotifa_35241420060107_Bandeng Lele Daun Imbo_2025_FLORA.jpg
Jayyida Data 1 Tape Menyong (Singkong),Lamongan,Tape Menyok,"FOOD (Tape menyok/ Tape menyok / タペ・メニョック) // FLORA (Pohon/ Tree / 木, daun singkong/ Cassava Leaves / キャッサバの葉 )","Hitam / Black /黒い , Kuning / Yellow / 黄色",Tulis,Juantiu,Sintetik,Non Geometris,Terinspirasi dari setelah jalan-jalan dari Bondowoso,"Tape Menyok merupakan mahakarya kelas Batik Lamongan dengan tata letak non geometris. Warna yang digunakan adalah hitam dan kuning, membentuk motif utama tape menyok dan pohon. Dibuat dengan teknik tulis menggunakan pewarna sintetik pada kain Juantiu. Secara filosofis, Terinspirasi dari setelah jalan-jalan dari Bondowoso","The batik fabric features the Lamongan motif, characterized by black, yellow motifs. The dominant motifs include tape menyok and tree. The motifs are arranged in a non-geometric pattern across the fabric, creating a harmonious and balanced composition.",/mnt/extended-home/dzakaaufa/dataset/all_images_captioning/Jayyida Data 1 Tape Menyong (Singkong).jpg
Jayyida Data 2 Daun Sawo,Lamongan,Daun Sawo,"FLORA (Daun Sawo/ Sapodilla Leaves / サポジラの葉, Bunga Semanggi/ Clover/ クロバー, Daun Semanggi/ Clover/ クロバー)","Merah Hati / Maroon / エンジ色 , Hitam/Black / 黒い, Putih / White/白い",Tulis,Juantiu,Sintetik,Non Geometris,Banyak sawo di Sendang Duwur,"Daun Sawo merupakan mahakarya kelas Batik Lamongan dengan tata letak non geometris. Warna yang digunakan adalah merah hati dan hitam dan putih, membentuk motif utama daun sawo. Dibuat dengan teknik tulis menggunakan pewarna sintetik pada kain Juantiu. Secara filosofis, Banyak sawo di Sendang Duwur","The batik fabric features the Lamongan motif, characterized by maroon, black, white motifs. The dominant motifs include sapodilla leaves. The motifs are arranged in a non-geometric pattern across the fabric, creating a harmonious and balanced composition.",/mnt/extended-home/dzakaaufa/dataset/all_images_captioning/Jayyida Data 2 Daun Sawo.jpg
Jayyida Data 3 Slempang Peniti,Lamongan,Slempang Peniti,FAUNA (Bandeng Lele/ Milkfish and Catfish / ミルクフィッシュとナマズ) // CLASSIC (Peniti Model Parang/ Peniti Model Parang / ペニティ・モデル・パラン),"Hitam / Black / 黒い, Sogam / Sogam / 黄褐色, Biru/Blue/青い",Tulis,Juantiu,Sintetik,Geometris,Terinspirasi dari kait kalung emas yang bila dijejerkan jadi indah,"Slempang Peniti merupakan mahakarya kelas Batik Lamongan dengan tata letak geometris. Warna yang digunakan adalah hitam dan sogam dan biru, membentuk motif utama bandeng lele dan peniti model parang. Dibuat dengan teknik tulis menggunakan pewarna sintetik pada kain Juantiu. Secara filosofis, Terinspirasi dari kait kalung emas yang bila dijejerkan jadi indah","The batik fabric features the Lamongan motif, characterized by black, sogam, blue motifs. The dominant motifs include milkfish and catfish and peniti model parang. The motifs are arranged in a geometric pattern across the fabric, creating a harmonious and balanced composition.",/mnt/extended-home/dzakaaufa/dataset/all_images_captioning/Jayyida Data 3 Slempang Peniti.jpg
Jayyida Data 4 Melati Sendang Dhuwur,Lamongan,Melati Sendang Duwur,"FLORA (Melati/ Jasmine / ジャスミン) // CULTURE (Singo Mengkok/ Singo Mengkok /シンゴ・メンコック, Gapura Sendang Dhuwur/ Gapura Sendang Dhuwur/ ガプラ・センダン・ドゥフル)","Biru Navy/ Navy Blue / ネイビーブルー, Putih/ White / 白い",Tulis,Juantiu,Sintetik,Non Geometris,Inspirasi ikon Sendang Duwur/ センダン・ドゥワゥルのアイコンからインスピレーションを得た,"Melati Sendang Duwur merupakan mahakarya kelas Batik Lamongan dengan tata letak non geometris. Warna yang digunakan adalah biru navy dan putih, membentuk motif utama melati dan singo mengkok. Dibuat dengan teknik tulis menggunakan pewarna sintetik pada kain Juantiu. Secara filosofis, Inspirasi ikon Sendang Duwur/ センダン・ドゥワゥルのアイコンからインスピレーションを得た","The batik fabric features the Lamongan motif, characterized by navy blue, white motifs. The dominant motifs include jasmine and singo mengkok. The motifs are arranged in a non-geometric pattern across the fabric, creating a harmonious and balanced composition.",/mnt/extended-home/dzakaaufa/dataset/all_images_captioning/Jayyida Data 4 Melati Sendang Dhuwur.jpg
Jayyida Data 5 Kedawung,Lamongan,Kedawung,"CLASSIC // FLORA (Kedawung/ Kedaung Tree / ケダウン, Trembesi/ Rain tree / レインツリー)","Hitam/ Black / 黒い, Sogam/ Sogam/ 黄褐色, Biru Navy/ Navy Blue / ネイビーブルー",Tulis,Juantiu,Sintetik,Non Geometris,Terinspirasi dari biji kedawung/ Inspired by kedawung seeds/ ケダワゥンの種から着想を得た,"Kedawung merupakan mahakarya kelas Batik Lamongan dengan tata letak non geometris. Warna yang digunakan adalah hitam dan sogam dan biru navy, membentuk motif utama kedawung. Dibuat dengan teknik tulis menggunakan pewarna sintetik pada kain Juantiu. Secara filosofis, Terinspirasi dari biji kedawung/ Inspired by kedawung seeds/ ケダワゥンの種から着想を得た","The batik fabric features the Lamongan motif, characterized by black, sogam, navy blue motifs. The dominant motifs include kedaung tree. The motifs are arranged in a non-geometric pattern across the fabric, creating a harmonious and balanced composition.",/mnt/extended-home/dzakaaufa/dataset/all_images_captioning/Jayyida Data 5 Kedawung.jpg
Jayyida Data 6 Singo Mengkok Melati ,Lamongan,Singo Mengkok Melati,"CULTURE (Singo Mengkok/ Singo Mengkok / シンゴ・メンコック) // FLORA (Melati/Jasmine / ジャスミン, Semanggi Separuh/ Three-leaf Clover/半分のクローバー)","Merah Hati/ Maroon /エンジ色, Kuning kunyit/ Turmeric Yellow / 山吹色",Tulis,Prima Lampion,Sintetik,Non Geometris,Lomba desain tingkat desa/ /Village level design competition/ 村レベルのデザインコンテスト,"Singo Mengkok Melati merupakan mahakarya kelas Batik Lamongan dengan tata letak non geometris. Warna yang digunakan adalah merah hati dan kuning kunyit, membentuk motif utama singo mengkok dan melati. Dibuat dengan teknik tulis menggunakan pewarna sintetik pada kain Prima Lampion. Secara filosofis, Lomba desain tingkat desa/ /Village level design competition/ 村レベルのデザインコンテスト","The batik fabric features the Lamongan motif, characterized by maroon, turmeric yellow motifs. The dominant motifs include singo mengkok and jasmine. The motifs are arranged in a non-geometric pattern across the fabric, creating a harmonious and balanced composition.",/mnt/extended-home/dzakaaufa/dataset/all_images_captioning/Jayyida Data 6 Singo Mengkok Melati.jpg
Jayyida Data 7 Pandan Wangi,Lamongan,Pandan Wangi,"FAUNA (Bandeng Lele/ Milkfish and Catfish / ミルクフィッシュとナマズ/, Kupu-Kupu/ Butterfly/ 蝶) // FLORA (Pandan/ Vanilla Grass / タコノキ)","Hitam/ Black/ 黒い, Sage/ Sage / セージグリーン",Tulis,Primisima,Sintetik,Non Geometris,Pandan sering dipakai dimasakan lokal/ Pandan is often used in local dishes/ タコノキは地元料理によく使われます。,"Pandan Wangi merupakan mahakarya kelas Batik Lamongan dengan tata letak non geometris. Warna yang digunakan adalah hitam dan sage, membentuk motif utama bandeng lele dan pandan. Dibuat dengan teknik tulis menggunakan pewarna sintetik pada kain Primisima. Secara filosofis, Pandan sering dipakai dimasakan lokal/ Pandan is often used in local dishes/ タコノキは地元料理によく使われます。","The batik fabric features the Lamongan motif, characterized by black, sage motifs. The dominant motifs include milkfish and catfish and vanilla grass. The motifs are arranged in a non-geometric pattern across the fabric, creating a harmonious and balanced composition.",/mnt/extended-home/dzakaaufa/dataset/all_images_captioning/Jayyida Data 7 Pandan Wangi.jpg
Jayyida Data 8 Urang Kucing,Lamongan,Urang Kucing,"FAUNA (Urang Kucing/ Cat Shrimps / シャコ, Bandeng Lele/ Milkfish and Catfish / ミルクフィッシュとナマズ) // FLORA (Daun Kelor/ Moringa Leaves/ モリンガの葉)","Hitam/ Black/ 黒い, Coklat Krem/ Light brown / ベージュ",Tulis,Juantiu,Sintetik,Non Geometris,"Jengkel karena anak minta dimasakkan udang berbentuk kucing, tapi minta digunting/ Annoyed because the child asked to cooked shrimp shaped like a cat, but asked to cut it up/ 子どもに猫の形をシャコを料理して、しかも切ってほしいと頼まれて、いらいらしました。","Urang Kucing merupakan mahakarya kelas Batik Lamongan dengan tata letak non geometris. Warna yang digunakan adalah hitam dan coklat krem, membentuk motif utama urang kucing dan daun kelor. Dibuat dengan teknik tulis menggunakan pewarna sintetik pada kain Juantiu. Secara filosofis, Jengkel karena anak minta dimasakkan udang berbentuk kucing, tapi minta digunting/ Annoyed because the child asked to cooked shrimp shaped like a cat, but asked to cut it up/ 子どもに猫の形をシャコを料理して、しかも切ってほしいと頼まれて、いらいらしました。","The batik fabric features the Lamongan motif, characterized by black, light brown motifs. The dominant motifs include cat shrimps and moringa leaves. The motifs are arranged in a non-geometric pattern across the fabric, creating a harmonious and balanced composition.",/mnt/extended-home/dzakaaufa/dataset/all_images_captioning/Jayyida Data 8 Urang Kucing.jpg
Jayyida Data 9 Teratai Sili,Lamongan,Teratai Sili,FLORA (Teratai/ Lotus / 蓮) // FAUNA (Ikan Sily/ Fire Eel/ ファイアーイール ),"Hitam/ Black/ 黒い, Kuning/ Yellow/ 黄色, Hijau/ Green/ 緑",Tulis,Juantiu,Sintetik,Non Geometris,"Ikan Sily yang menjadi ciri khas Lamongan/ Fire eel, wich is a characteristic of Lamongan/ ファイアーイールラモンガンの特徴です。","Teratai Sili merupakan mahakarya kelas Batik Lamongan dengan tata letak non geometris. Warna yang digunakan adalah hitam dan kuning dan hijau, membentuk motif utama teratai dan ikan sily. Dibuat dengan teknik tulis menggunakan pewarna sintetik pada kain Juantiu. Secara filosofis, Ikan Sily yang menjadi ciri khas Lamongan/ Fire eel, wich is a characteristic of Lamongan/ ファイアーイールラモンガンの特徴です。","The batik fabric features the Lamongan motif, characterized by black, yellow, green motifs. The dominant motifs include lotus and fire eel. The motifs are arranged in a non-geometric pattern across the fabric, creating a harmonious and balanced composition.",/mnt/extended-home/dzakaaufa/dataset/all_images_captioning/Jayyida Data 9 Teratai Sili.jpg
Jayyida Data 10 Gedagan Daun Anggur ,Lamongan,Gendagan Daun Anggur,CULTURE (Gendang/ Gendang / ゲンダング) // FLORA (Daun Anggur/ grape leaves / ブドウの葉),"Burgundy/ Burgundy / バーガンディー, Hitam/ Black/黒い, Putih/ White/ 白い",Tulis,Juantiu,Sintetik,Non Geometris,Terinpirasi dari ketika menanam anggur/ Inspired by planting grapes/ ブドウを植えるときに着想を得た。,"Gendagan Daun Anggur merupakan mahakarya kelas Batik Lamongan dengan tata letak non geometris. Warna yang digunakan adalah burgundy dan hitam dan putih, membentuk motif utama gendang dan daun anggur. Dibuat dengan teknik tulis menggunakan pewarna sintetik pada kain Juantiu. Secara filosofis, Terinpirasi dari ketika menanam anggur/ Inspired by planting grapes/ ブドウを植えるときに着想を得た。","The batik fabric features the Lamongan motif, characterized by burgundy, black, white motifs. The dominant motifs include gendang and grape leaves. The motifs are arranged in a non-geometric pattern across the fabric, creating a harmonious and balanced composition.",/mnt/extended-home/dzakaaufa/dataset/all_images_captioning/Jayyida Data 10 Gedagan Daun Anggur.jpg
Jayyida Data 11 Canting Bambu,Lamongan,Canting Bambu,CULTURE (Canting/ Canting/ チャンティング) // FLORA (Pohon Bambu/ Bamboo / 竹),"Burgundy/ Burgundy / バーガンディー, Biru Muda/ Light Blue / ライトブルー, Hijau/ Green / 緑, Merah Muda/ Pink / ピンク
",Tulis,Primisima,Sintetik,Non Geometris,Terinspirasi dari kegiatan membatik sehari-hari/ Inspired by everyday batik activities/ 日常のバティック活動から着想を得た。,"Canting Bambu merupakan mahakarya kelas Batik Lamongan dengan tata letak non geometris. Warna yang digunakan adalah burgundy dan biru muda dan hijau dan merah muda, membentuk motif utama canting dan pohon bambu. Dibuat dengan teknik tulis menggunakan pewarna sintetik pada kain Primisima. Secara filosofis, Terinspirasi dari kegiatan membatik sehari-hari/ Inspired by everyday batik activities/ 日常のバティック活動から着想を得た。","The batik fabric features the Lamongan motif, characterized by burgundy, light blue, green, pink motifs. The dominant motifs include canting and bamboo. The motifs are arranged in a non-geometric pattern across the fabric, creating a harmonious and balanced composition.",/mnt/extended-home/dzakaaufa/dataset/all_images_captioning/Jayyida Data 11 Canting Bambu.jpg
Jayyida Data 12  Bandeng Lele Melati ,Lamongan,Bandeng Lele Melati,"FAUNA (Bandeng Lele/ Milkfish and Catfish / ミルクフィッシュとナマズ) // FLORA (Melati/ Jasmine/ ジャスミン, Mawar/ Rose/ 薔薇)","Pink Cerah/ Bright pink / 明るいピンク, Merah/ Red/ 赤い",Kombinasi cap dan tulis/ 型押しと手描きの組み合わせ,Prima Lampion,Sintetik,Non Geometris,"Menggabungkan simbol ikan bandeng dan lele yang melambangkan kelimpahan sumber daya air, dengan bunga melati yang melambangkan kesucian dan keanggunan./ Combining the symbols of milkfish and catfish, which represent the abundance of water resources, with jasmine and roses, which symbolise purity and elegance./","Bandeng Lele Melati merupakan mahakarya kelas Batik Lamongan dengan tata letak non geometris. Warna yang digunakan adalah pink cerah dan merah, membentuk motif utama bandeng lele dan melati. Dibuat dengan teknik kombinasi cap dan tulis/ 型押しと手描きの組み合わせ menggunakan pewarna sintetik pada kain Prima Lampion. Secara filosofis, Menggabungkan simbol ikan bandeng dan lele yang melambangkan kelimpahan sumber daya air, dengan bunga melati yang melambangkan kesucian dan keanggunan./ Combining the symbols of milkfish and catfish, which represent the abundance of water resources, with jasmine and roses, which symbolise purity and elegance./","The batik fabric features the Lamongan motif, characterized by bright pink, red motifs. The dominant motifs include milkfish and catfish and jasmine. The motifs are arranged in a non-geometric pattern across the fabric, creating a harmonious and balanced composition.",/mnt/extended-home/dzakaaufa/dataset/all_images_captioning/Jayyida Data 12  Bandeng Lele Melati.jpg
Jayyida Data 13 Kipas Siup,Lamongan,Kipas Siup,CLASSIC (Kipas/ Folding Fan / 手持ち扇) // FLORA (Melati/ Jasmine/ ジャスミン) // FAUNA (Burung Merak/ Peacock/ 孔雀),"Merah Marun/ Maroon / エンジ色 , Abu-Abu/ Grey/ グレー",Tulis,Juantiu,Sintetik,Non Geometris,Terinspirasi dari kipas Bali/ Inspired by traditional Balinese folding fan/ バリの手持ち扇から着想を得た。,"Kipas Siup merupakan mahakarya kelas Batik Lamongan dengan tata letak non geometris. Warna yang digunakan adalah merah marun dan abu-abu, membentuk motif utama kipas, melati dan burung merak. Dibuat dengan teknik tulis menggunakan pewarna sintetik pada kain Juantiu. Secara filosofis, Terinspirasi dari kipas Bali/ Inspired by traditional Balinese folding fan/ バリの手持ち扇から着想を得た。","The batik fabric features the Lamongan motif, characterized by maroon, grey motifs. The dominant motifs include folding fan, jasmine and peacock. The motifs are arranged in a non-geometric pattern across the fabric, creating a harmonious and balanced composition.",/mnt/extended-home/dzakaaufa/dataset/all_images_captioning/Jayyida Data 13 Kipas Siup.jpg
Jayyida Data 14 Singa Duduk (Mitos),Lamongan,Singa Duduk,CULTURE (Singa Duduk/ Singa Duduk/ シンガ・ドゥドゥク),"Kuning Kunyit/Turmeric Yellow / 山吹色, Hitam/ Black/ 黒い",Tulis,Juantiu,Sintetik,Non Geometris,Mitos lokal di gapura makam/ Local myths at the tomb gate/ 墓門の地元の伝説,"Singa Duduk merupakan mahakarya kelas Batik Lamongan dengan tata letak non geometris. Warna yang digunakan adalah kuning kunyit dan hitam, membentuk motif utama singa duduk. Dibuat dengan teknik tulis menggunakan pewarna sintetik pada kain Juantiu. Secara filosofis, Mitos lokal di gapura makam/ Local myths at the tomb gate/ 墓門の地元の伝説","The batik fabric features the Lamongan motif, characterized by turmeric yellow, black motifs. The dominant motifs include singa duduk. The motifs are arranged in a non-geometric pattern across the fabric, creating a harmonious and balanced composition.",/mnt/extended-home/dzakaaufa/dataset/all_images_captioning/Jayyida Data 14 Singa Duduk (Mitos).jpg
Jayyida Data 15 Pager Ayu,Lamongan,Pager Ayu,"FLORA (Bunga Semanggi/ Clover / クロバー, Latohan/ Seaweed / 海藻 ) // FAUNA (Bandeng Lele/ Milkfish and Catfish / ミルクフィッシュとナマズ)",Merah Hati/ Maroon / エンジ色,Tulis,Juantiu,Sintetik,Non Geometris,Pagar hidup di desa/ Living fence in the village/ 村にある生け垣。,"Pager Ayu merupakan mahakarya kelas Batik Lamongan dengan tata letak non geometris. Warna yang digunakan adalah merah hati, membentuk motif utama bunga semanggi dan bandeng lele. Dibuat dengan teknik tulis menggunakan pewarna sintetik pada kain Juantiu. Secara filosofis, Pagar hidup di desa/ Living fence in the village/ 村にある生け垣。","The batik fabric features the Lamongan motif, characterized by maroon motifs. The dominant motifs include clover and milkfish and catfish. The motifs are arranged in a non-geometric pattern across the fabric, creating a harmonious and balanced composition.",/mnt/extended-home/dzakaaufa/dataset/all_images_captioning/Jayyida Data 15 Pager Ayu.jpg
Jayyida Data 16 Burung Merpati,Lamongan,Burung Merpati,FAUNA (Merpati/ Dove / 鳩),"Ungu/ Purple/ 紫, Merah/ Red/ 赤い, Biru/ Blue/ 青い",Tulis,Primisima,Sintetik (Naptol dan Remasol),Geometris,"Bagaimana menyebarkan cinta, kasih, harmoni, dan perdamaian yang disimbolkan dengan sepasang merpati./How to spread love, compassion, harmony, and peace symbolized by a pair of doves./ 一対のハトに象徴される愛と慈しみ、調和と平和を広めていく方法。","Burung Merpati merupakan mahakarya kelas Batik Lamongan dengan tata letak geometris. Warna yang digunakan adalah ungu dan merah dan biru, membentuk motif utama merpati. Dibuat dengan teknik tulis menggunakan pewarna sintetik (naptol dan remasol) pada kain Primisima. Secara filosofis, Bagaimana menyebarkan cinta, kasih, harmoni, dan perdamaian yang disimbolkan dengan sepasang merpati./How to spread love, compassion, harmony, and peace symbolized by a pair of doves./ 一対のハトに象徴される愛と慈しみ、調和と平和を広めていく方法。","The batik fabric features the Lamongan motif, characterized by purple, red, blue motifs. The dominant motifs include dove. The motifs are arranged in a geometric pattern across the fabric, creating a harmonious and balanced composition.",/mnt/extended-home/dzakaaufa/dataset/all_images_captioning/Jayyida Data 16 Burung Merpati.jpg
Jayyida Data 17 Sendang Dhuwur ,Lamongan,Sendang Duwur,CLASSIC (Parang yang dibuat dari huruf SD (Sendang Duwur) // FLORA (Bunga Semanggi/ Clover / クロバー,"Hitam/ Black/ 黒い, Merah/ Red/ 赤い",Tulis,Juantiu,Sintetik,Non Geometris,Bentuk penghormatan langsung kepada identitas wilayah Sendang Duwur. Mencerminkan kekayaan alam dan kedalaman nilai Sendang Duwur./ A direct tribute to the identity of Sendang Duwur. It reflects the natural wealth and the profound values of Sendang Duwur./ センダン・ドゥウル地域のアイデンティティへの直接的な敬意の表れ。センダン・ドゥウルの自然の豊かさと深い価値を反映している。,"Sendang Duwur merupakan mahakarya kelas Batik Lamongan dengan tata letak non geometris. Warna yang digunakan adalah hitam dan merah, membentuk motif utama parang yang dibuat dari huruf sd sendang duwur dan bunga semanggi. Dibuat dengan teknik tulis menggunakan pewarna sintetik pada kain Juantiu. Secara filosofis, Bentuk penghormatan langsung kepada identitas wilayah Sendang Duwur. Mencerminkan kekayaan alam dan kedalaman nilai Sendang Duwur./ A direct tribute to the identity of Sendang Duwur. It reflects the natural wealth and the profound values of Sendang Duwur./ センダン・ドゥウル地域のアイデンティティへの直接的な敬意の表れ。センダン・ドゥウルの自然の豊かさと深い価値を反映している。","The batik fabric features the Lamongan motif, characterized by black, red motifs. The dominant motifs include a machete made from the elementary school letters sendang duwur and clover. The motifs are arranged in a non-geometric pattern across the fabric, creating a harmonious and balanced composition.",/mnt/extended-home/dzakaaufa/dataset/all_images_captioning/Jayyida Data 17 Sendang Dhuwur.jpg
Azyfa_35241420060301_Biota Laut_2022_FAUNA_FLORA,Lamongan,Biota Laut,"FAUNA (Cumi-Cumi/ Squid / イカ, Gurita/ Octopus / たこ, Kuda Laut/ Sea Horse / 海馬, Bintang Laut/ Starfish / 海星, Kerang Laut/ Seashells / 貝殻, Ikan/ Fish / 魚) // FLORA (Rumput Laut/ Seaweed / 海藻)","Kuning/ Yellow / 黄色, Ungu/ Purple / 紫",Tulis,Juantiu,Sintetik,Geometris,"Terinspirasi dari kekayaan kehidupan bawah laut di perairan pesisir Lamongan. Motif ini menggambarkan berbagai elemen laut seperti ikan, kerang, rumput laut, dan makhluk laut lainnya. Batik ini melambangkan pentingnya menjaga kelestarian ekosistem laut sebagai sumber kehidupan masyarakat pesisir.","Biota Laut merupakan mahakarya kelas Batik Lamongan dengan tata letak geometris. Warna yang digunakan adalah kuning dan ungu, membentuk motif utama cumi-cumi dan rumput laut. Dibuat dengan teknik tulis menggunakan pewarna sintetik pada kain Juantiu. Secara filosofis, Terinspirasi dari kekayaan kehidupan bawah laut di perairan pesisir Lamongan. Motif ini menggambarkan berbagai elemen laut seperti ikan, kerang, rumput laut, dan makhluk laut lainnya. Batik ini melambangkan pentingnya menjaga kelestarian ekosistem laut sebagai sumber kehidupan masyarakat pesisir.","The batik fabric features the Lamongan motif, characterized by yellow, purple motifs. The dominant motifs include squid and seaweed. The motifs are arranged in a geometric pattern across the fabric, creating a harmonious and balanced composition.",/mnt/extended-home/dzakaaufa/dataset/all_images_captioning/Azyfa_35241420060301_Biota Laut_2022_FAUNA_FLORA.jpg
Azyfa_35241420060302_2025_Bandeng Lele Kembang Kates_FLORA_FAUNA,Lamongan,Bandeng Lele Daun Kates,"FLORA (Daun Kates/ Papaya Leaves / パパイヤの葉, Daun Bunga Melati/ Jasmine Leaves / ジャスミンの葉) // FAUNA (Bandeng Lele/ Milkfish and Catfish / ミルクフィッシュとナマズ)","Hijau/ Green / 緑, Sogen Emas/ Golden brown / 金茶, Hitam/ Black/ 黒い)",Tulis,Juantiu,Sintetik,Non Geometris,Daun Kates banyak manfaatnya dan banyak tumbuh di sekitar desa dikombinasikan dengan ikon Lamongan,"Bandeng Lele Daun Kates merupakan mahakarya kelas Batik Lamongan dengan tata letak non geometris. Warna yang digunakan adalah hijau dan sogen emas dan hitam, membentuk motif utama daun kates dan bandeng lele. Dibuat dengan teknik tulis menggunakan pewarna sintetik pada kain Juantiu. Secara filosofis, Daun Kates banyak manfaatnya dan banyak tumbuh di sekitar desa dikombinasikan dengan ikon Lamongan","The batik fabric features the Lamongan motif, characterized by green, golden brown, black motifs. The dominant motifs include papaya leaves and milkfish and catfish. The motifs are arranged in a non-geometric pattern across the fabric, creating a harmonious and balanced composition.",/mnt/extended-home/dzakaaufa/dataset/all_images_captioning/Azyfa_35241420060302_2025_Bandeng Lele Kembang Kates_FLORA_FAUNA.jpg
Azyfa_35241420060303_Junjung Drajat Nam Katil_2025_CLASSIC,Lamongan,Junjung Drajat Nam Katil,"CLASSIC (Nam/ Nam / ナム, Anyaman/ Weaving/ 網目)","Putih/ White/ 白い, Merah Hati/ Maroon/ エンジ色",Tulis,Primisima,Sintetik,Geometris,Motif klasik khas Sendang Duwur yang sudah turun temurun,"Junjung Drajat Nam Katil merupakan mahakarya kelas Batik Lamongan dengan tata letak geometris. Warna yang digunakan adalah putih dan merah hati, membentuk motif utama nam. Dibuat dengan teknik tulis menggunakan pewarna sintetik pada kain Primisima. Secara filosofis, Motif klasik khas Sendang Duwur yang sudah turun temurun","The batik fabric features the Lamongan motif, characterized by white, maroon motifs. The dominant motifs include nam. The motifs are arranged in a geometric pattern across the fabric, creating a harmonious and balanced composition.",/mnt/extended-home/dzakaaufa/dataset/all_images_captioning/Azyfa_35241420060303_Junjung Drajat Nam Katil_2025_CLASSIC.jpg
Azyfa_35241420060304_Daun Talas Bunga Sendurat_2025_FLORA,Lamongan,Daun Talas Bunga Sendurat,"FLORA (Bunga Sendurat/ Daisy / デイジー, Daun Talas/ Taro Leaves / 里芋の葉)","Hitam/ Black / 黒い, Merah/ Red/ 赤い, Sogam/ Sogam / 黄褐色, Biru/ Blue/青い)",Tulis,Primisima,Sintetik,Non Geometris,Menggabungkan motif daun talas dengan bentuknya yang lebar dan kuat dan bunga daisy yang melambangkan kesederhanaan dan keceriaan. Mengajarkan pentingnya menjaga keseimbangan antara keteguhan hati dan keceriaan dalam menjalani kehidupan.,"Daun Talas Bunga Sendurat merupakan mahakarya kelas Batik Lamongan dengan tata letak non geometris. Warna yang digunakan adalah hitam dan merah dan sogam dan biru, membentuk motif utama bunga sendurat. Dibuat dengan teknik tulis menggunakan pewarna sintetik pada kain Primisima. Secara filosofis, Menggabungkan motif daun talas dengan bentuknya yang lebar dan kuat dan bunga daisy yang melambangkan kesederhanaan dan keceriaan. Mengajarkan pentingnya menjaga keseimbangan antara keteguhan hati dan keceriaan dalam menjalani kehidupan.","The batik fabric features the Lamongan motif, characterized by black, red, sogam, blue motifs. The dominant motifs include daisy. The motifs are arranged in a non-geometric pattern across the fabric, creating a harmonious and balanced composition.",/mnt/extended-home/dzakaaufa/dataset/all_images_captioning/Azyfa_35241420060304_Daun Talas Bunga Sendurat_2025_FLORA.jpg
Azyfa_35241420060305_Melati Parang Kombinasi_2025_FLORA_FAUNA,Lamongan,Melati Parang Kombinasi,FLORA (Melati/ Jasmine / ジャスミン) // FAUNA (Bandeng Lele/ Milkfish and Catfish / ミルクフィッシュとナマズ) // ,"Coklat Tua/ Dark Brown / ダークブラウン, Merah/ Red/ 赤い",Tulis,Prima Lampion,Sintetik,Non Geometris,Pengaruh dari batik Jogja-Solo,"Melati Parang Kombinasi merupakan mahakarya kelas Batik Lamongan dengan tata letak non geometris. Warna yang digunakan adalah coklat tua dan merah, membentuk motif utama melati dan bandeng lele. Dibuat dengan teknik tulis menggunakan pewarna sintetik pada kain Prima Lampion. Secara filosofis, Pengaruh dari batik Jogja-Solo","The batik fabric features the Lamongan motif, characterized by dark brown, red motifs. The dominant motifs include jasmine and milkfish and catfish. The motifs are arranged in a non-geometric pattern across the fabric, creating a harmonious and balanced composition.",/mnt/extended-home/dzakaaufa/dataset/all_images_captioning/Azyfa_35241420060305_Melati Parang Kombinasi_2025_FLORA_FAUNA.jpg
Azyfa_35241420060306_Bandeng Lele Manggar Kelapa_2025_FLORA_FAUNA_CULTURE,Lamongan,Bandeng Lele Manggar Kelapa,FLORA (Manggar Kelapa/ Coconut Blossom / ココナッツフラワー) // FAUNA (Bandeng Lele/ Milkfish and Catfish / ミルクフィッシュとナマズ) // CULTURE (Singo Mengkok/ Singo Mengkok / シンゴ・メンコック),"Sogen Merah/ Reddish Brown / 赤茶色, Hitam/ Black/ 黒い",Tulis,Prima Lampion,Sintetik,Non Geometris,Filosofi Manggar Kelapa yang juga ikon Lamongan,"Bandeng Lele Manggar Kelapa merupakan mahakarya kelas Batik Lamongan dengan tata letak non geometris. Warna yang digunakan adalah sogen merah dan hitam, membentuk motif utama manggar kelapa, bandeng lele dan singo mengkok. Dibuat dengan teknik tulis menggunakan pewarna sintetik pada kain Prima Lampion. Secara filosofis, Filosofi Manggar Kelapa yang juga ikon Lamongan","The batik fabric features the Lamongan motif, characterized by reddish brown, black motifs. The dominant motifs include coconut blossom, milkfish and catfish and singo mengkok. The motifs are arranged in a non-geometric pattern across the fabric, creating a harmonious and balanced composition.",/mnt/extended-home/dzakaaufa/dataset/all_images_captioning/Azyfa_35241420060306_Bandeng Lele Manggar Kelapa_2025_FLORA_FAUNA_CULTURE.jpg
Azyfa_35241420060307_Bandeng Lele Krisan Pompom_2025_FLORA_FAUNA,Lamongan,Bandeng Lele Bunga Krisan,FLORA (Bunga Krisan/ Chrysanthemum / 菊花 // FAUNA (Bandeng Lele/ Milkfish and Catfish / ミルクフィッシュとナマズ),Merah/ Red / 赤い,Tulis,Prima Lampion,Merah Hitam Sintetik (Coletan Remasol),Non Geometris,Bunga Krisan + Ikon Lamongan,"Bandeng Lele Bunga Krisan merupakan mahakarya kelas Batik Lamongan dengan tata letak non geometris. Warna yang digunakan adalah merah, membentuk motif utama bunga krisan dan bandeng lele. Dibuat dengan teknik tulis menggunakan pewarna merah hitam sintetik (coletan remasol) pada kain Prima Lampion. Secara filosofis, Bunga Krisan + Ikon Lamongan","The batik fabric features the Lamongan motif, characterized by red motifs. The dominant motifs include chrysanthemum and milkfish and catfish. The motifs are arranged in a non-geometric pattern across the fabric, creating a harmonious and balanced composition.",/mnt/extended-home/dzakaaufa/dataset/all_images_captioning/Azyfa_35241420060307_Bandeng Lele Krisan Pompom_2025_FLORA_FAUNA.jpg
Azyfa_35241420060308_Kupu- Kupu Bunga Krisan_2020_FAUNA_FLORA,Lamongan,Kupu-Kupu Bunga Krisan,"FAUNA (Kupu-Kupu/ Butterfly/ 蝶) // FLORA (Krisan/ Chrysanthemum / 菊花, Bunga Sepatu/ Hibiscus / ハイビスカス)","Hitam/ Black / 黒い, Biru/ Blue/ 青い, Sogen Emas/ Golden Brown / 金茶",Tulis,Juantiu,Sintetik (Naptol dan Remasol),Non Geometris,Terinspirasi dari keindahan kupu-kupu yang beterbangan di antara bunga krisan.,"Kupu-Kupu Bunga Krisan merupakan mahakarya kelas Batik Lamongan dengan tata letak non geometris. Warna yang digunakan adalah hitam dan biru dan sogen emas, membentuk motif utama kupu-kupu dan krisan. Dibuat dengan teknik tulis menggunakan pewarna sintetik (naptol dan remasol) pada kain Juantiu. Secara filosofis, Terinspirasi dari keindahan kupu-kupu yang beterbangan di antara bunga krisan.","The batik fabric features the Lamongan motif, characterized by black, blue, golden brown motifs. The dominant motifs include butterfly and chrysanthemum. The motifs are arranged in a non-geometric pattern across the fabric, creating a harmonious and balanced composition.",/mnt/extended-home/dzakaaufa/dataset/all_images_captioning/Azyfa_35241420060308_Kupu- Kupu Bunga Krisan_2020_FAUNA_FLORA.jpg
Azyfa_35241420060309_Sekar Jagad Lamongan_2025_FLORA,Lamongan,Sekar Jagad Lamongan,"FLORA (Melati/ Jasmine / ジャスミン, Sekar Jagad/ Sekar Jagad / セカール・ジャガッド)","Biru/ Blue/ 青い, Biru Safir/ Blue Sapphire/ サファイアブルー",Tulis,Prima Lampion,Sintetik,Non Geometris,Ikon kota Lamongan,"Sekar Jagad Lamongan merupakan mahakarya kelas Batik Lamongan dengan tata letak non geometris. Warna yang digunakan adalah biru dan biru safir, membentuk motif utama melati. Dibuat dengan teknik tulis menggunakan pewarna sintetik pada kain Prima Lampion. Secara filosofis, Ikon kota Lamongan","The batik fabric features the Lamongan motif, characterized by blue, blue sapphire motifs. The dominant motifs include jasmine. The motifs are arranged in a non-geometric pattern across the fabric, creating a harmonious and balanced composition.",/mnt/extended-home/dzakaaufa/dataset/all_images_captioning/Azyfa_35241420060309_Sekar Jagad Lamongan_2025_FLORA.jpg
Azyfa_35241420060310_Kembang Sepatu Kombinasi Mawar_2025_FLORA,Lamongan,Kembang Sepatu Kombinasi Mawar,"FLORA (Kembang Sepatu/ Hibiscus/ ハイビスカス, Mawar/ Rose/ 薔薇)",Hijau Olive/ Olive Green / オリーブグリーン,Tulis,Prima Lampion,Sintetik,Non Geometris,Terinspirasi dari tanaman yang sering ditemukan di pekarangan rumah,"Kembang Sepatu Kombinasi Mawar merupakan mahakarya kelas Batik Lamongan dengan tata letak non geometris. Warna yang digunakan adalah hijau olive, membentuk motif utama kembang sepatu. Dibuat dengan teknik tulis menggunakan pewarna sintetik pada kain Prima Lampion. Secara filosofis, Terinspirasi dari tanaman yang sering ditemukan di pekarangan rumah","The batik fabric features the Lamongan motif, characterized by olive green motifs. The dominant motifs include hibiscus. The motifs are arranged in a non-geometric pattern across the fabric, creating a harmonious and balanced composition.",/mnt/extended-home/dzakaaufa/dataset/all_images_captioning/Azyfa_35241420060310_Kembang Sepatu Kombinasi Mawar_2025_FLORA.jpg
Tutut Data 1 Kepiting Rowo Sisik Nogo,Lamongan,Kepiting Rowo Sisik Ikan,"FAUNA (Kepiting/ Crab / かに, Ikan/ Fish/ 魚)","Oren/Orange/ オレンジ, Coklat/ Brown/ 茶色, Hitam/ Black/ 黒い",Tulis,Primisima,"Sintetik (Naptol, Remasol)",Geometris,Potensi bahari kehidupan pesisir pantai utara,"Kepiting Rowo Sisik Ikan merupakan mahakarya kelas Batik Lamongan dengan tata letak geometris. Warna yang digunakan adalah oren dan coklat dan hitam, membentuk motif utama kepiting. Dibuat dengan teknik tulis menggunakan pewarna sintetik (naptol, remasol) pada kain Primisima. Secara filosofis, Potensi bahari kehidupan pesisir pantai utara","The batik fabric features the Lamongan motif, characterized by orange, brown, black motifs. The dominant motifs include crab. The motifs are arranged in a geometric pattern across the fabric, creating a harmonious and balanced composition.",/mnt/extended-home/dzakaaufa/dataset/all_images_captioning/Tutut Data 1 Kepiting Rowo Sisik Nogo.jpg
Tutut Data 2 Melati Bandeng Lele,Lamongan,Melati Bandeng Lele,FLORA (Melati/ Jasmine / ジャスミン) // FAUNA (Bandeng Lele/ Milkfish and Catfish / ミルクフィッシュとナマズ),"Biru/ Blue/ 青い, Rapit/ Pitch Black / ジェットブラック, Sogan/ Sogan / 黄褐色",Tulis,Juantiu,Sintetik (Naptol),Non Geometris,Terinspirasi dari bunga melati yang menggambarkan atau melambangkan kesucian,"Melati Bandeng Lele merupakan mahakarya kelas Batik Lamongan dengan tata letak non geometris. Warna yang digunakan adalah biru dan rapit dan sogan, membentuk motif utama melati dan bandeng lele. Dibuat dengan teknik tulis menggunakan pewarna sintetik (naptol) pada kain Juantiu. Secara filosofis, Terinspirasi dari bunga melati yang menggambarkan atau melambangkan kesucian","The batik fabric features the Lamongan motif, characterized by blue, pitch black, sogan motifs. The dominant motifs include jasmine and milkfish and catfish. The motifs are arranged in a non-geometric pattern across the fabric, creating a harmonious and balanced composition.",/mnt/extended-home/dzakaaufa/dataset/all_images_captioning/Tutut Data 2 Melati Bandeng Lele.jpg
Tutut Data 3 Sepyur Daun Melati,Lamongan,Sepyur Daun Melati,FLORA (Daun Melati/ Jasmine Leaves / ジャスミンの葉),"Rapit/ Pitch Black / ジェットブラック, Biru/ Blue/ 青い, Sogan Keemasan/ Golden Brown / ...",Tulis,Primisima,Sintetik (Naptol),Geometris,Terinspirasi dari bunga melati dengan daun-daun yang bertaburan,"Sepyur Daun Melati merupakan mahakarya kelas Batik Lamongan dengan tata letak geometris. Warna yang digunakan adalah rapit dan biru dan sogan keemasan, membentuk motif utama daun melati. Dibuat dengan teknik tulis menggunakan pewarna sintetik (naptol) pada kain Primisima. Secara filosofis, Terinspirasi dari bunga melati dengan daun-daun yang bertaburan","The batik fabric features the Lamongan motif, characterized by pitch black, blue, golden brown motifs. The dominant motifs include jasmine leaves. The motifs are arranged in a geometric pattern across the fabric, creating a harmonious and balanced composition.",/mnt/extended-home/dzakaaufa/dataset/all_images_captioning/Tutut Data 3 Sepyur Daun Melati.jpg
Tutut Data 4 Lamongan Megilan,Lamongan,Lamongan Megilan,"CULTURE (Megilan/ Lamongan Cultural Ornament/ ラモンガンの文化的装飾)

","Rapit/ Pitch Black / ジェットブラック, Hitam/ Black/ 黒い, Merah/ Red/ 赤い",Tulis,Lampion,"Sintetik (Naptol, Remasol, Rapit)",Non Geometris,Pandangan hidup yang optimis,"Lamongan Megilan merupakan mahakarya kelas Batik Lamongan dengan tata letak non geometris. Warna yang digunakan adalah rapit dan hitam dan merah, membentuk motif utama megilan. Dibuat dengan teknik tulis menggunakan pewarna sintetik (naptol, remasol, rapit) pada kain Lampion. Secara filosofis, Pandangan hidup yang optimis","The batik fabric features the Lamongan motif, characterized by pitch black, black, red motifs. The dominant motifs include lamongan cultural ornament. The motifs are arranged in a non-geometric pattern across the fabric, creating a harmonious and balanced composition.",/mnt/extended-home/dzakaaufa/dataset/all_images_captioning/Tutut Data 4 Lamongan Megilan.jpg
Tutut Data 5 Bandeng Lele Bunga Lili,Lamongan,Bandeng Lele Bunga Lili,FAUNA (Bandeng Lele/ Milkfish and Catfish / ミルクフィッシュとナマズ) // FLORA (Bunga Lili/ Lily / リリー),"Rapit/ Rapit/ Pitch Black / ジェットブラック, Biru/ Blue/青い, Sogan/ Sogan / 黄褐色",Tulis,Lampion,Sintetik (Naptol),Non Geometris,Ikan Lamongan dengan bunga Lili dengan harapan agar masyarakat Lamongan sejahtera ibarat bunga Lili,"Bandeng Lele Bunga Lili merupakan mahakarya kelas Batik Lamongan dengan tata letak non geometris. Warna yang digunakan adalah rapit dan biru dan sogan, membentuk motif utama bandeng lele dan bunga lili. Dibuat dengan teknik tulis menggunakan pewarna sintetik (naptol) pada kain Lampion. Secara filosofis, Ikan Lamongan dengan bunga Lili dengan harapan agar masyarakat Lamongan sejahtera ibarat bunga Lili","The batik fabric features the Lamongan motif, characterized by rapit, blue, sogan motifs. The dominant motifs include milkfish and catfish and lily. The motifs are arranged in a non-geometric pattern across the fabric, creating a harmonious and balanced composition.",/mnt/extended-home/dzakaaufa/dataset/all_images_captioning/Tutut Data 5 Bandeng Lele Bunga Lili.jpg
Tutut Data 6 Bandeng Lele di balik Daun,Lamongan,Bandeng Lele di Balik Daun,FLORA (Daun/ Leaf / 葉) // FAUNA (Bandeng Lele/ Milkfish and Catfish / ミルクフィッシュとナマズ),"Biru/ Blue/ 青い, Sogan/ Sogan / 黄褐色",Tulis,Juantiu,Sintetik (Naptol),Non Geometris,Melambangkan kemakmuran sandang pangan karena ada unsur hewani dan nabati,"Bandeng Lele di Balik Daun merupakan mahakarya kelas Batik Lamongan dengan tata letak non geometris. Warna yang digunakan adalah biru dan sogan, membentuk motif utama daun dan bandeng lele. Dibuat dengan teknik tulis menggunakan pewarna sintetik (naptol) pada kain Juantiu. Secara filosofis, Melambangkan kemakmuran sandang pangan karena ada unsur hewani dan nabati","The batik fabric features the Lamongan motif, characterized by blue, sogan motifs. The dominant motifs include leaf and milkfish and catfish. The motifs are arranged in a non-geometric pattern across the fabric, creating a harmonious and balanced composition.",/mnt/extended-home/dzakaaufa/dataset/all_images_captioning/Tutut Data 6 Bandeng Lele di balik Daun.jpg
Tutut Data 7 Bandeng Lele Wijaya Kusuma,Lamongan,Bandeng Lele Wijaya Kusuma,FLORA (Bunga Wijaya Kusuma/ Queen of The Night / ナイト・ブリーミング・セレウス) // FAUNA (Bandeng Lele/ Milkfish and Catfish / ミルクフィッシュとナマズ),"Merah/ Red/ 赤い, Hitam/ Black / 黒い, Kuning/ Yellow/ 黄色",Tulis,Lampion,Sintesis (Naptol dan Remasol),Non Geometris,Kota Lamongan menuju kejayaan,"Bandeng Lele Wijaya Kusuma merupakan mahakarya kelas Batik Lamongan dengan tata letak non geometris. Warna yang digunakan adalah merah dan hitam dan kuning, membentuk motif utama bunga wijaya kusuma dan bandeng lele. Dibuat dengan teknik tulis menggunakan pewarna sintesis (naptol dan remasol) pada kain Lampion. Secara filosofis, Kota Lamongan menuju kejayaan","The batik fabric features the Lamongan motif, characterized by red, black, yellow motifs. The dominant motifs include queen of the night and milkfish and catfish. The motifs are arranged in a non-geometric pattern across the fabric, creating a harmonious and balanced composition.",/mnt/extended-home/dzakaaufa/dataset/all_images_captioning/Tutut Data 7 Bandeng Lele Wijaya Kusuma.jpg
Tutut Data 8 Ceplik Melati Singo Mengkok,Lamongan,Ceplik Melati Singo Mengkok,FLORA (Melati/ Jasmine/ ジャスミン) // CULTURE (Singo Mengkok/ Singo Mengkok / シンゴ・メンコック),"Hijau Tosca/ Turquoise / ターコイズ, Biru/ Blue/ 青い",Tulis,Primisima,Sintetik (Naptol dan Remasol),Geometris,Masyarakat lamongan dengan arif dan bijaksana menggunakan kekuatan,"Ceplik Melati Singo Mengkok merupakan mahakarya kelas Batik Lamongan dengan tata letak geometris. Warna yang digunakan adalah hijau tosca dan biru, membentuk motif utama melati dan singo mengkok. Dibuat dengan teknik tulis menggunakan pewarna sintetik (naptol dan remasol) pada kain Primisima. Secara filosofis, Masyarakat lamongan dengan arif dan bijaksana menggunakan kekuatan","The batik fabric features the Lamongan motif, characterized by turquoise, blue motifs. The dominant motifs include jasmine and singo mengkok. The motifs are arranged in a geometric pattern across the fabric, creating a harmonious and balanced composition.",/mnt/extended-home/dzakaaufa/dataset/all_images_captioning/Tutut Data 8 Ceplik Melati Singo Mengkok.jpg
Tutut Data 9 Watu Pecah,Lamongan,Watu Pecah,GEOGRAPHY (Watu Pecah/ Cracked Stone / 割れ石模様),"Merah/ Red/ 赤い, Coklat/ Chocolate/ 茶色, Biru/ Blue/青い",Tulis,Primisima,Sintetik (Naptol),Geometris,Terinspirasi dari dominan unsur tanah batu kapur,"Watu Pecah merupakan mahakarya kelas Batik Lamongan dengan tata letak geometris. Warna yang digunakan adalah merah dan coklat dan biru, membentuk motif utama watu pecah. Dibuat dengan teknik tulis menggunakan pewarna sintetik (naptol) pada kain Primisima. Secara filosofis, Terinspirasi dari dominan unsur tanah batu kapur","The batik fabric features the Lamongan motif, characterized by red, chocolate, blue motifs. The dominant motifs include cracked stone. The motifs are arranged in a geometric pattern across the fabric, creating a harmonious and balanced composition.",/mnt/extended-home/dzakaaufa/dataset/all_images_captioning/Tutut Data 9 Watu Pecah.jpg
Mutiara S Data 1 Bandeng Lele dalam Kolam,Lamongan,Bandeng Lele Dalam Kolam,FAUNA (Bandeng Lele/ Milkfish and Catfish / ミルクフィッシュとナマズ),"Merah/ Red/ 赤い, Oren/ Orange/ オレンジ, Hitam/ Black/ 黒い",Tulis,Lampion,Sintetik (Remasol),Non Geometris,"Rasa syukur berada di lingkungan yang tepat, penuh toleransi. Asah, asih, dan asuh./ Gratitude for being in the right environment, full of tolerance. Nurture, love, and care for one another../ 寛容に満ちた正しい環境にいられることへの感謝。磨き合い、愛し合い、育み合う。","Bandeng Lele Dalam Kolam merupakan mahakarya kelas Batik Lamongan dengan tata letak non geometris. Warna yang digunakan adalah merah dan oren dan hitam, membentuk motif utama bandeng lele. Dibuat dengan teknik tulis menggunakan pewarna sintetik (remasol) pada kain Lampion. Secara filosofis, Rasa syukur berada di lingkungan yang tepat, penuh toleransi. Asah, asih, dan asuh./ Gratitude for being in the right environment, full of tolerance. Nurture, love, and care for one another../ 寛容に満ちた正しい環境にいられることへの感謝。磨き合い、愛し合い、育み合う。","The batik fabric features the Lamongan motif, characterized by red, orange, black motifs. The dominant motifs include milkfish and catfish. The motifs are arranged in a non-geometric pattern across the fabric, creating a harmonious and balanced composition.",/mnt/extended-home/dzakaaufa/dataset/all_images_captioning/Mutiara S Data 1 Bandeng Lele dalam Kolam.jpg
Mutiara S Data 2 Mawar Bersulur,Lamongan,Mawar Bersulur,FLORA (Mawar/ Rose/ 薔薇),"Hijau/ Green/ 緑, Merah/ Red/ 赤い, Hitam/ Black/ 黒い, Putih/ White/ 白い",Tulis,Juantiu,Sintetik (Remasol),Non Geometris,"Mawar sebagai simbolisasi entitas yang mampu menjaga nilai keindahan sebelum saatnya dipetik, melalui sulur-sulur yang merambat dan duri./ The rose as a symbol of an entity that preserves the value of beauty before the time it is plucked, through its creeping vines and thorns./ 薔薇は、美しさを守る存在の象徴です。摘まれるその時まで、つるを伸ばし、とげで守ります。","Mawar Bersulur merupakan mahakarya kelas Batik Lamongan dengan tata letak non geometris. Warna yang digunakan adalah hijau dan merah dan hitam dan putih, membentuk motif utama mawar. Dibuat dengan teknik tulis menggunakan pewarna sintetik (remasol) pada kain Juantiu. Secara filosofis, Mawar sebagai simbolisasi entitas yang mampu menjaga nilai keindahan sebelum saatnya dipetik, melalui sulur-sulur yang merambat dan duri./ The rose as a symbol of an entity that preserves the value of beauty before the time it is plucked, through its creeping vines and thorns./ 薔薇は、美しさを守る存在の象徴です。摘まれるその時まで、つるを伸ばし、とげで守ります。","The batik fabric features the Lamongan motif, characterized by green, red, black, white motifs. The dominant motifs include rose. The motifs are arranged in a non-geometric pattern across the fabric, creating a harmonious and balanced composition.",/mnt/extended-home/dzakaaufa/dataset/all_images_captioning/Mutiara S Data 2 Mawar Bersulur.jpg
Mutiara S Data 3 Bandeng Lele Enceng Gondok,Lamongan,Bandeng Lele Eceng Gondok,FAUNA (Bandeng Lele/ Milkfish and Catfish / ミルクフィッシュとナマズ) // FLORA (Eceng Gondok/ Water Hyacinth / ホテイアオイ),"Hijau Kecoklatan/ Olive Green / オリーブグリーン, Hijau/ Green/ 緑, Merah/ Red/ 赤い, Coklat/ Brown/ 茶色, Hitam/ Black/ 黒い, Putih/ White/ 白い",Tulis,Lampion,Sintetik (Remasol),Non Geometris,Hidup yang berdampingan dengan Flora dan Fauna./ Living alongside Flora and Fauna/ 動植物と共生する生活。,"Bandeng Lele Eceng Gondok merupakan mahakarya kelas Batik Lamongan dengan tata letak non geometris. Warna yang digunakan adalah hijau kecoklatan dan hijau dan merah dan coklat dan hitam dan putih, membentuk motif utama bandeng lele dan eceng gondok. Dibuat dengan teknik tulis menggunakan pewarna sintetik (remasol) pada kain Lampion. Secara filosofis, Hidup yang berdampingan dengan Flora dan Fauna./ Living alongside Flora and Fauna/ 動植物と共生する生活。","The batik fabric features the Lamongan motif, characterized by olive green, green, red, brown, black, white motifs. The dominant motifs include milkfish and catfish and water hyacinth. The motifs are arranged in a non-geometric pattern across the fabric, creating a harmonious and balanced composition.",/mnt/extended-home/dzakaaufa/dataset/all_images_captioning/Mutiara S Data 3 Bandeng Lele Enceng Gondok.jpg
Mutiara S Data 4 Bangau dan Mawar Kombinasi,Lamongan,Bangau Mawar Kombinasi,FAUNA (Bangau/ Strok/ 鶴) // FLORA (Mawar/ Rose/薔薇),"Merah/ Red/ 赤い, Biru tua/ Dark Blue/ 紺色, Biru muda/ Light Blue / ライトブルー, Putih/ White/ 白い",Tulis,Juantiu,Sintetik (Remasol),Non Geometris,"Sebuah pertunjukkan tentang keteguhan prinsip dalam memandang kehidupan. Dilambangkan dengan bangau di antara mawar bermekaran./ A performance about the steadfastness of principles in viewing life, symbolized by a strok among blooming roses./ 人生に対する信念の強さを描いた物語。咲き誇るバラの中に立つ鶴が象徴している。","Bangau Mawar Kombinasi merupakan mahakarya kelas Batik Lamongan dengan tata letak non geometris. Warna yang digunakan adalah merah dan biru tua dan biru muda dan putih, membentuk motif utama bangau dan mawar. Dibuat dengan teknik tulis menggunakan pewarna sintetik (remasol) pada kain Juantiu. Secara filosofis, Sebuah pertunjukkan tentang keteguhan prinsip dalam memandang kehidupan. Dilambangkan dengan bangau di antara mawar bermekaran./ A performance about the steadfastness of principles in viewing life, symbolized by a strok among blooming roses./ 人生に対する信念の強さを描いた物語。咲き誇るバラの中に立つ鶴が象徴している。","The batik fabric features the Lamongan motif, characterized by red, dark blue, light blue, white motifs. The dominant motifs include strok and rose. The motifs are arranged in a non-geometric pattern across the fabric, creating a harmonious and balanced composition.",/mnt/extended-home/dzakaaufa/dataset/all_images_captioning/Mutiara S Data 4 Bangau dan Mawar Kombinasi.jpg
Mutiara S Data 5 Bandeng Lele Daun Waru,Lamongan,Bandeng Lele Daun Waru,FAUNA (Bandeng Lele/ Milkfish and Catfish / ミルクフィッシュとナマズ) // FLORA (Daun Waru/ Sea Hibiscus Leaves / オオハマボウの葉),"Coklat kehijauan/ Greenish Brown/ オリーブブラウン, Putih/ White/ 白い, Merah/ Red/ 赤い, Hitam/ Black/ 黒い",Tulis,Juantiu,Sintetik (Remasol),Non Geometris,Hidup yang berdampingan tentang pragmen kehidupan yang bersahaja./ Living in harmony with the simple fragments of life./ 素朴な人生の断片と共に生きる。,"Bandeng Lele Daun Waru merupakan mahakarya kelas Batik Lamongan dengan tata letak non geometris. Warna yang digunakan adalah coklat kehijauan dan putih dan merah dan hitam, membentuk motif utama bandeng lele dan daun waru. Dibuat dengan teknik tulis menggunakan pewarna sintetik (remasol) pada kain Juantiu. Secara filosofis, Hidup yang berdampingan tentang pragmen kehidupan yang bersahaja./ Living in harmony with the simple fragments of life./ 素朴な人生の断片と共に生きる。","The batik fabric features the Lamongan motif, characterized by greenish brown, white, red, black motifs. The dominant motifs include milkfish and catfish and sea hibiscus leaves. The motifs are arranged in a non-geometric pattern across the fabric, creating a harmonious and balanced composition.",/mnt/extended-home/dzakaaufa/dataset/all_images_captioning/Mutiara S Data 5 Bandeng Lele Daun Waru.jpg
Mutiara S Data 6 Karang Pring,Lamongan,Karang Pring,"FLORA (Karang/ Coral/ サンゴ, Pring/ Bamboo/ 竹) ","Kuning/ Yellow/ 黄色, Merah/ Red/ 赤い, Hitam/ Black/ 黒い, Putih/ White/ 白い",Tulis,Juantiu,Sintetik (Remasol),Non Geometris,Pragmen kehidupan bahari./Fragments of maritime life/海洋生活の断片,"Karang Pring merupakan mahakarya kelas Batik Lamongan dengan tata letak non geometris. Warna yang digunakan adalah kuning dan merah dan hitam dan putih, membentuk motif utama karang. Dibuat dengan teknik tulis menggunakan pewarna sintetik (remasol) pada kain Juantiu. Secara filosofis, Pragmen kehidupan bahari./Fragments of maritime life/海洋生活の断片","The batik fabric features the Lamongan motif, characterized by yellow, red, black, white motifs. The dominant motifs include coral. The motifs are arranged in a non-geometric pattern across the fabric, creating a harmonious and balanced composition.",/mnt/extended-home/dzakaaufa/dataset/all_images_captioning/Mutiara S Data 6 Karang Pring.jpg
Mutiara S Data 7 Bandeng Lele Bunga Matahari,Lamongan,Bandeng Lele Bunga Matahari,FAUNA (Bandeng Lele/ Milkfish and Catfish / ミルクフィッシュとナマズ) // FLORA (Bunga Matahari/ Sunflower /ひまわり),"Hijau/ Green/ 緑, Hitam/ Black/ 黒い, Putih/ White/ 白い",Tulis,Lampion,Sintetik (Remasol),Non Geometris,Melambangkan hidup yang selaras dan berdampingan antar elemen./ Symbolizing a life in harmony and coexistence among elements./ 異なる要素が調和して共に生きることを表している。,"Bandeng Lele Bunga Matahari merupakan mahakarya kelas Batik Lamongan dengan tata letak non geometris. Warna yang digunakan adalah hijau dan hitam dan putih, membentuk motif utama bandeng lele dan bunga matahari. Dibuat dengan teknik tulis menggunakan pewarna sintetik (remasol) pada kain Lampion. Secara filosofis, Melambangkan hidup yang selaras dan berdampingan antar elemen./ Symbolizing a life in harmony and coexistence among elements./ 異なる要素が調和して共に生きることを表している。","The batik fabric features the Lamongan motif, characterized by green, black, white motifs. The dominant motifs include milkfish and catfish and sunflower. The motifs are arranged in a non-geometric pattern across the fabric, creating a harmonious and balanced composition.",/mnt/extended-home/dzakaaufa/dataset/all_images_captioning/Mutiara S Data 7 Bandeng Lele Bunga Matahari.jpg
Mutiara S Data 8 Singo Mengkok Kembang Brokoli ,Lamongan,Singo Mengkok Kembang Brokoli,CULTURE (Singo Mengkok/ Singo Mengkok /シンゴ・メンコック) // FLORA (Brokoli/ Cauliflower/ 花野菜),"Biru tua/ Dark Blue/ 紺色, Biru muda/ Light Blue / ライトブルー, Hitam/ Black/ 黒い",Tulis,Juantiu,Sintetik (Remasol),Non Geometris,Dalam hidup terdapat momentum yang mengharuskan mengganti landasan filosofis/ Life brings moments that push us to change the way we see and live by our philosophy./ 人生には、自分の生き方の哲学を見直し、変えなければならない瞬間があります。,"Singo Mengkok Kembang Brokoli merupakan mahakarya kelas Batik Lamongan dengan tata letak non geometris. Warna yang digunakan adalah biru tua dan biru muda dan hitam, membentuk motif utama singo mengkok dan brokoli. Dibuat dengan teknik tulis menggunakan pewarna sintetik (remasol) pada kain Juantiu. Secara filosofis, Dalam hidup terdapat momentum yang mengharuskan mengganti landasan filosofis/ Life brings moments that push us to change the way we see and live by our philosophy./ 人生には、自分の生き方の哲学を見直し、変えなければならない瞬間があります。","The batik fabric features the Lamongan motif, characterized by dark blue, light blue, black motifs. The dominant motifs include singo mengkok and cauliflower. The motifs are arranged in a non-geometric pattern across the fabric, creating a harmonious and balanced composition.",/mnt/extended-home/dzakaaufa/dataset/all_images_captioning/Mutiara S Data 8 Singo Mengkok Kembang Brokoli.jpg
Mutiara S Data 9 Camar Melati,Lamongan,Camar Melati,FAUNA (Camar/ Seagull / カモメ) // FLORA (Melati/ Jasmine / ジャスミン）,"Biru/ Blue/ 青い, Hitam/ Black/ 黒い",Tulis,Juantiu,Sintetik (Naptol),Non Geometris,Lingkungan yang tidak polutif mengundang kehadiran burung camar di garis pantai dan mekarnya melati yang berbagi semerbak wangi di daratan./ A non-polluted environment invites the presence of seagulls along the shoreline and the blooming of jasmine that shares its fragrance across the land./ 清らかな環境は、海岸線にカモメを呼び寄せ、陸地では咲き誇るジャスミンが香りを分け合います。,"Camar Melati merupakan mahakarya kelas Batik Lamongan dengan tata letak non geometris. Warna yang digunakan adalah biru dan hitam, membentuk motif utama camar dan melati. Dibuat dengan teknik tulis menggunakan pewarna sintetik (naptol) pada kain Juantiu. Secara filosofis, Lingkungan yang tidak polutif mengundang kehadiran burung camar di garis pantai dan mekarnya melati yang berbagi semerbak wangi di daratan./ A non-polluted environment invites the presence of seagulls along the shoreline and the blooming of jasmine that shares its fragrance across the land./ 清らかな環境は、海岸線にカモメを呼び寄せ、陸地では咲き誇るジャスミンが香りを分け合います。","The batik fabric features the Lamongan motif, characterized by blue, black motifs. The dominant motifs include seagull and jasmine. The motifs are arranged in a non-geometric pattern across the fabric, creating a harmonious and balanced composition.",/mnt/extended-home/dzakaaufa/dataset/all_images_captioning/Mutiara S Data 9 Camar Melati.jpg
Mutiara S Data 10 Kipas Bunga Sepatu,Lamongan,Kipas Bunga Sepatu,FLORA (Bunga Sepatu/ Hibiscus/ ハイビスカス) // CULTURE (Kipas/ Folding Fan/ 手持ち扇),"Merah/ Red/ 赤い, Hitam/ Black/ 黒い, Putih/ White/ 白い",Tulis,Juantiu,Sintetik (Naptol),Non Geometris,"Hajat yang dikabulkan ketika bunga atau tumbuhan berhasil menunjukkan keindahannya, kupu-kupu akan datang./ When flowers or plants reveal their beauty, a wish is granted, and butterflies will come./ 花や植物がその美しさを見せるとき、願いが叶い、蝶がやって来ます。","Kipas Bunga Sepatu merupakan mahakarya kelas Batik Lamongan dengan tata letak non geometris. Warna yang digunakan adalah merah dan hitam dan putih, membentuk motif utama bunga sepatu dan kipas. Dibuat dengan teknik tulis menggunakan pewarna sintetik (naptol) pada kain Juantiu. Secara filosofis, Hajat yang dikabulkan ketika bunga atau tumbuhan berhasil menunjukkan keindahannya, kupu-kupu akan datang./ When flowers or plants reveal their beauty, a wish is granted, and butterflies will come./ 花や植物がその美しさを見せるとき、願いが叶い、蝶がやって来ます。","The batik fabric features the Lamongan motif, characterized by red, black, white motifs. The dominant motifs include hibiscus and folding fan. The motifs are arranged in a non-geometric pattern across the fabric, creating a harmonious and balanced composition.",/mnt/extended-home/dzakaaufa/dataset/all_images_captioning/Mutiara S Data 10 Kipas Bunga Sepatu.jpg
Mekar Sari Data 1 Patran Kipas Dam Pare,Lamongan,Patran Kipas Daun Pare,FLORA (Daun Pare/ Bitter Melon Leaves/ ツルレイシの葉 ) // CULTURE (Patran Kipas/ Folding Fan/ 手持ち扇),"Merah/ Red/ 赤い,
Hitam (dominan)/ Black/ 黒い,
Putih/ White/ 白い",Tulis,Juantiu,Sintetis (Naptol),Non Geometris,Tentang penerimaan bahwa rasa pahit berpoternsi sebagai penyembuh,"Patran Kipas Daun Pare merupakan mahakarya kelas Batik Lamongan dengan tata letak non geometris. Warna yang digunakan adalah merah dan hitam (dominan) dan putih, membentuk motif utama daun pare dan patran kipas. Dibuat dengan teknik tulis menggunakan pewarna sintetis (naptol) pada kain Juantiu. Secara filosofis, Tentang penerimaan bahwa rasa pahit berpoternsi sebagai penyembuh","The batik fabric features the Lamongan motif, characterized by red, black, white motifs. The dominant motifs include bitter melon leaves and folding fan. The motifs are arranged in a non-geometric pattern across the fabric, creating a harmonious and balanced composition.",/mnt/extended-home/dzakaaufa/dataset/all_images_captioning/Mekar Sari Data 1 Patran Kipas Dam Pare.jpg
Mekar Sari Data 2 Patran Pakis,Lamongan,Patran Pakis,FLORA (Pakis/ Fern/ シダ),"Merah/ Red/ 赤い,
Hitam/ Black/ 黒い,
Putih/ White/ 白い",Tulis,Juantiu,Sintetis (Naptol),Non Geometris,Harapan kemakmuran yang terus bertumbuh,"Patran Pakis merupakan mahakarya kelas Batik Lamongan dengan tata letak non geometris. Warna yang digunakan adalah merah dan hitam dan putih, membentuk motif utama pakis. Dibuat dengan teknik tulis menggunakan pewarna sintetis (naptol) pada kain Juantiu. Secara filosofis, Harapan kemakmuran yang terus bertumbuh","The batik fabric features the Lamongan motif, characterized by red, black, white motifs. The dominant motifs include fern. The motifs are arranged in a non-geometric pattern across the fabric, creating a harmonious and balanced composition.",/mnt/extended-home/dzakaaufa/dataset/all_images_captioning/Mekar Sari Data 2 Patran Pakis.jpg
Mekar Sari Data 3 Merak Nam Katil,Lamongan,Merak Nam Katil,"FAUNA (Merak/ Peacock/ 孔雀) // CLASSIC (Nam/ Nam / ナム, Anyaman/ Weaving/ 網目) ","Merah/ Red/ 赤い,
Hitam/ Black/黒い,
Putih/ White/ 白い",Tulis,Juantiu,Sintetis (Naptol),Non Geometris,"Simbolisasi kewibawaan, keindahan, dan kedamaian.","Merak Nam Katil merupakan mahakarya kelas Batik Lamongan dengan tata letak non geometris. Warna yang digunakan adalah merah dan hitam dan putih, membentuk motif utama merak dan nam. Dibuat dengan teknik tulis menggunakan pewarna sintetis (naptol) pada kain Juantiu. Secara filosofis, Simbolisasi kewibawaan, keindahan, dan kedamaian.","The batik fabric features the Lamongan motif, characterized by red, black, white motifs. The dominant motifs include peacock and nam. The motifs are arranged in a non-geometric pattern across the fabric, creating a harmonious and balanced composition.",/mnt/extended-home/dzakaaufa/dataset/all_images_captioning/Mekar Sari Data 3 Merak Nam Katil.jpg
Mekar Sari Data 4 Putihan Amarilis,Lamongan,Putihan Amarilis,FLORA (Amarilis/ Amarylis/ アマリリス),"Merah/ Red/ 赤い,
Hitam/ Black/ 黒い,
Putih/ White/ 白い",Tulis,Juantiu,Sintetis (Naptol),Non Geometris,"Melambangkan keindahan, cinta, kebanggaan, dan kekuatan","Putihan Amarilis merupakan mahakarya kelas Batik Lamongan dengan tata letak non geometris. Warna yang digunakan adalah merah dan hitam dan putih, membentuk motif utama amarilis. Dibuat dengan teknik tulis menggunakan pewarna sintetis (naptol) pada kain Juantiu. Secara filosofis, Melambangkan keindahan, cinta, kebanggaan, dan kekuatan","The batik fabric features the Lamongan motif, characterized by red, black, white motifs. The dominant motifs include amarylis. The motifs are arranged in a non-geometric pattern across the fabric, creating a harmonious and balanced composition.",/mnt/extended-home/dzakaaufa/dataset/all_images_captioning/Mekar Sari Data 4 Putihan Amarilis.jpg
Mekar Sari Data 5 Putihan Mekar Sewindu,Lamongan,Putihan Mekar Sewindu,FLORA (Bunga/ Flower/ 花）,"Merah/ Red/ 赤い,
Hitam/ Black/ 黒い,
Putih/ White/ 白い",Tulis,Juantiu,Sintetis (Naptol),Non Geometris,Ornamen kelopak bunga yang menggambarkan bunga dengan delapan kelopak,"Putihan Mekar Sewindu merupakan mahakarya kelas Batik Lamongan dengan tata letak non geometris. Warna yang digunakan adalah merah dan hitam dan putih, membentuk motif utama bunga. Dibuat dengan teknik tulis menggunakan pewarna sintetis (naptol) pada kain Juantiu. Secara filosofis, Ornamen kelopak bunga yang menggambarkan bunga dengan delapan kelopak","The batik fabric features the Lamongan motif, characterized by red, black, white motifs. The dominant motifs include flower. The motifs are arranged in a non-geometric pattern across the fabric, creating a harmonious and balanced composition.",/mnt/extended-home/dzakaaufa/dataset/all_images_captioning/Mekar Sari Data 5 Putihan Mekar Sewindu.jpg
Mekar Sari Data 6 Melati Deret,Lamongan,Melati Deret,FLORA (Melati/ Jasmine/ ジャスミン),"Oren/ Orange/ オレンジ,
Cokelat/ Brown/ 茶色,
Putih/ White/ 白い",Tulis,Juantiu,Sintetis (Naptol),Non Geometris,Persembahan untuk memohon ridhanya atau karunia. Diwujudkan dalam bentuk ornamen bunga melati,"Melati Deret merupakan mahakarya kelas Batik Lamongan dengan tata letak non geometris. Warna yang digunakan adalah oren dan cokelat dan putih, membentuk motif utama melati. Dibuat dengan teknik tulis menggunakan pewarna sintetis (naptol) pada kain Juantiu. Secara filosofis, Persembahan untuk memohon ridhanya atau karunia. Diwujudkan dalam bentuk ornamen bunga melati","The batik fabric features the Lamongan motif, characterized by orange, brown, white motifs. The dominant motifs include jasmine. The motifs are arranged in a non-geometric pattern across the fabric, creating a harmonious and balanced composition.",/mnt/extended-home/dzakaaufa/dataset/all_images_captioning/Mekar Sari Data 6 Melati Deret.jpg
Istiqomah Data 1 Bandeng Lele Watu Cacah,Lamongan,Bandeng Lele Watu Cacah,"FAUNA (Bandeng Lele/ Milkfish and Catfish/ ミルクフィッシュとナマズ) // GEOGRAPHY (Watu Pacah/ Cracked Stone / 割れ石模様)

","Biru Tua/ Dark Blue,
Hijau Tosca/ Turquoise / ターコイズ,
Merah/ Red/ 赤い,
Putih/ White/ 白い",Tulis,Juantiu,Sintetis (Remasol),Non Geometris,Identitas sosio kultural dan geografis,"Bandeng Lele Watu Cacah merupakan mahakarya kelas Batik Lamongan dengan tata letak non geometris. Warna yang digunakan adalah biru tua dan hijau tosca dan merah dan putih, membentuk motif utama bandeng lele dan watu pacah. Dibuat dengan teknik tulis menggunakan pewarna sintetis (remasol) pada kain Juantiu. Secara filosofis, Identitas sosio kultural dan geografis","The batik fabric features the Lamongan motif, characterized by dark blue, turquoise, red, white motifs. The dominant motifs include milkfish and catfish and cracked stone. The motifs are arranged in a non-geometric pattern across the fabric, creating a harmonious and balanced composition.",/mnt/extended-home/dzakaaufa/dataset/all_images_captioning/Istiqomah Data 1 Bandeng Lele Watu Cacah.jpg
Istiqomah Data 2 Merak Latohan Kombinasi,Lamongan,Merak Latohan Kombinasi,FAUNA (Merak/ Peacock/ 孔雀),"Hitam/ Black/ 黒い,
Cokelat/ Brown/ 茶色",Tulis,Juantiu,Sintetis (Naptol),Non Geometris,Dalam situasi kurang menguntungkan (gelap) hendaknya tetap meneguhkan komitmen terhadap nilai keluhuran.,"Merak Latohan Kombinasi merupakan mahakarya kelas Batik Lamongan dengan tata letak non geometris. Warna yang digunakan adalah hitam dan cokelat, membentuk motif utama merak. Dibuat dengan teknik tulis menggunakan pewarna sintetis (naptol) pada kain Juantiu. Secara filosofis, Dalam situasi kurang menguntungkan (gelap) hendaknya tetap meneguhkan komitmen terhadap nilai keluhuran.","The batik fabric features the Lamongan motif, characterized by black, brown motifs. The dominant motifs include peacock. The motifs are arranged in a non-geometric pattern across the fabric, creating a harmonious and balanced composition.",/mnt/extended-home/dzakaaufa/dataset/all_images_captioning/Istiqomah Data 2 Merak Latohan Kombinasi.jpg
Istiqomah Data 3 Pisang Setandon,Lamongan,Pisang Setandon,FLORA (Pisang/ Banana/ バナナ),"Hijau Tosca/ Turquoise / ターコイズ,
Hitam/ Black/ 黒い,
Putih/ White/ 白い",Tulis,Juantiu,Sintetis (Naptol),Non Geometris,Tentang kesuburan Sumber Daya Alam,"Pisang Setandon merupakan mahakarya kelas Batik Lamongan dengan tata letak non geometris. Warna yang digunakan adalah hijau tosca dan hitam dan putih, membentuk motif utama pisang. Dibuat dengan teknik tulis menggunakan pewarna sintetis (naptol) pada kain Juantiu. Secara filosofis, Tentang kesuburan Sumber Daya Alam","The batik fabric features the Lamongan motif, characterized by turquoise, black, white motifs. The dominant motifs include banana. The motifs are arranged in a non-geometric pattern across the fabric, creating a harmonious and balanced composition.",/mnt/extended-home/dzakaaufa/dataset/all_images_captioning/Istiqomah Data 3 Pisang Setandon.jpg
Istiqomah Data 4 Pisang Latohan,Lamongan,Pisang Latohan,FLORA (Pisang/ Banana/ バナナ),"Merah/ Red/ 赤い,
Kuning/ Yellow/ 黄色,
Oren/ Orange/ オレンジ",Tulis,Juantiu,Sintetis (Naptol),Non Geometris,Tentang kekayaan Sumber Daya Alam,"Pisang Latohan merupakan mahakarya kelas Batik Lamongan dengan tata letak non geometris. Warna yang digunakan adalah merah dan kuning dan oren, membentuk motif utama pisang. Dibuat dengan teknik tulis menggunakan pewarna sintetis (naptol) pada kain Juantiu. Secara filosofis, Tentang kekayaan Sumber Daya Alam","The batik fabric features the Lamongan motif, characterized by red, yellow, orange motifs. The dominant motifs include banana. The motifs are arranged in a non-geometric pattern across the fabric, creating a harmonious and balanced composition.",/mnt/extended-home/dzakaaufa/dataset/all_images_captioning/Istiqomah Data 4 Pisang Latohan.jpg
Istiqomah Data 5 Bandeng Lele Batu Karang,Lamongan,Bandeng Lele Batu Karang,FAUNA (Bandeng Lele/ Milkfish and Catfish / ミルクフィッシュとナマズ) // FLORA (Batu Karang/ Coral Reef/ サンゴ礁),"Hitam (dominan)/ Black/ 黒い
Merah/ Red/ 赤い,
Kuning/ Yellow/ 黄色",Tulis,Juantiu,Sintetis (Naptol),Non Geometris,Refleksi identitas sosio kultural,"Bandeng Lele Batu Karang merupakan mahakarya kelas Batik Lamongan dengan tata letak non geometris. Warna yang digunakan adalah hitam (dominan) dan kuning, membentuk motif utama bandeng lele dan batu karang. Dibuat dengan teknik tulis menggunakan pewarna sintetis (naptol) pada kain Juantiu. Secara filosofis, Refleksi identitas sosio kultural","The batik fabric features the Lamongan motif, characterized by black, yellow motifs. The dominant motifs include milkfish and catfish and coral reef. The motifs are arranged in a non-geometric pattern across the fabric, creating a harmonious and balanced composition.",/mnt/extended-home/dzakaaufa/dataset/all_images_captioning/Istiqomah Data 5 Bandeng Lele Batu Karang.jpg
Istiqomah Data 6 Merak Nam Katil,Lamongan,Merak Nam Katil,"FAUNA (Merak/ Peacock/ 孔雀) // CLASSIC (Nam/ Nam / ナム, Anyaman/ Weaving/ 網目)","Ungu (dominan)/ Purple/ 紫
Hitam/ Black/ 黒い
Oren/ Orange/ オレンジ",Tulis,Juantiu,Sintetis (Naptol),Non Geometris,"Daya tarik, pesona, dan wibawa","Merak Nam Katil merupakan mahakarya kelas Batik Lamongan dengan tata letak non geometris. Warna yang digunakan adalah ungu (dominan), membentuk motif utama merak dan nam. Dibuat dengan teknik tulis menggunakan pewarna sintetis (naptol) pada kain Juantiu. Secara filosofis, Daya tarik, pesona, dan wibawa","The batik fabric features the Lamongan motif, characterized by purple motifs. The dominant motifs include peacock and nam. The motifs are arranged in a non-geometric pattern across the fabric, creating a harmonious and balanced composition.",/mnt/extended-home/dzakaaufa/dataset/all_images_captioning/Istiqomah Data 6 Merak Nam Katil.jpg
Mulifah Data 1 Parang Sulur Kembang Sepatu,Lamongan,Parang Sulur Kembang Sepatu,CULTURE (Parang/ Parang/ パラン) // FLORA (Sulur Kembang Sepatu/ Hibiscus Tendrils/ ハイビスカスのつる),"Hijau/ Green/ 緑, Hitam/ Black/ 黒い",Tulis,Prima Juantiu,Sintetis (Remasol),Non Geometris,Suasana yang bersahaja menciptakan ketentraman./A simple atmosphere brings peace of mind./ 素朴な雰囲気は安らぎを生み出します。,"Parang Sulur Kembang Sepatu merupakan mahakarya kelas Batik Lamongan dengan tata letak non geometris. Warna yang digunakan adalah hijau dan hitam, membentuk motif utama parang dan sulur kembang sepatu. Dibuat dengan teknik tulis menggunakan pewarna sintetis (remasol) pada kain Prima Juantiu. Secara filosofis, Suasana yang bersahaja menciptakan ketentraman./A simple atmosphere brings peace of mind./ 素朴な雰囲気は安らぎを生み出します。","The batik fabric features the Lamongan motif, characterized by green, black motifs. The dominant motifs include parang and hibiscus tendrils. The motifs are arranged in a non-geometric pattern across the fabric, creating a harmonious and balanced composition.",/mnt/extended-home/dzakaaufa/dataset/all_images_captioning/Mulifah Data 1 Parang Sulur Kembang Sepatu.jpg
Mulifah Data 2 Relief Gapura Sendang Dhuwur,Lamongan,Relief Gapuro Sendang Duwur,CULTURE (Gapuro Sendang Duwur/ Gapuro Sendang Duwur/ ガプロ・スンダン・ドゥウル ),"Cokelat Kehijauan/ Greenish Brown / オリーブブラウン,
Krem/ Cream/　ベージュ",Tulis,Primisima,Alam (Daun Mangga dan Buah Jolawe),Non Geometris,Suasana makam Sendang Duwur /The atmosphere around Sendang Duwur tomb./ センダン・ドゥウル墓地の雰囲気,"Relief Gapuro Sendang Duwur merupakan mahakarya kelas Batik Lamongan dengan tata letak non geometris. Warna yang digunakan adalah cokelat kehijauan dan krem, membentuk motif utama gapuro sendang duwur. Dibuat dengan teknik tulis menggunakan pewarna alam (daun mangga dan buah jolawe) pada kain Primisima. Secara filosofis, Suasana makam Sendang Duwur /The atmosphere around Sendang Duwur tomb./ センダン・ドゥウル墓地の雰囲気","The batik fabric features the Lamongan motif, characterized by greenish brown, cream motifs. The dominant motifs include gapuro sendang duwur. The motifs are arranged in a non-geometric pattern across the fabric, creating a harmonious and balanced composition.",/mnt/extended-home/dzakaaufa/dataset/all_images_captioning/Mulifah Data 2 Relief Gapura Sendang Dhuwur.jpg
Mulifah Data 3 Putihan Pagi Sore (Burung-Kipas) ,Lamongan,Putihan Pagi Sore (Burung dan Kipas),FAUNA (Burung/ Bird/ 鳥) // CULTURE (Kipas/ Folding Fan/ 手持ち扇 ),"Hitam/ Black/ 黒い,
Merah/ Red/ 赤い,
Putih/ White/ 白い",Tulis,Primisima,Sintetis (Naptol),Non Geometris,"Siklus kehidupan yang disimbolisasikan dengan dualitas siang dan malam, terang dan gelap./ The cycle of life symbolized by the duality of day and night, light and darkness/ 昼と夜、光と闇の二元性で象徴される生命の循環。","Putihan Pagi Sore (Burung dan Kipas) merupakan mahakarya kelas Batik Lamongan dengan tata letak non geometris. Warna yang digunakan adalah hitam dan merah dan putih, membentuk motif utama burung dan kipas. Dibuat dengan teknik tulis menggunakan pewarna sintetis (naptol) pada kain Primisima. Secara filosofis, Siklus kehidupan yang disimbolisasikan dengan dualitas siang dan malam, terang dan gelap./ The cycle of life symbolized by the duality of day and night, light and darkness/ 昼と夜、光と闇の二元性で象徴される生命の循環。","The batik fabric features the Lamongan motif, characterized by black, red, white motifs. The dominant motifs include bird and folding fan. The motifs are arranged in a non-geometric pattern across the fabric, creating a harmonious and balanced composition.",/mnt/extended-home/dzakaaufa/dataset/all_images_captioning/Mulifah Data 3 Putihan Pagi Sore (Burung-Kipas).jpg
Mulifah Data 4 Kawung Singo Mengkok,Lamongan,Kawung Singo Mengkok,CULTURE (Singo Mengkok/ Singo Mengkok/ シンゴ・メンコック),"Hitam/ Black/ 黒い,
Merah Hati / Maroon / エンジ色",Tulis,Prima Juantiu,Sintetis (Naptol),Non Geometris,"Sikap keberanian yang dilandasi nilai kemurnian, kesucian, dan kesempurnaan./ A courageous attitude based on the values of purity, holiness, and perfection./ 純粋さ、清らかさ、そして完全さの価値に支えられた勇気の姿勢。","Kawung Singo Mengkok merupakan mahakarya kelas Batik Lamongan dengan tata letak non geometris. Warna yang digunakan adalah hitam dan merah hati, membentuk motif utama singo mengkok. Dibuat dengan teknik tulis menggunakan pewarna sintetis (naptol) pada kain Prima Juantiu. Secara filosofis, Sikap keberanian yang dilandasi nilai kemurnian, kesucian, dan kesempurnaan./ A courageous attitude based on the values of purity, holiness, and perfection./ 純粋さ、清らかさ、そして完全さの価値に支えられた勇気の姿勢。","The batik fabric features the Lamongan motif, characterized by black, maroon motifs. The dominant motifs include singo mengkok. The motifs are arranged in a non-geometric pattern across the fabric, creating a harmonious and balanced composition.",/mnt/extended-home/dzakaaufa/dataset/all_images_captioning/Mulifah Data 4 Kawung Singo Mengkok.jpg
Mulifah Data 5 Sekar Jagad Sendang,Lamongan,Sekar Jagad Sendang,FLORA (Sekar Jagad/ Sekar Jagad / セカール・ジャガッド) // CULTURE (Sendang/ Sendang/ )センダン）,"Hijau/ Green/ 緑,
Hitam/ Black/ 黒い",Tulis,Primisima,Sintetis (Remasol),Non Geometris,Nilai-nilai kearifan lokal yang berusaha dilestarikan./ Values of local wisdom that are being maintained./ 地域の知恵を守り続けようとする価値。,"Sekar Jagad Sendang merupakan mahakarya kelas Batik Lamongan dengan tata letak non geometris. Warna yang digunakan adalah hijau dan hitam, membentuk motif utama sekar jagad dan sendang. Dibuat dengan teknik tulis menggunakan pewarna sintetis (remasol) pada kain Primisima. Secara filosofis, Nilai-nilai kearifan lokal yang berusaha dilestarikan./ Values of local wisdom that are being maintained./ 地域の知恵を守り続けようとする価値。","The batik fabric features the Lamongan motif, characterized by green, black motifs. The dominant motifs include sekar jagad and sendang. The motifs are arranged in a non-geometric pattern across the fabric, creating a harmonious and balanced composition.",/mnt/extended-home/dzakaaufa/dataset/all_images_captioning/Mulifah Data 5 Sekar Jagad Sendang.jpg
Mulifah Data 6 Liris Bandeng Lele,Lamongan,Liris Bandeng Lele,FAUNA (Bandeng Lele/ Milkfish and Catfish / ミルクフィッシュとナマズ),"Hitam/ Black/ 黒い,
Oren/ Orange/ オレンジ,
Cokelat/ Brown/ 茶色",Tulis,Prima Juantiu,Sintetis (Naptol),Geometris,Semangat untuk selalu bertumbuh secara berkelanjutan sebagai pandangan dan filosofi kehidupan./ The spirit to continuously grow sustainably as a perspective and philosophy of life./ 持続的に成長し続ける精神を人生の見方と哲学とする。,"Liris Bandeng Lele merupakan mahakarya kelas Batik Lamongan dengan tata letak geometris. Warna yang digunakan adalah hitam dan oren dan cokelat, membentuk motif utama bandeng lele. Dibuat dengan teknik tulis menggunakan pewarna sintetis (naptol) pada kain Prima Juantiu. Secara filosofis, Semangat untuk selalu bertumbuh secara berkelanjutan sebagai pandangan dan filosofi kehidupan./ The spirit to continuously grow sustainably as a perspective and philosophy of life./ 持続的に成長し続ける精神を人生の見方と哲学とする。","The batik fabric features the Lamongan motif, characterized by black, orange, brown motifs. The dominant motifs include milkfish and catfish. The motifs are arranged in a geometric pattern across the fabric, creating a harmonious and balanced composition.",/mnt/extended-home/dzakaaufa/dataset/all_images_captioning/Mulifah Data 6 Liris Bandeng Lele.jpg
Mulifah Data 7 Pring Sedapur (Serumpun) ,Lamongan,Pring sedapur (Serumpun),FLORA (Pring/ Bamboo/竹) ,"Hitam/ Black/ 黒い,
Cokelat/ Brown/ 茶色",Tulis,Juantiu,Sintetis (Remasol),Non Geometris,"Sikap kesalingan antar elemen di suatu lingkungan, saling mendukung, selaras, dan memadu./ The attitude of mutuality among elements in an environment—supporting one another, harmonious, and united./ ある環境の要素同士の相互性の姿勢――互いに支え合い、調和し、溶け合う。","Pring sedapur (Serumpun) merupakan mahakarya kelas Batik Lamongan dengan tata letak non geometris. Warna yang digunakan adalah hitam dan cokelat, membentuk motif utama pring. Dibuat dengan teknik tulis menggunakan pewarna sintetis (remasol) pada kain Juantiu. Secara filosofis, Sikap kesalingan antar elemen di suatu lingkungan, saling mendukung, selaras, dan memadu./ The attitude of mutuality among elements in an environment—supporting one another, harmonious, and united./ ある環境の要素同士の相互性の姿勢――互いに支え合い、調和し、溶け合う。","The batik fabric features the Lamongan motif, characterized by black, brown motifs. The dominant motifs include bamboo. The motifs are arranged in a non-geometric pattern across the fabric, creating a harmonious and balanced composition.",/mnt/extended-home/dzakaaufa/dataset/all_images_captioning/Mulifah Data 7 Pring Sedapur (Serumpun).jpg
Mulifah Data 8 Modang Gendagan (Api x Membara),Lamongan,Modang Gendangan (Api yang Membara),FLORA (Modang/ Modang/ モダン) // CULTURE (Gendangan/ Gendangan/ ゲンダンガン ),"Merah Hati / Maroon / エンジ色,
Putih/ White/ 白い,
Hitam/ Black/ 黒い",Tulis,Juantiu,Sintetis (Naptol),Non Geometris,"Simbol Kemakmuran, kesuburan, dan perlindungan yang dijaga tetap menyala./ A symbol of prosperity, fertility, and protection that is kept alight./ 繁栄、豊穣、そして守護の象徴が絶えず灯され続けている。","Modang Gendangan (Api yang Membara) merupakan mahakarya kelas Batik Lamongan dengan tata letak non geometris. Warna yang digunakan adalah merah hati dan putih dan hitam, membentuk motif utama modang dan gendangan. Dibuat dengan teknik tulis menggunakan pewarna sintetis (naptol) pada kain Juantiu. Secara filosofis, Simbol Kemakmuran, kesuburan, dan perlindungan yang dijaga tetap menyala./ A symbol of prosperity, fertility, and protection that is kept alight./ 繁栄、豊穣、そして守護の象徴が絶えず灯され続けている。","The batik fabric features the Lamongan motif, characterized by maroon, white, black motifs. The dominant motifs include modang and gendangan. The motifs are arranged in a non-geometric pattern across the fabric, creating a harmonious and balanced composition.",/mnt/extended-home/dzakaaufa/dataset/all_images_captioning/Mulifah Data 8 Modang Gendagan (Api x Membara).jpg
Mulifah Data 9 Biota Laut ,Lamongan,Biota Laut,FAUNA (Biota Laut/ Sea Life/ 海の生物),"Hitam/ Black/ 黒い,
Oren/ Orange/ オレンジ,
Cokelat/ Brown/ 茶色",Tulis,Lampion,Sintetis (Naptol),Non Geometris,"Hendaknya kelestarian lingkungan tidak hanya memikirkan yang di darat, tetapi juga yang di laut./ Environmental conservation should not only consider what is on land, but also what is in the sea./ 環境を守るときは、陸だけでなく海のことも考えなければならない。","Biota Laut merupakan mahakarya kelas Batik Lamongan dengan tata letak non geometris. Warna yang digunakan adalah hitam dan oren dan cokelat, membentuk motif utama biota laut. Dibuat dengan teknik tulis menggunakan pewarna sintetis (naptol) pada kain Lampion. Secara filosofis, Hendaknya kelestarian lingkungan tidak hanya memikirkan yang di darat, tetapi juga yang di laut./ Environmental conservation should not only consider what is on land, but also what is in the sea./ 環境を守るときは、陸だけでなく海のことも考えなければならない。","The batik fabric features the Lamongan motif, characterized by black, orange, brown motifs. The dominant motifs include sea life. The motifs are arranged in a non-geometric pattern across the fabric, creating a harmonious and balanced composition.",/mnt/extended-home/dzakaaufa/dataset/all_images_captioning/Mulifah Data 9 Biota Laut.jpg
Mulifah Data 10 Singo Mengkok ,Lamongan,Singo Mengkok,CULTURE (Singo Mengkok/ Singo Mengkok/ シンゴ・メンコック),"Merah/ Red/ 赤い,
Hitam/ Black/ 黒い",Tulis,Juantiu,Sintetis (Naptol),Non Geometris,"Bagaimana kearifan menggunakan kekuatan itu, kapan baiknya ditunjukkan atau dikontestasikan dan ada saatnya untuk disembunyikan. Disimbolkan melalui motif singa duduk (mengkok)./ The wisdom lies in knowing how to use that power—when it should be displayed, when it should be contested, and when it should be hidden. This is symbolized through the motif of the seated lion (Mengkok)./ その力をどう使うか――示すべき時、争うべき時、そして隠すべき時。その知恵が、座る獅子（メンコック）の文様によって象徴されています。","Singo Mengkok merupakan mahakarya kelas Batik Lamongan dengan tata letak non geometris. Warna yang digunakan adalah merah dan hitam, membentuk motif utama singo mengkok. Dibuat dengan teknik tulis menggunakan pewarna sintetis (naptol) pada kain Juantiu. Secara filosofis, Bagaimana kearifan menggunakan kekuatan itu, kapan baiknya ditunjukkan atau dikontestasikan dan ada saatnya untuk disembunyikan. Disimbolkan melalui motif singa duduk (mengkok)./ The wisdom lies in knowing how to use that power—when it should be displayed, when it should be contested, and when it should be hidden. This is symbolized through the motif of the seated lion (Mengkok)./ その力をどう使うか――示すべき時、争うべき時、そして隠すべき時。その知恵が、座る獅子（メンコック）の文様によって象徴されています。","The batik fabric features the Lamongan motif, characterized by red, black motifs. The dominant motifs include singo mengkok. The motifs are arranged in a non-geometric pattern across the fabric, creating a harmonious and balanced composition.",/mnt/extended-home/dzakaaufa/dataset/all_images_captioning/Mulifah Data 10 Singo Mengkok.jpg
Mulifah Data 11 Selempang Bandeng Lele,Lamongan,Selempang Bandeng Lele,FAUNA (Bandeng Lele/ Milkfish and Catfish / ミルクフィッシュとナマズ),"Merah/ Red/ 赤い,
Hitam/ Black/ 黒い,
Putih/ White/ 白い",Tulis,Juantiu,Sintetis (Naptol),Non Geometris,Tentang tantangan hidup yang selalu hadir silih berganti/ About the challenges of life that constantly come and go/ 絶え間なく訪れる人生の試練について,"Selempang Bandeng Lele merupakan mahakarya kelas Batik Lamongan dengan tata letak non geometris. Warna yang digunakan adalah merah dan hitam dan putih, membentuk motif utama bandeng lele. Dibuat dengan teknik tulis menggunakan pewarna sintetis (naptol) pada kain Juantiu. Secara filosofis, Tentang tantangan hidup yang selalu hadir silih berganti/ About the challenges of life that constantly come and go/ 絶え間なく訪れる人生の試練について","The batik fabric features the Lamongan motif, characterized by red, black, white motifs. The dominant motifs include milkfish and catfish. The motifs are arranged in a non-geometric pattern across the fabric, creating a harmonious and balanced composition.",/mnt/extended-home/dzakaaufa/dataset/all_images_captioning/Mulifah Data 11 Selempang Bandeng Lele.jpg
Mulifah Data 12 Putihan Merak,Lamongan,Putihan Merak,FAUNA (Merak/ Peacock/ 孔雀),"Merah/ Red/ 赤い,
Hitam/ Black/ 黒い,
Putih/ White/ 白い",Tulis,Juantiu,Sintetis (Naptol),Non Geometris,"Masyarakat yang mempunyai value, kharismatik, pesona yang didasari nilai kemurnian./ A community with values, charisma, and charm based on purity./ 価値観を持ち、カリスマ性と純粋さに根ざした魅力を備えた社会。","Putihan Merak merupakan mahakarya kelas Batik Lamongan dengan tata letak non geometris. Warna yang digunakan adalah merah dan hitam dan putih, membentuk motif utama merak. Dibuat dengan teknik tulis menggunakan pewarna sintetis (naptol) pada kain Juantiu. Secara filosofis, Masyarakat yang mempunyai value, kharismatik, pesona yang didasari nilai kemurnian./ A community with values, charisma, and charm based on purity./ 価値観を持ち、カリスマ性と純粋さに根ざした魅力を備えた社会。","The batik fabric features the Lamongan motif, characterized by red, black, white motifs. The dominant motifs include peacock. The motifs are arranged in a non-geometric pattern across the fabric, creating a harmonious and balanced composition.",/mnt/extended-home/dzakaaufa/dataset/all_images_captioning/Mulifah Data 12 Putihan Merak.jpg
Mulifah Data 13 Burung Prenjak Melati,Lamongan,Burung Prenjak Melati,FLORA (Melati/ Jasmine/ ジャスミン) // FAUNA (Burung Prenjak/ Tailorbird/ ウシロトリ),"Merah/ Red/ 赤い, Biru/ Blue/ 青い, Putih/ White/ 白い",Tulis,Primisima,Alam (Akar Mengkudu)・自然（八重山青木の根・,Non Geometris,Tentang doa atau hajat memanggil keberuntungan/ About prayers or wishes to bring good fortune/ 祈りや願いが幸運を呼び寄せることについて,"Burung Prenjak Melati merupakan mahakarya kelas Batik Lamongan dengan tata letak non geometris. Warna yang digunakan adalah merah dan biru dan putih, membentuk motif utama melati dan burung prenjak. Dibuat dengan teknik tulis menggunakan pewarna alam (akar mengkudu)・自然（八重山青木の根・ pada kain Primisima. Secara filosofis, Tentang doa atau hajat memanggil keberuntungan/ About prayers or wishes to bring good fortune/ 祈りや願いが幸運を呼び寄せることについて","The batik fabric features the Lamongan motif, characterized by red, blue, white motifs. The dominant motifs include jasmine and tailorbird. The motifs are arranged in a non-geometric pattern across the fabric, creating a harmonious and balanced composition.",/mnt/extended-home/dzakaaufa/dataset/all_images_captioning/Mulifah Data 13 Burung Prenjak Melati.jpg
FC Data 1 Kupu Mlaten,Lamongan,Kupu Mlaten,FAUNA (Kupu/ Butterfly/ 蝶）// FLORA (Mlaten/ Jasmine/ ジャスミン),"Oren/ Orange/ オレンジ,
Merah/ Red/ 赤い,
Hitam/ Black/ 黒い
Putih/ White/ 白い",Tulis,Juantiu,Sintetis (Naptol),Non Geometris,"Doa yang sudah dikabulkan oleh Tuhan,","Kupu Mlaten merupakan mahakarya kelas Batik Lamongan dengan tata letak non geometris. Warna yang digunakan adalah oren dan merah dan hitam, membentuk motif utama kupu dan mlaten. Dibuat dengan teknik tulis menggunakan pewarna sintetis (naptol) pada kain Juantiu. Secara filosofis, Doa yang sudah dikabulkan oleh Tuhan,","The batik fabric features the Lamongan motif, characterized by orange, red, black motifs. The dominant motifs include butterfly and jasmine. The motifs are arranged in a non-geometric pattern across the fabric, creating a harmonious and balanced composition.",/mnt/extended-home/dzakaaufa/dataset/all_images_captioning/FC Data 1 Kupu Mlaten.jpg
FC Data 2 Bandeng Lele Krisan KLecubung,Lamongan,Bandeng Lele Krisan Kecubung,FAUNA (Bandeng Lele/ Milkfish and Catfish/ ミルクフィッシュとナマズ) // FLORA (Krisan Kecubung/ Chrysanthemum and Datura/ キルとケチュブン）,"Hitam/ Black/ 黒い,
Merah/ Red/ 赤い",Tulis,Juantiu,Sintetis (Remasol),Non Geometris,Keseimbangan flora dan fauna menjadi gaya hidup sehat secara jasmani dan rohani.,"Bandeng Lele Krisan Kecubung merupakan mahakarya kelas Batik Lamongan dengan tata letak non geometris. Warna yang digunakan adalah hitam dan merah, membentuk motif utama bandeng lele dan krisan kecubung. Dibuat dengan teknik tulis menggunakan pewarna sintetis (remasol) pada kain Juantiu. Secara filosofis, Keseimbangan flora dan fauna menjadi gaya hidup sehat secara jasmani dan rohani.","The batik fabric features the Lamongan motif, characterized by black, red motifs. The dominant motifs include milkfish and catfish and chrysanthemum and datura. The motifs are arranged in a non-geometric pattern across the fabric, creating a harmonious and balanced composition.",/mnt/extended-home/dzakaaufa/dataset/all_images_captioning/FC Data 2 Bandeng Lele Krisan KLecubung.jpg
FC Data 3 Bandeng Lele Kawung Mlaten,Lamongan,Bandeng Lele Kawung Mlaten,FAUNA (Bandeng Lele/ Milkfish and Catfish/ ミルクフィッシュとナマズ) // FLORA (Kawung Mlaten/ Palm Seed and Jasmine/ ジャスミン）,"Cokelat/ Brown/ 茶色,
Merah/ Red/ 赤い,
Hitam/ Black/ 黒い,
Putih/ White/ 白い",Tulis,Lampion,Sintetis (Naptol),Non Geometris,Tentang kehidupan dihiasi dengan nilai-nilai luhur sebagai pandangan hidup.,"Bandeng Lele Kawung Mlaten merupakan mahakarya kelas Batik Lamongan dengan tata letak non geometris. Warna yang digunakan adalah cokelat dan merah dan hitam dan putih, membentuk motif utama bandeng lele dan kawung mlaten. Dibuat dengan teknik tulis menggunakan pewarna sintetis (naptol) pada kain Lampion. Secara filosofis, Tentang kehidupan dihiasi dengan nilai-nilai luhur sebagai pandangan hidup.","The batik fabric features the Lamongan motif, characterized by brown, red, black, white motifs. The dominant motifs include milkfish and catfish and palm seed and jasmine. The motifs are arranged in a non-geometric pattern across the fabric, creating a harmonious and balanced composition.",/mnt/extended-home/dzakaaufa/dataset/all_images_captioning/FC Data 3 Bandeng Lele Kawung Mlaten.jpg
FC Data 4 Selempang Gunungan,Lamongan,Slempang Gunungan,FLORA (Sulur/ Tendrils/ つる) // GEOGRAPHY (Batu Kapur/ Limestone/ 石灰岩) ,"Oren/ Orange/ オレンジ,
Merah/ Red/ 赤い,
Hitam/ Black/ 黒い,
Putih/ White/ 白い",Tulis,Juantiu,Sintetis (Naptol),Non Geometris,Terinspirasi dari sumber daya Sendang Duwur tentang hamparan sulur tetumbuhan di atas bebatuan / batu kapur.,"Slempang Gunungan merupakan mahakarya kelas Batik Lamongan dengan tata letak non geometris. Warna yang digunakan adalah oren dan merah dan hitam dan putih, membentuk motif utama sulur dan batu kapur. Dibuat dengan teknik tulis menggunakan pewarna sintetis (naptol) pada kain Juantiu. Secara filosofis, Terinspirasi dari sumber daya Sendang Duwur tentang hamparan sulur tetumbuhan di atas bebatuan / batu kapur.","The batik fabric features the Lamongan motif, characterized by orange, red, black, white motifs. The dominant motifs include tendrils and limestone. The motifs are arranged in a non-geometric pattern across the fabric, creating a harmonious and balanced composition.",/mnt/extended-home/dzakaaufa/dataset/all_images_captioning/FC Data 4 Selempang Gunungan.jpg
FC Data 5 Sulur Sukun,Lamongan,Sulur Sukun,FLORA (Sulur Sukun/ Breadfruit Tendrils/ パンノキのつる),"Putih/ White/ 白い,
Merah/ Red/ 赤い,
Hitam/ Black/ 黒い",Tulis,Juantiu,Sintetis (Naptol),Non Geometris,"Upaya memulai proses, merawatnya sampai membuahkan hasil. Bentuk dedikasi tinggi berkehidupan.","Sulur Sukun merupakan mahakarya kelas Batik Lamongan dengan tata letak non geometris. Warna yang digunakan adalah putih dan merah dan hitam, membentuk motif utama sulur sukun. Dibuat dengan teknik tulis menggunakan pewarna sintetis (naptol) pada kain Juantiu. Secara filosofis, Upaya memulai proses, merawatnya sampai membuahkan hasil. Bentuk dedikasi tinggi berkehidupan.","The batik fabric features the Lamongan motif, characterized by white, red, black motifs. The dominant motifs include breadfruit tendrils. The motifs are arranged in a non-geometric pattern across the fabric, creating a harmonious and balanced composition.",/mnt/extended-home/dzakaaufa/dataset/all_images_captioning/FC Data 5 Sulur Sukun.jpg
FC Data 6 Garudo Parang Melingkar,Lamongan,Garudo Parang Melingkar,FAUNA (Garudo/ Garuda/ ガルーダ) // CULTURE (Parang Melingkar/ Parang Melingkar/ パラングメリンカル),"Merah/ Red/ 赤い,
Hitam/ Black/ 黒い,
Cokelat/ Brown/ 茶色
Putih/ White/ 白い",Tulis,Juantiu,Sintetis (Naptol),Non Geometris,Kisah perjuangan Garudea membebaskan ibunya dari perbudakan dengan begitu gigihnya.,"Garudo Parang Melingkar merupakan mahakarya kelas Batik Lamongan dengan tata letak non geometris. Warna yang digunakan adalah merah dan hitam dan cokelat, membentuk motif utama garudo dan parang melingkar. Dibuat dengan teknik tulis menggunakan pewarna sintetis (naptol) pada kain Juantiu. Secara filosofis, Kisah perjuangan Garudea membebaskan ibunya dari perbudakan dengan begitu gigihnya.","The batik fabric features the Lamongan motif, characterized by red, black, brown motifs. The dominant motifs include garuda and parang melingkar. The motifs are arranged in a non-geometric pattern across the fabric, creating a harmonious and balanced composition.",/mnt/extended-home/dzakaaufa/dataset/all_images_captioning/FC Data 6 Garudo Parang Melingkar.jpg
Afiq Jaya_35241420061001_Bandeng Lele Gapuro Lamongan_2025_FAUNA_CULTURE,Lamongan,Bandeng Lele Gapuro Lamongan,FAUNA (Bandeng Lele/ Milkfish and Catfish / ミルクフィッシュとナマズ) // CULTURE (Gapuro Lamongan/ Gapuro Lamongan),"Hitam/ Black/ 黒い, Cokelat/ Brown/ 茶色
",Tulis,Katun Lampion,Sintetis ( ),Non Geometris,"Menggabungkan ikon ikan bandeng dan lele, yang merupakan simbol kekayaan alam Lamongan, dengan elemen gapuro (gerbang) yang melambangkan pintu masuk menuju kehidupan yang penuh harapan dan kemuliaan.","Bandeng Lele Gapuro Lamongan merupakan mahakarya kelas Batik Lamongan dengan tata letak non geometris. Warna yang digunakan adalah hitam dan cokelat, membentuk motif utama bandeng lele dan gapuro lamongan. Dibuat dengan teknik tulis menggunakan pewarna sintetis ( ) pada kain Katun Lampion. Secara filosofis, Menggabungkan ikon ikan bandeng dan lele, yang merupakan simbol kekayaan alam Lamongan, dengan elemen gapuro (gerbang) yang melambangkan pintu masuk menuju kehidupan yang penuh harapan dan kemuliaan.","The batik fabric features the Lamongan motif, characterized by black, brown motifs. The dominant motifs include milkfish and catfish and gapuro lamongan. The motifs are arranged in a non-geometric pattern across the fabric, creating a harmonious and balanced composition.",/mnt/extended-home/dzakaaufa/dataset/all_images_captioning/Afiq Jaya_35241420061001_Bandeng Lele Gapuro Lamongan_2025_FAUNA_CULTURE.jpg
Afiq Jaya_35241420061002_Gapuro Teratai_2025_FLORA_FAUNA,Lamongan,Gapuro Teratai,FLORA (Teratai/ Lotus/ 蓮) // CULTURE (Gapuro/ Gapuro/ ガプロ),"Biru Kobalt/ Cobalt Blue, Abu-abu/ Grey",Tulis,Katun Primisima,Sintetis (Remasol),Non Geometris,Motif gapuro (gerbang) yang dipadukan dengan bunga teratai melambangkan ketahanan karena mampu tumbuh indah di atas air keruh. Menyimbolkan kemampuan untuk tetap kuat di tengah tantangan hidup dan transisi menuju kehidupan yang lebih baik dan penuh makna.,"Gapuro Teratai merupakan mahakarya kelas Batik Lamongan dengan tata letak non geometris. Warna yang digunakan adalah biru kobalt dan abu-abu, membentuk motif utama teratai dan gapuro. Dibuat dengan teknik tulis menggunakan pewarna sintetis (remasol) pada kain Katun Primisima. Secara filosofis, Motif gapuro (gerbang) yang dipadukan dengan bunga teratai melambangkan ketahanan karena mampu tumbuh indah di atas air keruh. Menyimbolkan kemampuan untuk tetap kuat di tengah tantangan hidup dan transisi menuju kehidupan yang lebih baik dan penuh makna.","The batik fabric features the Lamongan motif, characterized by cobalt blue, grey motifs. The dominant motifs include lotus and gapuro. The motifs are arranged in a non-geometric pattern across the fabric, creating a harmonious and balanced composition.",/mnt/extended-home/dzakaaufa/dataset/all_images_captioning/Afiq Jaya_35241420061002_Gapuro Teratai_2025_FLORA_FAUNA.jpg
Afiq Jaya_35241420061003_Gapuro Parang_2024_CULTURE,Lamongan,Gapuro Parang,CULTURE (Gapuro dan Parang/ Gapuro and Parang/ がプロとパラン),"Hitam/ Black/ 黒い, Biru/ Blue/ 青い",Tulis,Katun Primisima,Sintetis (Remasol),Non Geometris,Gapuro dengan motif parang melambangkan kekuatan dan keberanian. Parang adalah motif tradisional yang melambangkan semangat juang dan keteguhan. Motif ini menjelaskan tentang pentingnya keberanian dan keteguhan hati dalam menghadapi tantangan.,"Gapuro Parang merupakan mahakarya kelas Batik Lamongan dengan tata letak non geometris. Warna yang digunakan adalah hitam dan biru, membentuk motif utama gapuro dan parang. Dibuat dengan teknik tulis menggunakan pewarna sintetis (remasol) pada kain Katun Primisima. Secara filosofis, Gapuro dengan motif parang melambangkan kekuatan dan keberanian. Parang adalah motif tradisional yang melambangkan semangat juang dan keteguhan. Motif ini menjelaskan tentang pentingnya keberanian dan keteguhan hati dalam menghadapi tantangan.","The batik fabric features the Lamongan motif, characterized by black, blue motifs. The dominant motifs include gapuro and parang. The motifs are arranged in a non-geometric pattern across the fabric, creating a harmonious and balanced composition.",/mnt/extended-home/dzakaaufa/dataset/all_images_captioning/Afiq Jaya_35241420061003_Gapuro Parang_2024_CULTURE.jpg
Afiq Jaya_35241420061004_Irfan Hakim_2025_FLORA,Lamongan,Irfan Hakim,FLORA (Bunga Ashoka/ Ashoka Flower/ アショカの花 ,"Cokelat/ Brown/ 茶色, Merah/ Red/ 赤い",Tulis,Lampion,Sintetis (Remasol),Non Geometris,Terinspirasi dari batik yang dipakai oleh salah satu public figure Irfan Hakim.,"Irfan Hakim merupakan mahakarya kelas Batik Lamongan dengan tata letak non geometris. Warna yang digunakan adalah cokelat dan merah, membentuk motif utama bunga ashoka. Dibuat dengan teknik tulis menggunakan pewarna sintetis (remasol) pada kain Lampion. Secara filosofis, Terinspirasi dari batik yang dipakai oleh salah satu public figure Irfan Hakim.","The batik fabric features the Lamongan motif, characterized by brown, red motifs. The dominant motifs include ashoka flower. The motifs are arranged in a non-geometric pattern across the fabric, creating a harmonious and balanced composition.",/mnt/extended-home/dzakaaufa/dataset/all_images_captioning/Afiq Jaya_35241420061004_Irfan Hakim_2025_FLORA.jpg
Afiq Jaya_35241420061005_ Anggrek Sulur_2025_FLORA_CULTURE,Lamongan,Anggrek Sulur,FLORA (Anggrek/ Orchid/ 蘭) // CULTURE (Sulur/ Tendrils/ つる),"Biru/ Blue/ 青い, Cokelat Susu/ Light Brown/",Tulis,Primasan Foris,Sintetis (Remasol),Non Geometris,Terinspirasi dari keindahan bunga anggrek dipadukan dengan sulur-sulur tumbuhan.,"Anggrek Sulur merupakan mahakarya kelas Batik Lamongan dengan tata letak non geometris. Warna yang digunakan adalah biru dan cokelat susu, membentuk motif utama anggrek dan sulur. Dibuat dengan teknik tulis menggunakan pewarna sintetis (remasol) pada kain Primasan Foris. Secara filosofis, Terinspirasi dari keindahan bunga anggrek dipadukan dengan sulur-sulur tumbuhan.","The batik fabric features the Lamongan motif, characterized by blue, light brown motifs. The dominant motifs include orchid and tendrils. The motifs are arranged in a non-geometric pattern across the fabric, creating a harmonious and balanced composition.",/mnt/extended-home/dzakaaufa/dataset/all_images_captioning/Afiq Jaya_35241420061005_ Anggrek Sulur_2025_FLORA_CULTURE.jpg
Afiq Jaya_35241420061006_Bandeng Lele Teratai_2024_FAUNA_FLORA,Lamongan,Bandeng Lele Teratai,FAUNA (Bandeng Lele/ Milkfish and Catfish / ミルクフィッシュとナマズ) // FLORA (Teratai/ Lotus/ 蓮),"Hitam/ Black/ 黒い, Oren/ Orange/ オレンジ",Tulis,Prima Juantiu,Sintetis (Remasol),Non Geometris,"Batik ini terinspirasi dari kehidupan perairan di sekitar Sendang Duwur, di mana ikan bandeng dan lele juga menjadi simbol keseimbangan ekosistem air tawar dan payau.. Teratai melambangkan keteguhan, karena mampu tumbuh indah meski di air keruh sekalipun. Hal ini menggambarkan harmoni antara alam dan kehidupan masyarakat pesisir.","Bandeng Lele Teratai merupakan mahakarya kelas Batik Lamongan dengan tata letak non geometris. Warna yang digunakan adalah hitam dan oren, membentuk motif utama bandeng lele dan teratai. Dibuat dengan teknik tulis menggunakan pewarna sintetis (remasol) pada kain Prima Juantiu. Secara filosofis, Batik ini terinspirasi dari kehidupan perairan di sekitar Sendang Duwur, di mana ikan bandeng dan lele juga menjadi simbol keseimbangan ekosistem air tawar dan payau.. Teratai melambangkan keteguhan, karena mampu tumbuh indah meski di air keruh sekalipun. Hal ini menggambarkan harmoni antara alam dan kehidupan masyarakat pesisir.","The batik fabric features the Lamongan motif, characterized by black, orange motifs. The dominant motifs include milkfish and catfish and lotus. The motifs are arranged in a non-geometric pattern across the fabric, creating a harmonious and balanced composition.",/mnt/extended-home/dzakaaufa/dataset/all_images_captioning/Afiq Jaya_35241420061006_Bandeng Lele Teratai_2024_FAUNA_FLORA.jpg
Afiq Jaya_35241420061007_Bandeng Lele Sisik_2025_FAUNA,Lamongan,Bandeng Lele Sisik,FAUNA (Bandeng Lele Sisik/ Milkfish and Catfish's Scale/ ミルクフィッシュとナマズの鱗）,"Merah/ Red/ 赤い, Biru/ Blue/ 青い",Tulis (Pindon),Primisima,Sintetis (Remasol),Non Geometris,"Motif ini mengandung makna tentang pentingnya menjaga diri dari tantangan hidup, seperti sisik yang melindungi ikan dari bahaya. Pembatik menciptakan motif ini sebagai kepekaan terhadap lingkungan pesisir, menggambarkan pengalaman mereka dalam mengamati kehidupan laut.","Bandeng Lele Sisik merupakan mahakarya kelas Batik Lamongan dengan tata letak non geometris. Warna yang digunakan adalah merah dan biru, membentuk motif utama bandeng lele sisik. Dibuat dengan teknik tulis (pindon) menggunakan pewarna sintetis (remasol) pada kain Primisima. Secara filosofis, Motif ini mengandung makna tentang pentingnya menjaga diri dari tantangan hidup, seperti sisik yang melindungi ikan dari bahaya. Pembatik menciptakan motif ini sebagai kepekaan terhadap lingkungan pesisir, menggambarkan pengalaman mereka dalam mengamati kehidupan laut.","The batik fabric features the Lamongan motif, characterized by red, blue motifs. The dominant motifs include milkfish and catfish's scale. The motifs are arranged in a non-geometric pattern across the fabric, creating a harmonious and balanced composition.",/mnt/extended-home/dzakaaufa/dataset/all_images_captioning/Afiq Jaya_35241420061007_Bandeng Lele Sisik_2025_FAUNA.jpg
Afiq Jaya_35241420061008_Singo Mengkok Gagak Siup_2025_CULTURE,Lamongan,Singo Mengkok Gagak Siup,CULTURE (Singo Mengkok Gagak Siup/ Singo Mengkok Gagak Siup/ シンゴ・メンコック・ガガック・シウプ),"Biru/ Blue/ 青い, Cokelat Susu/ Light Brown",Tulis (Pindon),Lampion,Sintetis (Remasol),Non Geometris,"Motif ini terinspirasi dari simbolisme singa (singo) yang melambangkan keberanian dan kekuatan, serta gagak (burung) yang melambangkan kebebasan. ""Mengkok"" merujuk pada sikap kokoh dan teguh, sementara ""siup"" menggambarkan gerakan lincah seperti hembusan angin.","Singo Mengkok Gagak Siup merupakan mahakarya kelas Batik Lamongan dengan tata letak non geometris. Warna yang digunakan adalah biru dan cokelat susu, membentuk motif utama singo mengkok gagak siup. Dibuat dengan teknik tulis (pindon) menggunakan pewarna sintetis (remasol) pada kain Lampion. Secara filosofis, Motif ini terinspirasi dari simbolisme singa (singo) yang melambangkan keberanian dan kekuatan, serta gagak (burung) yang melambangkan kebebasan. ""Mengkok"" merujuk pada sikap kokoh dan teguh, sementara ""siup"" menggambarkan gerakan lincah seperti hembusan angin.","The batik fabric features the Lamongan motif, characterized by blue, light brown motifs. The dominant motifs include singo mengkok gagak siup. The motifs are arranged in a non-geometric pattern across the fabric, creating a harmonious and balanced composition.",/mnt/extended-home/dzakaaufa/dataset/all_images_captioning/Afiq Jaya_35241420061008_Singo Mengkok Gagak Siup_2025_CULTURE.jpg
Afiq Jaya_35241420061009_Gapuro Singo Mengkok_2025_CULTURE,Lamongan,Gapuro Singo Mengkok,CULTURE (Gapuro Singo Mengkok/ Gapuro Singo Mengkok/ ガプロ シンゴ・メンコック),"Biru/ Blue/ 青い, Abu-abu/ Grey/ グレー",Tulis (Pindon),Lampion,Sintetis (Remasol),Non Geometris,"Motif ini menggabungkan elemen gapuro, yang melambangkan pintu masuk menuju kemuliaan. Dengan simbol singo mengkok, yang bermakna singa yang membungkuk, mencerminkan manusia yang kuat adalah manusia yang dapat menundukkan hawa nafsunya.","Gapuro Singo Mengkok merupakan mahakarya kelas Batik Lamongan dengan tata letak non geometris. Warna yang digunakan adalah biru dan abu-abu, membentuk motif utama gapuro singo mengkok. Dibuat dengan teknik tulis (pindon) menggunakan pewarna sintetis (remasol) pada kain Lampion. Secara filosofis, Motif ini menggabungkan elemen gapuro, yang melambangkan pintu masuk menuju kemuliaan. Dengan simbol singo mengkok, yang bermakna singa yang membungkuk, mencerminkan manusia yang kuat adalah manusia yang dapat menundukkan hawa nafsunya.","The batik fabric features the Lamongan motif, characterized by blue, grey motifs. The dominant motifs include gapuro singo mengkok. The motifs are arranged in a non-geometric pattern across the fabric, creating a harmonious and balanced composition.",/mnt/extended-home/dzakaaufa/dataset/all_images_captioning/Afiq Jaya_35241420061009_Gapuro Singo Mengkok_2025_CULTURE.jpg
Afiq Jaya_35241420061010_Bunga Sulur Biji Timun_2025_FLORA-CULTURE,Lamongan,Bunga Sulur Biji Timun,FLORA (Bunga dan Timun/ Flower and Cucumber/ 花ときゅうり) // CULTURE (Sulur/ Tendrils/ つる),"Hitam/ Black/ 黒い, Biru/ Blue/ 青い, Cokelat/ Brown/ 茶色",Tulis (Pindon),Primisima,Sintetis (Remasol),Non Geometris,"Motif ini terinspirasi dari keindahan bunga dan sulur tumbuhan yang tumbuh di lingkungan Sendang Duwur, dipadukan dengan bentuk biji timun.","Bunga Sulur Biji Timun merupakan mahakarya kelas Batik Lamongan dengan tata letak non geometris. Warna yang digunakan adalah hitam dan biru dan cokelat, membentuk motif utama bunga dan timun dan sulur. Dibuat dengan teknik tulis (pindon) menggunakan pewarna sintetis (remasol) pada kain Primisima. Secara filosofis, Motif ini terinspirasi dari keindahan bunga dan sulur tumbuhan yang tumbuh di lingkungan Sendang Duwur, dipadukan dengan bentuk biji timun.","The batik fabric features the Lamongan motif, characterized by black, blue, brown motifs. The dominant motifs include flower and cucumber and tendrils. The motifs are arranged in a non-geometric pattern across the fabric, creating a harmonious and balanced composition.",/mnt/extended-home/dzakaaufa/dataset/all_images_captioning/Afiq Jaya_35241420061010_Bunga Sulur Biji Timun_2025_FLORA-CULTURE.jpg
