image_path,ground_truth_class,predicted_class,classification_confidence,prediction,reference,philosophy_core,used_prompt_mode
/mnt/extended-home/dzakaaufa/dataset/all_images_captioning/wahyu_tumurun19.jpg,wahyu_tumurun,wahyu_tumurun,0.9718989133834839,nan,"In Javanese royal tradition, the Wahyu Tumurun motif represents the descent of divine favour, noble ambition, and spiritual guidance.","divine grace, spiritual guidance, noble aspiration, heavenly blessing",hard
/mnt/extended-home/dzakaaufa/dataset/all_images_captioning/dayak32.jpg,dayak,dayak,0.9895519614219666,"In Dayak culture, the Dayak motif represents bravery, reverence for nature, and the leadership that shelters the community.","In Dayak culture, the Dayak motif represents bravery, reverence for nature, and the leadership that shelters the community.","courage, harmony with nature, protection, ancestral strength",hard
/mnt/extended-home/dzakaaufa/dataset/all_images_captioning/sidomulyo78.jpg,sidomulyo,sidomulyo,0.9849610328674316,"In Javanese Mataram tradition, the Sidomulyo motif represents continuous glory, dignified life, and the mastery of one's inner impulses.","The philosophical meaning of the Sidomulyo motif reflects glory, enduring honour, and the pursuit of a dignified life.","glory, enduring honour, inner mastery, dignified life",hard
/mnt/extended-home/dzakaaufa/dataset/all_images_captioning/sidomukti121.jpg,sidomukti,sidomukti,0.975681483745575,"In Surakarta court tradition, the Sidomukti motif represents prosperity, inner contentment, and the blessing of a flourishing life.","Traditionally, the Sidomukti motif symbolizes enduring happiness, fulfilment, and spiritual wholeness.","enduring happiness, fulfilment, prosperity, spiritual wholeness",hard
/mnt/extended-home/dzakaaufa/dataset/all_images_captioning/wahyu_tumurun106.jpg,wahyu_tumurun,wahyu_tumurun,0.9874042272567749,nan,"In Javanese royal tradition, the Wahyu Tumurun motif represents the descent of divine favour, noble ambition, and spiritual guidance.","divine grace, spiritual guidance, noble aspiration, heavenly blessing",hard
/mnt/extended-home/dzakaaufa/dataset/all_images_captioning/srikaton150.jpg,srikaton,srikaton,0.9565157890319824,"In Javanese tradition, the Srikaton motif represents visible grace, the flourishing of nature, and the strength to overcome adversity.","The philosophical meaning of the Srikaton motif reflects divine radiance, natural abundance, and resilience.","divine radiance, natural abundance, resilience, visible grace",hard
/mnt/extended-home/dzakaaufa/dataset/all_images_captioning/dayak98.jpg,dayak,dayak,0.9641568660736084,"In Dayak culture, the Dayak motif represents bravery, reverence for nature, and the leadership that shelters the community.","The philosophical meaning of the Dayak motif reflects courage, harmony with nature, and the protective strength of ancestral wisdom.","courage, harmony with nature, protection, ancestral strength",hard
/mnt/extended-home/dzakaaufa/dataset/all_images_captioning/parang54.jpg,parang,parang,0.9924890995025635,"In Javanese culture, the Parang motif represents determination, resilience, and steadfast commitment.","The philosophical meaning of the Parang motif reflects inner strength, persistence, and lifelong growth.","perseverance, courage, continuity, relentless self-improvement",hard
/mnt/extended-home/dzakaaufa/dataset/all_images_captioning/jlamprang24.jpg,jlamprang,sekarjagad,0.3486400842666626,"In Javanese culture, the Sekarjagad motif represents the celebration of diversity, universal harmony, and the wish to radiate goodness.","Traditionally, the Jlamprang motif symbolizes cosmic balance, spiritual order, and sacred connection with the divine.","cosmic balance, spiritual order, sacred connection, divine harmony",hard
/mnt/extended-home/dzakaaufa/dataset/all_images_captioning/mega_mendung79.jpg,mega_mendung,mega_mendung,0.980548620223999,nan,"In Cirebonese court culture, the Mega Mendung motif represents composure, inner peace, and the grace of divine protection.","patience, emotional calm, spiritual serenity, divine protection",hard
/mnt/extended-home/dzakaaufa/dataset/all_images_captioning/Data 5 Batik Blimbing ( Treasure of Jago).jpg,Malang,malang,0.9271711707115173,"The Sekartaji mask motif was inspired by the beauty of Sekartaji who was the daughter of the king of Kediri in the 8th century. The elegant mask reflects glory, majesty and balance through harmonious patterns that symbolize harmony between humans and nature.","Representation of the location of Batik Blimbing which is on Jl. Candi Jago which highlights the history and buildings of Candi Jago, as well as choosing the colors blue and black because this batik is intended for men.",,hard
/mnt/extended-home/dzakaaufa/dataset/all_images_captioning/sidomulyo76.jpg,sidomulyo,sidomulyo,0.8551613092422485,"In Javanese Mataram tradition, the Sidomulyo motif represents continuous glory, dignified life, and the mastery of one's inner impulses.","Traditionally, the Sidomulyo motif symbolizes glory, enduring honour, and a life of inner mastery.","glory, enduring honour, inner mastery, dignified life",hard
/mnt/extended-home/dzakaaufa/dataset/all_images_captioning/mega_mendung30.jpg,mega_mendung,mega_mendung,0.9951269626617432,nan,"Traditionally, the Mega Mendung motif symbolizes patience, emotional calm, and spiritual serenity.","patience, emotional calm, spiritual serenity, divine protection",hard
/mnt/extended-home/dzakaaufa/dataset/all_images_captioning/betawi12.jpg,betawi,betawi,0.9909419417381287,"Traditionally, the Betawi motif symbolizes multicultural openness, communal harmony, and joyful cultural identity.","The philosophical meaning of the Betawi motif reflects multicultural openness, communal harmony, and joyful identity.","multicultural openness, communal harmony, joyful identity, cultural pride",hard
/mnt/extended-home/dzakaaufa/dataset/all_images_captioning/bokor_kencono109.jpg,bokor_kencono,bokor_kencono,0.9648889899253845,nan,"In Javanese culture, the Bokor Kencono motif represents noble character, inner wisdom, and commanding dignity.","dignity, wisdom, authority, noble character",hard
/mnt/extended-home/dzakaaufa/dataset/all_images_captioning/sidomulyo44.jpg,sidomulyo,sidomulyo,0.9774129986763,"In Javanese Mataram tradition, the Sidomulyo motif represents continuous glory, dignified life, and the mastery of one's inner impulses.","The philosophical meaning of the Sidomulyo motif reflects glory, enduring honour, and the pursuit of a dignified life.","glory, enduring honour, inner mastery, dignified life",hard
/mnt/extended-home/dzakaaufa/dataset/all_images_captioning/betawi15.jpg,betawi,betawi,0.9936093091964722,"Traditionally, the Betawi motif symbolizes multicultural openness, communal harmony, and joyful cultural identity.","The philosophical meaning of the Betawi motif reflects multicultural openness, communal harmony, and joyful identity.","multicultural openness, communal harmony, joyful identity, cultural pride",hard
/mnt/extended-home/dzakaaufa/dataset/all_images_captioning/sidoluhur28.jpg,sidoluhur,sidoluhur,0.9862523674964905,"In Javanese tradition, the Sidoluhur motif represents the pursuit of virtue, dignified conduct, and the honour of righteous leadership.","In Javanese tradition, the Sidoluhur motif represents the pursuit of virtue, dignified conduct, and the honour of righteous leadership.","noble character, moral elevation, dignity, exemplary conduct",hard
/mnt/extended-home/dzakaaufa/dataset/all_images_captioning/sidomulyo1.jpg,sidomulyo,sidomulyo,0.9756301045417786,"In Javanese Mataram tradition, the Sidomulyo motif represents continuous glory, dignified life, and the mastery of one's inner impulses.","Traditionally, the Sidomulyo motif symbolizes glory, enduring honour, and a life of inner mastery.","glory, enduring honour, inner mastery, dignified life",hard
/mnt/extended-home/dzakaaufa/dataset/all_images_captioning/tuntrum137.jpg,tuntrum,truntum,0.9825726747512817,"In Surakarta court tradition, the Truntum motif represents visible grace, the pursuit of virtue, and the strength to maintain dignified conduct.","Traditionally, the Truntum motif symbolizes sincere love, quiet devotion, and the renewal of affection.","sincere love, devotion, renewal of affection, patience",hard
/mnt/extended-home/dzakaaufa/dataset/all_images_captioning/wahyu_tumurun134.jpg,wahyu_tumurun,wahyu_tumurun,0.9500629305839539,nan,"In Javanese royal tradition, the Wahyu Tumurun motif represents the descent of divine favour, noble ambition, and spiritual guidance.","divine grace, spiritual guidance, noble aspiration, heavenly blessing",hard
/mnt/extended-home/dzakaaufa/dataset/all_images_captioning/Istiqomah Data 3 Pisang Setandon.jpg,Lamongan,lamongan,0.42715272307395935,"The Lamongan motif was inspired by the beauty of orchids which symbolizes elegance, purity and natural harmony. The elegant floral pattern reflects the grace and charm of nature, creating a harmonious atmosphere that brings warmth and cheerfulness.",About the fertility of Natural Resources,,hard
/mnt/extended-home/dzakaaufa/dataset/all_images_captioning/sekarjagad22.jpg,sekarjagad,sekarjagad,0.9988210797309875,"In Javanese culture, the Sekarjagad motif represents the celebration of diversity, universal harmony, and the wish to radiate goodness.","The philosophical meaning of the Sekarjagad motif reflects the beauty of diversity, universal harmony, and radiant coexistence.","beauty of diversity, universal harmony, radiance, coexistence",hard
/mnt/extended-home/dzakaaufa/dataset/all_images_captioning/buketan52.jpg,buketan,buketan,0.9477005004882812,"In Pekalongan culture, the Buketan motif represents feminine elegance, inner purity, and blossoming happiness.","Traditionally, the Buketan motif symbolizes joy, beauty, purity, and feminine grace.","joy, beauty, purity, feminine grace, cheerfulness",hard
/mnt/extended-home/dzakaaufa/dataset/all_images_captioning/bokor_kencono56.jpg,bokor_kencono,bokor_kencono,0.9666732549667358,nan,"In Javanese culture, the Bokor Kencono motif represents noble character, inner wisdom, and commanding dignity.","dignity, wisdom, authority, noble character",hard
/mnt/extended-home/dzakaaufa/dataset/all_images_captioning/wahyu_tumurun148.jpg,wahyu_tumurun,wahyu_tumurun,0.9902909398078918,nan,"The philosophical meaning of the Wahyu Tumurun motif reflects divine grace, spiritual guidance, and noble aspiration.","divine grace, spiritual guidance, noble aspiration, heavenly blessing",hard
/mnt/extended-home/dzakaaufa/dataset/all_images_captioning/jlamprang18.jpg,jlamprang,jlamprang,0.7352347373962402,"In Pekalongan's spiritual tradition, the Jlamprang motif represents divine harmony, sacred order, and the link between humanity and the cosmos.","In Pekalongan's spiritual tradition, the Jlamprang motif represents divine harmony, sacred order, and the link between humanity and the cosmos.","cosmic balance, spiritual order, sacred connection, divine harmony",hard
/mnt/extended-home/dzakaaufa/dataset/all_images_captioning/tribusono29.jpg,tribusono,tribusono,0.8532761931419373,"In Surakarta batik tradition, the Tribusono motif represents the balance of physical, social, and spiritual dimensions of life.","Traditionally, the Tribusono motif symbolizes regeneration, harmony, and the continuity of cultural values.","regeneration, harmony, cultural continuity, ecological awareness",hard
/mnt/extended-home/dzakaaufa/dataset/all_images_captioning/tribusono121.jpg,tribusono,tribusono,0.9611108303070068,"In Surakarta batik tradition, the Tribusono motif represents the balance of physical, social, and spiritual dimensions of life.","The philosophical meaning of the Tribusono motif reflects regeneration, cultural harmony, and ecological awareness.","regeneration, harmony, cultural continuity, ecological awareness",hard
/mnt/extended-home/dzakaaufa/dataset/all_images_captioning/jlamprang111.jpg,jlamprang,jlamprang,0.926979660987854,"In Pekalongan's spiritual tradition, the Jlamprang motif represents divine harmony, sacred order, and the link between humanity and the cosmos.","The philosophical meaning of the Jlamprang motif reflects cosmic balance, spiritual order, and sacred connection with the divine.","cosmic balance, spiritual order, sacred connection, divine harmony",hard
/mnt/extended-home/dzakaaufa/dataset/all_images_captioning/betawi60.jpg,betawi,betawi,0.8960914015769958,"Traditionally, the Betawi motif symbolizes multicultural openness, communal harmony, and joyful cultural identity.","Traditionally, the Betawi motif symbolizes multicultural openness, communal harmony, and joyful cultural identity.","multicultural openness, communal harmony, joyful identity, cultural pride",hard
/mnt/extended-home/dzakaaufa/dataset/all_images_captioning/buketan29.jpg,buketan,buketan,0.9348241686820984,"In Pekalongan culture, the Buketan motif represents feminine elegance, inner purity, and blossoming happiness.","Traditionally, the Buketan motif symbolizes joy, beauty, purity, and feminine grace.","joy, beauty, purity, feminine grace, cheerfulness",hard
/mnt/extended-home/dzakaaufa/dataset/all_images_captioning/jlamprang42.png,jlamprang,jlamprang,0.9045760631561279,"In Pekalongan's spiritual tradition, the Jlamprang motif represents divine harmony, sacred order, and the link between humanity and the cosmos.","The philosophical meaning of the Jlamprang motif reflects cosmic balance, spiritual order, and sacred connection with the divine.","cosmic balance, spiritual order, sacred connection, divine harmony",hard
/mnt/extended-home/dzakaaufa/dataset/all_images_captioning/sekarjagad114.jpg,sekarjagad,sekarjagad,0.9968382120132446,"In Javanese culture, the Sekarjagad motif represents the celebration of diversity, universal harmony, and the wish to radiate goodness.","The philosophical meaning of the Sekarjagad motif reflects the beauty of diversity, universal harmony, and radiant coexistence.","beauty of diversity, universal harmony, radiance, coexistence",hard
/mnt/extended-home/dzakaaufa/dataset/all_images_captioning/tribusono55.jpg,tribusono,tribusono,0.9854097366333008,"In Surakarta batik tradition, the Tribusono motif represents the balance of physical, social, and spiritual dimensions of life.","In Surakarta batik tradition, the Tribusono motif represents the balance of physical, social, and spiritual dimensions of life.","regeneration, harmony, cultural continuity, ecological awareness",hard
/mnt/extended-home/dzakaaufa/dataset/all_images_captioning/tujuh_rupa78.jpg,tujuh_rupa,tujuh_rupa,0.941683292388916,nan,"Traditionally, the Tujuh Rupa motif symbolizes eloquence, adaptability, and peaceful cultural diversity.","eloquence, adaptability, cultural openness, peaceful diversity",hard
/mnt/extended-home/dzakaaufa/dataset/all_images_captioning/singa_barong39.jpg,singa_barong,singa_barong,0.9975981116294861,nan,"Traditionally, the Singa Barong motif symbolizes mythological power, elemental unity, and visionary leadership.","mythological power, elemental unity, visionary leadership, sacred authority",hard
/mnt/extended-home/dzakaaufa/dataset/all_images_captioning/tuntrum63.jpg,tuntrum,truntum,0.9888436794281006,"In Javanese tradition, the Truntum motif represents visible grace, the flourishing of nature, and the strength to overcome adversity.","The philosophical meaning of the Truntum motif reflects sincere love, quiet devotion, and renewal of affection through patience.","sincere love, devotion, renewal of affection, patience",hard
/mnt/extended-home/dzakaaufa/dataset/all_images_captioning/tribusono38.jpg,tribusono,tribusono,0.9717089533805847,"In Surakarta batik tradition, the Tribusono motif represents the balance of physical, social, and spiritual dimensions of life.","Traditionally, the Tribusono motif symbolizes regeneration, harmony, and the continuity of cultural values.","regeneration, harmony, cultural continuity, ecological awareness",hard
/mnt/extended-home/dzakaaufa/dataset/all_images_captioning/kawung20.jpg,kawung,kawung,0.9360098242759705,"In Javanese royal culture, the Kawung motif represents moral integrity, inner balance, and the wisdom of knowing one's origins.","The philosophical meaning of the Kawung motif reflects purity of heart, self-mastery, and moral balance in life.","purity of heart, self-mastery, life cycle, moral balance",hard
/mnt/extended-home/dzakaaufa/dataset/all_images_captioning/tujuh_rupa108.jpg,tujuh_rupa,tujuh_rupa,0.9853696823120117,nan,"The philosophical meaning of the Tujuh Rupa motif reflects eloquence, adaptability, and the richness of peaceful cultural exchange.","eloquence, adaptability, cultural openness, peaceful diversity",hard
/mnt/extended-home/dzakaaufa/dataset/all_images_captioning/sidomukti105.jpg,sidomukti,sidomukti,0.9609390497207642,"In Surakarta court tradition, the Sidomukti motif represents prosperity, inner contentment, and the blessing of a flourishing life.","The philosophical meaning of the Sidomukti motif reflects enduring happiness, fulfilment, prosperity, and spiritual wholeness.","enduring happiness, fulfilment, prosperity, spiritual wholeness",hard
/mnt/extended-home/dzakaaufa/dataset/all_images_captioning/liong69.jpeg,liong,liong,0.9886561632156372,"In Sino-Javanese tradition, the Liong motif represents celestial strength, protection from misfortune, and the blessing of abundance.","In Sino-Javanese tradition, the Liong motif represents celestial strength, protection from misfortune, and the blessing of abundance.","divine power, protection, prosperity, celestial benevolence",hard
/mnt/extended-home/dzakaaufa/dataset/all_images_captioning/Data 2 Batik Krajan (Truntum Garudeya).jpg,Malang,malang,0.9389978647232056,"The Parang Wing Batik was inspired by the beauty of birds that can fly far with one wing spread. This motif symbolizes freedom, hope and courage in every step of life.",Making batik motifs at the request of the Malang Regency Government (the Garudeya/Garuda motif was patented by the Malang Regency Government in 2023 as the leading icon of Malang Regency),,hard
/mnt/extended-home/dzakaaufa/dataset/all_images_captioning/tuntrum126.jpg,tuntrum,truntum,0.9290705919265747,"In Surakarta court tradition, the Truntum motif represents royal harmony, inner balance, and the link between humanity and the divine.","The philosophical meaning of the Truntum motif reflects sincere love, quiet devotion, and renewal of affection through patience.","sincere love, devotion, renewal of affection, patience",hard
/mnt/extended-home/dzakaaufa/dataset/all_images_captioning/tribusono92.jpg,tribusono,tribusono,0.6826299428939819,"Traditionally, the Tribusono motif symbolizes regeneration, harmony, and the continuity of cultural values.","Traditionally, the Tribusono motif symbolizes regeneration, harmony, and the continuity of cultural values.","regeneration, harmony, cultural continuity, ecological awareness",hard
/mnt/extended-home/dzakaaufa/dataset/all_images_captioning/sidoluhur109.jpg,sidoluhur,sidoluhur,0.9898532032966614,"In Javanese tradition, the Sidoluhur motif represents the pursuit of virtue, dignified conduct, and the honour of righteous leadership.","The philosophical meaning of the Sidoluhur motif reflects noble character, moral elevation, and the aspiration for dignified conduct.","noble character, moral elevation, dignity, exemplary conduct",hard
/mnt/extended-home/dzakaaufa/dataset/all_images_captioning/bokor_kencono96.jpg,bokor_kencono,bokor_kencono,0.9497347474098206,nan,"Traditionally, the Bokor Kencono motif symbolizes dignity, wisdom, and enduring authority.","dignity, wisdom, authority, noble character",hard
/mnt/extended-home/dzakaaufa/dataset/all_images_captioning/srikaton108.jpg,srikaton,srikaton,0.9812555909156799,"In Javanese tradition, the Srikaton motif represents visible grace, the flourishing of nature, and the strength to overcome adversity.","Traditionally, the Srikaton motif symbolizes divine radiance, natural abundance, and resilient grace.","divine radiance, natural abundance, resilience, visible grace",hard
/mnt/extended-home/dzakaaufa/dataset/all_images_captioning/sidomulyo55.jpg,sidomulyo,sidomulyo,0.9591727256774902,"In Javanese Mataram tradition, the Sidomulyo motif represents continuous glory, dignified life, and the mastery of one's inner impulses.","Traditionally, the Sidomulyo motif symbolizes glory, enduring honour, and a life of inner mastery.","glory, enduring honour, inner mastery, dignified life",hard
/mnt/extended-home/dzakaaufa/dataset/all_images_captioning/buketan31.jpg,buketan,buketan,0.9513363242149353,"In Pekalongan culture, the Buketan motif represents feminine elegance, inner purity, and blossoming happiness.","Traditionally, the Buketan motif symbolizes joy, beauty, purity, and feminine grace.","joy, beauty, purity, feminine grace, cheerfulness",hard
/mnt/extended-home/dzakaaufa/dataset/all_images_captioning/bokor_kencono118.jpg,bokor_kencono,bokor_kencono,0.9889106750488281,nan,"In Javanese culture, the Bokor Kencono motif represents noble character, inner wisdom, and commanding dignity.","dignity, wisdom, authority, noble character",hard
/mnt/extended-home/dzakaaufa/dataset/all_images_captioning/wirasat117.jpg,wirasat,wirasat,0.9923821091651917,"In Javanese tradition, the Wirasat motif represents the parental blessing for a new household prosperity, dignity, and answered prayers.","The philosophical meaning of the Wirasat motif reflects the fulfilment of wishes, elevated standing, and life's sufficiency.","fulfilment of wishes, elevated standing, sufficiency, parental blessing",hard
/mnt/extended-home/dzakaaufa/dataset/all_images_captioning/parang138.jpg,parang,parang,0.9979262351989746,"In Javanese culture, the Parang motif represents determination, resilience, and steadfast commitment.","In Javanese culture, the Parang motif represents determination, resilience, and steadfast commitment.","perseverance, courage, continuity, relentless self-improvement",hard
/mnt/extended-home/dzakaaufa/dataset/all_images_captioning/buketan100.jpg,buketan,buketan,0.9803667664527893,"In Pekalongan culture, the Buketan motif represents feminine elegance, inner purity, and blossoming happiness.","Traditionally, the Buketan motif symbolizes joy, beauty, purity, and feminine grace.","joy, beauty, purity, feminine grace, cheerfulness",hard
/mnt/extended-home/dzakaaufa/dataset/all_images_captioning/tribusono142.jpg,tribusono,tribusono,0.9864002466201782,"In Surakarta batik tradition, the Tribusono motif represents the balance of physical, social, and spiritual dimensions of life.","Traditionally, the Tribusono motif symbolizes regeneration, harmony, and the continuity of cultural values.","regeneration, harmony, cultural continuity, ecological awareness",hard
/mnt/extended-home/dzakaaufa/dataset/all_images_captioning/buketan36.jpg,buketan,buketan,0.9568232297897339,"In Pekalongan culture, the Buketan motif represents feminine elegance, inner purity, and blossoming happiness.","The philosophical meaning of the Buketan motif reflects joy, natural beauty, purity, and graceful femininity.","joy, beauty, purity, feminine grace, cheerfulness",hard
/mnt/extended-home/dzakaaufa/dataset/all_images_captioning/wirasat125.jpg,wirasat,wirasat,0.9845966696739197,"In Javanese tradition, the Wirasat motif represents the parental blessing for a new household prosperity, dignity, and answered prayers.","Traditionally, the Wirasat motif symbolizes the fulfilment of wholesome wishes, elevated standing, and life's sufficiency.","fulfilment of wishes, elevated standing, sufficiency, parental blessing",hard
/mnt/extended-home/dzakaaufa/dataset/all_images_captioning/sidoluhur113.png,sidoluhur,sidoluhur,0.9947916269302368,"In Javanese tradition, the Sidoluhur motif represents the pursuit of virtue, dignified conduct, and the honour of righteous leadership.","Traditionally, the Sidoluhur motif symbolizes noble character, moral elevation, and dignified exemplary conduct.","noble character, moral elevation, dignity, exemplary conduct",hard
/mnt/extended-home/dzakaaufa/dataset/all_images_captioning/liong45.jpg,liong,liong,0.9857866764068604,"In Sino-Javanese tradition, the Liong motif represents celestial strength, protection from misfortune, and the blessing of abundance.","In Sino-Javanese tradition, the Liong motif represents celestial strength, protection from misfortune, and the blessing of abundance.","divine power, protection, prosperity, celestial benevolence",hard
/mnt/extended-home/dzakaaufa/dataset/all_images_captioning/srikaton148.jpg,srikaton,srikaton,0.9751176834106445,"In Javanese tradition, the Srikaton motif represents visible grace, the flourishing of nature, and the strength to overcome adversity.","The philosophical meaning of the Srikaton motif reflects divine radiance, natural abundance, and resilience.","divine radiance, natural abundance, resilience, visible grace",hard
/mnt/extended-home/dzakaaufa/dataset/all_images_captioning/sekarjagad2.jpg,sekarjagad,sekarjagad,0.9975261092185974,"In Javanese culture, the Sekarjagad motif represents the celebration of diversity, universal harmony, and the wish to radiate goodness.","In Javanese culture, the Sekarjagad motif represents the celebration of diversity, universal harmony, and the wish to radiate goodness.","beauty of diversity, universal harmony, radiance, coexistence",hard
/mnt/extended-home/dzakaaufa/dataset/all_images_captioning/kawung4.jpg,kawung,kawung,0.9820134043693542,"In Javanese royal culture, the Kawung motif represents moral integrity, inner balance, and the wisdom of knowing one's origins.","In Javanese royal culture, the Kawung motif represents moral integrity, inner balance, and the wisdom of knowing one's origins.","purity of heart, self-mastery, life cycle, moral balance",hard
/mnt/extended-home/dzakaaufa/dataset/all_images_captioning/liong42.jpg,liong,liong,0.9944180250167847,"In Sino-Javanese tradition, the Liong motif represents celestial strength, protection from misfortune, and the blessing of abundance.","The philosophical meaning of the Liong motif reflects divine power, protection, and the blessing of prosperity.","divine power, protection, prosperity, celestial benevolence",hard
/mnt/extended-home/dzakaaufa/dataset/all_images_captioning/sidomukti79.jpg,sidomukti,sidomukti,0.8801727890968323,"In Surakarta court tradition, the Sidomukti motif represents prosperity, inner contentment, and the blessing of a flourishing life.","The philosophical meaning of the Sidomukti motif reflects enduring happiness, fulfilment, prosperity, and spiritual wholeness.","enduring happiness, fulfilment, prosperity, spiritual wholeness",hard
/mnt/extended-home/dzakaaufa/dataset/all_images_captioning/mega_mendung114.jpg,mega_mendung,mega_mendung,0.9854474067687988,nan,"Traditionally, the Mega Mendung motif symbolizes patience, emotional calm, and spiritual serenity.","patience, emotional calm, spiritual serenity, divine protection",hard
/mnt/extended-home/dzakaaufa/dataset/all_images_captioning/liong93.jpg,liong,liong,0.8845195174217224,"In Sino-Javanese tradition, the Liong motif represents celestial strength, protection from misfortune, and the blessing of abundance.","Traditionally, the Liong motif symbolizes divine power, protection, and enduring prosperity.","divine power, protection, prosperity, celestial benevolence",hard
/mnt/extended-home/dzakaaufa/dataset/all_images_captioning/tujuh_rupa148.jpg,tujuh_rupa,tujuh_rupa,0.9822524785995483,nan,"Traditionally, the Tujuh Rupa motif symbolizes eloquence, adaptability, and peaceful cultural diversity.","eloquence, adaptability, cultural openness, peaceful diversity",hard
/mnt/extended-home/dzakaaufa/dataset/all_images_captioning/tujuh_rupa29.jpg,tujuh_rupa,tujuh_rupa,0.8439915180206299,nan,"In Pekalongan's coastal tradition, the Tujuh Rupa motif represents openness to the world, graceful adaptability, and harmony across cultures.","eloquence, adaptability, cultural openness, peaceful diversity",hard
/mnt/extended-home/dzakaaufa/dataset/all_images_captioning/wirasat13.jpg,wirasat,wirasat,0.9941080808639526,"In Javanese tradition, the Wirasat motif represents the parental blessing for a new household prosperity, dignity, and answered prayers.","Traditionally, the Wirasat motif symbolizes the fulfilment of wholesome wishes, elevated standing, and life's sufficiency.","fulfilment of wishes, elevated standing, sufficiency, parental blessing",hard
/mnt/extended-home/dzakaaufa/dataset/all_images_captioning/sidomukti137.jpg,sidomukti,sidomukti,0.9589251279830933,"In Surakarta court tradition, the Sidomukti motif represents prosperity, inner contentment, and the blessing of a flourishing life.","In Surakarta court tradition, the Sidomukti motif represents prosperity, inner contentment, and the blessing of a flourishing life.","enduring happiness, fulfilment, prosperity, spiritual wholeness",hard
/mnt/extended-home/dzakaaufa/dataset/all_images_captioning/singa_barong77.jpg,singa_barong,singa_barong,0.9857573509216309,nan,"The philosophical meaning of the Singa Barong motif reflects mythological power, elemental unity, and visionary leadership.","mythological power, elemental unity, visionary leadership, sacred authority",hard
/mnt/extended-home/dzakaaufa/dataset/all_images_captioning/sekarjagad137.jpg,sekarjagad,sekarjagad,0.9969112277030945,"In Javanese culture, the Sekarjagad motif represents the celebration of diversity, universal harmony, and the wish to radiate goodness.","Traditionally, the Sekarjagad motif symbolizes the beauty of diversity, universal harmony, and joyful coexistence.","beauty of diversity, universal harmony, radiance, coexistence",hard
/mnt/extended-home/dzakaaufa/dataset/all_images_captioning/kawung129.jpg,kawung,kawung,0.7448253631591797,"In Javanese royal culture, the Kawung motif represents moral integrity, inner balance, and the wisdom of knowing one's origins.","Traditionally, the Kawung motif symbolizes purity of heart, self-mastery, and the eternal cycle of human life.","purity of heart, self-mastery, life cycle, moral balance",hard
/mnt/extended-home/dzakaaufa/dataset/all_images_captioning/sidomulyo12.jpg,sidomulyo,sidomulyo,0.9910418391227722,"In Javanese Mataram tradition, the Sidomulyo motif represents continuous glory, dignified life, and the mastery of one's inner impulses.","In Javanese Mataram tradition, the Sidomulyo motif represents continuous glory, dignified life, and the mastery of one's inner impulses.","glory, enduring honour, inner mastery, dignified life",hard
/mnt/extended-home/dzakaaufa/dataset/all_images_captioning/srikaton98.jpg,srikaton,srikaton,0.9889755249023438,"In Javanese tradition, the Srikaton motif represents visible grace, the flourishing of nature, and the strength to overcome adversity.","The philosophical meaning of the Srikaton motif reflects divine radiance, natural abundance, and resilience.","divine radiance, natural abundance, resilience, visible grace",hard
/mnt/extended-home/dzakaaufa/dataset/all_images_captioning/liong75.jpeg,liong,liong,0.9939767122268677,"In Sino-Javanese tradition, the Liong motif represents celestial strength, protection from misfortune, and the blessing of abundance.","In Sino-Javanese tradition, the Liong motif represents celestial strength, protection from misfortune, and the blessing of abundance.","divine power, protection, prosperity, celestial benevolence",hard
/mnt/extended-home/dzakaaufa/dataset/all_images_captioning/singa_barong142.jpg,singa_barong,singa_barong,0.9611738324165344,nan,"Traditionally, the Singa Barong motif symbolizes mythological power, elemental unity, and visionary leadership.","mythological power, elemental unity, visionary leadership, sacred authority",hard
/mnt/extended-home/dzakaaufa/dataset/all_images_captioning/jlamprang135.jpg,jlamprang,jlamprang,0.9845584034919739,"In Pekalongan's spiritual tradition, the Jlamprang motif represents divine harmony, sacred order, and the link between humanity and the cosmos.","Traditionally, the Jlamprang motif symbolizes cosmic balance, spiritual order, and sacred connection with the divine.","cosmic balance, spiritual order, sacred connection, divine harmony",hard
/mnt/extended-home/dzakaaufa/dataset/all_images_captioning/liong123.png,liong,liong,0.9934626817703247,"In Sino-Javanese tradition, the Liong motif represents celestial strength, protection from misfortune, and the blessing of abundance.","In Sino-Javanese tradition, the Liong motif represents celestial strength, protection from misfortune, and the blessing of abundance.","divine power, protection, prosperity, celestial benevolence",hard
/mnt/extended-home/dzakaaufa/dataset/all_images_captioning/wahyu_tumurun51.jpg,wahyu_tumurun,wahyu_tumurun,0.8986977338790894,nan,"In Javanese royal tradition, the Wahyu Tumurun motif represents the descent of divine favour, noble ambition, and spiritual guidance.","divine grace, spiritual guidance, noble aspiration, heavenly blessing",hard
/mnt/extended-home/dzakaaufa/dataset/all_images_captioning/tribusono28.jpg,tribusono,tribusono,0.8933484554290771,"In Surakarta batik tradition, the Tribusono motif represents the balance of physical, social, and spiritual dimensions of life.","In Surakarta batik tradition, the Tribusono motif represents the balance of physical, social, and spiritual dimensions of life.","regeneration, harmony, cultural continuity, ecological awareness",hard
/mnt/extended-home/dzakaaufa/dataset/all_images_captioning/parang121.jpg,parang,parang,0.9982863068580627,"In Javanese culture, the Parang motif represents determination, resilience, and steadfast commitment.","In Javanese culture, the Parang motif represents determination, resilience, and steadfast commitment.","perseverance, courage, continuity, relentless self-improvement",hard
/mnt/extended-home/dzakaaufa/dataset/all_images_captioning/wahyu_tumurun132.jpg,wahyu_tumurun,wahyu_tumurun,0.9590222835540771,nan,"In Javanese royal tradition, the Wahyu Tumurun motif represents the descent of divine favour, noble ambition, and spiritual guidance.","divine grace, spiritual guidance, noble aspiration, heavenly blessing",hard
/mnt/extended-home/dzakaaufa/dataset/all_images_captioning/jlamprang117.jpg,jlamprang,jlamprang,0.9948650002479553,"In Pekalongan's spiritual tradition, the Jlamprang motif represents divine harmony, sacred order, and the link between humanity and the cosmos.","Traditionally, the Jlamprang motif symbolizes cosmic balance, spiritual order, and sacred connection with the divine.","cosmic balance, spiritual order, sacred connection, divine harmony",hard
/mnt/extended-home/dzakaaufa/dataset/all_images_captioning/wirasat7.jpg,wirasat,wirasat,0.9748712182044983,"In Javanese tradition, the Wirasat motif represents the parental blessing for a new household prosperity, dignity, and answered prayers.","The philosophical meaning of the Wirasat motif reflects the fulfilment of wishes, elevated standing, and life's sufficiency.","fulfilment of wishes, elevated standing, sufficiency, parental blessing",hard
/mnt/extended-home/dzakaaufa/dataset/all_images_captioning/wirasat109.jpg,wirasat,wirasat,0.9129242300987244,"In Javanese tradition, the Wirasat motif represents the parental blessing for a new household prosperity, dignity, and answered prayers.","In Javanese tradition, the Wirasat motif represents the parental blessing for a new household — prosperity, dignity, and answered prayers.","fulfilment of wishes, elevated standing, sufficiency, parental blessing",hard
/mnt/extended-home/dzakaaufa/dataset/all_images_captioning/mega_mendung95.jpg,mega_mendung,mega_mendung,0.981059730052948,nan,"Traditionally, the Mega Mendung motif symbolizes patience, emotional calm, and spiritual serenity.","patience, emotional calm, spiritual serenity, divine protection",hard
/mnt/extended-home/dzakaaufa/dataset/all_images_captioning/mega_mendung62.png,mega_mendung,mega_mendung,0.9966294169425964,nan,"In Cirebonese court culture, the Mega Mendung motif represents composure, inner peace, and the grace of divine protection.","patience, emotional calm, spiritual serenity, divine protection",hard
/mnt/extended-home/dzakaaufa/dataset/all_images_captioning/kawung94.jpg,kawung,kawung,0.9803363680839539,"In Javanese royal culture, the Kawung motif represents moral integrity, inner balance, and the wisdom of knowing one's origins.","Traditionally, the Kawung motif symbolizes purity of heart, self-mastery, and the eternal cycle of human life.","purity of heart, self-mastery, life cycle, moral balance",hard
/mnt/extended-home/dzakaaufa/dataset/all_images_captioning/liong41.png,liong,liong,0.9952664375305176,"In Sino-Javanese tradition, the Liong motif represents celestial strength, protection from misfortune, and the blessing of abundance.","Traditionally, the Liong motif symbolizes divine power, protection, and enduring prosperity.","divine power, protection, prosperity, celestial benevolence",hard
/mnt/extended-home/dzakaaufa/dataset/all_images_captioning/sidoluhur27.jpg,sidoluhur,sidoluhur,0.986012876033783,"In Javanese tradition, the Sidoluhur motif represents the pursuit of virtue, dignified conduct, and the honour of righteous leadership.","In Javanese tradition, the Sidoluhur motif represents the pursuit of virtue, dignified conduct, and the honour of righteous leadership.","noble character, moral elevation, dignity, exemplary conduct",hard
/mnt/extended-home/dzakaaufa/dataset/all_images_captioning/Data 29 Batik Rahayu (Udan Liris).jpg,Trenggalek,trenggalek,0.9912822246551514,"The elegant Trenggalek motif combines classic elements with modern flair, creating timeless beauty that reflects local wisdom and cultural heritage.","depicts light rain. The pattern of water droplets arranged in harmony symbolizes fertility, tranquility and balance in nature, creating a peaceful atmosphere that reflects humans' close relationship with the surrounding environment",,hard
/mnt/extended-home/dzakaaufa/dataset/all_images_captioning/jlamprang143.png,jlamprang,jlamprang,0.9819422364234924,"In Pekalongan's spiritual tradition, the Jlamprang motif represents divine harmony, sacred order, and the link between humanity and the cosmos.","In Pekalongan's spiritual tradition, the Jlamprang motif represents divine harmony, sacred order, and the link between humanity and the cosmos.","cosmic balance, spiritual order, sacred connection, divine harmony",hard
/mnt/extended-home/dzakaaufa/dataset/all_images_captioning/tuntrum144.jpg,tuntrum,truntum,0.7344358563423157,"In Surakarta court tradition, the Truntum motif represents royal harmony, inner balance, and the link between humanity and the divine.","The philosophical meaning of the Truntum motif reflects sincere love, quiet devotion, and renewal of affection through patience.","sincere love, devotion, renewal of affection, patience",hard
/mnt/extended-home/dzakaaufa/dataset/all_images_captioning/dayak38.jpeg,dayak,dayak,0.9940387010574341,"In Dayak culture, the Dayak motif represents bravery, reverence for nature, and the leadership that shelters the community.","In Dayak culture, the Dayak motif represents bravery, reverence for nature, and the leadership that shelters the community.","courage, harmony with nature, protection, ancestral strength",hard
/mnt/extended-home/dzakaaufa/dataset/all_images_captioning/srikaton62.jpg,srikaton,srikaton,0.9665993452072144,"In Javanese tradition, the Srikaton motif represents visible grace, the flourishing of nature, and the strength to overcome adversity.","In Javanese tradition, the Srikaton motif represents visible grace, the flourishing of nature, and the strength to overcome adversity.","divine radiance, natural abundance, resilience, visible grace",hard
/mnt/extended-home/dzakaaufa/dataset/all_images_captioning/sidomukti27.jpg,sidomukti,sidomukti,0.8751766681671143,"In Surakarta court tradition, the Sidomukti motif represents prosperity, inner contentment, and the blessing of a flourishing life.","Traditionally, the Sidomukti motif symbolizes enduring happiness, fulfilment, and spiritual wholeness.","enduring happiness, fulfilment, prosperity, spiritual wholeness",hard
/mnt/extended-home/dzakaaufa/dataset/all_images_captioning/dayak119.jpg,dayak,dayak,0.9838786125183105,"In Dayak culture, the Dayak motif represents bravery, reverence for nature, and the leadership that shelters the community.","The philosophical meaning of the Dayak motif reflects courage, harmony with nature, and the protective strength of ancestral wisdom.","courage, harmony with nature, protection, ancestral strength",hard
/mnt/extended-home/dzakaaufa/dataset/all_images_captioning/wahyu_tumurun140.jpg,wahyu_tumurun,wahyu_tumurun,0.9781426191329956,nan,"The philosophical meaning of the Wahyu Tumurun motif reflects divine grace, spiritual guidance, and noble aspiration.","divine grace, spiritual guidance, noble aspiration, heavenly blessing",hard
/mnt/extended-home/dzakaaufa/dataset/all_images_captioning/sekarjagad87.jpg,sekarjagad,sekarjagad,0.9799953103065491,"In Javanese culture, the Sekarjagad motif represents the celebration of diversity, universal harmony, and the wish to radiate goodness.","In Javanese culture, the Sekarjagad motif represents the celebration of diversity, universal harmony, and the wish to radiate goodness.","beauty of diversity, universal harmony, radiance, coexistence",hard
/mnt/extended-home/dzakaaufa/dataset/all_images_captioning/Data 12 Batik Kantil (Keong).jpg,Malang,malang,0.6953608989715576,"The Sekartaji batik depicts the beauty of flowers with a blue background. The elegant pattern reflects calmness, harmony and natural grace.","This work was inspired by a snail found during a holiday at Sendiki Beach, Malang Regency. The motif symbolizes calm, resilience and the journey of life, reflecting the harmony between nature and humans in every curve of its unique shape.",,hard
/mnt/extended-home/dzakaaufa/dataset/all_images_captioning/kawung93.jpg,kawung,kawung,0.9733869433403015,"In Javanese royal culture, the Kawung motif represents moral integrity, inner balance, and the wisdom of knowing one's origins.","The philosophical meaning of the Kawung motif reflects purity of heart, self-mastery, and moral balance in life.","purity of heart, self-mastery, life cycle, moral balance",hard
/mnt/extended-home/dzakaaufa/dataset/all_images_captioning/mega_mendung136.jpg,mega_mendung,mega_mendung,0.9855576157569885,nan,"In Cirebonese court culture, the Mega Mendung motif represents composure, inner peace, and the grace of divine protection.","patience, emotional calm, spiritual serenity, divine protection",hard
/mnt/extended-home/dzakaaufa/dataset/all_images_captioning/srikaton19.jpg,srikaton,srikaton,0.8426388502120972,"In Javanese tradition, the Srikaton motif represents visible grace, the flourishing of nature, and the strength to overcome adversity.","In Javanese tradition, the Srikaton motif represents visible grace, the flourishing of nature, and the strength to overcome adversity.","divine radiance, natural abundance, resilience, visible grace",hard
/mnt/extended-home/dzakaaufa/dataset/all_images_captioning/tujuh_rupa116.jpg,tujuh_rupa,tujuh_rupa,0.9892687201499939,nan,"Traditionally, the Tujuh Rupa motif symbolizes eloquence, adaptability, and peaceful cultural diversity.","eloquence, adaptability, cultural openness, peaceful diversity",hard
/mnt/extended-home/dzakaaufa/dataset/all_images_captioning/dayak90.jpg,dayak,dayak,0.9917565584182739,"In Dayak culture, the Dayak motif represents bravery, reverence for nature, and the leadership that shelters the community.","Traditionally, the Dayak motif symbolizes courage, harmony with nature, and protective ancestral strength.","courage, harmony with nature, protection, ancestral strength",hard
/mnt/extended-home/dzakaaufa/dataset/all_images_captioning/jlamprang22.jpg,jlamprang,jlamprang,0.9402574300765991,"In Pekalongan's spiritual tradition, the Jlamprang motif represents divine harmony, sacred order, and the link between humanity and the cosmos.","In Pekalongan's spiritual tradition, the Jlamprang motif represents divine harmony, sacred order, and the link between humanity and the cosmos.","cosmic balance, spiritual order, sacred connection, divine harmony",hard
/mnt/extended-home/dzakaaufa/dataset/all_images_captioning/wirasat76.jpg,wirasat,wirasat,0.9968265891075134,"In Javanese tradition, the Wirasat motif represents the parental blessing for a new household prosperity, dignity, and answered prayers.","The philosophical meaning of the Wirasat motif reflects the fulfilment of wishes, elevated standing, and life's sufficiency.","fulfilment of wishes, elevated standing, sufficiency, parental blessing",hard
/mnt/extended-home/dzakaaufa/dataset/all_images_captioning/tujuh_rupa123.jpg,tujuh_rupa,tujuh_rupa,0.8117372989654541,nan,"The philosophical meaning of the Tujuh Rupa motif reflects eloquence, adaptability, and the richness of peaceful cultural exchange.","eloquence, adaptability, cultural openness, peaceful diversity",hard
/mnt/extended-home/dzakaaufa/dataset/all_images_captioning/buketan125.jpg,buketan,buketan,0.8809181451797485,"In Pekalongan culture, the Buketan motif represents feminine elegance, inner purity, and blossoming happiness.","In Pekalongan culture, the Buketan motif represents feminine elegance, inner purity, and blossoming happiness.","joy, beauty, purity, feminine grace, cheerfulness",hard
/mnt/extended-home/dzakaaufa/dataset/all_images_captioning/Mutiara S Data 1 Bandeng Lele dalam Kolam.jpg,Lamongan,lamongan,0.8715505599975586,The Lamongan Batik motif was inspired by the beauty of birds that often appear in the yard of the batik studio. The graceful patterns reflect harmony with nature and bring joy to life,"Gratitude is in the right environment, full of tolerance. Sharpen, love and nurture./ Gratitude for being in the right environment, full of tolerance. Nurture, love, and care for one another../寛容に満ちた正しい環境にいられることへの感謝。磨き合い、愛し合い、育み合う。",,hard
/mnt/extended-home/dzakaaufa/dataset/all_images_captioning/Data 9 Batik Rahayu (Truntum Cengkeh).jpg,Trenggalek,lamongan,0.5724504590034485,"The Lamongan motif was inspired by the beauty of jasmine flowers which symbolize purity, elegance and sincerity. The elegant floral pattern reflects natural grace, while the harmonious color combination creates a warm and inviting atmosphere.",An elegant motif that symbolizes patience and the sacredness of marriage.,,hard
/mnt/extended-home/dzakaaufa/dataset/all_images_captioning/singa_barong127.jpg,singa_barong,singa_barong,0.9979183077812195,nan,"Traditionally, the Singa Barong motif symbolizes mythological power, elemental unity, and visionary leadership.","mythological power, elemental unity, visionary leadership, sacred authority",hard
/mnt/extended-home/dzakaaufa/dataset/all_images_captioning/tujuh_rupa45.jpg,tujuh_rupa,tujuh_rupa,0.9704740643501282,nan,"The philosophical meaning of the Tujuh Rupa motif reflects eloquence, adaptability, and the richness of peaceful cultural exchange.","eloquence, adaptability, cultural openness, peaceful diversity",hard
/mnt/extended-home/dzakaaufa/dataset/all_images_captioning/bokor_kencono141.jpg,bokor_kencono,bokor_kencono,0.9916894435882568,nan,"Traditionally, the Bokor Kencono motif symbolizes dignity, wisdom, and enduring authority.","dignity, wisdom, authority, noble character",hard
/mnt/extended-home/dzakaaufa/dataset/all_images_captioning/parang29.jpg,parang,parang,0.9930508136749268,"In Javanese culture, the Parang motif represents determination, resilience, and steadfast commitment.","The philosophical meaning of the Parang motif reflects inner strength, persistence, and lifelong growth.","perseverance, courage, continuity, relentless self-improvement",hard
/mnt/extended-home/dzakaaufa/dataset/all_images_captioning/Data 11 Batik Lana (Bunga Wijaya Kusuma).jpg,Malang,malang,0.9764434099197388,The beauty of nature that has been passed down from generation to generation./ The beauty of nature that has been passed down from generation to generation./,The Wijaya Kusuma flower is a flower that Ken Dedes likes and is believed to bring good luck. The dye used is a natural dye that comes from mango leaves.,,hard
/mnt/extended-home/dzakaaufa/dataset/all_images_captioning/sekarjagad64.jpg,sekarjagad,sekarjagad,0.9955222606658936,"In Javanese culture, the Sekarjagad motif represents the celebration of diversity, universal harmony, and the wish to radiate goodness.","In Javanese culture, the Sekarjagad motif represents the celebration of diversity, universal harmony, and the wish to radiate goodness.","beauty of diversity, universal harmony, radiance, coexistence",hard
/mnt/extended-home/dzakaaufa/dataset/all_images_captioning/tribusono66.jpg,tribusono,tribusono,0.9411096572875977,"In Surakarta batik tradition, the Tribusono motif represents the balance of physical, social, and spiritual dimensions of life.","Traditionally, the Tribusono motif symbolizes regeneration, harmony, and the continuity of cultural values.","regeneration, harmony, cultural continuity, ecological awareness",hard
/mnt/extended-home/dzakaaufa/dataset/all_images_captioning/sekarjagad16.jpg,sekarjagad,sekarjagad,0.9969744682312012,"In Javanese culture, the Sekarjagad motif represents the celebration of diversity, universal harmony, and the wish to radiate goodness.","In Javanese culture, the Sekarjagad motif represents the celebration of diversity, universal harmony, and the wish to radiate goodness.","beauty of diversity, universal harmony, radiance, coexistence",hard
/mnt/extended-home/dzakaaufa/dataset/all_images_captioning/mega_mendung57.png,mega_mendung,mega_mendung,0.995376706123352,nan,"The philosophical meaning of the Mega Mendung motif reflects patience, emotional calm, and spiritual serenity.","patience, emotional calm, spiritual serenity, divine protection",hard
/mnt/extended-home/dzakaaufa/dataset/all_images_captioning/wahyu_tumurun64.jpg,wahyu_tumurun,wahyu_tumurun,0.9855135083198547,nan,"The philosophical meaning of the Wahyu Tumurun motif reflects divine grace, spiritual guidance, and noble aspiration.","divine grace, spiritual guidance, noble aspiration, heavenly blessing",hard
/mnt/extended-home/dzakaaufa/dataset/all_images_captioning/bokor_kencono65.jpg,bokor_kencono,bokor_kencono,0.9653016924858093,nan,"The philosophical meaning of the Bokor Kencono motif reflects dignity, wisdom, and the aspiration for lasting authority.","dignity, wisdom, authority, noble character",hard
/mnt/extended-home/dzakaaufa/dataset/all_images_captioning/sidoluhur67.jpg,sidoluhur,sidoluhur,0.9541957974433899,"In Javanese tradition, the Sidoluhur motif represents the pursuit of virtue, dignified conduct, and the honour of righteous leadership.","Traditionally, the Sidoluhur motif symbolizes noble character, moral elevation, and dignified exemplary conduct.","noble character, moral elevation, dignity, exemplary conduct",hard
/mnt/extended-home/dzakaaufa/dataset/all_images_captioning/tuntrum97.jpg,tuntrum,truntum,0.9528127312660217,"In Surakarta batik tradition, the Truntum motif represents visible grace, inner balance, and the beauty of dignified exemplary life.","In Surakarta royal tradition, the Truntum motif represents unconditional love, the rekindling of affection, and parental guidance.","sincere love, devotion, renewal of affection, patience",hard
/mnt/extended-home/dzakaaufa/dataset/all_images_captioning/tuntrum46.jpg,tuntrum,truntum,0.9496061205863953,"In Javanese tradition, the Truntum motif represents visible grace, the flourishing of nature, and the strength to overcome adversity.","Traditionally, the Truntum motif symbolizes sincere love, quiet devotion, and the renewal of affection.","sincere love, devotion, renewal of affection, patience",hard
/mnt/extended-home/dzakaaufa/dataset/all_images_captioning/dayak122.jpg,dayak,dayak,0.9971928000450134,"In Dayak culture, the Dayak motif represents bravery, reverence for nature, and the leadership that shelters the community.","Traditionally, the Dayak motif symbolizes courage, harmony with nature, and protective ancestral strength.","courage, harmony with nature, protection, ancestral strength",hard
/mnt/extended-home/dzakaaufa/dataset/all_images_captioning/sidomukti120.jpg,sidomukti,sidomukti,0.9614904522895813,"In Surakarta court tradition, the Sidomukti motif represents prosperity, inner contentment, and the blessing of a flourishing life.","The philosophical meaning of the Sidomukti motif reflects enduring happiness, fulfilment, prosperity, and spiritual wholeness.","enduring happiness, fulfilment, prosperity, spiritual wholeness",hard
/mnt/extended-home/dzakaaufa/dataset/all_images_captioning/Data 7 Batik Lana (Parang Anggrek).jpg,Malang,malang,0.7888545393943787,"The Sekartaji batik depicts the beauty of the Sekartaji flower which is often found in Sekartaji Park, Malang City. The elegant pattern reflects the charm of this iconic plant that has been a symbol of elegance for over 50 years.","Inspired by Banyu Tibo beach which is located in Pacitan, East Java. The dyes used are natural dyes derived from mahogany and mangosteen bark.",,hard
/mnt/extended-home/dzakaaufa/dataset/all_images_captioning/sidomulyo14.jpg,sidomulyo,sidomulyo,0.9845114946365356,"In Javanese Mataram tradition, the Sidomulyo motif represents continuous glory, dignified life, and the mastery of one's inner impulses.","The philosophical meaning of the Sidomulyo motif reflects glory, enduring honour, and the pursuit of a dignified life.","glory, enduring honour, inner mastery, dignified life",hard
/mnt/extended-home/dzakaaufa/dataset/all_images_captioning/singa_barong143.jpg,singa_barong,singa_barong,0.9984272718429565,nan,"In Cirebonese court culture, the Singa Barong motif represents sacred authority, the harmony of natural forces, and complete sovereignty.","mythological power, elemental unity, visionary leadership, sacred authority",hard
/mnt/extended-home/dzakaaufa/dataset/all_images_captioning/liong10.png,liong,liong,0.992218017578125,"Traditionally, the Liong motif symbolizes divine power, protection, and enduring prosperity.","Traditionally, the Liong motif symbolizes divine power, protection, and enduring prosperity.","divine power, protection, prosperity, celestial benevolence",hard
/mnt/extended-home/dzakaaufa/dataset/all_images_captioning/betawi39.jpg,betawi,betawi,0.993834376335144,"Traditionally, the Betawi motif symbolizes multicultural openness, communal harmony, and joyful cultural identity.","The philosophical meaning of the Betawi motif reflects multicultural openness, communal harmony, and joyful identity.","multicultural openness, communal harmony, joyful identity, cultural pride",hard
/mnt/extended-home/dzakaaufa/dataset/all_images_captioning/sidomulyo68.jpg,sidomulyo,sidomulyo,0.9952150583267212,"In Javanese Mataram tradition, the Sidomulyo motif represents continuous glory, dignified life, and the mastery of one's inner impulses.","Traditionally, the Sidomulyo motif symbolizes glory, enduring honour, and a life of inner mastery.","glory, enduring honour, inner mastery, dignified life",hard
/mnt/extended-home/dzakaaufa/dataset/all_images_captioning/srikaton147.jpg,srikaton,srikaton,0.9740301966667175,"In Javanese tradition, the Srikaton motif represents visible grace, the flourishing of nature, and the strength to overcome adversity.","The philosophical meaning of the Srikaton motif reflects divine radiance, natural abundance, and resilience.","divine radiance, natural abundance, resilience, visible grace",hard
/mnt/extended-home/dzakaaufa/dataset/all_images_captioning/sekarjagad131.jpg,sekarjagad,sekarjagad,0.9996008276939392,"In Javanese culture, the Sekarjagad motif represents the celebration of diversity, universal harmony, and the wish to radiate goodness.","In Javanese culture, the Sekarjagad motif represents the celebration of diversity, universal harmony, and the wish to radiate goodness.","beauty of diversity, universal harmony, radiance, coexistence",hard
/mnt/extended-home/dzakaaufa/dataset/all_images_captioning/jlamprang90.jpg,jlamprang,jlamprang,0.9956899285316467,"In Pekalongan's spiritual tradition, the Jlamprang motif represents divine harmony, sacred order, and the link between humanity and the cosmos.","The philosophical meaning of the Jlamprang motif reflects cosmic balance, spiritual order, and sacred connection with the divine.","cosmic balance, spiritual order, sacred connection, divine harmony",hard
/mnt/extended-home/dzakaaufa/dataset/all_images_captioning/wirasat12.jpg,wirasat,wirasat,0.9865878224372864,"In Javanese tradition, the Wirasat motif represents the parental blessing for a new household prosperity, dignity, and answered prayers.","In Javanese tradition, the Wirasat motif represents the parental blessing for a new household — prosperity, dignity, and answered prayers.","fulfilment of wishes, elevated standing, sufficiency, parental blessing",hard
/mnt/extended-home/dzakaaufa/dataset/all_images_captioning/singa_barong76.jpg,singa_barong,singa_barong,0.9916021227836609,nan,"The philosophical meaning of the Singa Barong motif reflects mythological power, elemental unity, and visionary leadership.","mythological power, elemental unity, visionary leadership, sacred authority",hard
/mnt/extended-home/dzakaaufa/dataset/all_images_captioning/mega_mendung1.jpg,mega_mendung,mega_mendung,0.9830991625785828,nan,"Traditionally, the Mega Mendung motif symbolizes patience, emotional calm, and spiritual serenity.","patience, emotional calm, spiritual serenity, divine protection",hard
/mnt/extended-home/dzakaaufa/dataset/all_images_captioning/srikaton140.jpg,srikaton,srikaton,0.9849362969398499,"In Javanese tradition, the Srikaton motif represents visible grace, the flourishing of nature, and the strength to overcome adversity.","Traditionally, the Srikaton motif symbolizes divine radiance, natural abundance, and resilient grace.","divine radiance, natural abundance, resilience, visible grace",hard
/mnt/extended-home/dzakaaufa/dataset/all_images_captioning/dayak134.jpg,dayak,dayak,0.9320755004882812,"In Dayak culture, the Dayak motif represents bravery, reverence for nature, and the leadership that shelters the community.","Traditionally, the Dayak motif symbolizes courage, harmony with nature, and protective ancestral strength.","courage, harmony with nature, protection, ancestral strength",hard
/mnt/extended-home/dzakaaufa/dataset/all_images_captioning/parang102.jpg,parang,parang,0.9958677291870117,"In Javanese culture, the Parang motif represents determination, resilience, and steadfast commitment.","The philosophical meaning of the Parang motif reflects inner strength, persistence, and lifelong growth.","perseverance, courage, continuity, relentless self-improvement",hard
/mnt/extended-home/dzakaaufa/dataset/all_images_captioning/Data 6 Batik Wagastu (Sulur Wiji Timun).jpg,Malang,malang,0.8660508394241333,"The Sekartaji batik depicts the beauty of the Sekartaji flower which is often found in Sekartaji Park, Malang City. The elegant pattern reflects the charm of this iconic flower, creating harmony between nature and culture.","The Wiji Timun Sulur Batik is inspired by the tendrils of the cucumber plant that grows near the yard of the house, symbolizing fertility, hope and continuity of life. This motif reflects closeness to nature as well as the values ​​of perseverance and simplicity.",,hard
/mnt/extended-home/dzakaaufa/dataset/all_images_captioning/singa_barong144.jpg,singa_barong,singa_barong,0.9947997331619263,nan,"Traditionally, the Singa Barong motif symbolizes mythological power, elemental unity, and visionary leadership.","mythological power, elemental unity, visionary leadership, sacred authority",hard
/mnt/extended-home/dzakaaufa/dataset/all_images_captioning/tujuh_rupa85.jpg,tujuh_rupa,tujuh_rupa,0.9276512265205383,nan,"In Pekalongan's coastal tradition, the Tujuh Rupa motif represents openness to the world, graceful adaptability, and harmony across cultures.","eloquence, adaptability, cultural openness, peaceful diversity",hard
/mnt/extended-home/dzakaaufa/dataset/all_images_captioning/parang44.jpg,parang,parang,0.993192732334137,"In Javanese culture, the Parang motif represents determination, resilience, and steadfast commitment.","Traditionally, the Parang motif symbolizes perseverance, courage, and continuity in life.","perseverance, courage, continuity, relentless self-improvement",hard
/mnt/extended-home/dzakaaufa/dataset/all_images_captioning/sidomukti78.jpg,sidomukti,sidomukti,0.94902503490448,"In Surakarta court tradition, the Sidomukti motif represents prosperity, inner contentment, and the blessing of a flourishing life.","The philosophical meaning of the Sidomukti motif reflects enduring happiness, fulfilment, prosperity, and spiritual wholeness.","enduring happiness, fulfilment, prosperity, spiritual wholeness",hard
/mnt/extended-home/dzakaaufa/dataset/all_images_captioning/parang38.jpg,parang,parang,0.9655153751373291,"In Javanese culture, the Parang motif represents determination, resilience, and steadfast commitment.","The philosophical meaning of the Parang motif reflects inner strength, persistence, and lifelong growth.","perseverance, courage, continuity, relentless self-improvement",hard
/mnt/extended-home/dzakaaufa/dataset/all_images_captioning/buketan79.jpg,buketan,buketan,0.9916701316833496,"In Pekalongan culture, the Buketan motif represents feminine elegance, inner purity, and blossoming happiness.","The philosophical meaning of the Buketan motif reflects joy, natural beauty, purity, and graceful femininity.","joy, beauty, purity, feminine grace, cheerfulness",hard
/mnt/extended-home/dzakaaufa/dataset/all_images_captioning/sidoluhur134.jpg,sidoluhur,sidoluhur,0.984889805316925,"In Javanese tradition, the Sidoluhur motif represents the pursuit of virtue, dignified conduct, and the honour of righteous leadership.","In Javanese tradition, the Sidoluhur motif represents the pursuit of virtue, dignified conduct, and the honour of righteous leadership.","noble character, moral elevation, dignity, exemplary conduct",hard
/mnt/extended-home/dzakaaufa/dataset/all_images_captioning/tuntrum88.jpg,tuntrum,truntum,0.9290823340415955,"In Javanese tradition, the Truntum motif represents visible grace, the flourishing of nature, and the strength to overcome adversity.","Traditionally, the Truntum motif symbolizes sincere love, quiet devotion, and the renewal of affection.","sincere love, devotion, renewal of affection, patience",hard
/mnt/extended-home/dzakaaufa/dataset/all_images_captioning/tujuh_rupa82.jpg,tujuh_rupa,tujuh_rupa,0.9830591678619385,nan,"In Pekalongan's coastal tradition, the Tujuh Rupa motif represents openness to the world, graceful adaptability, and harmony across cultures.","eloquence, adaptability, cultural openness, peaceful diversity",hard
/mnt/extended-home/dzakaaufa/dataset/all_images_captioning/kawung2.jpg,kawung,kawung,0.9957526922225952,"In Javanese royal culture, the Kawung motif represents moral integrity, inner balance, and the wisdom of knowing one's origins.","In Javanese royal culture, the Kawung motif represents moral integrity, inner balance, and the wisdom of knowing one's origins.","purity of heart, self-mastery, life cycle, moral balance",hard
/mnt/extended-home/dzakaaufa/dataset/all_images_captioning/sidoluhur101.jpg,sidoluhur,sidoluhur,0.952374279499054,"In Javanese tradition, the Sidoluhur motif represents the pursuit of virtue, dignified conduct, and the honour of righteous leadership.","Traditionally, the Sidoluhur motif symbolizes noble character, moral elevation, and dignified exemplary conduct.","noble character, moral elevation, dignity, exemplary conduct",hard
/mnt/extended-home/dzakaaufa/dataset/all_images_captioning/sekarjagad96.jpg,sekarjagad,sekarjagad,0.998645007610321,"In Javanese culture, the Sekarjagad motif represents the celebration of diversity, universal harmony, and the wish to radiate goodness.","The philosophical meaning of the Sekarjagad motif reflects the beauty of diversity, universal harmony, and radiant coexistence.","beauty of diversity, universal harmony, radiance, coexistence",hard
/mnt/extended-home/dzakaaufa/dataset/all_images_captioning/sidomukti36.jpg,sidomukti,sidomukti,0.9611659049987793,"In Surakarta court tradition, the Sidomukti motif represents prosperity, inner contentment, and the blessing of a flourishing life.","Traditionally, the Sidomukti motif symbolizes enduring happiness, fulfilment, and spiritual wholeness.","enduring happiness, fulfilment, prosperity, spiritual wholeness",hard
/mnt/extended-home/dzakaaufa/dataset/all_images_captioning/tujuh_rupa66.jpg,tujuh_rupa,tujuh_rupa,0.9910906553268433,nan,"Traditionally, the Tujuh Rupa motif symbolizes eloquence, adaptability, and peaceful cultural diversity.","eloquence, adaptability, cultural openness, peaceful diversity",hard
/mnt/extended-home/dzakaaufa/dataset/all_images_captioning/tuntrum10.jpg,tuntrum,truntum,0.9810168147087097,"In Javanese tradition, the Truntum motif represents visible grace, the flourishing of nature, and the strength to overcome adversity.","Traditionally, the Truntum motif symbolizes sincere love, quiet devotion, and the renewal of affection.","sincere love, devotion, renewal of affection, patience",hard
/mnt/extended-home/dzakaaufa/dataset/all_images_captioning/liong142.jpeg,liong,liong,0.9945277571678162,"In Sino-Javanese tradition, the Liong motif represents celestial strength, protection from misfortune, and the blessing of abundance.","Traditionally, the Liong motif symbolizes divine power, protection, and enduring prosperity.","divine power, protection, prosperity, celestial benevolence",hard
/mnt/extended-home/dzakaaufa/dataset/all_images_captioning/kawung82.jpg,kawung,kawung,0.7636012434959412,"In Javanese royal culture, the Kawung motif represents moral integrity, inner balance, and the wisdom of knowing one's origins.","Traditionally, the Kawung motif symbolizes purity of heart, self-mastery, and the eternal cycle of human life.","purity of heart, self-mastery, life cycle, moral balance",hard
/mnt/extended-home/dzakaaufa/dataset/all_images_captioning/liong71.jpg,liong,liong,0.9922853708267212,"In Sino-Javanese tradition, the Liong motif represents celestial strength, protection from misfortune, and the blessing of abundance.","Traditionally, the Liong motif symbolizes divine power, protection, and enduring prosperity.","divine power, protection, prosperity, celestial benevolence",hard
/mnt/extended-home/dzakaaufa/dataset/all_images_captioning/wirasat84.jpg,wirasat,wirasat,0.9888612627983093,"In Javanese tradition, the Wirasat motif represents the parental blessing for a new household prosperity, dignity, and answered prayers.","In Javanese tradition, the Wirasat motif represents the parental blessing for a new household — prosperity, dignity, and answered prayers.","fulfilment of wishes, elevated standing, sufficiency, parental blessing",hard
/mnt/extended-home/dzakaaufa/dataset/all_images_captioning/wahyu_tumurun49.jpg,wahyu_tumurun,wahyu_tumurun,0.957991898059845,nan,"Traditionally, the Wahyu Tumurun motif symbolizes divine grace, spiritual guidance, and noble aspiration.","divine grace, spiritual guidance, noble aspiration, heavenly blessing",hard
/mnt/extended-home/dzakaaufa/dataset/all_images_captioning/kawung28.jpg,kawung,kawung,0.9115034341812134,"In Javanese royal culture, the Kawung motif represents moral integrity, inner balance, and the wisdom of knowing one's origins.","The philosophical meaning of the Kawung motif reflects purity of heart, self-mastery, and moral balance in life.","purity of heart, self-mastery, life cycle, moral balance",hard
/mnt/extended-home/dzakaaufa/dataset/all_images_captioning/sidomukti103.jpg,sidomukti,sidomukti,0.9498759508132935,"In Surakarta court tradition, the Sidomukti motif represents prosperity, inner contentment, and the blessing of a flourishing life.","In Surakarta court tradition, the Sidomukti motif represents prosperity, inner contentment, and the blessing of a flourishing life.","enduring happiness, fulfilment, prosperity, spiritual wholeness",hard
/mnt/extended-home/dzakaaufa/dataset/all_images_captioning/tuntrum127.jpg,tuntrum,truntum,0.9908836483955383,"In Javanese tradition, the Truntum motif represents visible grace, the flourishing of nature, and the strength to overcome adversity.","In Surakarta royal tradition, the Truntum motif represents unconditional love, the rekindling of affection, and parental guidance.","sincere love, devotion, renewal of affection, patience",hard
/mnt/extended-home/dzakaaufa/dataset/all_images_captioning/Afiq Jaya_35241420061002_Gapuro Teratai_2025_FLORA_FAUNA.jpg,Lamongan,lamongan,0.9075153470039368,"The Lamongan motif was inspired by the beauty of the clove flower which is often found in Lamongan City. The elegant clove flower symbolizes prosperity, natural wealth and local wisdom.",The gapuro (gate) motif combined with lotus flowers symbolizes resilience because it is able to grow beautifully above murky water. Symbolizes the ability to remain strong amidst life's challenges and the transition to a better and more meaningful life.,,hard
/mnt/extended-home/dzakaaufa/dataset/all_images_captioning/srikaton109.jpg,srikaton,srikaton,0.9720492362976074,"In Javanese tradition, the Srikaton motif represents visible grace, the flourishing of nature, and the strength to overcome adversity.","Traditionally, the Srikaton motif symbolizes divine radiance, natural abundance, and resilient grace.","divine radiance, natural abundance, resilience, visible grace",hard
/mnt/extended-home/dzakaaufa/dataset/all_images_captioning/parang4.jpg,parang,parang,0.9761833548545837,"In Javanese culture, the Parang motif represents determination, resilience, and steadfast commitment.","The philosophical meaning of the Parang motif reflects inner strength, persistence, and lifelong growth.","perseverance, courage, continuity, relentless self-improvement",hard
/mnt/extended-home/dzakaaufa/dataset/all_images_captioning/tribusono94.jpg,tribusono,tribusono,0.915031373500824,"Traditionally, the Tribusono motif symbolizes regeneration, harmony, and the continuity of cultural values.","In Surakarta batik tradition, the Tribusono motif represents the balance of physical, social, and spiritual dimensions of life.","regeneration, harmony, cultural continuity, ecological awareness",hard
/mnt/extended-home/dzakaaufa/dataset/all_images_captioning/sidomulyo111.jpg,sidomulyo,sidomulyo,0.9327775239944458,"In Javanese Mataram tradition, the Sidomulyo motif represents continuous glory, dignified life, and the mastery of one's inner impulses.","In Javanese Mataram tradition, the Sidomulyo motif represents continuous glory, dignified life, and the mastery of one's inner impulses.","glory, enduring honour, inner mastery, dignified life",hard
/mnt/extended-home/dzakaaufa/dataset/all_images_captioning/Data 9 Batik Lana (Bunga Wijaya Kusuma).jpg,Malang,malang,0.6497528553009033,The beauty of blooming flowers inspired by nature's radiance./ The beauty of blooming flowers inspired by nature's radiance./,"Inspired by the Singosari temple, which is a temple inherited from the Majapahit kingdom. The kawung motif in this batik is inspired by the kawung worn by Ken Dedes' daughter.",,hard
/mnt/extended-home/dzakaaufa/dataset/all_images_captioning/singa_barong7.jpg,singa_barong,singa_barong,0.9918277263641357,nan,"The philosophical meaning of the Singa Barong motif reflects mythological power, elemental unity, and visionary leadership.","mythological power, elemental unity, visionary leadership, sacred authority",hard
/mnt/extended-home/dzakaaufa/dataset/all_images_captioning/Data 9 Batik Krajan (Bangau Terbang).jpg,Malang,malang,0.8506247997283936,"The elegant crane motif symbolizes freedom, elegance and harmony with nature. The graceful silhouette reflects inner balance, while the harmonious pattern represents sincerity in human relationships.","This batik motif is inspired by the cranes seen in the rice fields of Karangploso Village. With an artistic touch, this design reflects the harmony between traditional life and natural beauty.",,hard
/mnt/extended-home/dzakaaufa/dataset/all_images_captioning/betawi97.jpg,betawi,betawi,0.9903596639633179,"Traditionally, the Betawi motif symbolizes multicultural openness, communal harmony, and joyful cultural identity.","The philosophical meaning of the Betawi motif reflects multicultural openness, communal harmony, and joyful identity.","multicultural openness, communal harmony, joyful identity, cultural pride",hard
/mnt/extended-home/dzakaaufa/dataset/all_images_captioning/tujuh_rupa22.jpg,tujuh_rupa,tujuh_rupa,0.9874409437179565,nan,"The philosophical meaning of the Tujuh Rupa motif reflects eloquence, adaptability, and the richness of peaceful cultural exchange.","eloquence, adaptability, cultural openness, peaceful diversity",hard
/mnt/extended-home/dzakaaufa/dataset/all_images_captioning/Tutut Data 5 Bandeng Lele Bunga Lili.jpg,Lamongan,lamongan,0.9867212772369385,"The Lamongan batik motif was inspired by the beauty of orchids which symbolizes elegance, purity and natural harmony. The elegant floral pattern reflects the grace and charm of nature, creating a harmonious atmosphere that brings warmth and cheerfulness.",Lamongan fish with lilies in the hope that the people of Lamongan will be as prosperous as lilies,,hard
/mnt/extended-home/dzakaaufa/dataset/all_images_captioning/srikaton30.jpg,srikaton,srikaton,0.9666321873664856,"In Javanese tradition, the Srikaton motif represents visible grace, the flourishing of nature, and the strength to overcome adversity.","Traditionally, the Srikaton motif symbolizes divine radiance, natural abundance, and resilient grace.","divine radiance, natural abundance, resilience, visible grace",hard
/mnt/extended-home/dzakaaufa/dataset/all_images_captioning/betawi99.jpg,betawi,betawi,0.9765194654464722,"Traditionally, the Betawi motif symbolizes multicultural openness, communal harmony, and joyful cultural identity.","The philosophical meaning of the Betawi motif reflects multicultural openness, communal harmony, and joyful identity.","multicultural openness, communal harmony, joyful identity, cultural pride",hard
/mnt/extended-home/dzakaaufa/dataset/all_images_captioning/bokor_kencono6.jpg,bokor_kencono,bokor_kencono,0.9829531908035278,nan,"In Javanese culture, the Bokor Kencono motif represents noble character, inner wisdom, and commanding dignity.","dignity, wisdom, authority, noble character",hard
/mnt/extended-home/dzakaaufa/dataset/all_images_captioning/bokor_kencono79.jpg,bokor_kencono,bokor_kencono,0.9045845866203308,nan,"Traditionally, the Bokor Kencono motif symbolizes dignity, wisdom, and enduring authority.","dignity, wisdom, authority, noble character",hard
/mnt/extended-home/dzakaaufa/dataset/all_images_captioning/betawi126.jpg,betawi,betawi,0.9787119626998901,"Traditionally, the Betawi motif symbolizes multicultural openness, communal harmony, and joyful cultural identity.","The philosophical meaning of the Betawi motif reflects multicultural openness, communal harmony, and joyful identity.","multicultural openness, communal harmony, joyful identity, cultural pride",hard
/mnt/extended-home/dzakaaufa/dataset/all_images_captioning/dayak142.jpg,dayak,dayak,0.9561360478401184,"In Dayak culture, the Dayak motif represents bravery, reverence for nature, and the leadership that shelters the community.","In Dayak culture, the Dayak motif represents bravery, reverence for nature, and the leadership that shelters the community.","courage, harmony with nature, protection, ancestral strength",hard
/mnt/extended-home/dzakaaufa/dataset/all_images_captioning/buketan137.jpg,buketan,buketan,0.9106518626213074,"In Pekalongan culture, the Buketan motif represents feminine elegance, inner purity, and blossoming happiness.","In Pekalongan culture, the Buketan motif represents feminine elegance, inner purity, and blossoming happiness.","joy, beauty, purity, feminine grace, cheerfulness",hard
/mnt/extended-home/dzakaaufa/dataset/all_images_captioning/jlamprang145.jpg,jlamprang,jlamprang,0.9770658016204834,"In Pekalongan's spiritual tradition, the Jlamprang motif represents divine harmony, sacred order, and the link between humanity and the cosmos.","The philosophical meaning of the Jlamprang motif reflects cosmic balance, spiritual order, and sacred connection with the divine.","cosmic balance, spiritual order, sacred connection, divine harmony",hard
/mnt/extended-home/dzakaaufa/dataset/all_images_captioning/kawung65.jpg,kawung,kawung,0.8008239269256592,"In Javanese royal culture, the Kawung motif represents moral integrity, inner balance, and the wisdom of knowing one's origins.","The philosophical meaning of the Kawung motif reflects purity of heart, self-mastery, and moral balance in life.","purity of heart, self-mastery, life cycle, moral balance",hard
/mnt/extended-home/dzakaaufa/dataset/all_images_captioning/betawi33.jpg,betawi,betawi,0.9738270044326782,"Traditionally, the Betawi motif symbolizes multicultural openness, communal harmony, and joyful cultural identity.","In Betawi culture, the Betawi motif represents cross-cultural harmony, communal cheerfulness, and pride in a diverse urban identity.","multicultural openness, communal harmony, joyful identity, cultural pride",hard
/mnt/extended-home/dzakaaufa/dataset/all_images_captioning/jlamprang142.jpg,jlamprang,jlamprang,0.929850697517395,"In Pekalongan's spiritual tradition, the Jlamprang motif represents divine harmony, sacred order, and the link between humanity and the cosmos.","In Pekalongan's spiritual tradition, the Jlamprang motif represents divine harmony, sacred order, and the link between humanity and the cosmos.","cosmic balance, spiritual order, sacred connection, divine harmony",hard
/mnt/extended-home/dzakaaufa/dataset/all_images_captioning/singa_barong9.jpg,singa_barong,singa_barong,0.993159294128418,nan,"The philosophical meaning of the Singa Barong motif reflects mythological power, elemental unity, and visionary leadership.","mythological power, elemental unity, visionary leadership, sacred authority",hard
/mnt/extended-home/dzakaaufa/dataset/all_images_captioning/wirasat120.jpg,wirasat,wirasat,0.9621250033378601,"In Javanese tradition, the Wirasat motif represents the parental blessing for a new household prosperity, dignity, and answered prayers.","The philosophical meaning of the Wirasat motif reflects the fulfilment of wishes, elevated standing, and life's sufficiency.","fulfilment of wishes, elevated standing, sufficiency, parental blessing",hard
/mnt/extended-home/dzakaaufa/dataset/all_images_captioning/bokor_kencono1.jpg,bokor_kencono,bokor_kencono,0.9680109620094299,nan,"In Javanese culture, the Bokor Kencono motif represents noble character, inner wisdom, and commanding dignity.","dignity, wisdom, authority, noble character",hard
/mnt/extended-home/dzakaaufa/dataset/all_images_captioning/Afiq Jaya_35241420061001_Bandeng Lele Gapuro Lamongan_2025_FAUNA_CULTURE.jpg,Lamongan,lamongan,0.9630472660064697,"The Lamongan motif was inspired by the majesty of the lion which symbolizes courage, strength and protection. The elegant pattern reflects the balance between power and harmony in every aspect of life","Combining the icon of milkfish and catfish, which are symbols of Lamongan's natural wealth, with the gapuro (gate) element which symbolizes the entrance to a life full of hope and glory.",,hard
/mnt/extended-home/dzakaaufa/dataset/all_images_captioning/mega_mendung24.jpg,mega_mendung,mega_mendung,0.9861094355583191,nan,"The philosophical meaning of the Mega Mendung motif reflects patience, emotional calm, and spiritual serenity.","patience, emotional calm, spiritual serenity, divine protection",hard
/mnt/extended-home/dzakaaufa/dataset/all_images_captioning/sekarjagad92.jpg,sekarjagad,sekarjagad,0.9994924068450928,"In Javanese culture, the Sekarjagad motif represents the celebration of diversity, universal harmony, and the wish to radiate goodness.","Traditionally, the Sekarjagad motif symbolizes the beauty of diversity, universal harmony, and joyful coexistence.","beauty of diversity, universal harmony, radiance, coexistence",hard
/mnt/extended-home/dzakaaufa/dataset/all_images_captioning/mega_mendung89.jpg,mega_mendung,mega_mendung,0.9090481400489807,nan,"The philosophical meaning of the Mega Mendung motif reflects patience, emotional calm, and spiritual serenity.","patience, emotional calm, spiritual serenity, divine protection",hard
/mnt/extended-home/dzakaaufa/dataset/all_images_captioning/Chotifa_35241420060101_Daun Asem Bandeng Lele_2025_FLORA_FAUNA.jpg,Lamongan,lamongan,0.8199319839477539,"The Lamongan motif was inspired by the beauty of orchids which symbolizes elegance, purity and natural harmony. The elegant pattern reflects the grace and charm of nature, creating a harmonious atmosphere that brings warmth and cheerfulness.",While walking I saw tamarind leaves,,hard
/mnt/extended-home/dzakaaufa/dataset/all_images_captioning/buketan48.jpg,buketan,buketan,0.8585607409477234,"In Pekalongan culture, the Buketan motif represents feminine elegance, inner purity, and blossoming happiness.","Traditionally, the Buketan motif symbolizes joy, beauty, purity, and feminine grace.","joy, beauty, purity, feminine grace, cheerfulness",hard
/mnt/extended-home/dzakaaufa/dataset/all_images_captioning/tujuh_rupa104.jpg,tujuh_rupa,tujuh_rupa,0.9844287633895874,nan,"Traditionally, the Tujuh Rupa motif symbolizes eloquence, adaptability, and peaceful cultural diversity.","eloquence, adaptability, cultural openness, peaceful diversity",hard
/mnt/extended-home/dzakaaufa/dataset/all_images_captioning/singa_barong49.jpg,singa_barong,singa_barong,0.9581111669540405,nan,"In Cirebonese court culture, the Singa Barong motif represents sacred authority, the harmony of natural forces, and complete sovereignty.","mythological power, elemental unity, visionary leadership, sacred authority",hard
/mnt/extended-home/dzakaaufa/dataset/all_images_captioning/dayak3.jpg,dayak,dayak,0.9162105917930603,"In Dayak culture, the Dayak motif represents bravery, reverence for nature, and the leadership that shelters the community.","In Dayak culture, the Dayak motif represents bravery, reverence for nature, and the leadership that shelters the community.","courage, harmony with nature, protection, ancestral strength",hard
/mnt/extended-home/dzakaaufa/dataset/all_images_captioning/tujuh_rupa8.jpg,tujuh_rupa,tujuh_rupa,0.9860715270042419,nan,"In Pekalongan's coastal tradition, the Tujuh Rupa motif represents openness to the world, graceful adaptability, and harmony across cultures.","eloquence, adaptability, cultural openness, peaceful diversity",hard
/mnt/extended-home/dzakaaufa/dataset/all_images_captioning/betawi73.jpg,betawi,betawi,0.9719573259353638,"Traditionally, the Betawi motif symbolizes multicultural openness, communal harmony, and joyful cultural identity.","In Betawi culture, the Betawi motif represents cross-cultural harmony, communal cheerfulness, and pride in a diverse urban identity.","multicultural openness, communal harmony, joyful identity, cultural pride",hard
/mnt/extended-home/dzakaaufa/dataset/all_images_captioning/buketan97.jpg,buketan,buketan,0.9685173630714417,"In Pekalongan culture, the Buketan motif represents feminine elegance, inner purity, and blossoming happiness.","The philosophical meaning of the Buketan motif reflects joy, natural beauty, purity, and graceful femininity.","joy, beauty, purity, feminine grace, cheerfulness",hard
/mnt/extended-home/dzakaaufa/dataset/all_images_captioning/kawung22.jpg,kawung,kawung,0.9780288338661194,"In Javanese royal culture, the Kawung motif represents moral integrity, inner balance, and the wisdom of knowing one's origins.","In Javanese royal culture, the Kawung motif represents moral integrity, inner balance, and the wisdom of knowing one's origins.","purity of heart, self-mastery, life cycle, moral balance",hard
/mnt/extended-home/dzakaaufa/dataset/all_images_captioning/betawi6.jpg,betawi,betawi,0.867404580116272,"Traditionally, the Betawi motif symbolizes multicultural openness, communal harmony, and joyful cultural identity.","The philosophical meaning of the Betawi motif reflects multicultural openness, communal harmony, and joyful identity.","multicultural openness, communal harmony, joyful identity, cultural pride",hard
/mnt/extended-home/dzakaaufa/dataset/all_images_captioning/singa_barong82.JPG,singa_barong,singa_barong,0.995011568069458,nan,"Traditionally, the Singa Barong motif symbolizes mythological power, elemental unity, and visionary leadership.","mythological power, elemental unity, visionary leadership, sacred authority",hard
/mnt/extended-home/dzakaaufa/dataset/all_images_captioning/wahyu_tumurun120.jpg,wahyu_tumurun,wahyu_tumurun,0.9867253303527832,nan,"The philosophical meaning of the Wahyu Tumurun motif reflects divine grace, spiritual guidance, and noble aspiration.","divine grace, spiritual guidance, noble aspiration, heavenly blessing",hard
/mnt/extended-home/dzakaaufa/dataset/all_images_captioning/liong114.png,liong,liong,0.9896858334541321,"In Sino-Javanese tradition, the Liong motif represents celestial strength, protection from misfortune, and the blessing of abundance.","The philosophical meaning of the Liong motif reflects divine power, protection, and the blessing of prosperity.","divine power, protection, prosperity, celestial benevolence",hard
/mnt/extended-home/dzakaaufa/dataset/all_images_captioning/Data 6 Batik Bengkel (Sekar Jagad Puspakartika).jpg,Malang,malang,0.8169224262237549,"The Sekartaji batik depicts the beauty of blooming flowers with a harmonious pattern that reflects natural grace and elegance. The elegant floral motifs symbolize purity, tenderness and happiness, creating a warm atmosphere full of charm and cheerfulness.","Inspired by flowers when walking to Purwodadi Park - Inspired by the beauty of flowers when walking in Purwodadi Park, their colors and shapes create a deep impression, bringing fresh ideas to life which are reflected in works of art and creativity.",,hard
/mnt/extended-home/dzakaaufa/dataset/all_images_captioning/kawung59.jpg,kawung,kawung,0.9978614449501038,"In Javanese royal culture, the Kawung motif represents moral integrity, inner balance, and the wisdom of knowing one's origins.","Traditionally, the Kawung motif symbolizes purity of heart, self-mastery, and the eternal cycle of human life.","purity of heart, self-mastery, life cycle, moral balance",hard
/mnt/extended-home/dzakaaufa/dataset/all_images_captioning/Mekar Sari Data 4 Putihan Amarilis.jpg,Lamongan,lamongan,0.9296844601631165,"The Lamongan motif was inspired by the beauty of orchids which symbolizes elegance, purity and natural splendor. The elegant floral pattern reflects harmony with nature, conveying a sense of grace and tranquility in every aspect of life.","Symbolizes beauty, love, pride and strength",,hard
/mnt/extended-home/dzakaaufa/dataset/all_images_captioning/wahyu_tumurun44.jpg,wahyu_tumurun,wahyu_tumurun,0.9913536906242371,nan,"The philosophical meaning of the Wahyu Tumurun motif reflects divine grace, spiritual guidance, and noble aspiration.","divine grace, spiritual guidance, noble aspiration, heavenly blessing",hard
/mnt/extended-home/dzakaaufa/dataset/all_images_captioning/bokor_kencono94.jpg,bokor_kencono,bokor_kencono,0.8452637791633606,nan,"The philosophical meaning of the Bokor Kencono motif reflects dignity, wisdom, and the aspiration for lasting authority.","dignity, wisdom, authority, noble character",hard
/mnt/extended-home/dzakaaufa/dataset/all_images_captioning/Data 18 Batik Rahayu (Sekar Jagat Rahayu).jpg,Trenggalek,trenggalek,0.9038840532302856,"The beauty of blooming flowers reflects joy, hope and life's natural harmony. The graceful pattern symbolizes happiness, radiance and purity, creating harmony between nature and culture.","The flower motif blooms gracefully, symbolizing beauty and happiness in marriage. The harmonious pattern reflects love, purity and hope for a life full of blessings",,hard
/mnt/extended-home/dzakaaufa/dataset/all_images_captioning/wahyu_tumurun55.jpg,wahyu_tumurun,wahyu_tumurun,0.9386510252952576,nan,"In Javanese royal tradition, the Wahyu Tumurun motif represents the descent of divine favour, noble ambition, and spiritual guidance.","divine grace, spiritual guidance, noble aspiration, heavenly blessing",hard
/mnt/extended-home/dzakaaufa/dataset/all_images_captioning/dayak79.jpg,dayak,dayak,0.987644612789154,"In Dayak culture, the Dayak motif represents bravery, reverence for nature, and the leadership that shelters the community.","Traditionally, the Dayak motif symbolizes courage, harmony with nature, and protective ancestral strength.","courage, harmony with nature, protection, ancestral strength",hard
/mnt/extended-home/dzakaaufa/dataset/all_images_captioning/Data 11 Batik Soendari (Bantengan).jpg,Malang,malang,0.8891421556472778,"The Sekartaji mask motif was inspired by the beauty of Sekartaji who was the daughter of the king of Kediri in the 8th century. The mask motif combines Javanese culture with modern elements, creating unique art that reflects local wisdom.",To introduce Mberot or Bantengan regional arts to the general public.,,hard
/mnt/extended-home/dzakaaufa/dataset/all_images_captioning/sidomukti87.jpg,sidomukti,sidomukti,0.9009327292442322,"In Surakarta court tradition, the Sidomukti motif represents prosperity, inner contentment, and the blessing of a flourishing life.","In Surakarta court tradition, the Sidomukti motif represents prosperity, inner contentment, and the blessing of a flourishing life.","enduring happiness, fulfilment, prosperity, spiritual wholeness",hard
/mnt/extended-home/dzakaaufa/dataset/all_images_captioning/sidomulyo132.jpg,sidomulyo,sidomulyo,0.9487726092338562,"In Javanese Mataram tradition, the Sidomulyo motif represents continuous glory, dignified life, and the mastery of one's inner impulses.","In Javanese Mataram tradition, the Sidomulyo motif represents continuous glory, dignified life, and the mastery of one's inner impulses.","glory, enduring honour, inner mastery, dignified life",hard
/mnt/extended-home/dzakaaufa/dataset/all_images_captioning/jlamprang2.jpg,jlamprang,jlamprang,0.9527466297149658,"In Pekalongan's spiritual tradition, the Jlamprang motif represents divine harmony, sacred order, and the link between humanity and the cosmos.","In Pekalongan's spiritual tradition, the Jlamprang motif represents divine harmony, sacred order, and the link between humanity and the cosmos.","cosmic balance, spiritual order, sacred connection, divine harmony",hard
/mnt/extended-home/dzakaaufa/dataset/all_images_captioning/srikaton66.jpg,srikaton,srikaton,0.9826181530952454,"In Javanese tradition, the Srikaton motif represents visible grace, the flourishing of nature, and the strength to overcome adversity.","The philosophical meaning of the Srikaton motif reflects divine radiance, natural abundance, and resilience.","divine radiance, natural abundance, resilience, visible grace",hard
/mnt/extended-home/dzakaaufa/dataset/all_images_captioning/wirasat40.jpg,wirasat,wirasat,0.9449173808097839,"In Javanese tradition, the Wirasat motif represents the parental blessing for a new household prosperity, dignity, and answered prayers.","Traditionally, the Wirasat motif symbolizes the fulfilment of wholesome wishes, elevated standing, and life's sufficiency.","fulfilment of wishes, elevated standing, sufficiency, parental blessing",hard
/mnt/extended-home/dzakaaufa/dataset/all_images_captioning/kawung90.jpg,kawung,kawung,0.9688471555709839,"In Javanese royal culture, the Kawung motif represents moral integrity, inner balance, and the wisdom of knowing one's origins.","Traditionally, the Kawung motif symbolizes purity of heart, self-mastery, and the eternal cycle of human life.","purity of heart, self-mastery, life cycle, moral balance",hard
/mnt/extended-home/dzakaaufa/dataset/all_images_captioning/parang64.jpg,parang,parang,0.9953789710998535,"In Javanese culture, the Parang motif represents determination, resilience, and steadfast commitment.","Traditionally, the Parang motif symbolizes perseverance, courage, and continuity in life.","perseverance, courage, continuity, relentless self-improvement",hard
/mnt/extended-home/dzakaaufa/dataset/all_images_captioning/mega_mendung32.jpg,mega_mendung,mega_mendung,0.9859932661056519,nan,"Traditionally, the Mega Mendung motif symbolizes patience, emotional calm, and spiritual serenity.","patience, emotional calm, spiritual serenity, divine protection",hard
/mnt/extended-home/dzakaaufa/dataset/all_images_captioning/Data 19 Batik Rahayu (Turonggo Yakso).jpg,Trenggalek,trenggalek,0.9145964980125427,"The Trenggalek motif depicts the struggle between good and evil through the dynamic dance of mask dancers. The harmonious pattern reflects balance,教义和 local wisdom.","Depicts the might and beauty of traditional art through horse motifs, drums and dynamic dance movements. The energetic pattern symbolizes passion, courage, and cultural heritage that has survived throughout the ages.",,hard
/mnt/extended-home/dzakaaufa/dataset/all_images_captioning/Data 23 Batik Wagastu (Liris Kopi).jpg,Malang,malang,0.8881641030311584,"The Sekartaji batik motif was inspired by the beauty of Sekartaji's flowers which were blooming in the yard when the designer visited her friend's house. The elegant pattern reflects tranquility, natural beauty and purity of heart.","The natural beauty and glory of coffee in Dampit village which is known as the coffee center in Malang. This motif depicts the expanse of coffee plantations, the harvest process, and the spirit of farmers.",,hard
/mnt/extended-home/dzakaaufa/dataset/all_images_captioning/wirasat96.jpg,wirasat,wirasat,0.9663403034210205,"In Javanese tradition, the Wirasat motif represents the parental blessing for a new household prosperity, dignity, and answered prayers.","Traditionally, the Wirasat motif symbolizes the fulfilment of wholesome wishes, elevated standing, and life's sufficiency.","fulfilment of wishes, elevated standing, sufficiency, parental blessing",hard
/mnt/extended-home/dzakaaufa/dataset/all_images_captioning/mega_mendung49.jpg,mega_mendung,mega_mendung,0.9839608669281006,nan,"The philosophical meaning of the Mega Mendung motif reflects patience, emotional calm, and spiritual serenity.","patience, emotional calm, spiritual serenity, divine protection",hard
/mnt/extended-home/dzakaaufa/dataset/all_images_captioning/kawung73.jpg,kawung,kawung,0.9868782162666321,"In Javanese royal culture, the Kawung motif represents moral integrity, inner balance, and the wisdom of knowing one's origins.","Traditionally, the Kawung motif symbolizes purity of heart, self-mastery, and the eternal cycle of human life.","purity of heart, self-mastery, life cycle, moral balance",hard
/mnt/extended-home/dzakaaufa/dataset/all_images_captioning/liong35.jpeg,liong,liong,0.9806383848190308,"In Sino-Javanese tradition, the Liong motif represents celestial strength, protection from misfortune, and the blessing of abundance.","Traditionally, the Liong motif symbolizes divine power, protection, and enduring prosperity.","divine power, protection, prosperity, celestial benevolence",hard
/mnt/extended-home/dzakaaufa/dataset/all_images_captioning/Azyfa_35241420060310_Kembang Sepatu Kombinasi Mawar_2025_FLORA.jpg,Lamongan,lamongan,0.9860992431640625,"The Lamongan motif was inspired by the beauty of flowers in the yard of the batik studio owner's house when on vacation. The natural beauty of various types of flowers that grow abundantly in the yard has been combined with classic batik elements, creating unique works full of warmth and cheerfulness.",Inspired by plants that are often found in home gardens,,hard
/mnt/extended-home/dzakaaufa/dataset/all_images_captioning/Azyfa_35241420060308_Kupu- Kupu Bunga Krisan_2020_FAUNA_FLORA.jpg,Lamongan,lamongan,0.9463732242584229,"The beauty of flowers blooming in harmony with nature's grace reflects purity, joy and hope for a better future. The harmonious pattern symbolizes sincerity, elegance and natural charm, creating a warm atmosphere full of life.",Inspired by the beauty of butterflies fluttering among chrysanthemum flowers.,,hard
/mnt/extended-home/dzakaaufa/dataset/all_images_captioning/Data 16 Batik Lana (Daun teh dan embun).jpg,Malang,malang,0.7948419451713562,"The Sekartaji batik depicts the beauty of blooming flowers with a harmonious pattern that reflects joy and natural beauty. The graceful floral motifs symbolize happiness, purity and hope for a bright future.",Inspired by tea leaves from the Wonosari tea garden and dew balls in the morning.,,hard
/mnt/extended-home/dzakaaufa/dataset/all_images_captioning/sidomukti11.jpg,sidomukti,sidomukti,0.9887280464172363,"In Surakarta court tradition, the Sidomukti motif represents prosperity, inner contentment, and the blessing of a flourishing life.","In Surakarta court tradition, the Sidomukti motif represents prosperity, inner contentment, and the blessing of a flourishing life.","enduring happiness, fulfilment, prosperity, spiritual wholeness",hard
/mnt/extended-home/dzakaaufa/dataset/all_images_captioning/parang119.jpg,parang,parang,0.9978280663490295,"In Javanese culture, the Parang motif represents determination, resilience, and steadfast commitment.","The philosophical meaning of the Parang motif reflects inner strength, persistence, and lifelong growth.","perseverance, courage, continuity, relentless self-improvement",hard
/mnt/extended-home/dzakaaufa/dataset/all_images_captioning/buketan95.png,buketan,buketan,0.9427305459976196,"In Pekalongan culture, the Buketan motif represents feminine elegance, inner purity, and blossoming happiness.","The philosophical meaning of the Buketan motif reflects joy, natural beauty, purity, and graceful femininity.","joy, beauty, purity, feminine grace, cheerfulness",hard
/mnt/extended-home/dzakaaufa/dataset/all_images_captioning/jlamprang126.jpg,jlamprang,jlamprang,0.9962641596794128,"In Pekalongan's spiritual tradition, the Jlamprang motif represents divine harmony, sacred order, and the link between humanity and the cosmos.","The philosophical meaning of the Jlamprang motif reflects cosmic balance, spiritual order, and sacred connection with the divine.","cosmic balance, spiritual order, sacred connection, divine harmony",hard
/mnt/extended-home/dzakaaufa/dataset/all_images_captioning/betawi145.jpg,betawi,betawi,0.997577965259552,"Traditionally, the Betawi motif symbolizes multicultural openness, communal harmony, and joyful cultural identity.","The philosophical meaning of the Betawi motif reflects multicultural openness, communal harmony, and joyful identity.","multicultural openness, communal harmony, joyful identity, cultural pride",hard
/mnt/extended-home/dzakaaufa/dataset/all_images_captioning/bokor_kencono137.jpg,bokor_kencono,bokor_kencono,0.9936125874519348,nan,"The philosophical meaning of the Bokor Kencono motif reflects dignity, wisdom, and the aspiration for lasting authority.","dignity, wisdom, authority, noble character",hard
/mnt/extended-home/dzakaaufa/dataset/all_images_captioning/sidomukti64.jpg,sidomukti,sidomukti,0.8886959552764893,"In Surakarta court tradition, the Sidomukti motif represents prosperity, inner contentment, and the blessing of a flourishing life.","Traditionally, the Sidomukti motif symbolizes enduring happiness, fulfilment, and spiritual wholeness.","enduring happiness, fulfilment, prosperity, spiritual wholeness",hard
/mnt/extended-home/dzakaaufa/dataset/all_images_captioning/buketan19.jpg,buketan,buketan,0.8921343088150024,"In Pekalongan culture, the Buketan motif represents feminine elegance, inner purity, and blossoming happiness.","The philosophical meaning of the Buketan motif reflects joy, natural beauty, purity, and graceful femininity.","joy, beauty, purity, feminine grace, cheerfulness",hard
/mnt/extended-home/dzakaaufa/dataset/all_images_captioning/bokor_kencono61.jpg,bokor_kencono,bokor_kencono,0.9537979364395142,nan,"In Javanese culture, the Bokor Kencono motif represents noble character, inner wisdom, and commanding dignity.","dignity, wisdom, authority, noble character",hard
/mnt/extended-home/dzakaaufa/dataset/all_images_captioning/liong23.jpg,liong,liong,0.9861887097358704,"In Sino-Javanese tradition, the Liong motif represents celestial strength, protection from misfortune, and the blessing of abundance.","Traditionally, the Liong motif symbolizes divine power, protection, and enduring prosperity.","divine power, protection, prosperity, celestial benevolence",hard
/mnt/extended-home/dzakaaufa/dataset/all_images_captioning/sekarjagad30.jpg,sekarjagad,sekarjagad,0.9985346794128418,"In Javanese culture, the Sekarjagad motif represents the celebration of diversity, universal harmony, and the wish to radiate goodness.","The philosophical meaning of the Sekarjagad motif reflects the beauty of diversity, universal harmony, and radiant coexistence.","beauty of diversity, universal harmony, radiance, coexistence",hard
/mnt/extended-home/dzakaaufa/dataset/all_images_captioning/tuntrum125.jpg,tuntrum,truntum,0.9689305424690247,"In Javanese tradition, the Truntum motif represents visible grace, the flourishing of nature, and the strength to overcome adversity.","In Surakarta royal tradition, the Truntum motif represents unconditional love, the rekindling of affection, and parental guidance.","sincere love, devotion, renewal of affection, patience",hard
/mnt/extended-home/dzakaaufa/dataset/all_images_captioning/jlamprang86.png,jlamprang,jlamprang,0.9714831113815308,"In Pekalongan's spiritual tradition, the Jlamprang motif represents divine harmony, sacred order, and the link between humanity and the cosmos.","The philosophical meaning of the Jlamprang motif reflects cosmic balance, spiritual order, and sacred connection with the divine.","cosmic balance, spiritual order, sacred connection, divine harmony",hard
/mnt/extended-home/dzakaaufa/dataset/all_images_captioning/dayak12.jpg,dayak,dayak,0.9812677502632141,"In Dayak culture, the Dayak motif represents bravery, reverence for nature, and the leadership that shelters the community.","Traditionally, the Dayak motif symbolizes courage, harmony with nature, and protective ancestral strength.","courage, harmony with nature, protection, ancestral strength",hard
/mnt/extended-home/dzakaaufa/dataset/all_images_captioning/sidomulyo125.jpg,sidomulyo,sidomulyo,0.9942319989204407,"In Javanese Mataram tradition, the Sidomulyo motif represents continuous glory, dignified life, and the mastery of one's inner impulses.","The philosophical meaning of the Sidomulyo motif reflects glory, enduring honour, and the pursuit of a dignified life.","glory, enduring honour, inner mastery, dignified life",hard
/mnt/extended-home/dzakaaufa/dataset/all_images_captioning/dayak91.jpeg,dayak,dayak,0.9876965880393982,"In Dayak culture, the Dayak motif represents bravery, reverence for nature, and the leadership that shelters the community.","In Dayak culture, the Dayak motif represents bravery, reverence for nature, and the leadership that shelters the community.","courage, harmony with nature, protection, ancestral strength",hard
/mnt/extended-home/dzakaaufa/dataset/all_images_captioning/sidoluhur46.jpg,sidoluhur,sidoluhur,0.9899455904960632,"In Javanese tradition, the Sidoluhur motif represents the pursuit of virtue, dignified conduct, and the honour of righteous leadership.","In Javanese tradition, the Sidoluhur motif represents the pursuit of virtue, dignified conduct, and the honour of righteous leadership.","noble character, moral elevation, dignity, exemplary conduct",hard
/mnt/extended-home/dzakaaufa/dataset/all_images_captioning/tribusono133.jpg,tribusono,tribusono,0.9620786309242249,"Traditionally, the Tribusono motif symbolizes regeneration, harmony, and the continuity of cultural values.","In Surakarta batik tradition, the Tribusono motif represents the balance of physical, social, and spiritual dimensions of life.","regeneration, harmony, cultural continuity, ecological awareness",hard
/mnt/extended-home/dzakaaufa/dataset/all_images_captioning/sidoluhur41.jpg,sidoluhur,sidoluhur,0.9893934726715088,"In Javanese tradition, the Sidoluhur motif represents the pursuit of virtue, dignified conduct, and the honour of righteous leadership.","In Javanese tradition, the Sidoluhur motif represents the pursuit of virtue, dignified conduct, and the honour of righteous leadership.","noble character, moral elevation, dignity, exemplary conduct",hard
/mnt/extended-home/dzakaaufa/dataset/all_images_captioning/parang6.jpg,parang,parang,0.9772529006004333,"In Javanese culture, the Parang motif represents determination, resilience, and steadfast commitment.","Traditionally, the Parang motif symbolizes perseverance, courage, and continuity in life.","perseverance, courage, continuity, relentless self-improvement",hard
/mnt/extended-home/dzakaaufa/dataset/all_images_captioning/tribusono96.jpg,tribusono,tribusono,0.9176279902458191,"In Surakarta batik tradition, the Tribusono motif represents the balance of physical, social, and spiritual dimensions of life.","Traditionally, the Tribusono motif symbolizes regeneration, harmony, and the continuity of cultural values.","regeneration, harmony, cultural continuity, ecological awareness",hard
/mnt/extended-home/dzakaaufa/dataset/all_images_captioning/wirasat50.jpg,wirasat,wirasat,0.9863225221633911,"In Javanese tradition, the Wirasat motif represents the parental blessing for a new household prosperity, dignity, and answered prayers.","In Javanese tradition, the Wirasat motif represents the parental blessing for a new household — prosperity, dignity, and answered prayers.","fulfilment of wishes, elevated standing, sufficiency, parental blessing",hard
/mnt/extended-home/dzakaaufa/dataset/all_images_captioning/Data 3 Batik Baronggung (Ombak Segoro).jpg,Tulungagung,tulungagung,0.9929799437522888,The beauty of blooming flowers inspired by a trip to a garden full of color./ The inspiration for this motif came from a trip to a colorful flower garden./,"Describes the beauty of a row of beaches with dynamic wave motifs. The wavy pattern reflects the strength and calm of the sea, coastal life full of wisdom.",,hard
/mnt/extended-home/dzakaaufa/dataset/all_images_captioning/sidomulyo150.jpg,sidomulyo,sidomulyo,0.947271466255188,"In Javanese Mataram tradition, the Sidomulyo motif represents continuous glory, dignified life, and the mastery of one's inner impulses.","Traditionally, the Sidomulyo motif symbolizes glory, enduring honour, and a life of inner mastery.","glory, enduring honour, inner mastery, dignified life",hard
/mnt/extended-home/dzakaaufa/dataset/all_images_captioning/Data 24 Batik Wagastu (Sekar Setaman).jpg,Malang,malang,0.7658290266990662,"The Sekartaji batik motif was inspired by the beauty of Sekartaji's elegance when she met with the king in the city of Malang. This meeting symbolized sincerity, harmony and balance between humans and nature.","The pristine natural beauty of the Purwodadi botanical garden. This motif reflects the richness of flora, balance of life, and natural harmony that is continuously maintained.",,hard
/mnt/extended-home/dzakaaufa/dataset/all_images_captioning/parang73.jpg,parang,parang,0.9876277446746826,"In Javanese culture, the Parang motif represents determination, resilience, and steadfast commitment.","The philosophical meaning of the Parang motif reflects inner strength, persistence, and lifelong growth.","perseverance, courage, continuity, relentless self-improvement",hard
/mnt/extended-home/dzakaaufa/dataset/all_images_captioning/Data 8 Batik Soendari (Pagi Sore Lereng Apel).jpg,Malang,malang,0.8287477493286133,"The story of Malang apples began when the city of Malang was given the title of Apple City in 2008. Since then, the city has been promoting apple cultivation as part of local culture.","Malang is the only area in Indonesia that has apple plantations. Therefore, apples have become one of the icons of Malang.",,hard
/mnt/extended-home/dzakaaufa/dataset/all_images_captioning/mega_mendung25.jpg,mega_mendung,mega_mendung,0.991419792175293,nan,"In Cirebonese court culture, the Mega Mendung motif represents composure, inner peace, and the grace of divine protection.","patience, emotional calm, spiritual serenity, divine protection",hard
/mnt/extended-home/dzakaaufa/dataset/all_images_captioning/buketan32.jpg,buketan,buketan,0.9719798564910889,"In Pekalongan culture, the Buketan motif represents feminine elegance, inner purity, and blossoming happiness.","Traditionally, the Buketan motif symbolizes joy, beauty, purity, and feminine grace.","joy, beauty, purity, feminine grace, cheerfulness",hard
/mnt/extended-home/dzakaaufa/dataset/all_images_captioning/liong28.jpeg,liong,liong,0.9906604886054993,"In Sino-Javanese tradition, the Liong motif represents celestial strength, protection from misfortune, and the blessing of abundance.","In Sino-Javanese tradition, the Liong motif represents celestial strength, protection from misfortune, and the blessing of abundance.","divine power, protection, prosperity, celestial benevolence",hard
/mnt/extended-home/dzakaaufa/dataset/all_images_captioning/wirasat57.jpg,wirasat,wirasat,0.9873133301734924,"In Javanese tradition, the Wirasat motif represents the parental blessing for a new household prosperity, dignity, and answered prayers.","In Javanese tradition, the Wirasat motif represents the parental blessing for a new household — prosperity, dignity, and answered prayers.","fulfilment of wishes, elevated standing, sufficiency, parental blessing",hard
/mnt/extended-home/dzakaaufa/dataset/all_images_captioning/Data 25 Batik Soendari (Teratai Sekartaji 3 Dimensi).jpg,Malang,malang,0.9803861975669861,The Sekartaji mask motif was inspired by the beauty of Sekartaji who was the daughter of the king of Kediri. The elegant and graceful pattern reflects the majesty of Sekartaji's life which was full of glory and splendor.,The symbol of a wise woman combined with the lotus. Generally it is a headdress for Sekartaji masks,,hard
/mnt/extended-home/dzakaaufa/dataset/all_images_captioning/wirasat114.jpg,wirasat,wirasat,0.9909191131591797,"In Javanese tradition, the Wirasat motif represents the parental blessing for a new household prosperity, dignity, and answered prayers.","In Javanese tradition, the Wirasat motif represents the parental blessing for a new household — prosperity, dignity, and answered prayers.","fulfilment of wishes, elevated standing, sufficiency, parental blessing",hard
/mnt/extended-home/dzakaaufa/dataset/all_images_captioning/wahyu_tumurun8.jpg,wahyu_tumurun,wahyu_tumurun,0.9575636386871338,nan,"The philosophical meaning of the Wahyu Tumurun motif reflects divine grace, spiritual guidance, and noble aspiration.","divine grace, spiritual guidance, noble aspiration, heavenly blessing",hard
/mnt/extended-home/dzakaaufa/dataset/all_images_captioning/sekarjagad146.jpg,sekarjagad,sekarjagad,0.9980227947235107,"In Javanese culture, the Sekarjagad motif represents the celebration of diversity, universal harmony, and the wish to radiate goodness.","Traditionally, the Sekarjagad motif symbolizes the beauty of diversity, universal harmony, and joyful coexistence.","beauty of diversity, universal harmony, radiance, coexistence",hard
/mnt/extended-home/dzakaaufa/dataset/all_images_captioning/betawi49.jpg,betawi,betawi,0.9979900121688843,"Traditionally, the Betawi motif symbolizes multicultural openness, communal harmony, and joyful cultural identity.","Traditionally, the Betawi motif symbolizes multicultural openness, communal harmony, and joyful cultural identity.","multicultural openness, communal harmony, joyful identity, cultural pride",hard
/mnt/extended-home/dzakaaufa/dataset/all_images_captioning/sidomulyo64.jpg,sidomulyo,sidomulyo,0.9729278087615967,"In Javanese Mataram tradition, the Sidomulyo motif represents continuous glory, dignified life, and the mastery of one's inner impulses.","The philosophical meaning of the Sidomulyo motif reflects glory, enduring honour, and the pursuit of a dignified life.","glory, enduring honour, inner mastery, dignified life",hard
/mnt/extended-home/dzakaaufa/dataset/all_images_captioning/tuntrum119.jpg,tuntrum,truntum,0.9643880724906921,"In Javanese tradition, the Truntum motif represents visible grace, the flourishing of nature, and the strength to overcome adversity.","The philosophical meaning of the Truntum motif reflects sincere love, quiet devotion, and renewal of affection through patience.","sincere love, devotion, renewal of affection, patience",hard
/mnt/extended-home/dzakaaufa/dataset/all_images_captioning/tujuh_rupa23.jpg,tujuh_rupa,tujuh_rupa,0.9710589051246643,nan,"The philosophical meaning of the Tujuh Rupa motif reflects eloquence, adaptability, and the richness of peaceful cultural exchange.","eloquence, adaptability, cultural openness, peaceful diversity",hard
/mnt/extended-home/dzakaaufa/dataset/all_images_captioning/bokor_kencono9.jpg,bokor_kencono,bokor_kencono,0.9942947030067444,nan,"In Javanese culture, the Bokor Kencono motif represents noble character, inner wisdom, and commanding dignity.","dignity, wisdom, authority, noble character",hard
/mnt/extended-home/dzakaaufa/dataset/all_images_captioning/singa_barong73.jpg,singa_barong,singa_barong,0.9795229434967041,nan,"The philosophical meaning of the Singa Barong motif reflects mythological power, elemental unity, and visionary leadership.","mythological power, elemental unity, visionary leadership, sacred authority",hard
/mnt/extended-home/dzakaaufa/dataset/all_images_captioning/srikaton145.jpg,srikaton,srikaton,0.9779940247535706,"In Javanese tradition, the Srikaton motif represents visible grace, the flourishing of nature, and the strength to overcome adversity.","In Javanese tradition, the Srikaton motif represents visible grace, the flourishing of nature, and the strength to overcome adversity.","divine radiance, natural abundance, resilience, visible grace",hard
/mnt/extended-home/dzakaaufa/dataset/all_images_captioning/dayak20.jpg,dayak,dayak,0.995342493057251,"In Dayak culture, the Dayak motif represents bravery, reverence for nature, and the leadership that shelters the community.","In Dayak culture, the Dayak motif represents bravery, reverence for nature, and the leadership that shelters the community.","courage, harmony with nature, protection, ancestral strength",hard
/mnt/extended-home/dzakaaufa/dataset/all_images_captioning/liong99.jpg,liong,liong,0.9890622496604919,"In Sino-Javanese tradition, the Liong motif represents celestial strength, protection from misfortune, and the blessing of abundance.","The philosophical meaning of the Liong motif reflects divine power, protection, and the blessing of prosperity.","divine power, protection, prosperity, celestial benevolence",hard
/mnt/extended-home/dzakaaufa/dataset/all_images_captioning/tuntrum117.jpg,tuntrum,truntum,0.9343078136444092,"In Javanese tradition, the Truntum motif represents visible grace, the flourishing of nature, and the strength to overcome adversity.","The philosophical meaning of the Truntum motif reflects sincere love, quiet devotion, and renewal of affection through patience.","sincere love, devotion, renewal of affection, patience",hard
/mnt/extended-home/dzakaaufa/dataset/all_images_captioning/wahyu_tumurun113.jpg,wahyu_tumurun,wahyu_tumurun,0.9804906249046326,nan,"In Javanese royal tradition, the Wahyu Tumurun motif represents the descent of divine favour, noble ambition, and spiritual guidance.","divine grace, spiritual guidance, noble aspiration, heavenly blessing",hard
/mnt/extended-home/dzakaaufa/dataset/all_images_captioning/sidoluhur143.jpg,sidoluhur,sidoluhur,0.9961430430412292,"In Javanese tradition, the Sidoluhur motif represents the pursuit of virtue, dignified conduct, and the honour of righteous leadership.","In Javanese tradition, the Sidoluhur motif represents the pursuit of virtue, dignified conduct, and the honour of righteous leadership.","noble character, moral elevation, dignity, exemplary conduct",hard
/mnt/extended-home/dzakaaufa/dataset/all_images_captioning/srikaton36.jpg,srikaton,srikaton,0.9474010467529297,"In Javanese tradition, the Srikaton motif represents visible grace, the flourishing of nature, and the strength to overcome adversity.","Traditionally, the Srikaton motif symbolizes divine radiance, natural abundance, and resilient grace.","divine radiance, natural abundance, resilience, visible grace",hard
/mnt/extended-home/dzakaaufa/dataset/all_images_captioning/parang48.jpg,parang,parang,0.9890081882476807,"In Javanese culture, the Parang motif represents determination, resilience, and steadfast commitment.","The philosophical meaning of the Parang motif reflects inner strength, persistence, and lifelong growth.","perseverance, courage, continuity, relentless self-improvement",hard
/mnt/extended-home/dzakaaufa/dataset/all_images_captioning/bokor_kencono120.jpg,bokor_kencono,bokor_kencono,0.9843308329582214,nan,"In Javanese culture, the Bokor Kencono motif represents noble character, inner wisdom, and commanding dignity.","dignity, wisdom, authority, noble character",hard
/mnt/extended-home/dzakaaufa/dataset/all_images_captioning/tuntrum110.jpg,tuntrum,truntum,0.9684627056121826,"In Javanese tradition, the Truntum motif represents visible grace, the flourishing of nature, and the strength to overcome adversity.","Traditionally, the Truntum motif symbolizes sincere love, quiet devotion, and the renewal of affection.","sincere love, devotion, renewal of affection, patience",hard
/mnt/extended-home/dzakaaufa/dataset/all_images_captioning/wahyu_tumurun6.jpg,wahyu_tumurun,wahyu_tumurun,0.9144096970558167,nan,"Traditionally, the Wahyu Tumurun motif symbolizes divine grace, spiritual guidance, and noble aspiration.","divine grace, spiritual guidance, noble aspiration, heavenly blessing",hard
/mnt/extended-home/dzakaaufa/dataset/all_images_captioning/sidomulyo11.jpg,sidomulyo,sidomulyo,0.9498597979545593,"In Javanese Mataram tradition, the Sidomulyo motif represents continuous glory, dignified life, and the mastery of one's inner impulses.","Traditionally, the Sidomulyo motif symbolizes glory, enduring honour, and a life of inner mastery.","glory, enduring honour, inner mastery, dignified life",hard
/mnt/extended-home/dzakaaufa/dataset/all_images_captioning/sidoluhur73.jpg,sidoluhur,sidoluhur,0.84876948595047,"In Javanese tradition, the Sidoluhur motif represents the pursuit of virtue, dignified conduct, and the honour of righteous leadership.","Traditionally, the Sidoluhur motif symbolizes noble character, moral elevation, and dignified exemplary conduct.","noble character, moral elevation, dignity, exemplary conduct",hard
/mnt/extended-home/dzakaaufa/dataset/all_images_captioning/jlamprang38.jpg,jlamprang,jlamprang,0.9852035045623779,"In Pekalongan's spiritual tradition, the Jlamprang motif represents divine harmony, sacred order, and the link between humanity and the cosmos.","Traditionally, the Jlamprang motif symbolizes cosmic balance, spiritual order, and sacred connection with the divine.","cosmic balance, spiritual order, sacred connection, divine harmony",hard
/mnt/extended-home/dzakaaufa/dataset/all_images_captioning/betawi143.jpg,betawi,betawi,0.9672368168830872,"Traditionally, the Betawi motif symbolizes multicultural openness, communal harmony, and joyful cultural identity.","Traditionally, the Betawi motif symbolizes multicultural openness, communal harmony, and joyful cultural identity.","multicultural openness, communal harmony, joyful identity, cultural pride",hard
/mnt/extended-home/dzakaaufa/dataset/all_images_captioning/sidoluhur2.jpg,sidoluhur,sidoluhur,0.9946098327636719,"In Javanese tradition, the Sidoluhur motif represents the pursuit of virtue, dignified conduct, and the honour of righteous leadership.","In Javanese tradition, the Sidoluhur motif represents the pursuit of virtue, dignified conduct, and the honour of righteous leadership.","noble character, moral elevation, dignity, exemplary conduct",hard
/mnt/extended-home/dzakaaufa/dataset/all_images_captioning/Afiq Jaya_35241420061006_Bandeng Lele Teratai_2024_FAUNA_FLORA.jpg,Lamongan,lamongan,0.9393550753593445,"The Lamongan batik motif was inspired by the beauty of flowers found in the garden of the batik maker's mother. The elegant floral pattern reflects warmth, purity and natural beauty.","This batik is inspired by the aquatic life around Sendang Duwur, where milkfish and catfish are also a symbol of the balance of fresh and brackish water ecosystems. The lotus symbolizes steadfastness, because it is able to grow beautifully even in murky water. This illustrates the harmony between nature and the lives of coastal communities.",,hard
/mnt/extended-home/dzakaaufa/dataset/all_images_captioning/dayak127.jpg,dayak,dayak,0.9654076099395752,"In Dayak culture, the Dayak motif represents bravery, reverence for nature, and the leadership that shelters the community.","The philosophical meaning of the Dayak motif reflects courage, harmony with nature, and the protective strength of ancestral wisdom.","courage, harmony with nature, protection, ancestral strength",hard
/mnt/extended-home/dzakaaufa/dataset/all_images_captioning/tribusono117.jpg,tribusono,tribusono,0.9772884249687195,"Traditionally, the Tribusono motif symbolizes regeneration, harmony, and the continuity of cultural values.","In Surakarta batik tradition, the Tribusono motif represents the balance of physical, social, and spiritual dimensions of life.","regeneration, harmony, cultural continuity, ecological awareness",hard
/mnt/extended-home/dzakaaufa/dataset/all_images_captioning/betawi87.jpg,betawi,betawi,0.9952701926231384,"Traditionally, the Betawi motif symbolizes multicultural openness, communal harmony, and joyful cultural identity.","The philosophical meaning of the Betawi motif reflects multicultural openness, communal harmony, and joyful identity.","multicultural openness, communal harmony, joyful identity, cultural pride",hard
/mnt/extended-home/dzakaaufa/dataset/all_images_captioning/tuntrum44.jpg,tuntrum,truntum,0.9075355529785156,"In Javanese tradition, the Truntum motif represents visible grace, the flourishing of nature, and the strength to overcome adversity.","In Surakarta royal tradition, the Truntum motif represents unconditional love, the rekindling of affection, and parental guidance.","sincere love, devotion, renewal of affection, patience",hard
/mnt/extended-home/dzakaaufa/dataset/all_images_captioning/Data 28 Batik Tiepuk (Hutan Kota Trenggalek).jpg,Trenggalek,trenggalek,0.9915907382965088,"The elegant clove flower motif symbolizes prosperity, beauty and natural wealth. The harmonious pattern reflects local wisdom and cultural heritage, bringing harmony between nature and life.","inspired by the forests of Trenggalek City, it depicts the beauty of nature through motifs of shady trees and leaves. Natural patterns reflect ecosystem balance, hope for environmental sustainability, and harmony between humans and nature in urban life.",,hard
/mnt/extended-home/dzakaaufa/dataset/all_images_captioning/bokor_kencono69.jpg,bokor_kencono,bokor_kencono,0.930176317691803,nan,"The philosophical meaning of the Bokor Kencono motif reflects dignity, wisdom, and the aspiration for lasting authority.","dignity, wisdom, authority, noble character",hard
/mnt/extended-home/dzakaaufa/dataset/all_images_captioning/sidomukti10.jpg,sidomukti,sidomukti,0.9458760023117065,"In Surakarta court tradition, the Sidomukti motif represents prosperity, inner contentment, and the blessing of a flourishing life.","In Surakarta court tradition, the Sidomukti motif represents prosperity, inner contentment, and the blessing of a flourishing life.","enduring happiness, fulfilment, prosperity, spiritual wholeness",hard
/mnt/extended-home/dzakaaufa/dataset/all_images_captioning/sekarjagad150.jpg,sekarjagad,sekarjagad,0.9993983507156372,"In Javanese culture, the Sekarjagad motif represents the celebration of diversity, universal harmony, and the wish to radiate goodness.","In Javanese culture, the Sekarjagad motif represents the celebration of diversity, universal harmony, and the wish to radiate goodness.","beauty of diversity, universal harmony, radiance, coexistence",hard
/mnt/extended-home/dzakaaufa/dataset/all_images_captioning/sidoluhur127.jpg,sidoluhur,sidoluhur,0.9898170232772827,"In Javanese tradition, the Sidoluhur motif represents the pursuit of virtue, dignified conduct, and the honour of righteous leadership.","The philosophical meaning of the Sidoluhur motif reflects noble character, moral elevation, and the aspiration for dignified conduct.","noble character, moral elevation, dignity, exemplary conduct",hard
/mnt/extended-home/dzakaaufa/dataset/all_images_captioning/buketan11.jpg,buketan,buketan,0.9914360642433167,"In Pekalongan culture, the Buketan motif represents feminine elegance, inner purity, and blossoming happiness.","Traditionally, the Buketan motif symbolizes joy, beauty, purity, and feminine grace.","joy, beauty, purity, feminine grace, cheerfulness",hard
/mnt/extended-home/dzakaaufa/dataset/all_images_captioning/tujuh_rupa121.jpg,tujuh_rupa,tujuh_rupa,0.9872907996177673,nan,"Traditionally, the Tujuh Rupa motif symbolizes eloquence, adaptability, and peaceful cultural diversity.","eloquence, adaptability, cultural openness, peaceful diversity",hard
/mnt/extended-home/dzakaaufa/dataset/all_images_captioning/parang50.jpg,parang,parang,0.981350302696228,"In Javanese culture, the Parang motif represents determination, resilience, and steadfast commitment.","Traditionally, the Parang motif symbolizes perseverance, courage, and continuity in life.","perseverance, courage, continuity, relentless self-improvement",hard
/mnt/extended-home/dzakaaufa/dataset/all_images_captioning/kawung135.jpg,kawung,kawung,0.7290979027748108,"In Javanese royal culture, the Kawung motif represents moral integrity, inner balance, and the wisdom of knowing one's origins.","In Javanese royal culture, the Kawung motif represents moral integrity, inner balance, and the wisdom of knowing one's origins.","purity of heart, self-mastery, life cycle, moral balance",hard
/mnt/extended-home/dzakaaufa/dataset/all_images_captioning/tuntrum31.jpg,tuntrum,truntum,0.9255753755569458,"In Surakarta batik tradition, the Truntum motif represents visible grace, inner balance, and the beauty of dignified exemplary conduct.","The philosophical meaning of the Truntum motif reflects sincere love, quiet devotion, and renewal of affection through patience.","sincere love, devotion, renewal of affection, patience",hard
/mnt/extended-home/dzakaaufa/dataset/all_images_captioning/dayak44.jpg,dayak,dayak,0.9401928186416626,"In Dayak culture, the Dayak motif represents bravery, reverence for nature, and the leadership that shelters the community.","In Dayak culture, the Dayak motif represents bravery, reverence for nature, and the leadership that shelters the community.","courage, harmony with nature, protection, ancestral strength",hard
/mnt/extended-home/dzakaaufa/dataset/all_images_captioning/singa_barong17.jpg,singa_barong,singa_barong,0.9949213862419128,nan,"The philosophical meaning of the Singa Barong motif reflects mythological power, elemental unity, and visionary leadership.","mythological power, elemental unity, visionary leadership, sacred authority",hard
/mnt/extended-home/dzakaaufa/dataset/all_images_captioning/sidomukti4.jpg,sidomukti,sidomukti,0.9814907312393188,"In Surakarta court tradition, the Sidomukti motif represents prosperity, inner contentment, and the blessing of a flourishing life.","The philosophical meaning of the Sidomukti motif reflects enduring happiness, fulfilment, prosperity, and spiritual wholeness.","enduring happiness, fulfilment, prosperity, spiritual wholeness",hard
/mnt/extended-home/dzakaaufa/dataset/all_images_captioning/kawung100.jpg,kawung,kawung,0.9953741431236267,"In Javanese royal culture, the Kawung motif represents moral integrity, inner balance, and the wisdom of knowing one's origins.","The philosophical meaning of the Kawung motif reflects purity of heart, self-mastery, and moral balance in life.","purity of heart, self-mastery, life cycle, moral balance",hard
/mnt/extended-home/dzakaaufa/dataset/all_images_captioning/buketan23.jpg,buketan,buketan,0.9590685367584229,"In Pekalongan culture, the Buketan motif represents feminine elegance, inner purity, and blossoming happiness.","The philosophical meaning of the Buketan motif reflects joy, natural beauty, purity, and graceful femininity.","joy, beauty, purity, feminine grace, cheerfulness",hard
/mnt/extended-home/dzakaaufa/dataset/all_images_captioning/Data 3 Batik Kantil (Topeng Kantil).jpg,Malang,malang,0.8014695048332214,The Sekartaji mask motif was inspired by the mask performance at the Sekartaji Temple in Malang City which has been passed down since ancient times. The Sekartaji mask motif was inspired by the mask performance at the Sekartaji Temple in Malang City which has been passed down since ancient times.,"Elevating typical Malang culture through the Kantil Mask as the main object. By highlighting its characteristic shape, color and meaning, this work aims to preserve and introduce the uniqueness of the Kantil Mask in local and global art and culture.",,hard
/mnt/extended-home/dzakaaufa/dataset/all_images_captioning/sidoluhur88.jpg,sidoluhur,sidoluhur,0.9879774451255798,"In Javanese tradition, the Sidoluhur motif represents the pursuit of virtue, dignified conduct, and the honour of righteous leadership.","Traditionally, the Sidoluhur motif symbolizes noble character, moral elevation, and dignified exemplary conduct.","noble character, moral elevation, dignity, exemplary conduct",hard
/mnt/extended-home/dzakaaufa/dataset/all_images_captioning/mega_mendung48.jpg,mega_mendung,mega_mendung,0.9906402826309204,nan,"The philosophical meaning of the Mega Mendung motif reflects patience, emotional calm, and spiritual serenity.","patience, emotional calm, spiritual serenity, divine protection",hard
/mnt/extended-home/dzakaaufa/dataset/all_images_captioning/singa_barong22.jpg,singa_barong,singa_barong,0.9817835688591003,nan,"In Cirebonese court culture, the Singa Barong motif represents sacred authority, the harmony of natural forces, and complete sovereignty.","mythological power, elemental unity, visionary leadership, sacred authority",hard
/mnt/extended-home/dzakaaufa/dataset/all_images_captioning/tribusono24.jpg,tribusono,tribusono,0.8905857801437378,"Traditionally, the Tribusono motif symbolizes regeneration, harmony, and the continuity of cultural values.","The philosophical meaning of the Tribusono motif reflects regeneration, cultural harmony, and ecological awareness.","regeneration, harmony, cultural continuity, ecological awareness",hard
/mnt/extended-home/dzakaaufa/dataset/all_images_captioning/parang19.jpg,parang,parang,0.7238479256629944,"In Javanese culture, the Parang motif represents determination, resilience, and steadfast commitment.","In Javanese culture, the Parang motif represents determination, resilience, and steadfast commitment.","perseverance, courage, continuity, relentless self-improvement",hard
/mnt/extended-home/dzakaaufa/dataset/all_images_captioning/tribusono150.jpg,tribusono,tribusono,0.9651866555213928,"In Surakarta batik tradition, the Tribusono motif represents the balance of physical, social, and spiritual dimensions of life.","Traditionally, the Tribusono motif symbolizes regeneration, harmony, and the continuity of cultural values.","regeneration, harmony, cultural continuity, ecological awareness",hard
/mnt/extended-home/dzakaaufa/dataset/all_images_captioning/sekarjagad28.jpg,sekarjagad,sekarjagad,0.9978052973747253,"In Javanese culture, the Sekarjagad motif represents the celebration of diversity, universal harmony, and the wish to radiate goodness.","The philosophical meaning of the Sekarjagad motif reflects the beauty of diversity, universal harmony, and radiant coexistence.","beauty of diversity, universal harmony, radiance, coexistence",hard
/mnt/extended-home/dzakaaufa/dataset/all_images_captioning/sidoluhur50.jpg,sidoluhur,sidoluhur,0.988631546497345,"In Javanese tradition, the Sidoluhur motif represents the pursuit of virtue, dignified conduct, and the honour of righteous leadership.","Traditionally, the Sidoluhur motif symbolizes noble character, moral elevation, and dignified exemplary conduct.","noble character, moral elevation, dignity, exemplary conduct",hard
/mnt/extended-home/dzakaaufa/dataset/all_images_captioning/tribusono122.jpg,tribusono,tribusono,0.9483778476715088,"Traditionally, the Tribusono motif symbolizes regeneration, harmony, and the continuity of cultural values.","Traditionally, the Tribusono motif symbolizes regeneration, harmony, and the continuity of cultural values.","regeneration, harmony, cultural continuity, ecological awareness",hard
/mnt/extended-home/dzakaaufa/dataset/all_images_captioning/betawi63.jpg,betawi,betawi,0.9595051407814026,"The philosophical meaning of the Betawi motif reflects multicultural openness, communal harmony, and joyful identity.","Traditionally, the Betawi motif symbolizes multicultural openness, communal harmony, and joyful cultural identity.","multicultural openness, communal harmony, joyful identity, cultural pride",hard
/mnt/extended-home/dzakaaufa/dataset/all_images_captioning/sidomukti86.jpg,sidomukti,sidomukti,0.9681737422943115,"In Surakarta court tradition, the Sidomukti motif represents prosperity, inner contentment, and the blessing of a flourishing life.","In Surakarta court tradition, the Sidomukti motif represents prosperity, inner contentment, and the blessing of a flourishing life.","enduring happiness, fulfilment, prosperity, spiritual wholeness",hard
/mnt/extended-home/dzakaaufa/dataset/all_images_captioning/srikaton1.jpg,srikaton,srikaton,0.9042141437530518,"In Javanese tradition, the Srikaton motif represents visible grace, the flourishing of nature, and the strength to overcome adversity.","In Javanese tradition, the Srikaton motif represents visible grace, the flourishing of nature, and the strength to overcome adversity.","divine radiance, natural abundance, resilience, visible grace",hard
/mnt/extended-home/dzakaaufa/dataset/all_images_captioning/srikaton15.jpg,srikaton,srikaton,0.9851208925247192,"In Javanese tradition, the Srikaton motif represents visible grace, the flourishing of nature, and the strength to overcome adversity.","The philosophical meaning of the Srikaton motif reflects divine radiance, natural abundance, and resilience.","divine radiance, natural abundance, resilience, visible grace",hard
/mnt/extended-home/dzakaaufa/dataset/all_images_captioning/Data 16 Batik Rahayu (Sergung Kawung Pala).jpg,Trenggalek,trenggalek,0.9972832202911377,"The Trenggalek motif was inspired by the beauty of kantil flowers which grow abundantly in the environment around the batik studio. The elegant pattern reflects local wisdom and natural harmony, creating a unique work that combines function with beauty.","Featuring a fiber motif that is closely intertwined, symbolizing connectedness and solidarity. The neatly woven patterns reflect the strength of togetherness, creating harmony and beauty, while also illustrating the value of unity.",,hard
/mnt/extended-home/dzakaaufa/dataset/all_images_captioning/singa_barong92.JPG,singa_barong,singa_barong,0.9899343848228455,nan,"In Cirebonese court culture, the Singa Barong motif represents sacred authority, the harmony of natural forces, and complete sovereignty.","mythological power, elemental unity, visionary leadership, sacred authority",hard
/mnt/extended-home/dzakaaufa/dataset/all_images_captioning/sidomulyo2.jpg,sidomulyo,sidomulyo,0.9846792817115784,"In Javanese Mataram tradition, the Sidomulyo motif represents continuous glory, dignified life, and the mastery of one's inner impulses.","In Javanese Mataram tradition, the Sidomulyo motif represents continuous glory, dignified life, and the mastery of one's inner impulses.","glory, enduring honour, inner mastery, dignified life",hard
/mnt/extended-home/dzakaaufa/dataset/all_images_captioning/sekarjagad21.jpg,sekarjagad,sekarjagad,0.9910737872123718,"In Javanese culture, the Sekarjagad motif represents the celebration of diversity, universal harmony, and the wish to radiate goodness.","In Javanese culture, the Sekarjagad motif represents the celebration of diversity, universal harmony, and the wish to radiate goodness.","beauty of diversity, universal harmony, radiance, coexistence",hard
/mnt/extended-home/dzakaaufa/dataset/all_images_captioning/wirasat48.jpg,wirasat,wirasat,0.988101601600647,"In Javanese tradition, the Wirasat motif represents the parental blessing for a new household prosperity, dignity, and answered prayers.","Traditionally, the Wirasat motif symbolizes the fulfilment of wholesome wishes, elevated standing, and life's sufficiency.","fulfilment of wishes, elevated standing, sufficiency, parental blessing",hard
/mnt/extended-home/dzakaaufa/dataset/all_images_captioning/mega_mendung46.jpg,mega_mendung,mega_mendung,0.9876154661178589,nan,"Traditionally, the Mega Mendung motif symbolizes patience, emotional calm, and spiritual serenity.","patience, emotional calm, spiritual serenity, divine protection",hard
