image_path,ground_truth_class,predicted_class,classification_confidence,prediction,reference,philosophy_core,used_prompt_mode
/mnt/extended-home/dzakaaufa/dataset/all_images_captioning/wahyu_tumurun19.jpg,wahyu_tumurun,wahyu_tumurun,0.9718989133834839,"The batik fabric features the wahyu_tumurun motif, characterized by a cream-colored background and dark brown, black, and light blue motifs. The dominant motifs include stylized leaves, flowers, and abstract ornaments, which are intricately intertwined into swirling patterns. Small dots and short lines act as isen-isen elements, adding texture and detail throughout the design. These motifs repeat consistently across the fabric, arranged in a symmetrical pattern with balanced spacing between them. The overall layout follows a structured grid-like arrangement, ensuring uniformity and harmony within the composition.

nan","The batik fabric features the wahyu_tumurun motif, characterized by a cream-colored background and brown, black, and blue motifs. The dominant motifs include stylized leaves, flowers, and swirling vines, which are intricately intertwined throughout the fabric. Small dots and short lines, known as isen-isen, are interspersed among the larger motifs, adding texture and detail. These elements repeat consistently across the fabric, creating a harmonious pattern. The motifs are arranged symmetrically, with some elements oriented vertically while others curve horizontally, contributing to a balanced and visually appealing design.

In Javanese royal tradition, the Wahyu Tumurun motif represents the descent of divine favour, noble ambition, and spiritual guidance.","divine grace, spiritual guidance, noble aspiration, heavenly blessing",hard
/mnt/extended-home/dzakaaufa/dataset/all_images_captioning/dayak32.jpg,dayak,dayak,0.9895519614219666,"The batik fabric features the Dayak motif, characterized by a black background and vibrant red, yellow, blue, white, and beige motifs. The dominant motifs appear to be stylized octopus-like figures with intricate swirling tentacles. These motifs are interspersed with small circular patterns resembling eyes or beads, adding texture to the design. The motifs repeat consistently across the fabric, arranged in a grid-like pattern with some variation in spacing and orientation. The overall layout suggests a symmetrical arrangement, though individual motifs may vary slightly in their placement within each cell of the grid.

Traditionally, the Dayak motif symbolizes courage, harmony with nature, and protective ancestral strength.","The batik fabric features the Dayak motif, characterized by a black background and vibrant red, blue, yellow, and beige motifs. The dominant motifs appear to be stylized floral elements with intricate swirling patterns, reminiscent of octopus tentacles or abstract leaves. These motifs are interspersed with small white dots and short lines, which act as isen-isen elements, adding texture and detail to the design. The motifs are arranged in a repetitive pattern across the fabric, creating a symmetrical and balanced layout. Each motif is oriented in various directions, contributing to the dynamic and lively appearance of the overall design.

In Dayak culture, the Dayak motif represents bravery, reverence for nature, and the leadership that shelters the community.","courage, harmony with nature, protection, ancestral strength",hard
/mnt/extended-home/dzakaaufa/dataset/all_images_captioning/sidomulyo78.jpg,sidomulyo,sidomulyo,0.9849610328674316,"The batik fabric features the sidomulyo motif, characterized by a yellow background and brown motifs. The dominant motifs include stylized leaves, flowers, and geometric shapes such as diamonds and ovals. These motifs are intricately arranged in a repeating pattern across the fabric, creating a symmetrical design. Small dots and short lines act as isen-isen elements, filling spaces between larger motifs. The overall layout follows a grid-like structure, ensuring uniformity and balance throughout the piece.

Traditionally, the Sidomulyo motif symbolizes glory, enduring honour, and a life of inner mastery.","The batik fabric features the sidomulyo motif, characterized by a yellow background and brown motifs. The dominant motifs include stylized leaves, flowers, and paisley-like shapes, arranged symmetrically within diamond-shaped frames. Small dots and short lines act as isen-isen elements, filling the spaces between larger motifs. These elements repeat consistently throughout the design, creating a balanced and intricate pattern. The motifs are oriented in various directions but maintain a harmonious alignment, contributing to the overall symmetry of the piece.

The philosophical meaning of the Sidomulyo motif reflects glory, enduring honour, and the pursuit of a dignified life.","glory, enduring honour, inner mastery, dignified life",hard
/mnt/extended-home/dzakaaufa/dataset/all_images_captioning/sidomukti121.jpg,sidomukti,sidomukti,0.975681483745575,"The batik fabric features the sidomukti motif, characterized by a brown background and black motifs. The dominant motifs include stylized leaves and flowers arranged in a repeating pattern. These motifs are interspersed with small dots and short lines, creating a dense yet balanced design. The motifs appear to be oriented randomly but maintain a sense of rhythm through their placement. The overall layout shows a mix of vertical and horizontal arrangements, contributing to the intricate and symmetrical appearance typical of the sidomukti motif.

Traditionally, the Sidomukti motif symbolizes enduring happiness, fulfilment, and spiritual wholeness.","The batik fabric features the sidomukti motif, characterized by a brown background and black motifs. The dominant motifs include small, intricate floral elements and abstract ornaments, which are scattered throughout the fabric. These motifs are interspersed with small white dots, known as isen-isen, adding texture and detail to the design. The motifs repeat consistently across the fabric, creating a symmetrical pattern. The overall layout is structured yet fluid, allowing for a dynamic interplay between the various elements.

Traditionally, the Sidomukti motif symbolizes enduring happiness, fulfilment, and spiritual wholeness.","enduring happiness, fulfilment, prosperity, spiritual wholeness",hard
/mnt/extended-home/dzakaaufa/dataset/all_images_captioning/wahyu_tumurun106.jpg,wahyu_tumurun,wahyu_tumurun,0.9874042272567749,"The batik fabric features the wahyu_tumurun motif, characterized by a white background and dark brown motifs. The dominant motifs include stylized leaves, flowers, and abstract geometric forms resembling birds or insects. These motifs are intricately intertwined within swirling vines and branches, creating a complex network of interconnected patterns. Small dots and short lines act as isen-isen elements, adding texture and detail to the design. The motifs repeat consistently throughout the fabric, arranged symmetrically around central nodes where larger motifs intersect, forming a balanced and harmonious layout.

nan","The batik fabric features the wahyu_tumurun motif, characterized by a white background and brown motifs. The dominant motifs include stylized birds with outstretched wings, geometric diamond shapes, and swirling vine-like patterns. The birds have intricate detailing within their bodies, while the diamond shapes feature small dots and short lines filling them. These elements are arranged symmetrically across the fabric, creating a balanced and repetitive pattern. The vines intertwine between the other motifs, adding complexity and depth to the overall design.

In Javanese royal tradition, the Wahyu Tumurun motif represents the descent of divine favour, noble ambition, and spiritual guidance.","divine grace, spiritual guidance, noble aspiration, heavenly blessing",hard
/mnt/extended-home/dzakaaufa/dataset/all_images_captioning/srikaton150.jpg,srikaton,srikaton,0.9565157890319824,"The batik fabric features the srikaton motif, characterized by a dark blue background and gold motifs. The dominant motifs include stylized leaves and floral elements, arranged symmetrically across the fabric. These motifs repeat consistently throughout the design, creating a harmonious pattern. Small dots and short lines act as isen-isen elements, adding texture and detail between larger motifs. The overall layout follows a grid-like structure, ensuring uniformity and balance within each section of the batik.

Traditionally, the Srikaton motif symbolizes divine radiance, natural abundance, and resilient grace.","The batik fabric features the srikaton motif, characterized by a dark blue background and vibrant orange motifs. The dominant motifs include stylized leaves and flowers, each intricately detailed with small dots and short lines within their structures. These motifs are arranged symmetrically across the fabric, creating a balanced pattern where they repeat in a grid-like fashion. The orientation of the motifs varies slightly but generally follows a horizontal alignment, enhancing the overall harmony of the design.

The philosophical meaning of the Srikaton motif reflects divine radiance, natural abundance, and resilience.","divine radiance, natural abundance, resilience, visible grace",hard
/mnt/extended-home/dzakaaufa/dataset/all_images_captioning/dayak98.jpg,dayak,dayak,0.9641568660736084,"The batik fabric features the Dayak motif, characterized by a beige background and dark brown motifs. The dominant motifs include stylized leaves and geometric patterns, arranged symmetrically around central diamond-shaped designs. Small dots and short lines act as isen-isen elements, filling spaces between larger motifs. The motifs repeat consistently throughout the fabric, creating a balanced and intricate pattern.

Traditionally, the Dayak motif symbolizes courage, harmony with nature, and protective ancestral strength.","The batik fabric features the Dayak motif, characterized by a beige background and dark brown motifs. The dominant motifs include stylized leaves and floral elements, arranged symmetrically around central diamond-shaped patterns. Small dots and short lines act as isen-isen elements, filling spaces between larger motifs. These elements repeat consistently throughout the design, creating a balanced and intricate pattern.

The philosophical meaning of the Dayak motif reflects courage, harmony with nature, and the protective strength of ancestral wisdom.","courage, harmony with nature, protection, ancestral strength",hard
/mnt/extended-home/dzakaaufa/dataset/all_images_captioning/parang54.jpg,parang,parang,0.9924890995025635,"The batik fabric features the parang motif, characterized by a brown background and white motifs. The dominant motifs consist of elongated, teardrop-shaped forms arranged in parallel rows. These shapes have pointed tips at both ends, creating a symmetrical pattern. Small dots and short lines, known as isen-isen, are interspersed between the larger motifs, adding texture and detail to the design. The motifs repeat consistently across the fabric, maintaining uniform spacing and alignment throughout the entire piece.

Traditionally, the Parang motif symbolizes perseverance, courage, and continuity in life.","The batik fabric features the parang motif, characterized by a brown background and white motifs. The dominant motifs consist of elongated, teardrop-shaped forms with pointed tips at one end, resembling stylized leaves or petals. These shapes are arranged in a repeating pattern across the fabric, creating a sense of rhythm and flow. The motifs are spaced evenly apart, allowing for clear visibility of each individual form. The orientation of the motifs varies slightly but generally follows a horizontal alignment within rows, contributing to the overall balanced appearance. There are no visible isen-isen elements such as small dots or short lines in the provided image.

The philosophical meaning of the Parang motif reflects inner strength, persistence, and lifelong growth.","perseverance, courage, continuity, relentless self-improvement",hard
/mnt/extended-home/dzakaaufa/dataset/all_images_captioning/jlamprang24.jpg,jlamprang,sekarjagad,0.3486400842666626,"The batik fabric features the sekarjagad motif, characterized by a white background and multicolored motifs. The dominant motifs include stylized leaves and flowers arranged in a repeating pattern. These motifs are composed of intricate curves and geometric shapes, creating a harmonious balance between organic and structured designs. Small dots and short lines act as isen-isens, adding texture and detail to the overall design. The motifs are evenly spaced and repeated throughout the fabric, maintaining a symmetrical arrangement that enhances the visual appeal of the piece.

Traditionally, the Sekarjagad motif symbolizes the beauty of diversity, universal harmony, and joyful coexistence.","The batik fabric features the jlamprang motif, characterized by a light beige background and vibrant red, green, blue, and purple motifs. The dominant motifs include stylized floral elements with intricate petal patterns and swirling curves. Small dots and short lines act as isen-isen elements, adding texture and detail between the larger motifs. These motifs are arranged in a repeating pattern across the fabric, creating a symmetrical design with each section mirroring the next. The overall layout follows a grid-like structure, ensuring uniformity and balance throughout the piece.

Traditionally, the Jlamprang motif symbolizes cosmic balance, spiritual order, and sacred connection with the divine.","cosmic balance, spiritual order, sacred connection, divine harmony",hard
/mnt/extended-home/dzakaaufa/dataset/all_images_captioning/mega_mendung79.jpg,mega_mendung,mega_mendung,0.980548620223999,"The batik fabric features the mega_mendung motif, characterized by a white background and green and blue motifs. The dominant motifs consist of swirling, flame-like shapes with pointed tips, arranged in a repetitive pattern across the fabric. These motifs are interspersed with smaller, less prominent shapes that appear to be part of the overall design but do not form distinct patterns themselves. The motifs are evenly spaced and oriented consistently throughout the fabric, creating a symmetrical and balanced layout.

nan","The batik fabric features the mega_mendung motif, characterized by a white background and green and turquoise motifs. The dominant motifs consist of swirling, flame-like shapes with pointed tips, arranged in a repetitive pattern across the fabric. These motifs are interspersed with smaller, less prominent green and turquoise elements that form part of the overall design but do not stand out as prominently as the main motifs. The motifs are oriented in various directions, creating a dynamic and flowing appearance. There are no visible isen-isen elements such as small dots or short lines within the image. The layout appears symmetrical along vertical axes, suggesting a balanced and structured composition typical of the mega_mendung motif.

In Cirebonese court culture, the Mega Mendung motif represents composure, inner peace, and the grace of divine protection.","patience, emotional calm, spiritual serenity, divine protection",hard
/mnt/extended-home/dzakaaufa/dataset/all_images_captioning/Data 5 Batik Blimbing ( Treasure of Jago).jpg,Malang,malang,0.9271711707115173,"The batik fabric features the malang motif, characterized by blue, black motifs. The dominant motifs include singo mengkok. The motifs are arranged in a non-geometric pattern across the fabric, creating a harmonious and balanced composition.

Singo Malang was inspired when the designer saw a lion statue at Tugu Malang which was made from stone. This symbolizes strength, courage and wisdom.","The batik fabric features the Malang motif, characterized by blue, black motifs. The dominant motifs include lotus, jago temple, arca and rooster. The motifs are arranged in a simetris pattern across the fabric, creating a harmonious and balanced composition.

Representation of the location of Batik Blimbing which is on Jl. Candi Jago which highlights the history and buildings of Candi Jago, as well as choosing the colors blue and black because this batik is intended for men.",,hard
/mnt/extended-home/dzakaaufa/dataset/all_images_captioning/sidomulyo76.jpg,sidomulyo,sidomulyo,0.8551613092422485,"The batik fabric features the sidomulyo motif, characterized by a white background and brown motifs. The dominant motifs include stylized leaves and vines arranged symmetrically around central circular patterns. These motifs repeat in a grid-like pattern, creating a balanced and intricate design. Small black dots and short lines act as isen-isen elements, adding texture and detail between larger motifs. The overall layout follows a radial symmetry, radiating outward from the center towards the edges of the fabric.

Traditionally, the Sidomulyo motif symbolizes glory, enduring honour, and a life of inner mastery.","The batik fabric features the sidomulyo motif, characterized by a white background and orange motifs. The dominant motifs include stylized floral elements resembling lotus flowers, each with multiple petals arranged symmetrically around a central point. These lotus flowers are interconnected by intricate, flowing lines that form a complex network throughout the fabric. Small black dots and short lines act as isen-isen elements, adding texture and detail between the larger motifs. The motifs repeat consistently across the fabric, creating a harmonious pattern with balanced spacing and symmetrical arrangements.

Traditionally, the Sidomulyo motif symbolizes glory, enduring honour, and a life of inner mastery.","glory, enduring honour, inner mastery, dignified life",hard
/mnt/extended-home/dzakaaufa/dataset/all_images_captioning/mega_mendung30.jpg,mega_mendung,mega_mendung,0.9951269626617432,"The batik fabric features the mega_mendung motif, characterized by a vibrant red background and dynamic blue and white cloud-like motifs. The dominant motifs consist of swirling, wave-like patterns reminiscent of clouds, rendered in bold blue outlines against the red backdrop. These motifs are interspersed with smaller, more intricate white cloud shapes that add depth and complexity to the design. There are no visible isen-isen elements such as small dots or short lines within these motifs. The motifs are arranged in a repetitive pattern across the fabric, creating a sense of rhythm and movement. The overall layout appears symmetrical, with each section of the fabric mirroring the next, enhancing the balanced aesthetic of the piece.

nan","The batik fabric features the mega_mendung motif, characterized by a vibrant red background and dynamic blue and white motifs. The dominant motifs consist of swirling cloud-like shapes, reminiscent of traditional Chinese dragon patterns, which are intricately interwoven throughout the fabric. These motifs exhibit a variety of sizes and orientations, creating a sense of movement and fluidity across the surface. The blue and white elements contrast sharply against the red backdrop, enhancing the visual impact of the design. There are no visible isen-isen elements within the provided image; the focus remains solely on the bold and flowing cloud patterns. The arrangement of these motifs appears random yet harmonious, with some areas densely packed while others offer more open spaces, contributing to the overall balanced composition of the batik.

Traditionally, the Mega Mendung motif symbolizes patience, emotional calm, and spiritual serenity.","patience, emotional calm, spiritual serenity, divine protection",hard
/mnt/extended-home/dzakaaufa/dataset/all_images_captioning/betawi12.jpg,betawi,betawi,0.9909419417381287,"The batik fabric features the betawi motif, characterized by a blue background and red, green, white, black, and orange motifs. The dominant motifs include stylized figures resembling Betawi people dressed in traditional attire, fireworks, balloons, and horse-drawn carriages. These elements are interspersed with smaller decorative patterns such as flowers and geometric shapes. The motifs repeat consistently across the fabric, arranged in a grid-like pattern with some variation in spacing and orientation. The overall layout appears symmetrical, with each section containing similar sets of motifs, creating a cohesive yet dynamic design.

Traditionally, the Betawi motif symbolizes multicultural openness, communal harmony, and joyful cultural identity.","The batik fabric features the betawi motif, characterized by a blue background and vibrant red, green, orange, white, and black motifs. The dominant motifs include stylized figures resembling Betawi people dressed in traditional attire, adorned with headdresses and holding various objects such as flowers, balloons, and fireworks. There are also decorative elements like fireworks and geometric shapes scattered throughout. Small dots and short lines act as isen-isen elements, adding texture and detail to the design. The motifs are arranged in a repetitive pattern across the fabric, with some figures and objects appearing multiple times, creating a symmetrical and balanced layout.

The philosophical meaning of the Betawi motif reflects multicultural openness, communal harmony, and joyful identity.","multicultural openness, communal harmony, joyful identity, cultural pride",hard
/mnt/extended-home/dzakaaufa/dataset/all_images_captioning/bokor_kencono109.jpg,bokor_kencono,bokor_kencono,0.9648889899253845,"The batik fabric features the bokor_kencono motif, characterized by a dark blue background and gold motifs. The dominant motifs include stylized leaves and floral elements, arranged symmetrically around central nodes. These motifs are interconnected through intricate curving lines, creating a harmonious pattern. Small dots and short lines act as isen-isen elements, filling spaces between larger motifs and enhancing the overall design complexity. The motifs repeat consistently throughout the fabric, maintaining uniformity in their placement and orientation.

nan","The batik fabric features the bokor_kencono motif, characterized by a dark blue background and cream-colored motifs. The dominant motifs include stylized leaves and floral elements, intricately detailed with small dots and short lines forming smaller patterns within each leaf shape. These motifs repeat consistently across the fabric, arranged in a symmetrical pattern with some variation in size and orientation, creating a balanced yet dynamic visual effect. The overall layout appears structured but allows for subtle variations in placement, enhancing the intricate design's complexity.

In Javanese culture, the Bokor Kencono motif represents noble character, inner wisdom, and commanding dignity.","dignity, wisdom, authority, noble character",hard
/mnt/extended-home/dzakaaufa/dataset/all_images_captioning/sidomulyo44.jpg,sidomulyo,sidomulyo,0.9774129986763,"The batik fabric features the sidomulyo motif, characterized by a beige background and brown motifs. The dominant motifs include stylized floral elements resembling lotus flowers, each composed of multiple petal-like curves forming a symmetrical pattern. These floral motifs are interspersed with small black dots and short lines, which act as isen-isen elements, adding texture and detail to the design. The motifs repeat consistently throughout the fabric, arranged in a grid-like pattern where each element faces the same direction, creating a harmonious and balanced overall layout.

Traditionally, the Sidomulyo motif symbolizes glory, enduring honour, and a life of inner mastery.","The batik fabric features the sidomulyo motif, characterized by a light beige background and dark brown motifs. The dominant motifs include stylized floral elements with intricate petal-like shapes and swirling curves, interspersed with small, dark brown dots and short lines acting as isen-isens. These elements repeat symmetrically within each square section of the pattern, creating a balanced and harmonious design. The motifs are arranged in a grid-like structure, with each square containing identical patterns, ensuring uniformity throughout the fabric.

The philosophical meaning of the Sidomulyo motif reflects glory, enduring honour, and the pursuit of a dignified life.","glory, enduring honour, inner mastery, dignified life",hard
/mnt/extended-home/dzakaaufa/dataset/all_images_captioning/betawi15.jpg,betawi,betawi,0.9936093091964722,"The batik fabric features the betawi motif, characterized by a black background and red, yellow, white, and blue motifs. The dominant motifs include stylized flowers arranged in rows along both sides of the fabric, with some featuring small dots at their centers. There are also geometric patterns formed by triangles pointing upwards between these floral designs. A central figure wearing traditional attire stands prominently on the right side, surrounded by additional decorative elements such as small dots and short lines. The overall layout shows a symmetrical design with repeated patterns on either side of the central figure, creating a balanced composition.

Traditionally, the Betawi motif symbolizes multicultural openness, communal harmony, and joyful cultural identity.","The batik fabric features the betawi motif, characterized by a black background and vibrant red, yellow, white, pink, blue, and green motifs. The dominant motifs include stylized flowers arranged in rows, geometric diamond patterns, and a central figure wearing traditional attire. Small dots and short lines act as isen-isen elements, adding texture and detail between larger motifs. The arrangement follows a symmetrical pattern, with floral elements and geometric shapes repeating consistently across the fabric. The central figure is positioned centrally on one side, flanked by floral motifs and bordered by a red band containing additional decorative elements.

The philosophical meaning of the Betawi motif reflects multicultural openness, communal harmony, and joyful identity.","multicultural openness, communal harmony, joyful identity, cultural pride",hard
/mnt/extended-home/dzakaaufa/dataset/all_images_captioning/sidoluhur28.jpg,sidoluhur,sidoluhur,0.9862523674964905,"The batik fabric features the sidoluhur motif, characterized by a dark blue background and gold motifs. The dominant motifs include stylized leaves and flowers arranged in a repeating pattern. These motifs are connected by intricate geometric lines forming diamond shapes within larger diamond frames. Small golden dots and short lines act as isen-isen elements, filling the spaces between the main motifs. The motifs are evenly spaced and aligned symmetrically, creating a balanced and harmonious layout across the entire fabric.

Traditionally, the Sidoluhur motif symbolizes noble character, moral elevation, and dignified exemplary conduct.","The batik fabric features the sidoluhur motif, characterized by a dark blue background and orange motifs. The dominant motifs include intricate floral elements such as lotus flowers and leaves, arranged in a repeating pattern. These floral designs are connected by intersecting curved lines forming diamond shapes, creating a lattice-like structure. Small dots and short lines act as isen-isen elements, filling the spaces between the larger motifs. The motifs are evenly spaced and repeated throughout the fabric, maintaining a symmetrical arrangement both horizontally and vertically.

In Javanese tradition, the Sidoluhur motif represents the pursuit of virtue, dignified conduct, and the honour of righteous leadership.","noble character, moral elevation, dignity, exemplary conduct",hard
/mnt/extended-home/dzakaaufa/dataset/all_images_captioning/sidomulyo1.jpg,sidomulyo,sidomulyo,0.9756301045417786,"The batik fabric features the sidomulyo motif, characterized by a white background and brown motifs. The dominant motifs include stylized leaves and floral elements arranged symmetrically within diamond-shaped frames. These frames are interconnected through smaller, repeating patterns resembling small dots and short lines, which act as fillers between larger motifs. The overall layout follows a grid-like structure, with each frame containing identical designs, creating a harmonious and balanced pattern throughout the entire piece.

Traditionally, the Sidomulyo motif symbolizes glory, enduring honour, and a life of inner mastery.","The batik fabric features the sidomulyo motif, characterized by a white background and brown motifs. The dominant motifs include stylized leaves and floral elements, arranged in a repeating pattern across the fabric. These motifs are interspersed with small blue and pink accents, which appear as isen-isen elements. The motifs are symmetrically placed within diamond-shaped frames, creating a balanced and intricate design. The overall layout follows a grid-like structure, ensuring uniformity and harmony throughout the piece.

Traditionally, the Sidomulyo motif symbolizes glory, enduring honour, and a life of inner mastery.","glory, enduring honour, inner mastery, dignified life",hard
/mnt/extended-home/dzakaaufa/dataset/all_images_captioning/tuntrum137.jpg,tuntrum,truntum,0.9825726747512817,"The batik fabric features the truntum motif, characterized by a dark blue background and orange star-shaped motifs. The stars have white centers and small black dots at their intersections, creating a detailed and intricate pattern. These star motifs are arranged in a grid-like fashion across the fabric, with each row and column containing evenly spaced stars. The overall layout shows a high degree of symmetry, with the stars aligned perfectly both horizontally and vertically.

Traditionally, the Truntum motif symbolizes inner strength, resilience, and life's cyclical renewal.","The batik fabric features the tuntrum motif, characterized by a dark green background and orange star-shaped motifs. The stars have white centers and are arranged densely across the fabric, creating a repeating pattern. Small white dots are interspersed between the stars, adding texture and detail to the design. The motifs are evenly spaced and oriented uniformly, forming a symmetrical grid-like arrangement.

Traditionally, the Truntum motif symbolizes sincere love, quiet devotion, and the renewal of affection.","sincere love, devotion, renewal of affection, patience",hard
/mnt/extended-home/dzakaaufa/dataset/all_images_captioning/wahyu_tumurun134.jpg,wahyu_tumurun,wahyu_tumurun,0.9500629305839539,"The batik fabric features the wahyu_tumurun motif, characterized by a black background and gold motifs. The dominant motifs include stylized leaves, flowers, and abstract ornamentations resembling birds or mythical creatures. These motifs are intricately intertwined within swirling patterns, creating a dynamic and flowing design. Small dots and short lines act as isen-isen elements, adding texture and detail to the overall pattern. The motifs repeat consistently throughout the fabric, arranged in a symmetrical yet fluid manner, enhancing the sense of movement and harmony typical of the wahyu_tumurun style.

nan","The batik fabric features the wahyu_tumurun motif, characterized by a black background and orange motifs. The dominant motifs include stylized leaves, flowers, and swirling vines, which are intricately interwoven throughout the fabric. Small dots and short lines are used as isen-isen elements, adding texture and detail to the design. These motifs repeat consistently across the fabric, arranged in a symmetrical pattern with some variation in size and placement, creating a balanced yet dynamic overall layout.

In Javanese royal tradition, the Wahyu Tumurun motif represents the descent of divine favour, noble ambition, and spiritual guidance.","divine grace, spiritual guidance, noble aspiration, heavenly blessing",hard
/mnt/extended-home/dzakaaufa/dataset/all_images_captioning/Istiqomah Data 3 Pisang Setandon.jpg,Lamongan,lamongan,0.42715272307395935,"The batik fabric features the lamongan motif, characterized by turquoise blue motifs. The dominant motifs include jasmine flower flora and kawung motif culture. The motifs are arranged in a non-geometric pattern across the fabric, creating a harmonious and balanced composition.

Inspired by Sendang Duwur which describes the beauty of water that flows gracefully./ Inspired by Sendang Duwur which describes the beauty of flowing water gracefully./","The batik fabric features the Lamongan motif, characterized by turquoise, black, white motifs. The dominant motifs include banana. The motifs are arranged in a non-geometric pattern across the fabric, creating a harmonious and balanced composition.

About the fertility of Natural Resources",,hard
/mnt/extended-home/dzakaaufa/dataset/all_images_captioning/sekarjagad22.jpg,sekarjagad,sekarjagad,0.9988210797309875,"The batik fabric features the sekarjagad motif, characterized by a dark brown background and light beige motifs. The dominant motifs include intricate floral elements such as lotus blossoms and leaves, arranged in a repeating pattern across the fabric. These floral designs are interspersed with geometric forms like diamonds and squares, creating a balanced and symmetrical layout. Small dots and short lines act as isen-isen elements, adding texture and detail between larger motifs. The overall arrangement follows a grid-like structure, ensuring uniformity and harmony throughout the design.

Traditionally, the Sekarjagad motif symbolizes the beauty of diversity, universal harmony, and joyful coexistence.","The batik fabric features the sekarjagad motif, characterized by a dark brown background and light brown motifs. The dominant motifs include intricate floral elements such as leaves and petals, as well as geometric patterns like diamonds and ovals. Small dots and short lines are interspersed within these larger designs, adding texture and detail. The motifs are arranged in a repeating pattern across the fabric, creating a symmetrical and balanced layout. The overall design showcases a harmonious blend of organic and geometric forms, typical of the sekarjagad style.

The philosophical meaning of the Sekarjagad motif reflects the beauty of diversity, universal harmony, and radiant coexistence.","beauty of diversity, universal harmony, radiance, coexistence",hard
/mnt/extended-home/dzakaaufa/dataset/all_images_captioning/buketan52.jpg,buketan,buketan,0.9477005004882812,"The batik fabric features the buketan motif, characterized by a black background and white motifs. The dominant motifs include stylized flowers and leaves, arranged in a bouquet-like pattern. The flowers have intricate petal designs, some resembling lotus blossoms, while the leaves feature detailed veining. Small dots and short lines act as isen-isen elements, adding texture and detail between larger motifs. These elements are scattered throughout the design, enhancing the overall complexity and beauty of the pattern. The motifs are arranged symmetrically around the central bouquet, creating a balanced and harmonious composition.

Traditionally, the Buketan motif symbolizes joy, beauty, purity, and feminine grace.","The batik fabric features the buketan motif, characterized by a black background and white motifs. The dominant motifs include stylized flowers and leaves, arranged in a bouquet-like pattern. The flowers have intricate petal designs, some resembling lotus blossoms, while the leaves feature detailed veining patterns. Small white dots and short lines act as isen-isen elements, adding texture and detail throughout the design. The motifs are distributed symmetrically around the central bouquet, creating a balanced and harmonious composition.

Traditionally, the Buketan motif symbolizes joy, beauty, purity, and feminine grace.","joy, beauty, purity, feminine grace, cheerfulness",hard
/mnt/extended-home/dzakaaufa/dataset/all_images_captioning/bokor_kencono56.jpg,bokor_kencono,bokor_kencono,0.9666732549667358,"The batik fabric features the bokor_kencono motif, characterized by a dark blue background and gold motifs. The dominant motifs consist of teardrop-shaped elements adorned with intricate floral patterns at their centers. These teardrops are arranged symmetrically across the fabric, creating a balanced and repetitive pattern. Small dots and short lines act as isen-isen elements, filling the spaces between the larger motifs and adding texture to the design.

nan","The batik fabric features the bokor_kencono motif, characterized by a dark blue background and gold motifs. The dominant motifs are teardrop-shaped, featuring intricate floral elements at their centers, surrounded by smaller decorative patterns. These motifs are arranged symmetrically across the fabric, creating a balanced and repetitive pattern. The small dots and short lines within each motif add texture and detail, enhancing the overall complexity of the design. The motifs are evenly spaced and oriented uniformly, forming a structured grid-like arrangement on the fabric.

In Javanese culture, the Bokor Kencono motif represents noble character, inner wisdom, and commanding dignity.","dignity, wisdom, authority, noble character",hard
/mnt/extended-home/dzakaaufa/dataset/all_images_captioning/wahyu_tumurun148.jpg,wahyu_tumurun,wahyu_tumurun,0.9902909398078918,"The batik fabric features the wahyu_tumurun motif, characterized by a light beige background and dark brown motifs. The dominant motifs include stylized flowers, leaves, and abstract ornaments resembling lotus blossoms and geometric patterns. These motifs are intricately detailed with small dots and short lines forming their edges and inner designs. The motifs are arranged symmetrically around central nodes where they intersect, creating a balanced and harmonious pattern. Each node serves as a focal point for multiple motifs radiating outward, ensuring a cohesive and visually pleasing layout across the entire fabric.

nan","The batik fabric features the wahyu_tumurun motif, characterized by a light beige background and dark blue and brown motifs. The dominant motifs include stylized flowers and birds, with intricate detailing such as leaves and petals. The flowers have a symmetrical shape with pointed tips, while the birds are depicted with flowing wings and tail feathers. Small dots and short lines are used as isen-isen elements throughout the design, adding texture and depth. The motifs are arranged in a repetitive pattern, creating a balanced and harmonious layout across the fabric. The overall structure includes a central focus on larger motifs surrounded by smaller ones, maintaining a sense of symmetry and order.

The philosophical meaning of the Wahyu Tumurun motif reflects divine grace, spiritual guidance, and noble aspiration.","divine grace, spiritual guidance, noble aspiration, heavenly blessing",hard
/mnt/extended-home/dzakaaufa/dataset/all_images_captioning/jlamprang18.jpg,jlamprang,jlamprang,0.7352347373962402,"The batik fabric features the jlamprang motif, characterized by a dark brown background and white motifs. The dominant motifs include star-like shapes with intricate patterns at their centers, surrounded by smaller decorative elements resembling leaves or petals. These stars are arranged symmetrically within larger diamond-shaped frames, creating a repeating pattern across the fabric. Small dots and short lines act as isen-isen elements, filling the spaces between the main motifs and enhancing the overall design.

Traditionally, the Jlamprang motif symbolizes cosmic balance, spiritual order, and sacred connection with the divine.","The batik fabric features the jlamprang motif, characterized by a dark brown background and white motifs. The dominant motifs include star-like shapes with intricate detailing at their centers, surrounded by smaller circular patterns. These stars are arranged symmetrically across the fabric, creating a balanced and repetitive pattern. The small dots and short lines within each star add texture and depth to the design, enhancing the overall complexity of the motif. The entire piece exhibits a high degree of symmetry, with motifs aligned in a grid-like fashion, ensuring uniformity throughout the fabric.

In Pekalongan's spiritual tradition, the Jlamprang motif represents divine harmony, sacred order, and the link between humanity and the cosmos.","cosmic balance, spiritual order, sacred connection, divine harmony",hard
/mnt/extended-home/dzakaaufa/dataset/all_images_captioning/tribusono29.jpg,tribusono,tribusono,0.8532761931419373,"The batik fabric features the tribusono motif, characterized by a dark blue background and white, orange, and brown motifs. The dominant motifs include stylized flowers and leaves arranged in a repeating pattern. These floral elements have intricate petal-like structures and are interspersed with small, detailed buds. The motifs are connected by thin, wavy lines forming horizontal bands across the fabric. Small dots and short lines act as isen-isen elements, adding texture and detail between larger motifs. The overall arrangement shows a symmetrical design with motifs aligned horizontally and vertically, creating a balanced and harmonious composition.

Traditionally, the Tribusono motif symbolizes regeneration, harmony, and the continuity of cultural values.","The batik fabric features the tribusono motif, characterized by a dark blue background and white, orange, and gold motifs. The dominant motifs include stylized flowers and leaves, arranged in a repeating pattern across the fabric. These floral elements are interspersed with small, intricate designs resembling small dots and short lines, which add texture and detail to the overall composition. The motifs are evenly spaced and aligned vertically along the length of the fabric, creating a symmetrical and balanced appearance. The arrangement follows a structured grid-like pattern, enhancing the traditional aesthetic of the tribusono motif.

Traditionally, the Tribusono motif symbolizes regeneration, harmony, and the continuity of cultural values.","regeneration, harmony, cultural continuity, ecological awareness",hard
/mnt/extended-home/dzakaaufa/dataset/all_images_captioning/tribusono121.jpg,tribusono,tribusono,0.9611108303070068,"The batik fabric features the tribusono motif, characterized by a white background and gold and blue motifs. The dominant motifs include stylized flowers and swirling vines, which are intricately intertwined throughout the design. Small dots and short lines act as isen-isen elements, adding texture and detail to the overall pattern. These motifs repeat consistently across the fabric, arranged in a symmetrical manner with some variation in size and placement, creating a balanced yet dynamic composition.

Traditionally, the Tribusono motif symbolizes regeneration, harmony, and the continuity of cultural values.","The batik fabric features the tribusono motif, characterized by a white background and gold and blue motifs. The dominant motifs include stylized flowers and swirling leaves, which are intricately intertwined. Small dots and short lines are interspersed throughout the design, adding texture and detail. These elements repeat consistently across the fabric, creating a harmonious pattern. The motifs are arranged symmetrically, with each section mirroring the next, forming a balanced and visually pleasing layout.

The philosophical meaning of the Tribusono motif reflects regeneration, cultural harmony, and ecological awareness.","regeneration, harmony, cultural continuity, ecological awareness",hard
/mnt/extended-home/dzakaaufa/dataset/all_images_captioning/jlamprang111.jpg,jlamprang,jlamprang,0.926979660987854,"The batik fabric features the jlamprang motif, characterized by a black background and gold motifs. The dominant motifs consist of circular designs containing intricate patterns resembling snowflakes or starbursts at their centers. These central motifs are surrounded by smaller decorative elements such as small dots and short lines, which act as isen-isen fillers within each circle. The circles are arranged in a grid-like pattern across the fabric, creating a repetitive yet symmetrical design. Each circle is evenly spaced, ensuring uniformity throughout the entire piece.

Traditionally, the Jlamprang motif symbolizes cosmic balance, spiritual order, and sacred connection with the divine.","The batik fabric features the jlamprang motif, characterized by a beige background and black motifs. The dominant motifs consist of circular designs containing intricate patterns resembling snowflakes or starbursts, each enclosed within a rounded frame. These circles are evenly spaced and arranged in a grid-like pattern across the fabric. The small dots and short lines within these circles act as isen-isen elements, adding texture and detail to the overall design. The motifs repeat consistently throughout the fabric, maintaining a symmetrical and orderly layout.

The philosophical meaning of the Jlamprang motif reflects cosmic balance, spiritual order, and sacred connection with the divine.","cosmic balance, spiritual order, sacred connection, divine harmony",hard
/mnt/extended-home/dzakaaufa/dataset/all_images_captioning/betawi60.jpg,betawi,betawi,0.8960914015769958,"The batik fabric features the betawi motif, characterized by a green background and colorful motifs. The dominant motifs include stylized figures resembling traditional Betawi dancers, depicted in vibrant attire featuring reds, yellows, blues, purples, and oranges. These figures have distinct headpieces adorned with feathers and other decorative elements. Small white dots and short lines act as isen-isen elements, adding texture and detail to the figures. The motifs are arranged symmetrically along the fabric, with each figure positioned centrally within its own square section, creating a repetitive pattern across the entire surface.

Traditionally, the Betawi motif symbolizes multicultural openness, communal harmony, and joyful cultural identity.","The batik fabric features the betawi motif, characterized by a green background and colorful motifs. The dominant motifs include stylized human figures adorned in traditional attire, featuring intricate patterns on their clothing. These figures have distinct headpieces and are arranged symmetrically across the fabric. The background is filled with smaller floral elements and geometric shapes, adding depth and complexity to the design. Isen-isen elements, such as small dots and short lines, are used sparingly to enhance the overall pattern without overwhelming it. The motifs repeat consistently along both horizontal and vertical axes, creating a balanced and harmonious composition throughout the fabric.

Traditionally, the Betawi motif symbolizes multicultural openness, communal harmony, and joyful cultural identity.","multicultural openness, communal harmony, joyful identity, cultural pride",hard
/mnt/extended-home/dzakaaufa/dataset/all_images_captioning/buketan29.jpg,buketan,buketan,0.9348241686820984,"The batik fabric features the buketan motif, characterized by a beige background and vibrant floral motifs in shades of red, blue, green, and brown. The dominant motifs include stylized flowers arranged in clusters, with some featuring intricate petal patterns and others showcasing simpler bloom designs. Small birds and butterflies are interspersed among the flowers, adding dynamic movement to the composition. The fabric displays a repeating pattern where these floral and fauna elements are evenly distributed across the surface, creating a balanced and harmonious design. The overall layout appears symmetrical, with each section mirroring the next, ensuring a cohesive and visually pleasing arrangement throughout the entire piece.

Traditionally, the Buketan motif symbolizes joy, beauty, purity, and feminine grace.","The batik fabric features the buketan motif, characterized by a beige background and vibrant red, blue, green, and brown motifs. The dominant motifs include stylized flowers and leaves, arranged in clusters and scattered throughout the fabric. These floral elements vary in shape, with some featuring pointed petals and others having more rounded forms. Small insects, possibly butterflies or bees, are interspersed among the flowers, adding detail to the design. The motifs appear to be repeated in a somewhat random pattern, creating a dynamic yet balanced composition. There are no visible isen-isen elements such as small dots or short lines within the motifs themselves; instead, the focus remains on the larger, more complex shapes. The overall layout suggests a naturalistic arrangement, mimicking the appearance of a bouquet of flowers spread out on a surface.

Traditionally, the Buketan motif symbolizes joy, beauty, purity, and feminine grace.","joy, beauty, purity, feminine grace, cheerfulness",hard
/mnt/extended-home/dzakaaufa/dataset/all_images_captioning/jlamprang42.png,jlamprang,jlamprang,0.9045760631561279,"The batik fabric features the jlamprang motif, characterized by a white background and red, green, blue, black, and brown motifs. The dominant motifs consist of circular designs resembling stylized flowers or rosettes, each containing intricate geometric patterns within them. Small dots and short lines act as isen-isen elements, adding texture and detail to the motifs. These motifs are arranged symmetrically around central nodes, creating a balanced and repetitive pattern throughout the fabric.

Traditionally, the Jlamprang motif symbolizes cosmic balance, spiritual order, and sacred connection with the divine.","The batik fabric features the jlamprang motif, characterized by a white background and red, green, blue, and black motifs. The dominant motifs consist of circular patterns with radiating lines and geometric shapes at their centers. Small dots and short lines act as isen-isen elements, adding detail to the motifs. These motifs are arranged symmetrically around a central red circle, creating a balanced and repetitive pattern throughout the fabric.

The philosophical meaning of the Jlamprang motif reflects cosmic balance, spiritual order, and sacred connection with the divine.","cosmic balance, spiritual order, sacred connection, divine harmony",hard
/mnt/extended-home/dzakaaufa/dataset/all_images_captioning/sekarjagad114.jpg,sekarjagad,sekarjagad,0.9968382120132446,"The batik fabric features the sekarjagad motif, characterized by a white background and blue, red, green, yellow, purple, pink, and black motifs. The dominant motifs include stylized flowers and leaves, arranged in a repeating pattern across the fabric. These floral elements feature intricate petal-like structures and leafy tendrils, creating a dynamic and flowing design. Small dots and short lines act as isen-isen elements, adding texture and detail between larger motifs. The motifs are evenly spaced and oriented in various directions, forming a symmetrical yet fluid layout throughout the entire piece.

Traditionally, the Sekarjagad motif symbolizes the beauty of diversity, universal harmony, and joyful coexistence.","The batik fabric features the sekarjagad motif, characterized by a white background and vibrant blue, purple, pink, and green motifs. The dominant motifs include stylized flowers and leaves, arranged in a circular pattern reminiscent of lotus blossoms. These floral elements are intricately detailed with small dots and short lines within their petals and leaves, adding texture and depth. The motifs repeat consistently throughout the fabric, creating a harmonious and balanced design. The overall layout follows a symmetrical structure, with each section mirroring the next, ensuring a cohesive and visually pleasing composition.

The philosophical meaning of the Sekarjagad motif reflects the beauty of diversity, universal harmony, and radiant coexistence.","beauty of diversity, universal harmony, radiance, coexistence",hard
/mnt/extended-home/dzakaaufa/dataset/all_images_captioning/tribusono55.jpg,tribusono,tribusono,0.9854097366333008,"The batik fabric features the tribusono motif, characterized by a beige background and vibrant orange, purple, black, and white motifs. The dominant motifs include stylized flowers and leaves, some resembling lotus blossoms, with intricate petal patterns. There are also abstract geometric forms and swirling lines that add complexity to the design. Small dots and short lines act as isen-isen elements, filling gaps between larger motifs and enhancing the overall texture. The motifs are arranged in a repetitive pattern across the fabric, creating a balanced yet dynamic composition. Symmetry is evident in certain sections, while other areas feature more fluid, flowing designs, contributing to the motif's versatile appearance.

Traditionally, the Tribusono motif symbolizes regeneration, harmony, and the continuity of cultural values.","The batik fabric features the tribusono motif, characterized by a beige background and vibrant orange, purple, black, and gold motifs. The dominant motifs include stylized flowers and leaves, some resembling lotuses, with intricate petal patterns and detailed veins. These floral elements are interspersed with abstract ornaments and curved lines forming flowing patterns. Small dots and short lines act as isen-isen elements, adding texture and depth to the design. The motifs are arranged symmetrically around a central point, creating a balanced and harmonious composition. The overall layout includes repeated patterns that flow from one side to another, maintaining a cohesive and unified aesthetic throughout the fabric.

In Surakarta batik tradition, the Tribusono motif represents the balance of physical, social, and spiritual dimensions of life.","regeneration, harmony, cultural continuity, ecological awareness",hard
/mnt/extended-home/dzakaaufa/dataset/all_images_captioning/tujuh_rupa78.jpg,tujuh_rupa,tujuh_rupa,0.941683292388916,"The batik fabric features the tujuh_rupa motif, characterized by a black background and vibrant motifs in shades of red, blue, green, yellow, orange, purple, gold, and white. The dominant motifs include stylized flowers, leaves, and abstract ornaments, which are intricately intertwined throughout the design. Small dots and short lines act as isen-isen elements, adding texture and detail between larger motifs. These elements repeat consistently across the fabric, creating a harmonious pattern that spans horizontally and vertically. The motifs are arranged symmetrically, with each section mirroring the next, ensuring balance and uniformity within the overall composition.

nan","The batik fabric features the tujuh_rupa motif, characterized by a black background and vibrant motifs in shades of red, blue, green, yellow, purple, and gold. The dominant motifs include stylized flowers and leaves, some resembling peacock feathers, arranged in a scattered yet harmonious pattern across the fabric. These motifs are interspersed with small dots and short lines, known as isen-isen, which add texture and detail to the design. The arrangement shows a mix of vertical and horizontal orientations, creating a dynamic and balanced composition. The overall layout appears symmetrical but with slight variations in placement, enhancing the intricate beauty of the tujuh_rupa motif.

Traditionally, the Tujuh Rupa motif symbolizes eloquence, adaptability, and peaceful cultural diversity.","eloquence, adaptability, cultural openness, peaceful diversity",hard
/mnt/extended-home/dzakaaufa/dataset/all_images_captioning/singa_barong39.jpg,singa_barong,singa_barong,0.9975981116294861,"The batik fabric features the singa_barong motif, characterized by a white background and black and gold motifs. The dominant motifs include stylized lions (singas), mythical creatures resembling dragons or barongs, and intricate geometric patterns. These motifs are depicted in various dynamic poses, often overlapping each other. Small dots and short lines act as isen-isen elements, adding texture and detail between larger motifs. The motifs are arranged symmetrically along horizontal bands, creating a repetitive yet harmonious pattern across the fabric.

nan","The batik fabric features the singa_barong motif, characterized by a white background and black and gold motifs. The dominant motifs include stylized lions (singa) and mythical creatures resembling barongs, depicted in dynamic poses. These figures are intricately detailed with flowing lines and ornate patterns, creating a sense of movement and energy. The motifs are arranged in a repeating pattern across the fabric, with some overlapping and others positioned in a staggered manner. The black and gold colors contrast sharply against the white background, enhancing the vibrancy and complexity of the design. Small decorative elements, such as small dots and intricate line work, fill the spaces between the larger motifs, adding depth and texture to the overall composition.

Traditionally, the Singa Barong motif symbolizes mythological power, elemental unity, and visionary leadership.","mythological power, elemental unity, visionary leadership, sacred authority",hard
/mnt/extended-home/dzakaaufa/dataset/all_images_captioning/tuntrum63.jpg,tuntrum,truntum,0.9888436794281006,"The batik fabric features the truntum motif, characterized by a dark brown background and white motifs. The dominant motifs consist of small, circular shapes resembling flowers or daisies, arranged in a grid-like pattern across the fabric. These floral elements are interspersed with smaller, darker dots and short lines, which act as isen-isen elements, adding texture and detail to the design. The motifs repeat consistently throughout the fabric, creating a symmetrical and balanced layout. The overall arrangement follows a structured grid, ensuring uniformity and harmony within the composition.

Traditionally, the Truntum motif symbolizes purity of heart, self-mastery, and the balance between physical, social, and spiritual dimensions of life.","The batik fabric features the tuntrum motif, characterized by a dark brown background and white motifs. The dominant motifs consist of small, circular shapes resembling flowers or petals, arranged symmetrically across the fabric. These circular elements are interspersed with smaller, dot-like isen-isen elements, which add texture and detail to the design. The motifs repeat consistently throughout the fabric, creating a harmonious pattern that spans the entire surface. The overall layout follows a grid-like structure, ensuring uniformity and balance in the composition.

The philosophical meaning of the Truntum motif reflects sincere love, quiet devotion, and renewal of affection through patience.","sincere love, devotion, renewal of affection, patience",hard
/mnt/extended-home/dzakaaufa/dataset/all_images_captioning/tribusono38.jpg,tribusono,tribusono,0.9717089533805847,"The batik fabric features the tribusono motif, characterized by a white background and black motifs. The dominant motifs include intricate floral elements such as petals and leaves, arranged in a symmetrical pattern. These floral designs are interspersed with small, detailed fillers resembling tiny dots and short lines, which add texture and depth to the overall design. The motifs repeat consistently throughout the fabric, creating a harmonious and balanced composition. The layout follows a structured grid-like arrangement, ensuring uniformity and symmetry across the entire piece.

Traditionally, the Tribusono motif symbolizes regeneration, harmony, and the continuity of cultural values.","The batik fabric features the tribusono motif, characterized by a white background and orange motifs. The dominant motifs include intricate floral elements such as petals and leaves, which are interwoven into swirling patterns. These floral designs are complemented by small, detailed animal figures, particularly birds, which add a dynamic element to the composition. The motifs are arranged in a repetitive yet fluid manner, creating a sense of movement across the fabric. The overall layout shows a mix of vertical and horizontal orientations, with some areas featuring more densely packed motifs while others have a looser arrangement. Small dots and short lines are interspersed throughout, adding texture and depth to the design.

Traditionally, the Tribusono motif symbolizes regeneration, harmony, and the continuity of cultural values.","regeneration, harmony, cultural continuity, ecological awareness",hard
/mnt/extended-home/dzakaaufa/dataset/all_images_captioning/kawung20.jpg,kawung,kawung,0.9360098242759705,"The batik fabric features the kawung motif, characterized by a light blue background and white motifs. The dominant motifs consist of circular patterns resembling flowers or leaves, arranged in a grid-like pattern across the fabric. These circles are interspersed with smaller white dots and short lines, creating a sense of depth and texture within each circle. The motifs repeat consistently throughout the fabric, maintaining uniformity in their placement and orientation. The overall layout follows a symmetrical design, ensuring balance and harmony between the various elements on the fabric.

Traditionally, the Kawung motif symbolizes purity of heart, self-mastery, and the eternal cycle of human life.","The batik fabric features the kawung motif, characterized by a light blue background and white motifs. The dominant motifs consist of circular shapes arranged in a grid-like pattern, each containing smaller floral elements at their centers. These circles are interspersed with small white dots and short lines, creating a sense of rhythm and balance throughout the design. The motifs repeat consistently across the fabric, maintaining a symmetrical arrangement both horizontally and vertically. The overall layout showcases a harmonious blend of geometric precision and organic flow, typical of traditional Indonesian batik artistry.

The philosophical meaning of the Kawung motif reflects purity of heart, self-mastery, and moral balance in life.","purity of heart, self-mastery, life cycle, moral balance",hard
/mnt/extended-home/dzakaaufa/dataset/all_images_captioning/tujuh_rupa108.jpg,tujuh_rupa,tujuh_rupa,0.9853696823120117,"The batik fabric features the tujuh_rupa motif, characterized by a black background and vibrant motifs in shades of blue, green, pink, orange, and beige. The dominant motifs include stylized flowers and leaves, some resembling lotus blossoms, with intricate petal-like structures. These floral elements are interspersed with abstract geometric forms and small, scattered dots that serve as isen-isen elements, adding texture and depth to the design. The motifs are arranged in a seemingly random yet harmonious pattern across the fabric, creating a dynamic and visually engaging composition. There is no evident repetition or strict symmetry; instead, the layout appears fluid and organic, enhancing the overall aesthetic appeal of the batik.

nan","The batik fabric features the tujuh_rupa motif, characterized by a dark blue background and vibrant motifs in shades of pink, orange, yellow, green, and blue. The dominant motifs include stylized flowers and leaves, some resembling lotus blossoms, with intricate petal-like structures and elongated stems. These floral elements are interspersed with small, scattered dots and short lines, which serve as isen-isen elements, adding texture and depth to the design. The motifs are arranged in a seemingly random yet harmonious pattern across the fabric, creating a sense of movement and balance through their varied orientations and overlapping arrangements.

The philosophical meaning of the Tujuh Rupa motif reflects eloquence, adaptability, and the richness of peaceful cultural exchange.","eloquence, adaptability, cultural openness, peaceful diversity",hard
/mnt/extended-home/dzakaaufa/dataset/all_images_captioning/sidomukti105.jpg,sidomukti,sidomukti,0.9609390497207642,"The batik fabric features the sidomukti motif, characterized by a dark brown background and light beige motifs. The dominant motifs include stylized leaves and geometric shapes such as triangles and squares, arranged symmetrically within diamond-shaped frames. Small dots and short lines act as isen-isens, filling spaces between larger motifs. These elements repeat consistently throughout the fabric, creating a balanced and intricate pattern.

Traditionally, the Sidomukti motif symbolizes enduring happiness, fulfilment, and spiritual wholeness.","The batik fabric features the sidomukti motif, characterized by a dark brown background and light beige motifs. The dominant motifs include stylized leaves and geometric shapes, arranged in a repeating pattern across the fabric. Small white dots and short black lines act as isen-isen elements, adding texture and detail to the design. The motifs are symmetrically placed within diamond-shaped frames, creating a balanced and intricate layout. Each frame contains a central leaf-like element surrounded by smaller geometric patterns, maintaining a consistent and harmonious arrangement throughout the entire piece.

The philosophical meaning of the Sidomukti motif reflects enduring happiness, fulfilment, prosperity, and spiritual wholeness.","enduring happiness, fulfilment, prosperity, spiritual wholeness",hard
/mnt/extended-home/dzakaaufa/dataset/all_images_captioning/liong69.jpeg,liong,liong,0.9886561632156372,"The batik fabric features the liong motif, characterized by a deep red background and vibrant blue, yellow, pink, white, and black motifs. The dominant motifs include stylized dragons with flowing tails and intricate scales, depicted in dynamic poses against swirling clouds. Floral elements such as lotus blossoms and leaves are interspersed throughout, adding contrast and balance to the design. Small dots and short lines act as isen-isen elements, enhancing the texture and detail of the overall pattern. The motifs are arranged symmetrically along the edges of the fabric, creating a harmonious and balanced composition.

Traditionally, the Liong motif symbolizes divine power, protection, and enduring prosperity.","The batik fabric features the liong motif, characterized by a deep red background and vibrant yellow, blue, and white motifs. The dominant motifs include stylized dragons with flowing tails and intricate scales, along with scattered floral elements featuring large petals and smaller leaves. The dragon figures are depicted in dynamic poses, with one prominently positioned on the left side of the fabric and another partially visible towards the right. Isen-isen elements appear as small, delicate dots and short lines, adding texture and detail to the overall design. The motifs are arranged in a repetitive pattern, with the dragons and flowers interspersed throughout the fabric, creating a balanced and harmonious composition.

In Sino-Javanese tradition, the Liong motif represents celestial strength, protection from misfortune, and the blessing of abundance.","divine power, protection, prosperity, celestial benevolence",hard
/mnt/extended-home/dzakaaufa/dataset/all_images_captioning/Data 2 Batik Krajan (Truntum Garudeya).jpg,Malang,malang,0.9389978647232056,"The batik fabric features the malang motif, characterized by black, brown motifs. The dominant motifs include lotus and peacock. The motifs are arranged in a non-geometric pattern across the fabric, creating a harmonious and balanced composition.

Inspired by the elegance of birds of prey which symbolize courage and determination./ Inspired by the elegance of birds of prey which symbolize courage and determination/","The batik fabric features the Malang motif, characterized by black, white motifs. The dominant motifs include flower and ガルデヤ. The motifs are arranged in a non-geometric pattern across the fabric, creating a harmonious and balanced composition.

Making batik motifs at the request of the Malang Regency Government (the Garudeya/Garuda motif was patented by the Malang Regency Government in 2023 as the leading icon of Malang Regency)",,hard
/mnt/extended-home/dzakaaufa/dataset/all_images_captioning/tuntrum126.jpg,tuntrum,truntum,0.9290705919265747,"The batik fabric features the truntum motif, characterized by a black background and white motifs. The dominant motifs consist of small, intricate star-like patterns arranged symmetrically within larger diamond-shaped frames. These stars have five-pointed ends at their centers, creating a symmetrical design around each frame. Small dots and short lines act as isen-isens, filling the spaces between the main motifs and enhancing the overall complexity of the pattern. The motifs repeat consistently throughout the fabric, maintaining uniformity in size and placement, which contributes to the structured yet detailed appearance of the batik.

Traditionally, the Truntum motif symbolizes inner strength, resilience, and life's cyclical balance.","The batik fabric features the tuntrum motif, characterized by a black background and white motifs. The dominant motifs consist of small, symmetrical star-like shapes arranged in a grid pattern. These stars are interconnected by smaller white dots and short lines, creating a network-like appearance. The motifs repeat consistently throughout the fabric, maintaining uniform spacing and alignment. The overall layout is symmetric, with each section mirroring the adjacent sections both horizontally and vertically.

The philosophical meaning of the Truntum motif reflects sincere love, quiet devotion, and renewal of affection through patience.","sincere love, devotion, renewal of affection, patience",hard
/mnt/extended-home/dzakaaufa/dataset/all_images_captioning/tribusono92.jpg,tribusono,tribusono,0.6826299428939819,"The batik fabric features the tribusono motif, characterized by a deep blue background and gold motifs. The dominant motifs include stylized flowers, leaves, and abstract ornaments. These elements are intricately arranged in a repeating pattern across the fabric, creating a harmonious and balanced design. Small dots and short lines act as isen-isen elements, adding texture and detail to the overall composition. The motifs are oriented in various directions, contributing to the dynamic yet cohesive appearance of the piece.

Traditionally, the Tribusono motif symbolizes regeneration, harmony, and the continuity of cultural values.","The batik fabric features the tribusono motif, characterized by a deep blue background and gold motifs. The dominant motifs include stylized flowers and leaves, with some incorporating small purple accents on the petals. These floral elements are interspersed with abstract leaf-like shapes and curved lines forming intricate patterns. Small dots and short lines are used as isen-isen elements throughout the design, adding texture and detail. The motifs are arranged in a repetitive pattern across the fabric, creating a symmetrical and balanced layout. The overall structure appears to be organized in rows and columns, ensuring uniformity and harmony within the design.

Traditionally, the Tribusono motif symbolizes regeneration, harmony, and the continuity of cultural values.","regeneration, harmony, cultural continuity, ecological awareness",hard
/mnt/extended-home/dzakaaufa/dataset/all_images_captioning/sidoluhur109.jpg,sidoluhur,sidoluhur,0.9898532032966614,"The batik fabric features the sidoluhur motif, characterized by a dark blue background and gold motifs. The dominant motifs include stylized leaves and bell-shaped elements arranged symmetrically within diamond-shaped frames. These frames intersect at right angles, creating a grid-like pattern. Small black dots are interspersed between some of the larger motifs, adding detail to the design. The overall layout follows a repetitive yet structured arrangement, maintaining balance and harmony throughout the fabric.

Traditionally, the Sidoluhur motif symbolizes noble character, moral elevation, and dignified exemplary conduct.","The batik fabric features the sidoluhur motif, characterized by a dark blue background and gold motifs. The dominant motifs include stylized leaves and flowers arranged symmetrically within a lattice-like pattern formed by intersecting lines. Small dots and short lines act as isen-isen elements, adding texture and detail between the larger motifs. These smaller elements are evenly distributed throughout the design, enhancing the overall complexity and balance of the pattern. The motifs repeat consistently across the fabric, creating a harmonious and intricate visual rhythm.

The philosophical meaning of the Sidoluhur motif reflects noble character, moral elevation, and the aspiration for dignified conduct.","noble character, moral elevation, dignity, exemplary conduct",hard
/mnt/extended-home/dzakaaufa/dataset/all_images_captioning/bokor_kencono96.jpg,bokor_kencono,bokor_kencono,0.9497347474098206,"The batik fabric features the bokor_kencono motif, characterized by a golden-yellow background and black and white motifs. The dominant motifs include stylized flowers and leaves, arranged symmetrically around central circular designs. These floral elements have intricate petal-like structures outlined in black against the golden backdrop. Small dots and short lines act as isen-isen elements, filling spaces between larger motifs. The motifs repeat consistently throughout the fabric, creating a harmonious pattern with balanced spacing and alignment.

nan","The batik fabric features the bokor_kencono motif, characterized by a golden-yellow background and dark blue and white motifs. The dominant motifs include stylized flowers and leaves, arranged symmetrically around central circular designs. These central motifs feature intricate detailing with black and white accents, while smaller floral elements surround them. Isen-isen elements appear as small white dots scattered throughout the design, adding texture and contrast against the golden-yellow backdrop. The motifs repeat consistently across the fabric, creating a harmonious pattern that spans the entire surface.

Traditionally, the Bokor Kencono motif symbolizes dignity, wisdom, and enduring authority.","dignity, wisdom, authority, noble character",hard
/mnt/extended-home/dzakaaufa/dataset/all_images_captioning/srikaton108.jpg,srikaton,srikaton,0.9812555909156799,"The batik fabric features the srikaton motif, characterized by a black background and white motifs. The dominant motifs include stylized leaves, flowers, and abstract ornamentation resembling peacock feathers. These elements are intricately detailed with small dots and short lines, adding texture and depth. The motifs repeat symmetrically across the fabric, arranged in a grid-like pattern with some variation in size and orientation. The overall layout maintains a balanced and harmonious design, emphasizing the traditional aesthetic of the srikaton motif.

Traditionally, the Srikaton motif symbolizes divine radiance, natural abundance, and resilient grace.","The batik fabric features the srikaton motif, characterized by a black background and silver motifs. The dominant motifs include intricate floral elements and swirling patterns resembling leaves or vines. These motifs are arranged in a repetitive pattern across the fabric, creating a symmetrical design. The silver motifs stand out sharply against the dark background, enhancing their visibility and detail. There are no visible isen-isen elements such as small dots or short lines within these larger motifs. The overall layout follows a structured grid-like arrangement, ensuring uniformity and balance throughout the piece.

Traditionally, the Srikaton motif symbolizes divine radiance, natural abundance, and resilient grace.","divine radiance, natural abundance, resilience, visible grace",hard
/mnt/extended-home/dzakaaufa/dataset/all_images_captioning/sidomulyo55.jpg,sidomulyo,sidomulyo,0.9591727256774902,"The batik fabric features the sidomulyo motif, characterized by a cream-colored background and dark brown motifs. The dominant motifs include stylized leaves, flowers, and abstract geometric forms, arranged symmetrically within diamond-shaped frames. Small dots and short lines act as isen-isen elements, filling the spaces between larger motifs. These elements repeat consistently throughout the fabric, creating a balanced and intricate pattern.

Traditionally, the Sidomulyo motif symbolizes glory, enduring honour, and a life of inner mastery.","The batik fabric features the sidomulyo motif, characterized by a cream-colored background and dark brown motifs. The dominant motifs include stylized birds and floral elements, depicted in intricate detail against the lighter backdrop. Small dots and short lines, known as isen-isens, are interspersed throughout the design, adding texture and depth. These motifs repeat symmetrically within a grid-like pattern, creating a balanced and harmonious layout across the entire fabric.

Traditionally, the Sidomulyo motif symbolizes glory, enduring honour, and a life of inner mastery.","glory, enduring honour, inner mastery, dignified life",hard
/mnt/extended-home/dzakaaufa/dataset/all_images_captioning/buketan31.jpg,buketan,buketan,0.9513363242149353,"The batik fabric features the buketan motif, characterized by a deep red background and gold motifs. The dominant motifs include stylized flowers resembling lilies and other ornamental plants, along with small butterflies and birds. These elements are interspersed throughout the fabric, creating a harmonious pattern. The gold motifs stand out vividly against the rich red backdrop, while small dots and short lines act as isen-isen elements, adding texture and detail to the design. The motifs are arranged symmetrically, repeating in a structured yet flowing manner across the fabric, ensuring balance and continuity within each panel.

Traditionally, the Buketan motif symbolizes joy, beauty, purity, and feminine grace.","The batik fabric features the buketan motif, characterized by a deep red background and gold motifs. The dominant motifs include stylized flowers resembling lilies, with elongated petals and pointed tips, arranged in clusters. Small butterflies and birds are interspersed among the flowers, adding dynamic movement to the design. The background is adorned with small white dots and short lines, creating a subtle texture. The motifs repeat consistently across the fabric, maintaining a balanced and symmetrical arrangement. The overall layout follows a traditional buketan pattern, where the motifs are evenly distributed and aligned vertically and horizontally.

Traditionally, the Buketan motif symbolizes joy, beauty, purity, and feminine grace.","joy, beauty, purity, feminine grace, cheerfulness",hard
/mnt/extended-home/dzakaaufa/dataset/all_images_captioning/bokor_kencono118.jpg,bokor_kencono,bokor_kencono,0.9889106750488281,"The batik fabric features the bokor_kencono motif, characterized by a dark green background and beige motifs. The dominant motifs include stylized floral elements resembling lotus flowers, each adorned with intricate petal-like patterns and central decorative elements. These floral motifs are arranged symmetrically around larger diamond-shaped centers, which feature additional ornate designs within them. Small dots and short lines act as isen-isen elements, filling spaces between the main motifs and adding texture to the overall design. The motifs repeat consistently throughout the fabric, creating a harmonious and balanced pattern.

nan","The batik fabric features the bokor_kencono motif, characterized by a dark green background and beige motifs. The dominant motifs include stylized floral elements resembling lotus flowers, each surrounded by intricate petal-like patterns. These floral designs are interspersed with smaller, symmetrical ornamental shapes that resemble leaves or petals, creating a harmonious balance within the larger design. The motifs repeat consistently throughout the fabric, arranged in a grid-like pattern with equal spacing between them. The overall layout shows a high degree of symmetry, with each section mirroring the next, enhancing the visual appeal and uniformity of the batik.

In Javanese culture, the Bokor Kencono motif represents noble character, inner wisdom, and commanding dignity.","dignity, wisdom, authority, noble character",hard
/mnt/extended-home/dzakaaufa/dataset/all_images_captioning/wirasat117.jpg,wirasat,wirasat,0.9923821091651917,"The batik fabric features the wirasat motif, characterized by a dark brown background and light beige motifs. The dominant motifs include stylized diamond shapes filled with intricate patterns resembling leaves or vines, arranged in a grid-like pattern. These diamonds are interspersed with smaller, more complex designs such as starbursts and swirling curves within each diamond shape. Small dots and short lines act as isen-isen elements, filling the spaces between larger motifs. The overall arrangement shows a high degree of symmetry, with motifs repeating consistently throughout the fabric.

Traditionally, the Wirasat motif symbolizes the fulfilment of wholesome wishes, elevated standing, and life's sufficiency.","The batik fabric features the wirasat motif, characterized by a dark brown background and gold motifs. The dominant motifs include stylized floral elements and geometric forms, such as squares and diamond shapes, which are intricately interlaced. Small dots and short lines act as isen-isen elements, adding texture and detail between larger motifs. These patterns repeat consistently throughout the fabric, arranged in a grid-like structure with symmetrical placement of motifs within each square section.

The philosophical meaning of the Wirasat motif reflects the fulfilment of wishes, elevated standing, and life's sufficiency.","fulfilment of wishes, elevated standing, sufficiency, parental blessing",hard
/mnt/extended-home/dzakaaufa/dataset/all_images_captioning/parang138.jpg,parang,parang,0.9979262351989746,"The batik fabric features the parang motif, characterized by a white background and brown motifs. The dominant motifs consist of elongated, curved shapes resembling stylized leaves or waves, arranged in parallel rows. These motifs are interspersed with small diamond-shaped patterns and short horizontal lines, creating a sense of rhythm and balance. The motifs repeat consistently across the fabric, maintaining a symmetrical pattern both horizontally and vertically. The overall layout is structured and orderly, emphasizing the traditional aesthetic of the parang motif.

Traditionally, the Parang motif symbolizes perseverance, courage, and continuity in life.","The batik fabric features the parang motif, characterized by a dark brown background and light beige motifs. The dominant motifs consist of elongated, curved shapes resembling leaves or petals, arranged in parallel rows. These motifs are interspersed with small diamond-shaped isen-isen elements, which add texture and detail to the design. The motifs repeat consistently across the fabric, creating a symmetrical pattern. The overall layout follows a grid-like structure, ensuring uniformity and balance throughout the piece.

In Javanese culture, the Parang motif represents determination, resilience, and steadfast commitment.","perseverance, courage, continuity, relentless self-improvement",hard
/mnt/extended-home/dzakaaufa/dataset/all_images_captioning/buketan100.jpg,buketan,buketan,0.9803667664527893,"The batik fabric features the buketan motif, characterized by a black background and vibrant floral motifs in shades of pink, purple, yellow, green, and white. The dominant motifs include large roses and smaller blossoms, depicted with intricate petal patterns and detailed leaves. Small dots and short lines act as isen-isen elements, adding texture and depth to the design. These motifs are arranged symmetrically around the central area, creating a balanced composition with repeated patterns on either side.

Traditionally, the Buketan motif symbolizes joy, beauty, purity, and feminine grace.","The batik fabric features the buketan motif, characterized by a black background and vibrant floral motifs. The dominant motifs include large roses in shades of pink, purple, and yellow, along with smaller blossoms and leaves in green hues. These floral elements are intricately detailed with white outlines, creating a striking contrast against the dark backdrop. The small dots and short lines, known as isen-isen, are interspersed among the larger flowers, adding texture and depth to the design. The motifs are arranged in a scattered yet balanced manner across the fabric, with some overlapping and others spaced apart, ensuring a harmonious and visually appealing composition.

Traditionally, the Buketan motif symbolizes joy, beauty, purity, and feminine grace.","joy, beauty, purity, feminine grace, cheerfulness",hard
/mnt/extended-home/dzakaaufa/dataset/all_images_captioning/tribusono142.jpg,tribusono,tribusono,0.9864002466201782,"The batik fabric features the tribusono motif, characterized by a dark blue background and vibrant red, yellow, green, black, white, and orange motifs. The dominant motifs include stylized flowers and leaves, some resembling lotuses, with intricate petal patterns. These floral elements are interspersed with smaller, more abstract ornaments that resemble small dots and short lines, which act as isen-isen fillers between larger motifs. The motifs are arranged in a repetitive pattern across the fabric, creating a symmetrical design that extends horizontally and vertically. The overall layout follows a grid-like structure, ensuring uniformity and balance throughout the piece.

Traditionally, the Tribusono motif symbolizes regeneration, harmony, and the continuity of cultural values.","The batik fabric features the tribusono motif, characterized by a dark blue background and vibrant red, yellow, green, and black motifs. The dominant motifs include stylized flowers with intricate petal patterns and swirling leaves, creating a dynamic and lively appearance. Small dots and short lines are interspersed throughout the design, adding texture and depth. The motifs are arranged in a repetitive pattern across the fabric, with some elements overlapping and others aligned in a grid-like structure. The overall layout shows a mix of vertical and horizontal orientations, contributing to a balanced yet visually engaging composition.

Traditionally, the Tribusono motif symbolizes regeneration, harmony, and the continuity of cultural values.","regeneration, harmony, cultural continuity, ecological awareness",hard
/mnt/extended-home/dzakaaufa/dataset/all_images_captioning/buketan36.jpg,buketan,buketan,0.9568232297897339,"The batik fabric features the buketan motif, characterized by a pink background and blue, green, yellow, and white motifs. The dominant motifs include stylized flowers arranged in clusters, with some featuring intricate petal patterns. There are also small butterfly-like figures interspersed among the floral designs. The fabric displays a mix of repeating and non-repeating patterns, creating a dynamic yet harmonious composition. The motifs appear to be evenly spaced and distributed across the fabric, maintaining a balanced aesthetic throughout.

Traditionally, the Buketan motif symbolizes joy, beauty, purity, and feminine grace.","The batik fabric features the buketan motif, characterized by a pink background and blue, green, and beige floral motifs. The dominant motifs include stylized flowers with intricate petal patterns, arranged in clusters and scattered across the fabric. Small dots and short lines are interspersed among the larger floral designs, adding texture and detail. The motifs repeat consistently throughout the fabric, creating a harmonious pattern. The arrangement follows a symmetrical design, with the floral elements oriented in various directions but maintaining overall balance.

The philosophical meaning of the Buketan motif reflects joy, natural beauty, purity, and graceful femininity.","joy, beauty, purity, feminine grace, cheerfulness",hard
/mnt/extended-home/dzakaaufa/dataset/all_images_captioning/wirasat125.jpg,wirasat,wirasat,0.9845966696739197,"The batik fabric features the wirasat motif, characterized by a beige background and black and white motifs. The dominant motifs include diamond-shaped patterns filled with intricate designs resembling leaves and flowers, arranged symmetrically within each diamond. Small dots and short lines act as isen-isen elements, filling the spaces between larger motifs. These diamonds are repeated in a grid-like pattern across the entire fabric, creating a balanced and harmonious layout.

Traditionally, the Wirasat motif symbolizes the fulfilment of wholesome wishes, elevated standing, and life's sufficiency.","The batik fabric features the wirasat motif, characterized by a beige background and black and white motifs. The dominant motifs include diamond-shaped patterns with intricate floral designs at their centers, surrounded by smaller floral elements. These diamonds are arranged in a grid-like pattern across the fabric, creating a symmetrical and repetitive design. Small dots and short lines act as isen-isen elements, adding texture and detail between the larger motifs. The overall layout maintains a balanced and orderly arrangement, emphasizing the traditional aesthetic of the wirasat motif.

Traditionally, the Wirasat motif symbolizes the fulfilment of wholesome wishes, elevated standing, and life's sufficiency.","fulfilment of wishes, elevated standing, sufficiency, parental blessing",hard
/mnt/extended-home/dzakaaufa/dataset/all_images_captioning/sidoluhur113.png,sidoluhur,sidoluhur,0.9947916269302368,"The batik fabric features the sidoluhur motif, characterized by a dark blue background and orange motifs. The dominant motifs include stylized flowers and leaves, arranged symmetrically around central architectural elements resembling temples or palaces. These motifs are interconnected by intricate, flowing lines forming a network-like pattern. Small dots and short lines act as isen-isen elements, filling gaps between larger motifs and adding texture to the design. The motifs repeat consistently throughout the fabric, creating a harmonious and balanced composition.

Traditionally, the Sidoluhur motif symbolizes noble character, moral elevation, and dignified exemplary conduct.","The batik fabric features the sidoluhur motif, characterized by a dark blue background and orange motifs. The dominant motifs include stylized leaves and flowers, arranged symmetrically across the fabric. These motifs are interconnected by intricate, flowing lines that create a sense of movement and unity. Small dots and short lines are interspersed between the larger motifs, adding texture and detail to the design. The motifs repeat consistently throughout the fabric, maintaining a balanced and harmonious pattern.

Traditionally, the Sidoluhur motif symbolizes noble character, moral elevation, and dignified exemplary conduct.","noble character, moral elevation, dignity, exemplary conduct",hard
/mnt/extended-home/dzakaaufa/dataset/all_images_captioning/liong45.jpg,liong,liong,0.9857866764068604,"The batik fabric features the liong motif, characterized by a vibrant pink background and intricate blue, orange, and white motifs. The dominant motifs include stylized dragons with flowing tails and detailed scales, arranged in dynamic poses against swirling clouds. Small decorative elements such as leaves and flowers are interspersed throughout the design, adding texture and complexity. These motifs repeat consistently across the fabric, creating a harmonious pattern with balanced spacing and symmetrical placement.

Traditionally, the Liong motif symbolizes divine power, protection, and enduring prosperity.","The batik fabric features the liong motif, characterized by a vibrant pink background and dynamic orange and light blue motifs. The dominant motifs include stylized dragons and lions, depicted in flowing, serpentine curves and intricate scales. These figures are interspersed with smaller, repeating patterns of flowers and leaves, which add texture and detail to the design. The small dots and short lines within these motifs contribute to the overall complexity and richness of the pattern. The motifs are arranged in a symmetrical manner, with some overlapping and others positioned in a staggered formation, creating a balanced yet lively composition across the fabric.

In Sino-Javanese tradition, the Liong motif represents celestial strength, protection from misfortune, and the blessing of abundance.","divine power, protection, prosperity, celestial benevolence",hard
/mnt/extended-home/dzakaaufa/dataset/all_images_captioning/srikaton148.jpg,srikaton,srikaton,0.9751176834106445,"The batik fabric features the srikaton motif, characterized by a dark blue background and gold, red, green, and black motifs. The dominant motifs include stylized leaves and floral elements, arranged symmetrically around central nodes. These motifs repeat consistently across the fabric, creating a harmonious pattern. Small dots and short lines act as isen-isen elements, filling gaps between larger motifs and enhancing the overall design.

Traditionally, the Srikaton motif symbolizes divine radiance, natural abundance, and resilient grace.","The batik fabric features the srikaton motif, characterized by a dark blue background and vibrant red, green, gold, and black motifs. The dominant motifs include stylized birds with elongated necks and flowing tails, as well as intricate floral patterns with detailed petals and leaves. These motifs are arranged in a repeating pattern across the fabric, creating a symmetrical design. The small dots and short lines within the motifs add texture and depth, enhancing the overall complexity of the pattern.

The philosophical meaning of the Srikaton motif reflects divine radiance, natural abundance, and resilience.","divine radiance, natural abundance, resilience, visible grace",hard
/mnt/extended-home/dzakaaufa/dataset/all_images_captioning/sekarjagad2.jpg,sekarjagad,sekarjagad,0.9975261092185974,"The batik fabric features the sekarjagad motif, characterized by a dark brown background and light beige motifs. The dominant motifs include intricate floral elements such as lotus blossoms and leaves, arranged symmetrically within circular and rectangular frames. Small dots and short lines act as isen-isen elements, filling gaps between larger motifs. These patterns repeat consistently throughout the fabric, creating a harmonious and balanced design.

Traditionally, the Sekarjagad motif symbolizes the beauty of diversity, universal harmony, and joyful coexistence.","The batik fabric features the sekarjagad motif, characterized by a beige background and black motifs. The dominant motifs include intricate floral elements such as lotus blossoms and leaves, along with geometric patterns like starbursts and diamond shapes. Small dots and short lines act as isen-isens, adding texture and detail to the design. The motifs are arranged symmetrically, repeating in a grid-like pattern across the fabric, creating a balanced and harmonious layout.

In Javanese culture, the Sekarjagad motif represents the celebration of diversity, universal harmony, and the wish to radiate goodness.","beauty of diversity, universal harmony, radiance, coexistence",hard
/mnt/extended-home/dzakaaufa/dataset/all_images_captioning/kawung4.jpg,kawung,kawung,0.9820134043693542,"The batik fabric features the kawung motif, characterized by a black background and white motifs. The dominant motifs consist of elongated oval shapes arranged in a grid-like pattern. These ovals are interspersed with smaller cross-shaped elements, creating a dense and intricate design. The motifs repeat consistently throughout the fabric, maintaining uniform spacing and alignment. The overall layout follows a symmetrical structure, with each row and column containing identical patterns.

Traditionally, the Kawung motif symbolizes purity of heart, self-mastery, and the eternal cycle of human life.","The batik fabric features the kawung motif, characterized by a black background and white motifs. The dominant motifs consist of elongated, oval shapes resembling leaves or petals, arranged in a grid-like pattern. These motifs are interconnected by smaller, cross-shaped elements, creating a network-like design. The motifs repeat consistently throughout the fabric, maintaining uniform spacing and alignment. The overall layout shows a high degree of symmetry, with each section mirroring the next horizontally and vertically. There are no visible isen-isen elements such as small dots or short lines within the motifs themselves; these are purely structural components connecting the larger shapes.

In Javanese royal culture, the Kawung motif represents moral integrity, inner balance, and the wisdom of knowing one's origins.","purity of heart, self-mastery, life cycle, moral balance",hard
/mnt/extended-home/dzakaaufa/dataset/all_images_captioning/liong42.jpg,liong,liong,0.9944180250167847,"The batik fabric features the liong motif, characterized by a vibrant pink background and intricate blue, orange, yellow, and white motifs. The dominant motifs include stylized dragons with flowing tails and detailed scales, along with floral elements such as lotus blossoms and leaves. These motifs are interspersed with small decorative elements like dots and lines, adding texture and depth to the design. The motifs are arranged in a scattered yet balanced manner across the fabric, creating a harmonious pattern that repeats throughout the piece.

Traditionally, the Liong motif symbolizes divine power, protection, and enduring prosperity.","The batik fabric features the liong motif, characterized by a vibrant pink background and colorful motifs including dragons, phoenixes, and floral elements. The dominant motifs are intricately designed with detailed scales and flowing tails on the dragons, and elegant feathers and intricate patterns on the phoenixes. Small dots and short lines are used as isen-isen elements throughout the design, adding texture and depth. The motifs are arranged symmetrically around the central area of the fabric, creating a balanced and harmonious composition.

The philosophical meaning of the Liong motif reflects divine power, protection, and the blessing of prosperity.","divine power, protection, prosperity, celestial benevolence",hard
/mnt/extended-home/dzakaaufa/dataset/all_images_captioning/sidomukti79.jpg,sidomukti,sidomukti,0.8801727890968323,"The batik fabric features the sidomukti motif, characterized by a golden-yellow background and black, orange, and white motifs. The dominant motifs include stylized leaves and flowers arranged symmetrically around central nodes. These leaf-like structures have pointed tips and are interspersed with small, circular patterns resembling beads or dots. The motifs repeat consistently throughout the fabric, creating a harmonious pattern that extends across the entire surface. The overall layout follows a grid-like structure, with each node connecting multiple motifs in a balanced manner.

Traditionally, the Sidomukti motif symbolizes enduring happiness, fulfilment, and spiritual wholeness.","The batik fabric features the sidomukti motif, characterized by a predominantly orange background and intricate patterns in shades of brown, black, and white. The dominant motifs include stylized leaves and petal-like shapes arranged symmetrically around central nodes. These motifs are interconnected through small dots and short lines, creating a cohesive network throughout the fabric. The arrangement follows a repeating pattern where each section mirrors the next, maintaining a balanced and harmonious design.

The philosophical meaning of the Sidomukti motif reflects enduring happiness, fulfilment, prosperity, and spiritual wholeness.","enduring happiness, fulfilment, prosperity, spiritual wholeness",hard
/mnt/extended-home/dzakaaufa/dataset/all_images_captioning/mega_mendung114.jpg,mega_mendung,mega_mendung,0.9854474067687988,"The batik fabric features the mega_mendung motif, characterized by a deep blue background and vibrant red and light blue motifs. The dominant motifs consist of swirling, cloud-like shapes reminiscent of traditional Chinese dragon patterns, rendered in bold outlines against the contrasting backdrop. These motifs repeat consistently throughout the fabric, arranged in a symmetrical pattern that creates a dynamic yet balanced visual effect. There are no visible isen-isen elements such as small dots or short lines within these larger designs. The overall layout appears structured, with each motif carefully placed to enhance the overall aesthetic appeal of the piece.

nan","The batik fabric features the mega_mendung motif, characterized by a deep blue background and vibrant red and light blue motifs. The dominant motifs consist of flowing, wave-like curves that resemble stylized clouds or abstract organic forms. These motifs are arranged in a repetitive pattern across the fabric, creating a dynamic and fluid appearance. The motifs are oriented in various directions, contributing to the overall sense of movement and energy. There are no visible isen-isen elements such as small dots or short lines within the motifs themselves; instead, the focus remains on the continuous flow and interplay between the red and light blue waves against the deep blue backdrop.

Traditionally, the Mega Mendung motif symbolizes patience, emotional calm, and spiritual serenity.","patience, emotional calm, spiritual serenity, divine protection",hard
/mnt/extended-home/dzakaaufa/dataset/all_images_captioning/liong93.jpg,liong,liong,0.8845195174217224,"The batik fabric features the liong motif, characterized by a vibrant pink background and multicolored motifs. The dominant motifs include stylized dragons with flowing bodies adorned in shades of orange, blue, green, and yellow. These dragons exhibit intricate scales and detailed patterns along their forms. Small white dots and short lines act as isen-isen elements, adding texture and definition to the dragon's scales and edges. The motifs are arranged symmetrically around the central area of the fabric, creating a balanced and harmonious composition.

Traditionally, the Liong motif symbolizes divine power, protection, and enduring prosperity.","The batik fabric features the liong motif, characterized by a vibrant pink background and multicolored motifs. The dominant motifs include stylized dragons with flowing scales and intricate patterns, rendered in shades of orange, blue, green, and white. These dragons are depicted in dynamic poses, with their bodies curving gracefully against the backdrop. Small dots and short lines are interspersed within the larger motifs, adding texture and detail. The motifs are arranged symmetrically along the fabric's length, creating a balanced and harmonious composition.

Traditionally, the Liong motif symbolizes divine power, protection, and enduring prosperity.","divine power, protection, prosperity, celestial benevolence",hard
/mnt/extended-home/dzakaaufa/dataset/all_images_captioning/tujuh_rupa148.jpg,tujuh_rupa,tujuh_rupa,0.9822524785995483,"The batik fabric features the tujuh_rupa motif, characterized by a black background and vibrant blue, orange, pink, green, and white motifs. The dominant motifs include stylized flowers and leaves, some resembling lotus blossoms, with intricate petal-like structures. These floral elements are interspersed with abstract leafy forms and small decorative elements such as dots and short lines. The motifs appear scattered yet balanced across the fabric, creating a harmonious pattern through their repetition and variation. The overall layout shows a mix of vertical and horizontal orientations, contributing to a dynamic and visually engaging design.

nan","The batik fabric features the tujuh_rupa motif, characterized by a black background and vibrant blue, orange, pink, and green motifs. The dominant motifs include stylized flowers and leaves, with some resembling lotus blossoms and others more abstractly shaped. These floral elements are interspersed with small, intricate designs such as dots and short lines, which act as isen-isen elements, adding texture and detail to the overall pattern. The motifs are arranged in a dense, overlapping manner across the fabric, creating a complex yet harmonious composition. There is no clear repetition in terms of motif placement but rather a continuous flow of patterns that maintain a sense of balance through their varied orientations and symmetrical arrangements.

Traditionally, the Tujuh Rupa motif symbolizes eloquence, adaptability, and peaceful cultural diversity.","eloquence, adaptability, cultural openness, peaceful diversity",hard
/mnt/extended-home/dzakaaufa/dataset/all_images_captioning/tujuh_rupa29.jpg,tujuh_rupa,tujuh_rupa,0.8439915180206299,"The batik fabric features the tujuh_rupa motif, characterized by a black background and vibrant motifs in shades of blue, pink, yellow, green, and brown. The dominant motifs include stylized flowers and leaves, some resembling lotus blossoms, with intricate petal-like structures. These floral elements vary in size and shape but maintain a consistent pattern throughout the fabric. Small white dots and short lines act as isen-isen elements, adding texture and detail between larger motifs. The motifs are arranged in a seemingly random yet harmonious manner, creating a balanced and visually engaging composition across the entire surface.

nan","The batik fabric features the tujuh_rupa motif, characterized by a black background and colorful motifs including flowers, leaves, and abstract shapes. The dominant motifs are stylized flowers with petals in shades of blue, pink, yellow, and orange, interspersed with green leaves and abstract forms resembling seeds or buds. Small white dots and short lines act as isen-isen elements, adding texture and detail throughout the design. The motifs are arranged in a scattered pattern across the fabric, with some areas showing more dense clustering than others. There is no strict symmetry, but the overall layout creates a dynamic and visually engaging composition.

In Pekalongan's coastal tradition, the Tujuh Rupa motif represents openness to the world, graceful adaptability, and harmony across cultures.","eloquence, adaptability, cultural openness, peaceful diversity",hard
/mnt/extended-home/dzakaaufa/dataset/all_images_captioning/wirasat13.jpg,wirasat,wirasat,0.9941080808639526,"The batik fabric features the wirasat motif, characterized by a beige background and dark brown motifs. The dominant motifs include stylized leaves and geometric shapes such as diamonds and ovals, arranged symmetrically within larger diamond frames. Small dots and short lines act as isen-isen elements, filling spaces between the main motifs. These elements repeat consistently throughout the design, creating a balanced and intricate pattern.

Traditionally, the Wirasat motif symbolizes the fulfilment of wholesome wishes, elevated standing, and life's sufficiency.","The batik fabric features the wirasat motif, characterized by a light brown background and dark brown motifs. The dominant motifs include stylized leaves and geometric shapes, arranged symmetrically around central axes. Small dots and short lines act as isen-isen elements, filling spaces between larger motifs. The motifs repeat consistently across the fabric, creating a balanced and harmonious pattern.

Traditionally, the Wirasat motif symbolizes the fulfilment of wholesome wishes, elevated standing, and life's sufficiency.","fulfilment of wishes, elevated standing, sufficiency, parental blessing",hard
/mnt/extended-home/dzakaaufa/dataset/all_images_captioning/sidomukti137.jpg,sidomukti,sidomukti,0.9589251279830933,"The batik fabric features the sidomukti motif, characterized by a golden-yellow background and black motifs. The dominant motifs include stylized leaves and abstract geometric forms, arranged symmetrically within diamond-shaped sections. Small dots and short lines act as isen-isens, filling the spaces between larger motifs. These elements repeat consistently throughout the fabric, creating a balanced and intricate pattern.

Traditionally, the Sidomukti motif symbolizes enduring happiness, fulfilment, and spiritual wholeness.","The batik fabric features the sidomukti motif, characterized by a golden-yellow background and black motifs. The dominant motifs include stylized floral elements resembling lotus flowers, arranged symmetrically within diamond-shaped frames. These frames are interconnected by smaller, repeating patterns of small dots and short lines, creating a dense network throughout the fabric. The motifs repeat consistently across the entire surface, maintaining a balanced and harmonious layout.

In Surakarta court tradition, the Sidomukti motif represents prosperity, inner contentment, and the blessing of a flourishing life.","enduring happiness, fulfilment, prosperity, spiritual wholeness",hard
/mnt/extended-home/dzakaaufa/dataset/all_images_captioning/singa_barong77.jpg,singa_barong,singa_barong,0.9857573509216309,"The batik fabric features the singa_barong motif, characterized by a white background and dark blue, black, and beige motifs. The dominant motifs include stylized lions (singas), mythical creatures resembling dragons or barongs, and intricate floral patterns. These elements are depicted in various dynamic poses, some standing on clouds, others in mid-flight, creating a sense of movement and energy. Small dots and short lines act as isen-isen elements, adding texture and detail to the overall design. The motifs are arranged symmetrically along horizontal bands, repeating consistently across the fabric, ensuring balance and harmony within each panel.

nan","The batik fabric features the singa_barong motif, characterized by a white background and dark blue, black, and beige motifs. The dominant motifs include stylized lions (singa), mythical creatures resembling dragons or serpents (barongs), and intricate floral designs. The lions are depicted in various dynamic poses, often interacting with the barongs. The barongs are shown in elaborate, flowing forms, some with wings and others with long tails. Floral elements, such as lotus blossoms and leaves, are interspersed throughout the design, adding complexity and balance to the overall pattern. Small dots and short lines are used as isen-isen elements, filling gaps between larger motifs and enhancing the texture of the fabric. The motifs are arranged in horizontal bands, creating a repetitive yet harmonious layout across the entire surface of the batik. Each band alternates between scenes featuring lions and barongs, ensuring a balanced distribution of these central figures within the design.

The philosophical meaning of the Singa Barong motif reflects mythological power, elemental unity, and visionary leadership.","mythological power, elemental unity, visionary leadership, sacred authority",hard
/mnt/extended-home/dzakaaufa/dataset/all_images_captioning/sekarjagad137.jpg,sekarjagad,sekarjagad,0.9969112277030945,"The batik fabric features the sekarjagad motif, characterized by a dark brown background and vibrant red motifs. The dominant motifs include stylized flowers, leaves, and geometric patterns such as diamonds and squares. These motifs are interspersed with small dots and short lines, which act as isen-isen elements, adding texture and detail to the design. The motifs are arranged in a scattered yet balanced manner across the fabric, creating a harmonious and visually engaging pattern. There is no strict symmetry but rather a dynamic interplay between the various elements, ensuring a lively and intricate overall composition.

Traditionally, the Sekarjagad motif symbolizes the beauty of diversity, universal harmony, and joyful coexistence.","The batik fabric features the sekarjagad motif, characterized by a red background and black motifs. The dominant motifs include stylized flowers and leaves, some resembling lotus blossoms, arranged in a scattered yet harmonious pattern. These floral elements vary in size and shape but maintain a consistent black outline against the vibrant red backdrop. Small dots and short lines, known as isen-isen, are interspersed within the larger motifs, adding texture and detail. The arrangement of these motifs appears random yet balanced, creating a visually engaging composition where no two pieces repeat identically, ensuring a dynamic and lively appearance throughout the fabric.

Traditionally, the Sekarjagad motif symbolizes the beauty of diversity, universal harmony, and joyful coexistence.","beauty of diversity, universal harmony, radiance, coexistence",hard
/mnt/extended-home/dzakaaufa/dataset/all_images_captioning/kawung129.jpg,kawung,kawung,0.7448253631591797,"The batik fabric features the kawung motif, characterized by a white background and brown motifs. The dominant motifs consist of interconnected circular patterns resembling flowers or leaves, arranged in a repeating grid-like pattern. Each motif includes smaller circular elements within larger ones, creating a layered effect. There are no visible isen-isen elements such as small dots or short lines. The motifs are evenly spaced and aligned horizontally and vertically, forming a symmetrical and orderly layout across the entire fabric.

Traditionally, the Kawung motif symbolizes purity of heart, self-mastery, and the eternal cycle of human life.","The batik fabric features the kawung motif, characterized by a white background and dark brown motifs. The dominant motifs consist of interconnected circular shapes resembling flowers or leaves, arranged in a repeating pattern across the fabric. These motifs are symmetrically placed within each square section of the isen-isen grid, creating a harmonious and balanced design. Small white dots are interspersed between the larger motifs, adding texture and detail to the overall pattern. The motifs repeat consistently throughout the fabric, maintaining uniformity and ensuring a cohesive look.

Traditionally, the Kawung motif symbolizes purity of heart, self-mastery, and the eternal cycle of human life.","purity of heart, self-mastery, life cycle, moral balance",hard
/mnt/extended-home/dzakaaufa/dataset/all_images_captioning/sidomulyo12.jpg,sidomulyo,sidomulyo,0.9910418391227722,"The batik fabric features the sidomulyo motif, characterized by a white background and brown motifs. The dominant motifs include stylized leaves and flowers arranged symmetrically within diamond-shaped frames. These frames are interconnected through smaller cross-like patterns, creating a cohesive grid-like structure. Small black dots are interspersed between some of the larger motifs, adding detail to the design. The motifs repeat consistently throughout the fabric, maintaining uniformity in their placement and orientation.

Traditionally, the Sidomulyo motif symbolizes glory, enduring honour, and a life of inner mastery.","The batik fabric features the sidomulyo motif, characterized by a white background and brown motifs. The dominant motifs include stylized leaves and flowers arranged symmetrically within diamond-shaped frames. These frames are interconnected by cross-hatching lines forming a grid-like pattern. Small red dots are interspersed between the larger motifs, adding detail to the design. The motifs repeat consistently throughout the fabric, maintaining a balanced and harmonious layout.

In Javanese Mataram tradition, the Sidomulyo motif represents continuous glory, dignified life, and the mastery of one's inner impulses.","glory, enduring honour, inner mastery, dignified life",hard
/mnt/extended-home/dzakaaufa/dataset/all_images_captioning/srikaton98.jpg,srikaton,srikaton,0.9889755249023438,"The batik fabric features the srikaton motif, characterized by a dark green background and white motifs. The dominant motifs include stylized leaves, flowers, and abstract ornamentation resembling peacock feathers. These elements are intricately detailed with small dots and short lines, adding texture and depth to each form. The motifs repeat symmetrically across the fabric, arranged in a grid-like pattern with equal spacing between them. Each row and column maintain uniform alignment, creating a balanced and harmonious design throughout the entire piece.

Traditionally, the Srikaton motif symbolizes divine radiance, natural abundance, and resilient grace.","The batik fabric features the srikaton motif, characterized by a dark green background and light green motifs. The dominant motifs include stylized leaves and floral elements, arranged symmetrically in a repeating pattern. Each leaf and flower is intricately detailed with small dots and short lines filling the spaces between them, creating a sense of depth and texture. The motifs are evenly spaced and aligned vertically and horizontally, forming a grid-like structure across the fabric.

The philosophical meaning of the Srikaton motif reflects divine radiance, natural abundance, and resilience.","divine radiance, natural abundance, resilience, visible grace",hard
/mnt/extended-home/dzakaaufa/dataset/all_images_captioning/liong75.jpeg,liong,liong,0.9939767122268677,"The batik fabric features the liong motif, characterized by a deep red background and vibrant blue, yellow, pink, white, and black motifs. The dominant motifs include stylized dragons with flowing tails and intricate scales, depicted in dynamic poses against swirling clouds. Floral elements, such as lotus blossoms and leaves, are interspersed throughout the design, adding contrast and balance. Small dots and short lines act as isen-isen elements, enhancing the texture and detail of the overall pattern. The motifs are arranged symmetrically along the fabric, creating a balanced and harmonious composition.

Traditionally, the Liong motif symbolizes divine power, protection, and enduring prosperity.","The batik fabric features the liong motif, characterized by a deep red background and vibrant blue, yellow, pink, and white motifs. The dominant motifs include stylized dragon-like figures with intricate scales and flowing tails, along with floral elements featuring petals and leaves. Small dots and short lines are interspersed within the larger patterns, adding texture and detail. The motifs are arranged symmetrically around the central area of the fabric, with repeated patterns creating a balanced and harmonious design.

In Sino-Javanese tradition, the Liong motif represents celestial strength, protection from misfortune, and the blessing of abundance.","divine power, protection, prosperity, celestial benevolence",hard
/mnt/extended-home/dzakaaufa/dataset/all_images_captioning/singa_barong142.jpg,singa_barong,singa_barong,0.9611738324165344,"The batik fabric features the singa_barong motif, characterized by a black background and red, white, and gold motifs. The dominant motifs include stylized barongs (mythical creatures), depicted with flowing, dynamic lines and intricate patterns on their bodies. These barongs have elongated necks and tails, with some featuring wings at the back. The motifs also include swirling cloud-like designs in white against the dark background, adding depth and movement to the overall composition. Small dots and short lines are interspersed within these larger motifs, enhancing the texture and detail. The motifs are arranged symmetrically around central axes, creating a balanced and harmonious pattern across the fabric.

nan","The batik fabric features the singa_barong motif, characterized by a black background and vibrant red, orange, white, and yellow motifs. The dominant motifs include stylized barongs (mythical creatures), depicted with flowing, dynamic lines and intricate patterns. These barongs are interspersed with swirling cloud-like designs, adding depth and movement to the composition. Small white dots and short lines act as isen-isen elements, enhancing the texture and detail of the design. The motifs are arranged symmetrically along the fabric, creating a balanced and harmonious layout. The overall pattern repeats consistently, ensuring uniformity throughout the piece.

Traditionally, the Singa Barong motif symbolizes mythological power, elemental unity, and visionary leadership.","mythological power, elemental unity, visionary leadership, sacred authority",hard
/mnt/extended-home/dzakaaufa/dataset/all_images_captioning/jlamprang135.jpg,jlamprang,jlamprang,0.9845584034919739,"The batik fabric features the jlamprang motif, characterized by a pink background and brown motifs. The dominant motifs include stylized flowers and geometric patterns such as crosses and diamond shapes. Small dots and short lines act as isen-isen elements, adding texture and detail to the design. These motifs repeat symmetrically across the fabric, arranged in a grid-like pattern with each square containing a central motif surrounded by smaller decorative elements.

Traditionally, the Jlamprang motif symbolizes cosmic balance, spiritual order, and sacred connection with the divine.","The batik fabric features the jlamprang motif, characterized by a pink background and brown motifs. The dominant motifs include stylized flowers and geometric shapes, such as cross-like patterns and diamond-like forms. Small dots and short lines are interspersed within these larger motifs, adding intricate detail. The motifs repeat symmetrically across the fabric, arranged in a grid-like pattern with equal spacing between each element. The overall layout maintains a balanced and harmonious design, emphasizing the traditional aesthetic of the jlamprang motif.

Traditionally, the Jlamprang motif symbolizes cosmic balance, spiritual order, and sacred connection with the divine.","cosmic balance, spiritual order, sacred connection, divine harmony",hard
/mnt/extended-home/dzakaaufa/dataset/all_images_captioning/liong123.png,liong,liong,0.9934626817703247,"The batik fabric features the liong motif, characterized by a white background and dark brown motifs. The dominant motifs include stylized dragon-like figures with intricate scales and flowing tails, interspersed with small floral patterns resembling lotus blossoms. These motifs repeat symmetrically along the length of the fabric, creating a balanced and harmonious design. The dragons appear to be in motion, their bodies curving gracefully from one end to the other, while the lotus flowers are scattered throughout, adding a delicate contrast to the boldness of the dragons.

Traditionally, the Liong motif symbolizes divine power, protection, and enduring prosperity.","The batik fabric features the liong motif, characterized by a white background and dark brown motifs. The dominant motifs include stylized dragon-like figures with intricate scales and flowing tails, interspersed with small, delicate flower patterns. These flowers have five petals each, arranged symmetrically around the central point. The dragons are depicted in dynamic poses, some facing left while others face right, creating a sense of movement across the fabric. The isen-isen elements consist of small, evenly spaced dots scattered throughout the design, adding texture and depth to the overall pattern. The motifs are arranged in a repetitive yet varied manner, with some overlapping and others positioned closer together, forming a balanced and harmonious composition.

In Sino-Javanese tradition, the Liong motif represents celestial strength, protection from misfortune, and the blessing of abundance.","divine power, protection, prosperity, celestial benevolence",hard
/mnt/extended-home/dzakaaufa/dataset/all_images_captioning/wahyu_tumurun51.jpg,wahyu_tumurun,wahyu_tumurun,0.8986977338790894,"The batik fabric features the wahyu_tumurun motif, characterized by a golden-brown background and black and white motifs. The dominant motifs include stylized leaves and flowers, some resembling lotus blossoms, with intricate petal-like structures. These floral elements are interspersed with small, detailed leaves and abstract ornamentations. The motifs appear scattered yet balanced across the fabric, creating a harmonious pattern. Short lines and small dots act as isen-isen elements, adding texture and depth to the design. The overall layout shows a mix of vertical and horizontal orientations, with some motifs overlapping others, forming a complex yet cohesive composition.

nan","The batik fabric features the wahyu_tumurun motif, characterized by a golden-brown background and black and white motifs. The dominant motifs include stylized leaves and flowers, with intricate swirling patterns forming the base design. Small dots and short lines are interspersed throughout, adding texture and detail to the overall pattern. The motifs are arranged symmetrically, with repeating floral elements and leafy branches creating a harmonious flow across the fabric. The layout structure includes a central focus with radiating designs extending outward, maintaining balance and coherence within the composition.

In Javanese royal tradition, the Wahyu Tumurun motif represents the descent of divine favour, noble ambition, and spiritual guidance.","divine grace, spiritual guidance, noble aspiration, heavenly blessing",hard
/mnt/extended-home/dzakaaufa/dataset/all_images_captioning/tribusono28.jpg,tribusono,tribusono,0.8933484554290771,"The batik fabric features the tribusono motif, characterized by a beige background and brown motifs. The dominant motifs include stylized leaves, flowers, and geometric patterns such as diamonds and circles. These motifs are intricately arranged in a repeating pattern across the fabric, creating a harmonious and balanced design. Small dots and short lines act as isen-isen elements, adding texture and detail between larger motifs. The overall layout follows a symmetrical structure, with motifs aligned vertically and horizontally, ensuring a cohesive and visually pleasing composition.

Traditionally, the Tribusono motif symbolizes regeneration, harmony, and the continuity of cultural values.","The batik fabric features the tribusono motif, characterized by a beige background and brown motifs. The dominant motifs include stylized leaves and flowers, arranged in a repeating pattern across the fabric. These motifs are interspersed with small, circular isen-isen elements, which add texture and detail to the design. The arrangement follows a symmetrical layout, with motifs aligned vertically and horizontally, creating a balanced and harmonious composition.

In Surakarta batik tradition, the Tribusono motif represents the balance of physical, social, and spiritual dimensions of life.","regeneration, harmony, cultural continuity, ecological awareness",hard
/mnt/extended-home/dzakaaufa/dataset/all_images_captioning/parang121.jpg,parang,parang,0.9982863068580627,"The batik fabric features the parang motif, characterized by a white background and brown motifs. The dominant motifs consist of elongated, teardrop-shaped figures arranged in parallel rows, creating a rhythmic pattern across the fabric. These teardrops vary slightly in size but maintain a consistent orientation, running horizontally from left to right. Small square and diamond-shaped patterns intersperse between the larger teardrops, adding texture and contrast. The motifs repeat consistently throughout the fabric, ensuring a balanced and harmonious design. The overall layout is symmetrical, with each row mirroring the one above it, enhancing the structured appearance of the piece.

Traditionally, the Parang motif symbolizes perseverance, courage, and continuity in life.","The batik fabric features the parang motif, characterized by a white background and brown motifs. The dominant motifs consist of elongated, teardrop-shaped elements arranged vertically along the fabric's length. These teardrops vary slightly in size but maintain a consistent pattern throughout. Interspersed between these larger motifs are smaller, square-like shapes, which appear to be part of the isen-isen design, adding texture and contrast to the overall pattern. The motifs repeat consistently across the fabric, creating a symmetrical and balanced layout. The arrangement follows a linear progression from left to right, enhancing the sense of movement within the design.

In Javanese culture, the Parang motif represents determination, resilience, and steadfast commitment.","perseverance, courage, continuity, relentless self-improvement",hard
/mnt/extended-home/dzakaaufa/dataset/all_images_captioning/wahyu_tumurun132.jpg,wahyu_tumurun,wahyu_tumurun,0.9590222835540771,"The batik fabric features the wahyu_tumurun motif, characterized by a white background and dark brown motifs. The dominant motifs include stylized leaves arranged symmetrically around central diamond-shaped patterns. These diamonds have intricate designs within them, resembling abstract faces or masks. Small dots and short lines act as isen-isen elements, filling spaces between larger motifs. The motifs repeat consistently throughout the fabric, creating a balanced and harmonious pattern.

nan","The batik fabric features the wahyu_tumurun motif, characterized by a white background and dark brown motifs. The dominant motifs include stylized leaves and triangular shapes arranged symmetrically around central diamond-like figures. Small dots and short lines act as isen-isen elements, filling spaces between larger motifs. These elements repeat consistently throughout the fabric, creating a balanced and intricate pattern. The motifs are oriented in various directions but maintain a harmonious alignment within each section of the design.

In Javanese royal tradition, the Wahyu Tumurun motif represents the descent of divine favour, noble ambition, and spiritual guidance.","divine grace, spiritual guidance, noble aspiration, heavenly blessing",hard
/mnt/extended-home/dzakaaufa/dataset/all_images_captioning/jlamprang117.jpg,jlamprang,jlamprang,0.9948650002479553,"The batik fabric features the jlamprang motif, characterized by a golden-yellow background and multicolored motifs. The dominant motifs consist of circular designs resembling stylized flowers or snowflakes, each filled with vibrant hues such as red, blue, green, pink, and turquoise. These circular patterns are interspersed within smaller diamond-shaped frames outlined in gold. Within these diamonds, there are small dots and short lines forming intricate patterns, adding depth to the overall design. The motifs repeat consistently throughout the fabric, arranged in a grid-like pattern where each element faces different directions, creating a dynamic yet balanced composition.

Traditionally, the Jlamprang motif symbolizes cosmic balance, spiritual order, and sacred connection with the divine.","The batik fabric features the jlamprang motif, characterized by a golden-yellow background and vibrant red, blue, and teal motifs. The dominant motifs consist of circular designs resembling stylized flowers or snowflakes, each containing intricate patterns within them. These circular motifs are interspersed with smaller, less prominent shapes that appear to be small dots or abstract ornaments. The motifs repeat consistently throughout the fabric, arranged in a grid-like pattern with equal spacing between them. The overall layout shows a high degree of symmetry, with the motifs aligned both horizontally and vertically, creating a balanced and harmonious design.

Traditionally, the Jlamprang motif symbolizes cosmic balance, spiritual order, and sacred connection with the divine.","cosmic balance, spiritual order, sacred connection, divine harmony",hard
/mnt/extended-home/dzakaaufa/dataset/all_images_captioning/wirasat7.jpg,wirasat,wirasat,0.9748712182044983,"The batik fabric features the wirasat motif, characterized by a brown background and gold motifs. The dominant motifs consist of diamond-shaped patterns with intricate designs resembling stylized leaves or floral elements at their centers. These diamonds are arranged in a grid-like pattern across the fabric, creating a symmetrical and repetitive design. Small black dots are interspersed between the larger motifs, adding texture and detail to the overall composition.

Traditionally, the Wirasat motif symbolizes the fulfilment of wholesome wishes, elevated standing, and life's sufficiency.","The batik fabric features the wirasat motif, characterized by a brown background and golden motifs. The dominant motifs consist of diamond-shaped patterns with intricate curvilinear designs at their centers. These diamonds are arranged in a grid-like pattern, creating a symmetrical and repetitive layout across the fabric. Small black dots are interspersed between the larger motifs, adding texture and detail to the overall design.

The philosophical meaning of the Wirasat motif reflects the fulfilment of wishes, elevated standing, and life's sufficiency.","fulfilment of wishes, elevated standing, sufficiency, parental blessing",hard
/mnt/extended-home/dzakaaufa/dataset/all_images_captioning/wirasat109.jpg,wirasat,wirasat,0.9129242300987244,"The batik fabric features the wirasat motif, characterized by a golden-brown background and dark brown motifs. The dominant motifs include stylized floral elements resembling lotus flowers, each surrounded by intricate petal-like patterns. These floral designs are interspersed with abstract ornaments featuring symmetrical geometric forms and small decorative elements such as dots and lines. The motifs repeat symmetrically across the fabric, arranged in a grid-like pattern with equal spacing between them. Each motif faces centrally within its own square section, creating a balanced and harmonious overall design.

Traditionally, the Wirasat motif symbolizes the fulfilment of wholesome wishes, elevated standing, and life's sufficiency.","The batik fabric features the wirasat motif, characterized by a golden-brown background and deep maroon motifs. The dominant motifs include stylized floral elements and geometric forms, such as diamond shapes and circular patterns. These motifs are intricately detailed with small dots and short lines, adding texture and depth to the design. The motifs repeat symmetrically across the fabric, arranged in a grid-like pattern with each unit consisting of four smaller diamond-shaped units forming larger diamond shapes within them. The overall layout maintains a balanced and harmonious symmetry throughout the entire piece.

In Javanese tradition, the Wirasat motif represents the parental blessing for a new household — prosperity, dignity, and answered prayers.","fulfilment of wishes, elevated standing, sufficiency, parental blessing",hard
/mnt/extended-home/dzakaaufa/dataset/all_images_captioning/mega_mendung95.jpg,mega_mendung,mega_mendung,0.981059730052948,"The batik fabric features the mega_mendung motif, characterized by a golden-yellow background and black and white motifs. The dominant motifs consist of swirling cloud-like shapes, each outlined in white against a black interior, creating a striking contrast. These motifs repeat consistently throughout the fabric, arranged in a grid-like pattern with equal spacing between them. The orientation of the motifs varies slightly but generally follows a horizontal alignment within rows, ensuring a balanced and symmetrical overall design. There are no visible isen-isen elements such as small dots or short lines; the focus remains solely on the large, intricate cloud patterns.

nan","The batik fabric features the mega_mendung motif, characterized by a golden-yellow background and black motifs outlined in white. The dominant motifs are abstract cloud-like shapes with swirling curves and pointed tips, reminiscent of traditional Indonesian batik designs. These motifs are arranged in a repetitive pattern across the fabric, creating a dynamic and flowing effect. The spacing between the motifs varies slightly but maintains a consistent rhythm throughout the design. There are no visible isen-isen elements such as small dots or short lines within the motifs themselves; instead, the contrast between the black outlines and the golden-yellow background creates a striking visual impact. The overall layout appears symmetrical, with each motif mirroring its counterpart on either side, contributing to the balanced aesthetic of the batik.

Traditionally, the Mega Mendung motif symbolizes patience, emotional calm, and spiritual serenity.","patience, emotional calm, spiritual serenity, divine protection",hard
/mnt/extended-home/dzakaaufa/dataset/all_images_captioning/mega_mendung62.png,mega_mendung,mega_mendung,0.9966294169425964,"The batik fabric features the mega_mendung motif, characterized by a white background and blue motifs. The dominant motifs consist of stylized cloud-like shapes with swirling curves and pointed tips, resembling traditional Chinese dragon scales or wave patterns. These motifs are arranged in a repetitive pattern across the fabric, creating a seamless design. There are no visible isen-isen elements such as small dots or short lines within the motifs themselves; instead, they are filled entirely with the blue coloration. The motifs are oriented consistently throughout the fabric, maintaining uniformity in their placement and direction.

nan","The batik fabric features the mega_mendung motif, characterized by a white background and blue motifs. The dominant motifs are abstract, wave-like shapes resembling clouds or flowing water, rendered in varying shades of blue. These motifs are intricately detailed with multiple layers of curves and swirls, creating a sense of depth and movement. There are no visible isen-isen elements such as small dots or short lines within these motifs. The motifs are arranged in a repetitive pattern across the fabric, maintaining a consistent spacing and orientation. The overall layout appears symmetrical, with each motif mirroring its counterpart on either side, contributing to a balanced and harmonious design.

In Cirebonese court culture, the Mega Mendung motif represents composure, inner peace, and the grace of divine protection.","patience, emotional calm, spiritual serenity, divine protection",hard
/mnt/extended-home/dzakaaufa/dataset/all_images_captioning/kawung94.jpg,kawung,kawung,0.9803363680839539,"The batik fabric features the kawung motif, characterized by a dark blue background and gold motifs. The dominant motifs consist of circular shapes containing smaller geometric patterns such as triangles and squares within them. These circles are arranged in a grid-like pattern across the fabric, creating a symmetrical design. Small dots and short lines act as isen-isen elements, filling the spaces between the larger motifs. The overall layout follows a repetitive and structured arrangement, emphasizing balance and harmony throughout the piece.

Traditionally, the Kawung motif symbolizes purity of heart, self-mastery, and the eternal cycle of human life.","The batik fabric features the kawung motif, characterized by a dark blue background and gold motifs. The dominant motifs consist of oval shapes containing smaller floral elements within them. These ovals are arranged in a grid-like pattern across the fabric, creating a symmetrical design. The small dots and short lines within each oval add intricate detail to the overall pattern.

Traditionally, the Kawung motif symbolizes purity of heart, self-mastery, and the eternal cycle of human life.","purity of heart, self-mastery, life cycle, moral balance",hard
/mnt/extended-home/dzakaaufa/dataset/all_images_captioning/liong41.png,liong,liong,0.9952664375305176,"The batik fabric features the liong motif, characterized by a white background and dark brown motifs. The dominant motifs include stylized dragon heads and bodies, intricately detailed with scales and flowing lines. These dragons are arranged symmetrically around a central circular area, which contains additional decorative elements such as small cross-like patterns and petal-like shapes. The dragon's head faces upwards towards the center, creating a dynamic focal point within the design. The overall layout includes repeated patterns of these dragon figures, interspersed with smaller decorative elements, forming a cohesive and balanced composition across the fabric.

Traditionally, the Liong motif symbolizes divine power, protection, and enduring prosperity.","The batik fabric features the liong motif, characterized by a white background and dark brown motifs. The dominant motifs include intricate floral elements and curving lines forming a circular pattern at the center. Small dots and short lines are interspersed within the floral designs, adding texture and detail. The floral patterns repeat symmetrically around the central circle, creating a balanced and harmonious layout. The overall design is arranged in a radial pattern, radiating outward from the central motif, emphasizing the liong's traditional aesthetic.

Traditionally, the Liong motif symbolizes divine power, protection, and enduring prosperity.","divine power, protection, prosperity, celestial benevolence",hard
/mnt/extended-home/dzakaaufa/dataset/all_images_captioning/sidoluhur27.jpg,sidoluhur,sidoluhur,0.986012876033783,"The batik fabric features the sidoluhur motif, characterized by a dark blue background and gold motifs. The dominant motifs include stylized tree branches and leaves, forming intricate patterns that resemble a forest canopy. These branches intersect at various angles, creating a complex network of lines and curves. Small golden dots and short lines act as isen-isen elements, adding texture and detail to the design. The motifs repeat consistently throughout the fabric, arranged symmetrically around central nodes where multiple branches converge. This symmetrical pattern extends across the entire surface, maintaining a balanced and harmonious layout.

Traditionally, the Sidoluhur motif symbolizes noble character, moral elevation, and dignified exemplary conduct.","The batik fabric features the sidoluhur motif, characterized by a dark blue background and gold motifs. The dominant motifs include stylized leaves and branches arranged symmetrically around central nodes, creating a balanced and intricate pattern. Small dots and short lines are interspersed within the larger motifs, adding texture and detail. These elements repeat consistently throughout the fabric, forming a cohesive design that spans the entire surface.

In Javanese tradition, the Sidoluhur motif represents the pursuit of virtue, dignified conduct, and the honour of righteous leadership.","noble character, moral elevation, dignity, exemplary conduct",hard
/mnt/extended-home/dzakaaufa/dataset/all_images_captioning/Data 29 Batik Rahayu (Udan Liris).jpg,Trenggalek,trenggalek,0.9912822246551514,"The batik fabric features the trenggalek motif, characterized by chocolate, black motifs. The dominant motifs include clove plant flora and kawung motif culture. The motifs are arranged in a non-geometric pattern across the fabric, creating a harmonious and balanced composition.

Inspired by the gurdo temple which depicts the struggle between good and evil. This duality is symbolized through the use of two contrasting colors, namely white and black. White represents goodness while black symbolizes darkness./","The batik fabric features the Trenggalek motif, characterized by chocolate, black motifs. The dominant motifs include rainy nature. The motifs are arranged in a geometric pattern across the fabric, creating a harmonious and balanced composition.

depicts light rain. The pattern of water droplets arranged in harmony symbolizes fertility, tranquility and balance in nature, creating a peaceful atmosphere that reflects humans' close relationship with the surrounding environment",,hard
/mnt/extended-home/dzakaaufa/dataset/all_images_captioning/jlamprang143.png,jlamprang,jlamprang,0.9819422364234924,"The batik fabric features the jlamprang motif, characterized by a white background and red, green, blue, and black motifs. The dominant motifs consist of circular designs resembling stylized flowers or snowflakes, each featuring radiating lines from a central point. Small dots and short lines act as isen-isen elements, filling the spaces between the larger motifs. These motifs are arranged symmetrically within diamond-shaped frames, creating a repeating pattern across the entire fabric.

Traditionally, the Jlamprang motif symbolizes cosmic balance, spiritual order, and sacred connection with the divine.","The batik fabric features the jlamprang motif, characterized by a white background and red, green, blue, and black motifs. The dominant motifs consist of circular designs with radiating lines forming star-like patterns at their centers. These circles are interspersed with smaller diamond-shaped elements connected by thin lines. The motifs repeat consistently throughout the fabric, arranged in a grid-like pattern with each circle surrounded by smaller diamond shapes. The overall layout shows a high degree of symmetry, with motifs aligned both horizontally and vertically, creating a balanced and harmonious design.

In Pekalongan's spiritual tradition, the Jlamprang motif represents divine harmony, sacred order, and the link between humanity and the cosmos.","cosmic balance, spiritual order, sacred connection, divine harmony",hard
/mnt/extended-home/dzakaaufa/dataset/all_images_captioning/tuntrum144.jpg,tuntrum,truntum,0.7344358563423157,"The batik fabric features the truntum motif, characterized by a black background and white motifs. The dominant motifs consist of small, intricate star-like patterns arranged symmetrically within larger diamond-shaped frames. These star patterns have five-pointed ends at their centers, creating a symmetrical design around each frame. Small dots and short lines act as isen-isen elements, filling the spaces between the main motifs and adding texture to the overall pattern. The motifs repeat consistently throughout the fabric, maintaining uniformity in size and placement, which enhances the structured appearance of the design.

Traditionally, the Truntum motif symbolizes inner strength, resilience, and life's cyclical balance.","The batik fabric features the tuntrum motif, characterized by a black background and white motifs. The dominant motifs consist of small, intricate star-like patterns arranged symmetrically within larger hexagonal frames. These star patterns are composed of smaller dots forming a complex geometric design. The fabric displays a repeating pattern where each hexagon contains its own unique star motif, creating a harmonious yet varied visual texture. The overall arrangement is orderly, with motifs aligned in rows and columns, ensuring a balanced and aesthetically pleasing composition throughout the entire piece.

The philosophical meaning of the Truntum motif reflects sincere love, quiet devotion, and renewal of affection through patience.","sincere love, devotion, renewal of affection, patience",hard
/mnt/extended-home/dzakaaufa/dataset/all_images_captioning/dayak38.jpeg,dayak,dayak,0.9940387010574341,"The batik fabric features the Dayak motif, characterized by a black background and red, white, gold, and beige motifs. The dominant motifs appear to be stylized octopus-like figures with intricate, swirling tentacles extending outward from their central bodies. These motifs are interspersed with smaller, less defined shapes that resemble leaves or abstract ornaments. Small dots and short lines are visible within some of these larger motifs, adding texture and detail. The motifs are arranged in a scattered yet balanced manner across the fabric, creating a dynamic and visually engaging pattern. There is no evident repetition in the placement of individual motifs, but they collectively form a cohesive design through their interplay and contrast against the dark background.

Traditionally, the Dayak motif symbolizes courage, harmony with nature, and protective ancestral strength.","The batik fabric features the Dayak motif, characterized by a black background and red, white, and gold motifs. The dominant motifs appear to be stylized octopus-like figures with long, flowing tentacles. These tentacles curve gracefully, creating intricate patterns against the dark backdrop. Small dots and short lines are interspersed within the larger motifs, adding texture and detail. The motifs are arranged in a repetitive pattern across the fabric, with some overlapping slightly but generally maintaining a symmetrical distribution. The overall layout suggests a balanced design typical of traditional Dayak batik art.

In Dayak culture, the Dayak motif represents bravery, reverence for nature, and the leadership that shelters the community.","courage, harmony with nature, protection, ancestral strength",hard
/mnt/extended-home/dzakaaufa/dataset/all_images_captioning/srikaton62.jpg,srikaton,srikaton,0.9665993452072144,"The batik fabric features the srikaton motif, characterized by a dark blue background and gold motifs. The dominant motifs include stylized leaves and floral elements, arranged symmetrically across the fabric. These motifs repeat consistently throughout the design, creating a harmonious pattern. Small white dots act as isen-isen elements, adding texture and detail between the larger motifs. The overall layout follows a grid-like structure, ensuring uniformity and balance within each section of the batik.

Traditionally, the Srikaton motif symbolizes divine radiance, natural abundance, and resilient grace.","The batik fabric features the srikaton motif, characterized by a dark blue background and gold motifs. The dominant motifs include stylized leaves and floral elements, arranged symmetrically across the fabric. These motifs repeat consistently throughout the design, creating a harmonious pattern. Small white dots, known as isen-isen, are interspersed between the larger motifs, adding texture and detail to the overall composition. The arrangement follows a grid-like structure, ensuring uniformity and balance within the design.

In Javanese tradition, the Srikaton motif represents visible grace, the flourishing of nature, and the strength to overcome adversity.","divine radiance, natural abundance, resilience, visible grace",hard
/mnt/extended-home/dzakaaufa/dataset/all_images_captioning/sidomukti27.jpg,sidomukti,sidomukti,0.8751766681671143,"The batik fabric features the sidomukti motif, characterized by a white background and black motifs. The dominant motifs include stylized flowers, leaves, and geometric patterns such as diamonds and ovals. These motifs are interspersed with small dots and short lines, which act as isen-isens, adding texture and detail to the design. The motifs repeat consistently throughout the fabric, arranged in a symmetrical pattern that creates a balanced and harmonious overall layout.

Traditionally, the Sidomukti motif symbolizes enduring happiness, fulfilment, and spiritual wholeness.","The batik fabric features the sidomukti motif, characterized by a light gray background and black motifs. The dominant motifs include stylized flowers, leaves, and geometric shapes such as triangles and circles. These elements are interspersed with small dots and short lines, which act as isen-isens, adding texture and detail to the design. The motifs repeat symmetrically across the fabric, arranged in a grid-like pattern with some variation in spacing and orientation, creating a balanced yet dynamic visual effect.

Traditionally, the Sidomukti motif symbolizes enduring happiness, fulfilment, and spiritual wholeness.","enduring happiness, fulfilment, prosperity, spiritual wholeness",hard
/mnt/extended-home/dzakaaufa/dataset/all_images_captioning/dayak119.jpg,dayak,dayak,0.9838786125183105,"The batik fabric features the Dayak motif, characterized by a dark brown background and white motifs. The dominant motifs include stylized octopus-like figures with intricate patterns on their bodies, arranged in a repeating pattern across the fabric. These motifs are interspersed with small, delicate white dots and short lines, which act as isen-isen elements, adding texture and detail to the design. The motifs are oriented randomly but consistently throughout the fabric, creating a balanced yet dynamic composition.

Traditionally, the Dayak motif symbolizes courage, harmony with nature, and protective ancestral strength.","The batik fabric features the Dayak motif, characterized by a maroon background and white motifs. The dominant motifs appear to be stylized octopus-like figures with multiple tentacles extending outward from their bodies. These motifs are interspersed with smaller, less defined shapes that resemble leaves or abstract ornaments. The small dots and short lines, known as isen-isen, are scattered throughout the fabric, adding texture and detail to the overall design. The motifs are arranged in a repetitive pattern, creating a symmetrical layout across the entire surface of the fabric. The orientation of the motifs varies slightly but generally follows a horizontal alignment, ensuring a balanced and harmonious appearance.

The philosophical meaning of the Dayak motif reflects courage, harmony with nature, and the protective strength of ancestral wisdom.","courage, harmony with nature, protection, ancestral strength",hard
/mnt/extended-home/dzakaaufa/dataset/all_images_captioning/wahyu_tumurun140.jpg,wahyu_tumurun,wahyu_tumurun,0.9781426191329956,"The batik fabric features the wahyu_tumurun motif, characterized by a golden-yellow background and black, green, red, pink, and white motifs. The dominant motifs include stylized flowers, birds, and geometric patterns such as circles and ovals. These elements are interspersed with small dots and short lines, creating intricate isen-isen effects. The motifs are arranged symmetrically around central floral designs, which feature prominent lotus-like structures at their cores. The overall layout includes repeated patterns of these motifs, creating a harmonious and balanced composition across the entire fabric.

nan","The batik fabric features the wahyu_tumurun motif, characterized by a golden background and black, pink, green, and red motifs. The dominant motifs include stylized lotus flowers, birds, and geometric shapes such as triangles and circles. These elements are intricately arranged in a repeating pattern across the fabric. Small green isen-isen elements are interspersed throughout, adding texture and detail to the design. The motifs are symmetrically placed, creating a balanced and harmonious composition.

The philosophical meaning of the Wahyu Tumurun motif reflects divine grace, spiritual guidance, and noble aspiration.","divine grace, spiritual guidance, noble aspiration, heavenly blessing",hard
/mnt/extended-home/dzakaaufa/dataset/all_images_captioning/sekarjagad87.jpg,sekarjagad,sekarjagad,0.9799953103065491,"The batik fabric features the sekarjagad motif, characterized by a white background and red motifs. The dominant motifs include stylized leaves and flowers arranged symmetrically around central circular patterns. These motifs repeat consistently across the fabric, creating a harmonious and balanced design. Small dots and short lines act as fillers between larger motifs, adding texture and detail to the overall pattern.

Traditionally, the Sekarjagad motif symbolizes the beauty of diversity, universal harmony, and joyful coexistence.","The batik fabric features the sekarjagad motif, characterized by a white background and red motifs. The dominant motifs include stylized flowers and leaves, arranged in a repeating pattern across the fabric. These floral elements are interspersed with small, evenly spaced dots known as isen-isen, which add texture and detail to the design. The motifs are symmetrically placed, creating a balanced and harmonious layout. The overall arrangement follows a grid-like structure, ensuring uniformity and consistency throughout the piece.

In Javanese culture, the Sekarjagad motif represents the celebration of diversity, universal harmony, and the wish to radiate goodness.","beauty of diversity, universal harmony, radiance, coexistence",hard
/mnt/extended-home/dzakaaufa/dataset/all_images_captioning/Data 12 Batik Kantil (Keong).jpg,Malang,malang,0.6953608989715576,"The batik fabric features the malang motif, characterized by dark blue motifs. The dominant motifs include lotus flowers, kawung, truntum and banteng. The motifs are arranged in a non-geometric pattern across the fabric, creating a harmonious and balanced composition.

Inspired when I saw a horse's hooves while on holiday at Pacitan. Horses symbolize strength, courage and determination.","The batik fabric features the Malang motif, characterized by navy blue, navy blue, bright blue motifs. The dominant motifs include cempaka putih and snail. The motifs are arranged in a non-geometric pattern across the fabric, creating a harmonious and balanced composition.

This work was inspired by a snail found during a holiday at Sendiki Beach, Malang Regency. The motif symbolizes calm, resilience and the journey of life, reflecting the harmony between nature and humans in every curve of its unique shape.",,hard
/mnt/extended-home/dzakaaufa/dataset/all_images_captioning/kawung93.jpg,kawung,kawung,0.9733869433403015,"The batik fabric features the kawung motif, characterized by a black background and white motifs outlined in brown. The dominant motifs consist of interconnected diamond shapes forming larger diamond patterns. Small dots and short lines act as isen-isen elements, filling the spaces between the main motifs. These motifs repeat consistently across the fabric, arranged symmetrically within each larger diamond shape, creating a balanced and intricate design.

Traditionally, the Kawung motif symbolizes purity of heart, self-mastery, and the eternal cycle of human life.","The batik fabric features the kawung motif, characterized by a black background and white motifs. The dominant motifs consist of interconnected circles and diamond shapes, forming a repeating pattern. Small white dots are interspersed within the larger motifs, adding detail to the design. The motifs are arranged symmetrically, creating a balanced and harmonious layout across the fabric. Each circle and diamond shape is evenly spaced, ensuring uniformity throughout the entire piece.

The philosophical meaning of the Kawung motif reflects purity of heart, self-mastery, and moral balance in life.","purity of heart, self-mastery, life cycle, moral balance",hard
/mnt/extended-home/dzakaaufa/dataset/all_images_captioning/mega_mendung136.jpg,mega_mendung,mega_mendung,0.9855576157569885,"The batik fabric features the mega_mendung motif, characterized by a vibrant red background and dynamic blue and white motifs. The dominant motifs consist of swirling cloud-like shapes, each outlined in white against a deep blue interior, creating a sense of movement and fluidity. These motifs are arranged densely across the fabric, repeating consistently throughout the design. There are no visible isen-isen elements such as small dots or short lines within these larger patterns. The overall layout appears symmetrical, with the motifs oriented in various directions but maintaining a cohesive flow across the entire surface.

nan","The batik fabric features the mega_mendung motif, characterized by a vibrant red background and swirling blue and white motifs. The dominant motifs consist of flowing, wave-like curves that resemble clouds or abstract flames, arranged densely across the fabric. These motifs repeat consistently throughout the design, creating a dynamic and fluid pattern. There are no visible isen-isen elements such as small dots or short lines within the motifs themselves; instead, the focus remains on the continuous flow and repetition of the swirling patterns. The overall layout appears symmetrical but with slight variations in the positioning of each motif, adding depth and interest to the composition.

In Cirebonese court culture, the Mega Mendung motif represents composure, inner peace, and the grace of divine protection.","patience, emotional calm, spiritual serenity, divine protection",hard
/mnt/extended-home/dzakaaufa/dataset/all_images_captioning/srikaton19.jpg,srikaton,srikaton,0.8426388502120972,"The batik fabric features the srikaton motif, characterized by a dark brown background and light beige motifs. The dominant motifs include stylized leaves and floral elements arranged symmetrically around central circular patterns. These motifs repeat consistently across the fabric, creating a harmonious and balanced design. Small dots and short lines act as isen-isen elements, adding texture and detail between larger motifs. The overall layout follows a grid-like pattern, ensuring uniformity and symmetry throughout the piece.

Traditionally, the Srikaton motif symbolizes divine radiance, natural abundance, and resilient grace.","The batik fabric features the srikaton motif, characterized by a dark brown background and light brown motifs. The dominant motifs include stylized leaves and floral elements, arranged in a repetitive pattern across the fabric. These motifs are interspersed with small, intricate isen-isen elements, which appear as fine white lines and dots, adding texture and detail to the design. The motifs are evenly spaced and oriented consistently throughout the fabric, creating a balanced and symmetrical layout.

In Javanese tradition, the Srikaton motif represents visible grace, the flourishing of nature, and the strength to overcome adversity.","divine radiance, natural abundance, resilience, visible grace",hard
/mnt/extended-home/dzakaaufa/dataset/all_images_captioning/tujuh_rupa116.jpg,tujuh_rupa,tujuh_rupa,0.9892687201499939,"The batik fabric features the tujuh_rupa motif, characterized by a black background and vibrant motifs in shades of blue, green, orange, pink, and white. The dominant motifs include stylized leaves and flowers, some resembling lotus blossoms, with intricate petal-like structures. These floral elements are interspersed with abstract, organic shapes that resemble flowing vines or tendrils. Small dots and short lines, known as isen-isen, are scattered throughout the design, adding texture and depth to the overall pattern. The motifs are arranged in a seemingly random yet harmonious manner, creating a dense and visually engaging composition. There is no strict symmetry but rather a balanced distribution of elements across the fabric, ensuring a dynamic and lively appearance.

nan","The batik fabric features the tujuh_rupa motif, characterized by a black background and vibrant motifs in shades of blue, green, orange, pink, and white. The dominant motifs include stylized leaves, flowers, and abstract forms, which are intricately intertwined throughout the design. Small dots and short lines are interspersed among the larger motifs, adding texture and detail. The motifs repeat consistently across the fabric, creating a harmonious pattern with varying orientations and slight variations in shape and size. The overall layout appears symmetrical but with a dynamic flow, enhancing the visual appeal of the piece.

Traditionally, the Tujuh Rupa motif symbolizes eloquence, adaptability, and peaceful cultural diversity.","eloquence, adaptability, cultural openness, peaceful diversity",hard
/mnt/extended-home/dzakaaufa/dataset/all_images_captioning/dayak90.jpg,dayak,dayak,0.9917565584182739,"The batik fabric features the Dayak motif, characterized by a black background and vibrant red, yellow, green, white, and gray motifs. The dominant motifs include stylized dragon-like figures with intricate scales and flowing tails, arranged in a dynamic, overlapping pattern across the fabric. These dragons exhibit a mix of curved and straight lines, creating a sense of movement and fluidity. Small dots and short lines act as isen-isen elements, adding texture and detail between the larger motifs. The motifs are repeated throughout the fabric, maintaining a balanced yet varied distribution, with some areas featuring more dense clustering than others.

Traditionally, the Dayak motif symbolizes courage, harmony with nature, and protective ancestral strength.","The batik fabric features the Dayak motif, characterized by a black background and vibrant green, yellow, red, and white motifs. The dominant motifs appear to be stylized dragon-like figures with intricate scales and flowing tails, arranged in a dynamic, overlapping pattern across the fabric. These dragons are depicted in various poses, some appearing to intertwine with each other, creating a sense of movement and fluidity. There are no visible isen-isen elements such as small dots or short lines within the motifs themselves; instead, the focus remains on the bold, colorful shapes against the dark backdrop. The arrangement of these motifs suggests a symmetrical yet organic flow, with the dragons positioned at different angles and orientations, contributing to the overall complexity and richness of the design.

Traditionally, the Dayak motif symbolizes courage, harmony with nature, and protective ancestral strength.","courage, harmony with nature, protection, ancestral strength",hard
/mnt/extended-home/dzakaaufa/dataset/all_images_captioning/jlamprang22.jpg,jlamprang,jlamprang,0.9402574300765991,"The batik fabric features the jlamprang motif, characterized by a black background and red, green, blue, gold, white, and turquoise motifs. The dominant motifs consist of circular patterns adorned with intricate designs resembling snowflakes or starbursts at their centers. These circles are interspersed with smaller, more ornate floral-like shapes. Small dots and short lines act as isen-isen elements, filling the spaces between larger motifs. The motifs repeat consistently throughout the fabric, arranged in a grid-like pattern with each circle positioned centrally within its own square section. The overall layout maintains symmetry both horizontally and vertically, creating a balanced and harmonious design.

Traditionally, the Jlamprang motif symbolizes cosmic balance, spiritual order, and sacred connection with the divine.","The batik fabric features the jlamprang motif, characterized by a black background and red, green, blue, and gold motifs. The dominant motifs consist of circular patterns adorned with intricate designs resembling snowflakes or starbursts. These circular motifs are evenly spaced and repeated throughout the fabric, creating a symmetrical pattern. The small dots and short lines within each circle add texture and detail to the design. The overall layout follows a grid-like structure, ensuring uniformity and balance across the entire piece.

In Pekalongan's spiritual tradition, the Jlamprang motif represents divine harmony, sacred order, and the link between humanity and the cosmos.","cosmic balance, spiritual order, sacred connection, divine harmony",hard
/mnt/extended-home/dzakaaufa/dataset/all_images_captioning/wirasat76.jpg,wirasat,wirasat,0.9968265891075134,"The batik fabric features the wirasat motif, characterized by a dark blue background and gold motifs. The dominant motifs include stylized floral elements and geometric forms, such as diamond-shaped patterns and circular designs within larger squares. Small dots and short lines act as isen-isen elements, adding texture and detail to the overall design. These motifs are arranged symmetrically around central diamond-shaped units, creating a balanced and repetitive pattern throughout the fabric.

Traditionally, the Wirasat motif symbolizes the fulfilment of wholesome wishes, elevated standing, and life's sufficiency.","The batik fabric features the wirasat motif, characterized by a dark blue background and gold motifs. The dominant motifs include stylized floral elements and geometric forms, such as diamond shapes and circular patterns. Small dots and short lines are interspersed within these larger designs, adding texture and detail. The motifs are arranged symmetrically, repeating in a grid-like pattern across the fabric. Each diamond shape contains intricate floral designs at its center, while the surrounding areas feature smaller circular motifs and additional decorative elements.

The philosophical meaning of the Wirasat motif reflects the fulfilment of wishes, elevated standing, and life's sufficiency.","fulfilment of wishes, elevated standing, sufficiency, parental blessing",hard
/mnt/extended-home/dzakaaufa/dataset/all_images_captioning/tujuh_rupa123.jpg,tujuh_rupa,tujuh_rupa,0.8117372989654541,"The batik fabric features the tujuh_rupa motif, characterized by a black background and vibrant motifs in shades of blue, green, pink, orange, and white. The dominant motifs include stylized flowers, leaves, and abstract forms, which are intricately intertwined throughout the design. Small dots and short lines act as isen-isen elements, adding texture and detail between larger motifs. These elements vary in size and placement, creating a dynamic and balanced composition. The motifs repeat consistently across the fabric, arranged in a symmetrical pattern that enhances the overall aesthetic appeal.

nan","The batik fabric features the tujuh_rupa motif, characterized by a black background and pink, blue, green, and white motifs. The dominant motifs include stylized flowers and leaves, some resembling lotus blossoms, with intricate petal patterns. These floral elements are interspersed with abstract geometric shapes and swirling lines, creating a dynamic and layered composition. Small white dots and short lines act as isen-isen elements, adding texture and depth to the design. The motifs are arranged in a seemingly random yet harmonious pattern, with no strict symmetry but rather a fluid flow across the fabric. The overall layout suggests a continuous narrative, where each element contributes to the overarching theme of the tujuh_rupa motif.

The philosophical meaning of the Tujuh Rupa motif reflects eloquence, adaptability, and the richness of peaceful cultural exchange.","eloquence, adaptability, cultural openness, peaceful diversity",hard
/mnt/extended-home/dzakaaufa/dataset/all_images_captioning/buketan125.jpg,buketan,buketan,0.8809181451797485,"The batik fabric features the buketan motif, characterized by a red background and blue and green motifs. The dominant motifs include stylized flowers and leaves, arranged in clusters and scattered throughout the fabric. These floral elements have pointed petals and elongated stems, creating a dynamic and flowing pattern. Small white dots and short lines act as isen-isen elements, adding texture and detail between larger motifs. The motifs repeat consistently across the fabric, maintaining a balanced yet varied distribution. The overall layout shows a mix of vertical and horizontal orientations, contributing to a harmonious and visually engaging design.

Traditionally, the Buketan motif symbolizes joy, beauty, purity, and feminine grace.","The batik fabric features the buketan motif, characterized by a red background and blue and green motifs. The dominant motifs include stylized flowers and leaves, arranged in a repeating pattern across the fabric. These floral elements are depicted with curved lines forming petals and leaf shapes, creating a sense of movement and vibrancy. Small white dots and short lines act as isen-isen elements, adding texture and detail to the design. The motifs are evenly spaced and aligned vertically along the length of the fabric, maintaining a symmetrical arrangement throughout.

In Pekalongan culture, the Buketan motif represents feminine elegance, inner purity, and blossoming happiness.","joy, beauty, purity, feminine grace, cheerfulness",hard
/mnt/extended-home/dzakaaufa/dataset/all_images_captioning/Mutiara S Data 1 Bandeng Lele dalam Kolam.jpg,Lamongan,lamongan,0.8715505599975586,"The batik fabric features the lamongan motif, characterized by burgundy, black motifs. The dominant motifs include jasmine plant flora and kawung motif culture. The motifs are arranged in a non-geometric pattern across the fabric, creating a harmonious and balanced composition.

Inspired by jasmine flowers which symbolize purity, elegance and nobility. This motif reflects the beauty of Indonesian culture, combining tradition and modernity through elegant patterns and graceful curves.","The batik fabric features the Lamongan motif, characterized by red, orange, black motifs. The dominant motifs include milkfish and catfish. The motifs are arranged in a non-geometric pattern across the fabric, creating a harmonious and balanced composition.

Gratitude is in the right environment, full of tolerance. Sharpen, love and nurture./ Gratitude for being in the right environment, full of tolerance. Nurture, love, and care for one another../寛容に満ちた正しい環境にいられることへの感謝。磨き合い、愛し合い、育み合う。",,hard
/mnt/extended-home/dzakaaufa/dataset/all_images_captioning/Data 9 Batik Rahayu (Truntum Cengkeh).jpg,Trenggalek,lamongan,0.5724504590034485,"The batik fabric features the lamongan motif, characterized by black, red motifs. The dominant motifs include jasmine flower flora. The motifs are arranged in a non-geometric pattern across the fabric, creating a harmonious and balanced composition.

Inspired by jasmine flowers which grow abundantly around Lamongan City. This motif reflects purity, elegance and natural beauty","The batik fabric features the Trenggalek motif, characterized by red sogan motifs. The dominant motifs include clove. The motifs are arranged in a non-geometric pattern across the fabric, creating a harmonious and balanced composition.

An elegant motif that symbolizes patience and the sacredness of marriage.",,hard
/mnt/extended-home/dzakaaufa/dataset/all_images_captioning/singa_barong127.jpg,singa_barong,singa_barong,0.9979183077812195,"The batik fabric features the singa_barong motif, characterized by a white background and black motifs. The dominant motifs include stylized lions (singas), mythical creatures resembling dragons or barongs, and intricate geometric patterns. The lions have prominent manes and are depicted in dynamic poses, while the barongs feature wings and elaborate heads. Small dots and short lines act as isen-isen elements, adding texture and detail to the design. These motifs are arranged symmetrically around central figures, creating a balanced composition. The overall layout includes repeated patterns of these elements, ensuring a cohesive and visually striking piece.

nan","The batik fabric features the singa_barong motif, characterized by a white background and black motifs. The dominant motifs include a mythical creature resembling a lion with wings, often referred to as a barong, depicted in a dynamic pose. The barong's body is adorned with intricate patterns, while its wings extend outward, adding a sense of movement. Surrounding the central figure are smaller decorative elements such as leaves and geometric shapes, which complement the main design. These elements are rendered in black against the white backdrop, creating a striking contrast. The motifs appear to be arranged in a symmetrical pattern, with the central barong flanked by repeating elements on either side, suggesting a balanced composition typical of traditional batik designs.

Traditionally, the Singa Barong motif symbolizes mythological power, elemental unity, and visionary leadership.","mythological power, elemental unity, visionary leadership, sacred authority",hard
/mnt/extended-home/dzakaaufa/dataset/all_images_captioning/tujuh_rupa45.jpg,tujuh_rupa,tujuh_rupa,0.9704740643501282,"The batik fabric features the tujuh_rupa motif, characterized by a black background and vibrant motifs in shades of blue, green, orange, pink, and white. The dominant motifs include stylized flowers and leaves, some resembling lotus blossoms, with intricate petal-like structures. These floral elements are interspersed with abstract ornaments and small decorative elements such as dots and lines. The motifs appear scattered randomly across the fabric but maintain a sense of balance through their varied sizes and orientations. The overall layout suggests a symmetrical yet dynamic pattern, where each element contributes to the complex interplay of forms typical of the tujuh_rupa design.

nan","The batik fabric features the tujuh_rupa motif, characterized by a black background and vibrant motifs in shades of blue, green, orange, pink, and white. The dominant motifs include stylized flowers and leaves, some resembling lotus blossoms, with intricate petal patterns and detailed veins on the leaves. These floral elements are interspersed with small, scattered dots and short lines, which serve as isen-isen elements, adding texture and depth to the design. The motifs are arranged in a seemingly random yet harmonious pattern across the fabric, creating a dynamic and visually engaging composition. There is no evident repetition or strict symmetry; instead, the arrangement appears organic and fluid, enhancing the overall aesthetic appeal of the batik.

The philosophical meaning of the Tujuh Rupa motif reflects eloquence, adaptability, and the richness of peaceful cultural exchange.","eloquence, adaptability, cultural openness, peaceful diversity",hard
/mnt/extended-home/dzakaaufa/dataset/all_images_captioning/bokor_kencono141.jpg,bokor_kencono,bokor_kencono,0.9916894435882568,"The batik fabric features the bokor_kencono motif, characterized by a dark blue background and gold motifs. The dominant motifs include stylized leaves and flowers arranged symmetrically around central circular designs. These motifs are repeated throughout the fabric, creating a harmonious pattern. Small dots and short lines act as isen-isen elements, adding texture and detail between larger motifs. The overall layout follows a grid-like structure, ensuring uniformity and balance across the entire piece.

nan","The batik fabric features the bokor_kencono motif, characterized by a dark blue background and gold motifs. The dominant motifs include stylized leaves and acorn-like shapes, arranged symmetrically around central acorns. These motifs are outlined in gold and filled with intricate patterns, while smaller gold dots and lines act as isen-isen elements, adding texture and detail. The motifs repeat consistently throughout the fabric, creating a harmonious and balanced design.

Traditionally, the Bokor Kencono motif symbolizes dignity, wisdom, and enduring authority.","dignity, wisdom, authority, noble character",hard
/mnt/extended-home/dzakaaufa/dataset/all_images_captioning/parang29.jpg,parang,parang,0.9930508136749268,"The batik fabric features the parang motif, characterized by a black background and gold motifs. The dominant motifs consist of elongated, teardrop-shaped elements arranged diagonally across the fabric. These teardrops vary slightly in size but maintain a consistent pattern throughout. Small dots and short lines act as isen-isen elements, filling the spaces between the larger motifs. The motifs repeat consistently along both horizontal and vertical axes, creating a symmetrical and balanced design.

Traditionally, the Parang motif symbolizes perseverance, courage, and continuity in life.","The batik fabric features the parang motif, characterized by a black background and gold motifs. The dominant motifs consist of elongated, irregularly shaped elements resembling stylized leaves or abstract forms, arranged diagonally across the fabric. These motifs are interspersed with small, circular isen-isen elements scattered throughout the design. The motifs repeat consistently along both horizontal and vertical axes, creating a symmetrical pattern that extends across the entire surface of the fabric.

The philosophical meaning of the Parang motif reflects inner strength, persistence, and lifelong growth.","perseverance, courage, continuity, relentless self-improvement",hard
/mnt/extended-home/dzakaaufa/dataset/all_images_captioning/Data 11 Batik Lana (Bunga Wijaya Kusuma).jpg,Malang,malang,0.9764434099197388,"The batik fabric features the malang motif, characterized by chocolate, cream motifs. The dominant motifs include sunflower. The motifs are arranged in a non-geometric pattern across the fabric, creating a harmonious and balanced composition.

Inspired when walking through the flower garden at Malang City Hall, seeing various types of flowers blooming beautifully./ Inspired while walking through the flower garden at Malang City Hall, seeing various beautiful blooming flowers./","The batik fabric features the Malang motif, characterized by kepeng green motifs. The dominant motifs include wijaya kusuma flower. The motifs are arranged in a non-geometric pattern across the fabric, creating a harmonious and balanced composition.

The Wijaya Kusuma flower is a flower that Ken Dedes likes and is believed to bring good luck. The dye used is a natural dye that comes from mango leaves.",,hard
/mnt/extended-home/dzakaaufa/dataset/all_images_captioning/sekarjagad64.jpg,sekarjagad,sekarjagad,0.9955222606658936,"The batik fabric features the sekarjagad motif, characterized by a black background and orange motifs. The dominant motifs include stylized flowers, leaves, and geometric patterns such as stars and squares. These motifs are arranged in a scattered yet balanced manner across the fabric, creating a harmonious pattern. Small dots and short lines act as isen-isen elements, adding texture and detail between larger motifs. The overall layout shows a mix of vertical and horizontal orientations, with some motifs overlapping others, contributing to the dynamic appearance of the design.

Traditionally, the Sekarjagad motif symbolizes the beauty of diversity, universal harmony, and joyful coexistence.","The batik fabric features the sekarjagad motif, characterized by a black background and red motifs. The dominant motifs include stylized flowers and leaves, arranged in a scattered pattern across the fabric. These floral elements vary slightly in shape but generally resemble lotus blossoms and other traditional Indonesian flora. Small dots and short lines, known as isen-isen, are interspersed between the larger motifs, adding texture and detail to the design. The motifs are distributed unevenly, creating a dynamic and visually engaging composition. There is no strict symmetry; instead, the arrangement appears more organic, reflecting the natural inspiration behind the sekarjagad motif.

In Javanese culture, the Sekarjagad motif represents the celebration of diversity, universal harmony, and the wish to radiate goodness.","beauty of diversity, universal harmony, radiance, coexistence",hard
/mnt/extended-home/dzakaaufa/dataset/all_images_captioning/tribusono66.jpg,tribusono,tribusono,0.9411096572875977,"The batik fabric features the tribusono motif, characterized by a dark brown background and gold motifs. The dominant motifs include intricate floral elements such as lotuses and leaves, arranged symmetrically around central geometric patterns resembling a grid or lattice. These floral designs are interspersed with small dots and short lines, creating a sense of depth and texture. The motifs repeat consistently throughout the fabric, maintaining a balanced and harmonious layout.

Traditionally, the Tribusono motif symbolizes regeneration, harmony, and the continuity of cultural values.","The batik fabric features the tribusono motif, characterized by a dark brown background and gold motifs. The dominant motifs include intricate floral elements with detailed petals and leaves, as well as abstract geometric patterns resembling checkered squares. Small white dots and short lines act as isen-isen elements, adding texture and contrast throughout the design. The motifs are arranged symmetrically, with repeated patterns forming a cohesive and balanced layout across the fabric.

Traditionally, the Tribusono motif symbolizes regeneration, harmony, and the continuity of cultural values.","regeneration, harmony, cultural continuity, ecological awareness",hard
/mnt/extended-home/dzakaaufa/dataset/all_images_captioning/sekarjagad16.jpg,sekarjagad,sekarjagad,0.9969744682312012,"The batik fabric features the sekarjagad motif, characterized by a dark brown background and white, orange, and black motifs. The dominant motifs include stylized leaves, flowers, and geometric patterns such as diamonds and circles arranged symmetrically around central star-like designs. Small dots and short lines act as isen-isens, filling spaces between larger motifs. These elements repeat consistently throughout the fabric, creating a balanced and intricate pattern.

Traditionally, the Sekarjagad motif symbolizes the beauty of diversity, universal harmony, and joyful coexistence.","The batik fabric features the sekarjagad motif, characterized by a dark brown background and orange, white, and black motifs. The central focus is a large diamond-shaped pattern surrounded by smaller diamond shapes arranged symmetrically around it. Within these diamonds, there are intricate starburst designs in white and orange. Surrounding the main design are various leaf-like and petal-like shapes in white and orange, interspersed with small circular patterns and short lines. The overall layout is symmetrical, with the central diamond shape flanked by repeating patterns on either side, creating a balanced and harmonious composition.

In Javanese culture, the Sekarjagad motif represents the celebration of diversity, universal harmony, and the wish to radiate goodness.","beauty of diversity, universal harmony, radiance, coexistence",hard
/mnt/extended-home/dzakaaufa/dataset/all_images_captioning/mega_mendung57.png,mega_mendung,mega_mendung,0.995376706123352,"The batik fabric features the mega_mendung motif, characterized by a white background and blue motifs. The dominant motifs consist of stylized cloud-like shapes with flowing curves and pointed tips, resembling leaves or petals. These motifs are arranged in a repetitive pattern across the fabric, creating a seamless design. Each motif is outlined in dark blue, with varying shades of medium blue filling them, giving a sense of depth and dimension. There are no visible isen-isen elements such as small dots or short lines within the motifs themselves; instead, the focus remains on the continuous flow and repetition of the cloud-like patterns.

nan","The batik fabric features the mega_mendung motif, characterized by a white background and blue motifs. The dominant motifs are abstract, wave-like shapes with intricate curvilinear patterns, resembling flowing clouds or stylized leaves. These motifs are arranged in a repetitive pattern across the fabric, creating a seamless design. The motifs are evenly spaced and oriented randomly but consistently throughout the entire piece. There are no visible isen-isen elements such as small dots or short lines within the motifs themselves; however, the overall layout suggests a structured yet fluid arrangement typical of the mega_mendung style.

The philosophical meaning of the Mega Mendung motif reflects patience, emotional calm, and spiritual serenity.","patience, emotional calm, spiritual serenity, divine protection",hard
/mnt/extended-home/dzakaaufa/dataset/all_images_captioning/wahyu_tumurun64.jpg,wahyu_tumurun,wahyu_tumurun,0.9855135083198547,"The batik fabric features the wahyu_tumurun motif, characterized by a black background and gold motifs. The dominant motifs include stylized birds perched on branches, intricate floral patterns, and swirling vines. These elements are interspersed with small dots and short lines, which serve as isen-isen fillers between larger designs. The motifs repeat consistently throughout the fabric, arranged in a symmetrical pattern that creates a balanced and harmonious design.

nan","The batik fabric features the wahyu_tumurun motif, characterized by a black background and orange motifs. The dominant motifs include stylized flowers, leaves, and swirling vines, which are intricately interwoven throughout the fabric. These floral elements feature detailed petals and leaves, some adorned with small white beads for added texture. The motifs repeat consistently across the fabric, creating a harmonious pattern. The arrangement follows a symmetrical design, with motifs evenly spaced and oriented in various directions, enhancing the overall aesthetic appeal. There are no visible isen-isen elements such as small dots or short lines within the motifs themselves; instead, the focus remains on the intricate detailing of the larger floral and vine patterns.

The philosophical meaning of the Wahyu Tumurun motif reflects divine grace, spiritual guidance, and noble aspiration.","divine grace, spiritual guidance, noble aspiration, heavenly blessing",hard
/mnt/extended-home/dzakaaufa/dataset/all_images_captioning/bokor_kencono65.jpg,bokor_kencono,bokor_kencono,0.9653016924858093,"The batik fabric features the bokor_kencono motif, characterized by a golden-yellow background and black and gold motifs. The dominant motifs include stylized flowers and leaves, arranged symmetrically around central diamond-shaped patterns. These floral elements have intricate petal-like structures and are interspersed with small, detailed dots and short lines forming smaller decorative elements within each larger motif. The motifs repeat consistently throughout the fabric, creating a harmonious and balanced pattern.

nan","The batik fabric features the bokor_kencono motif, characterized by a golden-yellow background and black and gold motifs. The dominant motifs include stylized flowers and leaves, arranged symmetrically around central decorative elements. These central elements feature intricate patterns resembling lotus blossoms or similar ornamental designs. Smaller floral and leafy motifs are interspersed throughout the fabric, creating a dense yet balanced pattern. The isen-isen elements consist of small dots and short lines, adding texture and detail to the overall design. The motifs repeat consistently across the fabric, maintaining a harmonious and symmetrical layout.

The philosophical meaning of the Bokor Kencono motif reflects dignity, wisdom, and the aspiration for lasting authority.","dignity, wisdom, authority, noble character",hard
/mnt/extended-home/dzakaaufa/dataset/all_images_captioning/sidoluhur67.jpg,sidoluhur,sidoluhur,0.9541957974433899,"The batik fabric features the sidoluhur motif, characterized by a dark blue background and gold motifs. The dominant motifs include stylized leaves and flowers arranged symmetrically around central diamond-shaped patterns. These motifs are interconnected through intricate cross-hatching lines, creating a complex network-like design. Small dots and short lines act as fillers between larger motifs, adding texture and depth to the overall pattern. The motifs repeat consistently throughout the fabric, maintaining a balanced and harmonious layout.

Traditionally, the Sidoluhur motif symbolizes noble character, moral elevation, and dignified exemplary conduct.","The batik fabric features the sidoluhur motif, characterized by a dark blue background and gold motifs. The dominant motifs include intricate floral elements and geometric forms, such as diamond patterns and swirling curves. Small dots and short lines are interspersed within these larger designs, adding texture and detail. The motifs repeat consistently throughout the fabric, arranged in a symmetrical pattern with a central focus on the intersecting lines forming a cross-like shape.

Traditionally, the Sidoluhur motif symbolizes noble character, moral elevation, and dignified exemplary conduct.","noble character, moral elevation, dignity, exemplary conduct",hard
/mnt/extended-home/dzakaaufa/dataset/all_images_captioning/tuntrum97.jpg,tuntrum,truntum,0.9528127312660217,"The batik fabric features the truntum motif, characterized by a black background and gold motifs. The dominant motifs consist of small, intricate star-like patterns arranged in a grid-like pattern. These stars have a central point surrounded by radiating lines, creating a symmetrical design. Small white dots are interspersed between these gold stars, adding texture and detail to the overall pattern. The motifs repeat consistently throughout the fabric, maintaining uniformity in their placement and orientation. The layout follows a structured grid, ensuring each star is evenly spaced and aligned vertically and horizontally.

Traditionally, the Truntum motif symbolizes divine radiance, spiritual order, and sacred connection with the cosmos.","The batik fabric features the tuntrum motif, characterized by a black background and gold motifs. The dominant motifs appear as small, star-like shapes arranged in a grid pattern. These stars have a central point surrounded by radiating lines, creating a symmetrical design. Between these star motifs, there are smaller white dots scattered throughout, adding texture and contrast to the overall pattern. The motifs repeat consistently across the fabric, maintaining uniformity in their placement and orientation. The layout follows a structured grid, ensuring a balanced and harmonious appearance.

In Surakarta royal tradition, the Truntum motif represents unconditional love, the rekindling of affection, and parental guidance.","sincere love, devotion, renewal of affection, patience",hard
/mnt/extended-home/dzakaaufa/dataset/all_images_captioning/tuntrum46.jpg,tuntrum,truntum,0.9496061205863953,"The batik fabric features the truntum motif, characterized by a dark blue background and white motifs outlined in gold. The dominant motifs consist of star-like shapes with six-pointed stars at their centers, surrounded by smaller diamond patterns. These star motifs are arranged in a grid-like pattern across the fabric, creating a symmetrical and repetitive design. Small white dots and short lines act as isen-isen elements, filling the spaces between the larger motifs and adding texture to the overall pattern.

Traditionally, the Truntum motif symbolizes inner strength, resilience, and sacred connection with ancestral wisdom.","The batik fabric features the tuntrum motif, characterized by a dark blue background and white motifs outlined in gold. The dominant motifs consist of star-like shapes with six-pointed stars at their centers, surrounded by smaller star patterns and additional decorative elements. Small white dots and short lines act as isen-isen elements, adding texture and detail between the larger motifs. These star-shaped designs are arranged in a grid-like pattern, creating a symmetrical and repetitive layout across the entire fabric. Each motif is oriented uniformly, maintaining consistency in placement and alignment throughout the design.

Traditionally, the Truntum motif symbolizes sincere love, quiet devotion, and the renewal of affection.","sincere love, devotion, renewal of affection, patience",hard
/mnt/extended-home/dzakaaufa/dataset/all_images_captioning/dayak122.jpg,dayak,dayak,0.9971928000450134,"The batik fabric features the Dayak motif, characterized by a black background and yellow motifs. The dominant motifs include intricate swirling patterns resembling leaves or vines, arranged in a repeating pattern across the fabric. These motifs are interspersed with small white dots, which act as isen-isen elements, adding texture and detail to the design. The motifs are symmetrically placed within each other, creating a balanced and harmonious layout throughout the entire piece.

Traditionally, the Dayak motif symbolizes courage, harmony with nature, and protective ancestral strength.","The batik fabric features the Dayak motif, characterized by a black background and yellow motifs. The dominant motifs include intricate, swirling patterns resembling stylized leaves or vines, which are repeated throughout the fabric. These motifs are arranged in a symmetrical pattern, creating a balanced and harmonious design. The small dots and short lines within the motifs add texture and detail, enhancing the overall complexity of the design. The motifs are oriented in various directions but maintain a cohesive flow across the entire piece.

Traditionally, the Dayak motif symbolizes courage, harmony with nature, and protective ancestral strength.","courage, harmony with nature, protection, ancestral strength",hard
/mnt/extended-home/dzakaaufa/dataset/all_images_captioning/sidomukti120.jpg,sidomukti,sidomukti,0.9614904522895813,"The batik fabric features the sidomukti motif, characterized by a golden-yellow background and black motifs. The dominant motifs include stylized flowers and leaves, arranged symmetrically around central star-like patterns. These floral elements have intricate petal-like structures and are interspersed with small, evenly spaced dots known as isen-isen, which add texture and detail throughout the design. The motifs repeat consistently across the fabric, creating a harmonious and balanced pattern.

Traditionally, the Sidomukti motif symbolizes enduring happiness, fulfilment, and spiritual wholeness.","The batik fabric features the sidomukti motif, characterized by a vibrant orange background and black motifs. The dominant motifs include stylized floral elements with intricate petal patterns and swirling curves, interspersed with small, detailed leaves and buds. These floral designs are arranged symmetrically around central star-like shapes, creating a balanced and harmonious pattern. The background is filled with small, evenly spaced dots and short lines, known as isen-isen, which add texture and depth to the overall design. The motifs repeat consistently throughout the fabric, maintaining a uniform and repetitive structure that enhances the visual appeal of the piece.

The philosophical meaning of the Sidomukti motif reflects enduring happiness, fulfilment, prosperity, and spiritual wholeness.","enduring happiness, fulfilment, prosperity, spiritual wholeness",hard
/mnt/extended-home/dzakaaufa/dataset/all_images_captioning/Data 7 Batik Lana (Parang Anggrek).jpg,Malang,malang,0.7888545393943787,"The batik fabric features the malang motif, characterized by chocolate, cream motifs. The dominant motifs include coconut tree. The motifs are arranged in a non-geometric pattern across the fabric, creating a harmonious and balanced composition.

Inspired when walking through the city of Malang which has many coconut trees. This motif was created using natural dye techniques combined with modern design trends.","The batik fabric features the Malang motif, characterized by brown motifs. The dominant motifs include orchid flower. The motifs are arranged in a geometric pattern across the fabric, creating a harmonious and balanced composition.

Inspired by Banyu Tibo beach which is located in Pacitan, East Java. The dyes used are natural dyes derived from mahogany and mangosteen bark.",,hard
/mnt/extended-home/dzakaaufa/dataset/all_images_captioning/sidomulyo14.jpg,sidomulyo,sidomulyo,0.9845114946365356,"The batik fabric features the sidomulyo motif, characterized by a white background and brown motifs. The dominant motifs include stylized leaves and floral elements arranged symmetrically within diamond-shaped frames. These frames are interconnected through smaller, repeating patterns forming a larger grid-like structure. Small black dots are interspersed between some of the larger motifs, adding detail to the design. The motifs repeat consistently throughout the fabric, creating a harmonious and balanced pattern.

Traditionally, the Sidomulyo motif symbolizes glory, enduring honour, and a life of inner mastery.","The batik fabric features the sidomulyo motif, characterized by a white background and brown motifs. The dominant motifs include stylized leaves and floral elements arranged symmetrically within diamond-shaped frames. These frames are interconnected by smaller, intricate designs resembling small dots and short lines, which act as isen-isens, enhancing the overall complexity of the pattern. The motifs repeat consistently throughout the fabric, creating a harmonious and balanced layout that spans the entire surface.

The philosophical meaning of the Sidomulyo motif reflects glory, enduring honour, and the pursuit of a dignified life.","glory, enduring honour, inner mastery, dignified life",hard
/mnt/extended-home/dzakaaufa/dataset/all_images_captioning/singa_barong143.jpg,singa_barong,singa_barong,0.9984272718429565,"The batik fabric features the singa_barong motif, characterized by a white background and black motifs. The dominant motifs include stylized barongs depicted in dynamic poses, their bodies adorned with intricate patterns such as scales and flowing tails. These barongs are interspersed with smaller geometric shapes like triangles and circles, which serve as isen-isen elements. The motifs are arranged symmetrically along the fabric, creating a balanced and harmonious composition.

nan","The batik fabric features the singa_barong motif, characterized by a white background and black and brown motifs. The dominant motifs include stylized figures resembling mythical creatures, possibly dragons or lions, depicted in intricate patterns. These figures have detailed scales and textured bodies, with some parts highlighted in brown for contrast. Small dots and short lines are used as isen-isen elements within the design, adding texture and depth. The motifs are arranged symmetrically along the fabric, with repeated patterns creating a cohesive and balanced composition.

In Cirebonese court culture, the Singa Barong motif represents sacred authority, the harmony of natural forces, and complete sovereignty.","mythological power, elemental unity, visionary leadership, sacred authority",hard
/mnt/extended-home/dzakaaufa/dataset/all_images_captioning/liong10.png,liong,liong,0.992218017578125,"The batik fabric features the liong motif, characterized by a black background and vibrant red, yellow, white, and gold motifs. The dominant motifs include stylized dragons with flowing tails and intricate scales, depicted in dynamic poses against swirling clouds. Small white dots and short lines act as isen-isen elements, adding texture and detail throughout the design. The motifs are arranged symmetrically around central axes, creating a balanced and harmonious pattern.

Traditionally, the Liong motif symbolizes divine power, protection, and enduring prosperity.","The batik fabric features the liong motif, characterized by a black background and vibrant red, yellow, and white motifs. The dominant motifs include stylized dragons with intricate scales and flowing tails, depicted in dynamic poses against swirling clouds. Small white dots are interspersed throughout the fabric, adding texture and contrast. The dragons are arranged in a scattered pattern, with some overlapping others, creating a sense of movement and depth. The overall layout appears symmetrical but with varying sizes and orientations of the dragon figures, enhancing the dynamic feel of the design.

Traditionally, the Liong motif symbolizes divine power, protection, and enduring prosperity.","divine power, protection, prosperity, celestial benevolence",hard
/mnt/extended-home/dzakaaufa/dataset/all_images_captioning/betawi39.jpg,betawi,betawi,0.993834376335144,"The batik fabric features the betawi motif, characterized by a black background and pink motifs. The dominant motifs include stylized figures resembling traditional Betawi dancers adorned in vibrant attire, along with decorative elements such as flowers, balloons, and geometric patterns like triangles and circles. Small dots and short lines act as isen-isen elements, adding texture and detail throughout the design. These motifs are arranged symmetrically on either side of the fabric, creating a balanced composition. The figures appear repeated at regular intervals, while the floral and balloon designs are interspersed between them, contributing to the overall lively and festive appearance typical of Betawi batik art.

Traditionally, the Betawi motif symbolizes multicultural openness, communal harmony, and joyful cultural identity.","The batik fabric features the betawi motif, characterized by a black background and pink, green, white, and silver motifs. The dominant motifs include stylized figures, bicycles, palm trees, and various decorative elements such as flowers and balloons. These motifs are arranged symmetrically on either side of the fabric, creating a balanced composition. The pink section contains larger, more detailed figures and objects, while the black section features smaller, repeating patterns of triangles and dots. The overall design is vibrant and lively, typical of Betawi batik art.

The philosophical meaning of the Betawi motif reflects multicultural openness, communal harmony, and joyful identity.","multicultural openness, communal harmony, joyful identity, cultural pride",hard
/mnt/extended-home/dzakaaufa/dataset/all_images_captioning/sidomulyo68.jpg,sidomulyo,sidomulyo,0.9952150583267212,"The batik fabric features the sidomulyo motif, characterized by a white background and brown motifs. The dominant motifs include stylized flowers and leaves arranged symmetrically within diamond-shaped frames formed by intersecting brown lines. Small black dots are interspersed between these frames, adding detail to the design. The motifs repeat consistently throughout the fabric, creating a harmonious pattern that extends across the entire surface.

Traditionally, the Sidomulyo motif symbolizes glory, enduring honour, and a life of inner mastery.","The batik fabric features the sidomulyo motif, characterized by a white background and black motifs. The dominant motifs include stylized flowers and leaves arranged in a repeating pattern. These floral elements have pointed petals and are connected by thin, curved stems. Small dots and short lines act as isen-isens, filling the spaces between the larger motifs. The motifs are arranged symmetrically within diamond-shaped frames, creating a grid-like pattern across the fabric. Each frame contains two identical motifs, one on each side, ensuring balance and harmony throughout the design.

Traditionally, the Sidomulyo motif symbolizes glory, enduring honour, and a life of inner mastery.","glory, enduring honour, inner mastery, dignified life",hard
/mnt/extended-home/dzakaaufa/dataset/all_images_captioning/srikaton147.jpg,srikaton,srikaton,0.9740301966667175,"The batik fabric features the srikaton motif, characterized by a black background and gold motifs. The dominant motifs include stylized leaves, flowers, and abstract ornaments, which are intricately interwoven throughout the design. These motifs exhibit a mix of symmetrical and asymmetrical patterns, creating a balanced yet dynamic appearance. Small dots and short lines act as isen-isen elements, adding texture and detail to the overall pattern. The motifs repeat consistently across the fabric, arranged in a grid-like fashion but with slight variations in orientation and spacing, enhancing the complexity of the design.

Traditionally, the Srikaton motif symbolizes divine radiance, natural abundance, and resilient grace.","The batik fabric features the srikaton motif, characterized by a dark brown background and golden motifs. The dominant motifs include stylized flowers and leaves, arranged symmetrically across the fabric. These floral elements feature intricate petal-like structures and leafy tendrils, often overlapping each other. Small golden dots and short lines act as isen-isen elements, adding texture and detail between larger motifs. The motifs repeat consistently throughout the fabric, creating a harmonious pattern that spans horizontally and vertically.

The philosophical meaning of the Srikaton motif reflects divine radiance, natural abundance, and resilience.","divine radiance, natural abundance, resilience, visible grace",hard
/mnt/extended-home/dzakaaufa/dataset/all_images_captioning/sekarjagad131.jpg,sekarjagad,sekarjagad,0.9996008276939392,"The batik fabric features the sekarjagad motif, characterized by a dark blue background and gold motifs. The dominant motifs include star-like patterns, geometric shapes such as circles and ovals, and intricate floral designs. Small dots and short lines act as isen-isen elements, adding texture and detail to the overall design. These motifs are arranged symmetrically across the fabric, creating a balanced and harmonious pattern. The repetition of these elements ensures a cohesive look while maintaining variety through slight variations in shape and placement.

Traditionally, the Sekarjagad motif symbolizes the beauty of diversity, universal harmony, and joyful coexistence.","The batik fabric features the sekarjagad motif, characterized by a dark blue background and gold motifs. The dominant motifs include star-like patterns, intricate floral designs, and geometric shapes such as diamonds and circles. These motifs are interspersed with smaller decorative elements like small dots and short lines, known as isen-isen. The motifs are arranged in a repetitive pattern across the fabric, creating a symmetrical design. The overall layout consists of large, irregularly shaped sections filled with these detailed patterns, giving the impression of a patchwork quilt.

In Javanese culture, the Sekarjagad motif represents the celebration of diversity, universal harmony, and the wish to radiate goodness.","beauty of diversity, universal harmony, radiance, coexistence",hard
/mnt/extended-home/dzakaaufa/dataset/all_images_captioning/jlamprang90.jpg,jlamprang,jlamprang,0.9956899285316467,"The batik fabric features the jlamprang motif, characterized by a golden-yellow background and multicolored motifs. The dominant motifs consist of circular designs resembling stylized flowers or snowflakes, each containing intricate patterns within them. These motifs are repeated throughout the fabric, arranged in a grid-like pattern with some variation in spacing and orientation. Small dots and short lines act as isen-isen elements, filling the spaces between the larger motifs and adding texture to the overall design.

Traditionally, the Jlamprang motif symbolizes cosmic balance, spiritual order, and sacred connection with the divine.","The batik fabric features the jlamprang motif, characterized by a golden background and red, green, blue, and yellow motifs. The dominant motifs consist of circular designs with intricate patterns resembling snowflakes or starbursts at their centers. These circular motifs are evenly spaced and repeated throughout the fabric, creating a symmetrical pattern. Small dots and short lines act as isen-isen elements, filling the spaces between the larger motifs and adding texture to the design. The overall layout follows a grid-like structure, ensuring uniformity and balance across the entire piece.

The philosophical meaning of the Jlamprang motif reflects cosmic balance, spiritual order, and sacred connection with the divine.","cosmic balance, spiritual order, sacred connection, divine harmony",hard
/mnt/extended-home/dzakaaufa/dataset/all_images_captioning/wirasat12.jpg,wirasat,wirasat,0.9865878224372864,"The batik fabric features the wirasat motif, characterized by a beige background and dark brown motifs. The dominant motifs include stylized leaves and abstract geometric forms, arranged symmetrically within diamond-shaped frames. Small dots and short lines act as isen-isen elements, filling the spaces between larger motifs. These elements repeat consistently throughout the design, creating a balanced and intricate pattern.

Traditionally, the Wirasat motif symbolizes the fulfilment of wholesome wishes, elevated standing, and life's sufficiency.","The batik fabric features the wirasat motif, characterized by a light beige background and dark brown motifs. The dominant motifs include stylized leaves and abstract geometric shapes, arranged symmetrically within diamond-shaped frames. Small dots and short lines act as isen-isen elements, filling the spaces between larger motifs. These elements repeat consistently throughout the fabric, creating a balanced and harmonious pattern.

In Javanese tradition, the Wirasat motif represents the parental blessing for a new household — prosperity, dignity, and answered prayers.","fulfilment of wishes, elevated standing, sufficiency, parental blessing",hard
/mnt/extended-home/dzakaaufa/dataset/all_images_captioning/singa_barong76.jpg,singa_barong,singa_barong,0.9916021227836609,"The batik fabric features the singa_barong motif, characterized by a white background and gold, black, blue, and brown motifs. The dominant motifs include two mythical creatures resembling lions with elaborate headdresses adorned with horns and feathers, facing each other symmetrically. Between them, there are two large wheels connected by vertical bars, forming part of a chariot-like structure. The creatures have intricate scales patterns on their bodies, and their tails extend downward. Small dots and short lines are used as isen-isen elements within the design, adding texture and detail to various parts of the motifs. The overall layout shows a balanced arrangement with repeated patterns on either side of the central wheel structure, creating a symmetrical composition.

nan","The batik fabric features the singa_barong motif, characterized by a white background and gold, black, and brown motifs. The dominant motifs include two mythical creatures resembling lions with elaborate headdresses, each holding a wheel-like object. These creatures have intricate scales on their bodies and are positioned symmetrically facing each other. Between them, there is a central vertical element featuring a series of small, circular patterns and a larger, more complex design at its base. The overall arrangement shows a balanced symmetry with the motifs evenly spaced and oriented towards the center, creating a harmonious composition.

The philosophical meaning of the Singa Barong motif reflects mythological power, elemental unity, and visionary leadership.","mythological power, elemental unity, visionary leadership, sacred authority",hard
/mnt/extended-home/dzakaaufa/dataset/all_images_captioning/mega_mendung1.jpg,mega_mendung,mega_mendung,0.9830991625785828,"The batik fabric features the mega_mendung motif, characterized by a deep blue background and light blue motifs. The dominant motifs consist of swirling cloud-like shapes, each outlined in white and filled with varying shades of light blue, creating a sense of depth and movement. These motifs are arranged densely across the fabric, repeating consistently in a grid-like pattern. There are no visible isen-isen elements such as small dots or short lines within these motifs. The overall layout shows a high degree of symmetry, with the motifs oriented uniformly throughout the design.

nan","The batik fabric features the mega_mendung motif, characterized by a deep blue background and light blue motifs. The dominant motifs are abstract cloud-like shapes with flowing curves and pointed tips, reminiscent of traditional Chinese cloud patterns. These motifs are arranged in a repetitive pattern across the fabric, creating a seamless design. The motifs are spaced evenly apart, maintaining a consistent rhythm throughout the entire piece. There are no visible isen-isen elements such as small dots or short lines within the motifs themselves; instead, the focus remains on the continuous flow and repetition of the cloud-like shapes. The overall layout is symmetrical, with each motif mirroring its counterpart, enhancing the balanced aesthetic of the batik.

Traditionally, the Mega Mendung motif symbolizes patience, emotional calm, and spiritual serenity.","patience, emotional calm, spiritual serenity, divine protection",hard
/mnt/extended-home/dzakaaufa/dataset/all_images_captioning/srikaton140.jpg,srikaton,srikaton,0.9849362969398499,"The batik fabric features the srikaton motif, characterized by a dark blue background and gold motifs. The dominant motifs include stylized leaves and floral elements arranged symmetrically around central star-like figures. These motifs repeat consistently across the fabric, creating a harmonious pattern. Small dots and short lines act as fillers between larger motifs, adding texture and detail to the design. The overall layout follows a grid-like structure, ensuring uniformity and balance throughout the piece.

Traditionally, the Srikaton motif symbolizes divine radiance, natural abundance, and resilient grace.","The batik fabric features the srikaton motif, characterized by a dark brown background and golden motifs. The dominant motifs include stylized leaves and floral elements arranged symmetrically around central nodes. These motifs are composed of intricate curves and loops, creating a sense of balance and harmony. The small dots and short lines within the motifs add texture and detail, enhancing the overall complexity of the design. The motifs repeat consistently across the fabric, maintaining a uniform pattern throughout the piece.

Traditionally, the Srikaton motif symbolizes divine radiance, natural abundance, and resilient grace.","divine radiance, natural abundance, resilience, visible grace",hard
/mnt/extended-home/dzakaaufa/dataset/all_images_captioning/dayak134.jpg,dayak,dayak,0.9320755004882812,"The batik fabric features the Dayak motif, characterized by a red background and yellow motifs. The dominant motifs include stylized leaves, flowers, and geometric patterns such as diamonds and crosses. These motifs are interspersed with small dots and short lines, which act as isen-isen elements, adding texture and detail to the design. The motifs are arranged symmetrically around central axes, creating a balanced and harmonious pattern. The overall layout includes repeated motifs in a grid-like fashion, ensuring uniformity throughout the fabric.

Traditionally, the Dayak motif symbolizes courage, harmony with nature, and protective ancestral strength.","The batik fabric features the Dayak motif, characterized by a vibrant red background and golden-yellow motifs. The dominant motifs include stylized flowers and geometric patterns, such as diamond shapes and cross-like designs. Small dots and short lines act as isen-isen elements, adding texture and detail to the overall design. These motifs are arranged symmetrically across the fabric, creating a balanced and harmonious pattern. The repetition of these elements ensures a cohesive look, while their varied orientations add depth and interest to the composition.

Traditionally, the Dayak motif symbolizes courage, harmony with nature, and protective ancestral strength.","courage, harmony with nature, protection, ancestral strength",hard
/mnt/extended-home/dzakaaufa/dataset/all_images_captioning/parang102.jpg,parang,parang,0.9958677291870117,"The batik fabric features the parang motif, characterized by a dark brown background and light beige motifs. The dominant motifs consist of elongated, curved shapes resembling stylized leaves or petals arranged in parallel rows. These motifs curve gracefully from one end to the other, creating a flowing pattern. Small diamond-shaped isen-isen elements are interspersed between the larger motifs, adding texture and detail to the design. The motifs repeat consistently across the fabric, maintaining a symmetrical alignment both horizontally and vertically. The overall layout follows a structured grid-like pattern, ensuring uniformity throughout the piece.

Traditionally, the Parang motif symbolizes perseverance, courage, and continuity in life.","The batik fabric features the parang motif, characterized by a dark brown background and light beige motifs. The dominant motifs consist of elongated, curved shapes resembling stylized leaves or petals, arranged in a repeating pattern. These motifs are interspersed with small, diamond-shaped isen-isen elements, which add texture and detail to the design. The motifs are oriented horizontally and vertically, creating a balanced and symmetrical layout across the fabric. The overall arrangement follows a grid-like structure, ensuring uniformity and harmony throughout the piece.

The philosophical meaning of the Parang motif reflects inner strength, persistence, and lifelong growth.","perseverance, courage, continuity, relentless self-improvement",hard
/mnt/extended-home/dzakaaufa/dataset/all_images_captioning/Data 6 Batik Wagastu (Sulur Wiji Timun).jpg,Malang,malang,0.8660508394241333,"The batik fabric features the malang motif, characterized by chocolate, dark brown motifs. The dominant motifs include breadfruit leaf, buah pohon sukun. The motifs are arranged in a non-geometric pattern across the fabric, creating a harmonious and balanced composition.

Inspired when I saw the expanse of breadfruit trees while traveling through Malang City. This motif reflects the natural richness of Malangan's environment and the spirit of hard work and sustainability of farmers who plant them.","The batik fabric features the Malang motif, characterized by chocolate, orange motifs. The dominant motifs include cucumber plant. The motifs are arranged in a geometric pattern across the fabric, creating a harmonious and balanced composition.

The Wiji Timun Sulur Batik is inspired by the tendrils of the cucumber plant that grows near the yard of the house, symbolizing fertility, hope and continuity of life. This motif reflects closeness to nature as well as the values ​​of perseverance and simplicity.",,hard
/mnt/extended-home/dzakaaufa/dataset/all_images_captioning/singa_barong144.jpg,singa_barong,singa_barong,0.9947997331619263,"The batik fabric features the singa_barong motif, characterized by a black background and white, orange, red, and brown motifs. The dominant motifs include stylized barongs (mythical creatures), depicted with flowing wings and intricate patterns on their bodies. These barongs are interspersed with smaller geometric shapes resembling clouds or abstract ornaments. The small dots and short lines within these larger motifs add texture and detail, enhancing the overall complexity of the design. The motifs are arranged in a repetitive pattern across the fabric, creating a balanced yet dynamic composition.

nan","The batik fabric features the singa_barong motif, characterized by a black background and red, white, and orange motifs. The dominant motifs include stylized figures resembling mythical creatures, possibly dragons or phoenixes, depicted in dynamic poses with flowing tails and intricate patterns on their bodies. These figures are interspersed with smaller, more abstract designs such as swirling clouds and geometric shapes. The motifs are arranged in a scattered yet balanced manner across the fabric, creating a sense of movement and dynamism. Isen-isen elements, consisting of small dots and short lines, are used sparingly to enhance the texture and detail within the larger motifs.

Traditionally, the Singa Barong motif symbolizes mythological power, elemental unity, and visionary leadership.","mythological power, elemental unity, visionary leadership, sacred authority",hard
/mnt/extended-home/dzakaaufa/dataset/all_images_captioning/tujuh_rupa85.jpg,tujuh_rupa,tujuh_rupa,0.9276512265205383,"The batik fabric features the tujuh_rupa motif, characterized by a black background and vibrant motifs in shades of blue, orange, purple, gold, and turquoise. The dominant motifs include stylized flowers and leaves, each intricately detailed with small dots and short lines forming their petals and edges. These floral elements are arranged symmetrically across the fabric, creating a balanced pattern where they repeat in a grid-like fashion. The motifs vary slightly in size but maintain uniformity in their design, ensuring a cohesive overall appearance.

nan","The batik fabric features the tujuh_rupa motif, characterized by a black background and vibrant motifs in shades of blue, red, orange, purple, and gold. The dominant motifs include stylized flowers and leaves, some resembling peacock feathers, with intricate petal-like structures and swirling patterns. Small dots and short lines act as isen-isen elements, adding texture and detail to the design. These motifs are arranged in a repetitive pattern across the fabric, creating a symmetrical and balanced layout. The overall structure showcases a harmonious blend of floral and abstract ornamentation, typical of the tujuh_rupa motif.

In Pekalongan's coastal tradition, the Tujuh Rupa motif represents openness to the world, graceful adaptability, and harmony across cultures.","eloquence, adaptability, cultural openness, peaceful diversity",hard
/mnt/extended-home/dzakaaufa/dataset/all_images_captioning/parang44.jpg,parang,parang,0.993192732334137,"The batik fabric features the parang motif, characterized by a beige background and brown motifs. The dominant motifs consist of elongated, wavy lines that run diagonally across the fabric, creating a dynamic pattern. These lines vary slightly in length but maintain a consistent directionality. Small dots and short horizontal lines act as isen-isen elements, adding texture and detail between the larger motifs. The motifs repeat consistently along both the vertical and horizontal axes, forming a symmetrical grid-like structure. Each diagonal row alternates between filled and empty spaces, enhancing the overall balance and rhythm of the design.

Traditionally, the Parang motif symbolizes perseverance, courage, and continuity in life.","The batik fabric features the parang motif, characterized by a beige background and brown motifs. The dominant motifs consist of elongated, wavy shapes resembling stylized leaves or branches, arranged diagonally across the fabric. These motifs repeat consistently throughout the design, creating a rhythmic pattern. Small, short lines, known as isen-isen, are interspersed between the larger motifs, adding texture and detail to the overall composition. The arrangement follows a symmetrical layout, with each diagonal row mirroring the one below it, ensuring balance and harmony in the design.

Traditionally, the Parang motif symbolizes perseverance, courage, and continuity in life.","perseverance, courage, continuity, relentless self-improvement",hard
/mnt/extended-home/dzakaaufa/dataset/all_images_captioning/sidomukti78.jpg,sidomukti,sidomukti,0.94902503490448,"The batik fabric features the sidomukti motif, characterized by a golden-yellow background and black motifs. The dominant motifs include stylized faces resembling masks, each adorned with red eyes and small white dots within their eyes. These mask-like faces are interspersed among intricate geometric patterns formed by interconnected diamond shapes. Small black dots and short lines act as isen-isens, filling spaces between larger motifs and enhancing the overall complexity of the design. The motifs repeat consistently throughout the fabric, arranged in a grid-like pattern but with slight variations in orientation and spacing, creating a dynamic yet harmonious layout.

Traditionally, the Sidomukti motif symbolizes enduring happiness, fulfilment, and spiritual wholeness.","The batik fabric features the sidomukti motif, characterized by a dark brown background and vibrant orange motifs. The dominant motifs include stylized faces with large eyes and open mouths, resembling masks or creatures, interspersed among smaller, repeating patterns such as dots and diamond shapes. These motifs are arranged in a grid-like pattern, creating a sense of rhythm and balance. The small dots and short lines act as fillers between larger motifs, adding texture and depth to the design. The overall layout follows a symmetrical structure, with motifs aligned along diagonal and horizontal axes, ensuring a harmonious and visually pleasing composition throughout the fabric.

The philosophical meaning of the Sidomukti motif reflects enduring happiness, fulfilment, prosperity, and spiritual wholeness.","enduring happiness, fulfilment, prosperity, spiritual wholeness",hard
/mnt/extended-home/dzakaaufa/dataset/all_images_captioning/parang38.jpg,parang,parang,0.9655153751373291,"The batik fabric features the parang motif, characterized by a dark blue background and beige motifs. The dominant motifs consist of elongated, teardrop-shaped figures arranged in parallel rows. These teardrops vary slightly in size but maintain a consistent pattern throughout the fabric. Small white dots and short lines act as isen-isen elements, adding texture and detail between the larger motifs. The motifs repeat consistently along both horizontal and vertical axes, creating a symmetrical and balanced design.

Traditionally, the Parang motif symbolizes perseverance, courage, and continuity in life.","The batik fabric features the parang motif, characterized by a beige background and dark blue and light brown motifs. The dominant motifs consist of elongated, teardrop-shaped forms arranged in parallel rows. These teardrops are connected by smaller, circular elements, creating a continuous flow across the fabric. Small dots and short lines are interspersed within the larger motifs, adding texture and detail. The motifs repeat consistently throughout the fabric, maintaining a symmetrical pattern with each row mirroring the one above it.

The philosophical meaning of the Parang motif reflects inner strength, persistence, and lifelong growth.","perseverance, courage, continuity, relentless self-improvement",hard
/mnt/extended-home/dzakaaufa/dataset/all_images_captioning/buketan79.jpg,buketan,buketan,0.9916701316833496,"The batik fabric features the buketan motif, characterized by a white background and blue motifs. The dominant motifs include stylized flowers and butterflies arranged vertically along both sides of the fabric. These floral elements feature intricate petal patterns and leafy stems, while the butterflies have detailed wings and bodies. Small dots and short lines act as isen-isen elements, adding texture and detail between larger motifs. The arrangement follows a symmetrical pattern, with motifs repeating consistently down each side, creating a balanced and harmonious design.

Traditionally, the Buketan motif symbolizes joy, beauty, purity, and feminine grace.","The batik fabric features the buketan motif, characterized by a white background and blue motifs. The dominant motifs include stylized flowers and leaves, arranged in a repeating pattern along vertical lines on one side and scattered randomly on the other. Small white dots and short lines act as isen-isen elements, adding texture and detail to the design. The motifs are symmetrically placed within their respective sections, creating a balanced and harmonious composition.

The philosophical meaning of the Buketan motif reflects joy, natural beauty, purity, and graceful femininity.","joy, beauty, purity, feminine grace, cheerfulness",hard
/mnt/extended-home/dzakaaufa/dataset/all_images_captioning/sidoluhur134.jpg,sidoluhur,sidoluhur,0.984889805316925,"The batik fabric features the sidoluhur motif, characterized by a black background and gold motifs. The dominant motifs include intricate floral elements resembling lotus flowers, each adorned with small dots at their centers. These floral patterns are interconnected by swirling, organic lines that form complex networks throughout the fabric. Short lines and small dots act as isen-isen elements, filling gaps between larger motifs and adding texture to the design. The motifs repeat consistently across the fabric, arranged in a symmetrical pattern that creates a balanced and harmonious overall layout.

Traditionally, the Sidoluhur motif symbolizes noble character, moral elevation, and dignified exemplary conduct.","The batik fabric features the sidoluhur motif, characterized by a black background and gold motifs. The dominant motifs include intricate floral elements with petal-like structures and elongated tendrils extending outward from central nodes. These floral elements are interspersed with small, detailed isen-isen elements such as dots and short lines, adding texture and depth to the design. The motifs are arranged symmetrically around a central point, creating a balanced and harmonious pattern. The overall layout follows a radial structure, radiating outwards from the center, emphasizing the symmetrical nature of the sidoluhur motif.

In Javanese tradition, the Sidoluhur motif represents the pursuit of virtue, dignified conduct, and the honour of righteous leadership.","noble character, moral elevation, dignity, exemplary conduct",hard
/mnt/extended-home/dzakaaufa/dataset/all_images_captioning/tuntrum88.jpg,tuntrum,truntum,0.9290823340415955,"The batik fabric features the truntum motif, characterized by a dark gray background and light beige motifs. The dominant motifs consist of star-like patterns with small dots at their centers, arranged symmetrically within each star shape. These stars are interspersed with smaller circular designs and additional dot patterns. The motifs repeat consistently throughout the fabric, creating a grid-like pattern where each element aligns perfectly with those around it. The overall layout maintains horizontal and vertical symmetry, ensuring uniformity across the entire piece.

Traditionally, the Truntum motif symbolizes inner strength, resilience, and life's cyclical balance.","The batik fabric features the tuntrum motif, characterized by a dark gray background and light beige motifs. The dominant motifs consist of star-like shapes with smaller dots at their centers, arranged symmetrically within each star. These stars are interspersed with small, evenly spaced dots forming a grid-like pattern between them. The overall arrangement displays a repetitive, grid-like structure where the motifs are aligned both horizontally and vertically, creating a balanced and uniform design across the entire fabric.

Traditionally, the Truntum motif symbolizes sincere love, quiet devotion, and the renewal of affection.","sincere love, devotion, renewal of affection, patience",hard
/mnt/extended-home/dzakaaufa/dataset/all_images_captioning/tujuh_rupa82.jpg,tujuh_rupa,tujuh_rupa,0.9830591678619385,"The batik fabric features the tujuh_rupa motif, characterized by a black background and vibrant motifs in shades of blue, orange, purple, gold, and white. The dominant motifs include stylized flowers and leaves, each intricately detailed with small dots and short lines forming their petals and stems. These floral elements are arranged symmetrically across the fabric, creating a balanced pattern where they repeat in a grid-like fashion. The motifs vary slightly in size but maintain uniformity in their design, ensuring a cohesive overall appearance.

nan","The batik fabric features the tujuh_rupa motif, characterized by a black background and vibrant motifs in shades of red, blue, purple, orange, and gold. The dominant motifs include stylized flowers with intricate petal patterns and swirling leaves, creating a dynamic and flowing design. Small dots and short lines are interspersed between the larger motifs, adding texture and detail. These elements repeat consistently throughout the fabric, arranged in a symmetrical pattern that emphasizes the central floral designs. The overall layout showcases a balanced distribution of motifs, ensuring a harmonious and visually appealing composition.

In Pekalongan's coastal tradition, the Tujuh Rupa motif represents openness to the world, graceful adaptability, and harmony across cultures.","eloquence, adaptability, cultural openness, peaceful diversity",hard
/mnt/extended-home/dzakaaufa/dataset/all_images_captioning/kawung2.jpg,kawung,kawung,0.9957526922225952,"The batik fabric features the kawung motif, characterized by a black background and white motifs. The dominant motifs consist of interconnected circular patterns resembling flowers or leaves, arranged in a grid-like pattern. These motifs repeat consistently throughout the fabric, creating a symmetrical design. There are no visible isen-isen elements such as small dots or short lines within these motifs. The overall layout follows a structured, repetitive pattern where each motif fits perfectly into its designated space on the fabric.

Traditionally, the Kawung motif symbolizes purity of heart, self-mastery, and the eternal cycle of human life.","The batik fabric features the kawung motif, characterized by a black background and white motifs. The dominant motifs consist of interconnected circles arranged in a grid-like pattern, creating a repeating lattice effect. Each circle within the motif appears to be filled with smaller circular patterns, adding depth to the design. There are no visible isen-isen elements such as small dots or short lines. The motifs are evenly spaced and aligned horizontally and vertically, forming a symmetrical and structured layout across the entire fabric.

In Javanese royal culture, the Kawung motif represents moral integrity, inner balance, and the wisdom of knowing one's origins.","purity of heart, self-mastery, life cycle, moral balance",hard
/mnt/extended-home/dzakaaufa/dataset/all_images_captioning/sidoluhur101.jpg,sidoluhur,sidoluhur,0.952374279499054,"The batik fabric features the sidoluhur motif, characterized by a brown background and black motifs. The dominant motifs include stylized leaves, flowers, and abstract ornaments, which are intricately woven into the design. Small dots and short lines act as isen-isen elements, adding texture and detail throughout the pattern. These motifs repeat symmetrically along vertical and horizontal axes, creating a balanced and harmonious layout across the entire fabric.

Traditionally, the Sidoluhur motif symbolizes noble character, moral elevation, and dignified exemplary conduct.","The batik fabric features the sidoluhur motif, characterized by a dark brown background and black motifs. The dominant motifs include stylized floral elements and abstract ornaments, which are intricately woven into the design. Small dots and short lines act as isen-isen elements, adding texture and detail to the overall pattern. These motifs repeat consistently throughout the fabric, arranged symmetrically along vertical and horizontal axes, creating a balanced and harmonious layout.

Traditionally, the Sidoluhur motif symbolizes noble character, moral elevation, and dignified exemplary conduct.","noble character, moral elevation, dignity, exemplary conduct",hard
/mnt/extended-home/dzakaaufa/dataset/all_images_captioning/sekarjagad96.jpg,sekarjagad,sekarjagad,0.998645007610321,"The batik fabric features the sekarjagad motif, characterized by a white background and blue motifs. The dominant motifs include stylized flowers, leaves, and geometric patterns such as triangles and squares. These motifs are interspersed with small dots and short lines, which act as isen-isen elements, adding texture and detail to the design. The motifs are arranged in a repetitive pattern across the fabric, creating a symmetrical and balanced layout. Each section of the fabric showcases a different combination of these elements, contributing to the overall complexity and beauty of the sekarjagad motif.

Traditionally, the Sekarjagad motif symbolizes the beauty of diversity, universal harmony, and joyful coexistence.","The batik fabric features the sekarjagad motif, characterized by a white background and blue motifs. The dominant motifs include intricate floral elements such as lotus flowers and leaves, arranged in a scattered yet harmonious pattern. Geometric forms like triangles and hexagons are also present, adding complexity to the design. Small dots and short lines act as isen-isen elements, enhancing the texture and detail within each motif. The motifs vary in size and shape but maintain a cohesive arrangement throughout the fabric, creating a balanced and visually appealing composition.

The philosophical meaning of the Sekarjagad motif reflects the beauty of diversity, universal harmony, and radiant coexistence.","beauty of diversity, universal harmony, radiance, coexistence",hard
/mnt/extended-home/dzakaaufa/dataset/all_images_captioning/sidomukti36.jpg,sidomukti,sidomukti,0.9611659049987793,"The batik fabric features the sidomukti motif, characterized by a brown background and black motifs. The dominant motifs include stylized flowers, leaves, and abstract geometric shapes such as diamonds and ovals. These motifs are interspersed with small white dots and short lines, creating a sense of depth and texture. The motifs repeat consistently throughout the fabric, arranged in a grid-like pattern but with slight variations in orientation and spacing. The overall layout maintains a balanced symmetry, ensuring a harmonious distribution of patterns across the entire surface.

Traditionally, the Sidomukti motif symbolizes enduring happiness, fulfilment, and spiritual wholeness.","The batik fabric features the sidomukti motif, characterized by a brown background and black motifs. The dominant motifs include stylized flowers and leaves, arranged symmetrically across the fabric. These floral elements are interspersed with small, evenly spaced dots and short lines, creating a sense of rhythm and balance. The motifs repeat consistently throughout the fabric, forming a cohesive pattern that covers the entire surface. The overall layout is structured, with each element precisely placed within the grid-like framework established by the repeating motifs.

Traditionally, the Sidomukti motif symbolizes enduring happiness, fulfilment, and spiritual wholeness.","enduring happiness, fulfilment, prosperity, spiritual wholeness",hard
/mnt/extended-home/dzakaaufa/dataset/all_images_captioning/tujuh_rupa66.jpg,tujuh_rupa,tujuh_rupa,0.9910906553268433,"The batik fabric features the tujuh_rupa motif, characterized by a dark blue background and vibrant floral motifs in shades of purple, pink, green, and brown. The dominant motifs include stylized flowers with large petals and smaller buds, arranged in clusters throughout the fabric. These floral elements have intricate petal patterns and are interspersed with small, delicate leaves. The background is adorned with small white dots and short lines, creating a subtle texture. The motifs repeat consistently across the fabric, maintaining a balanced and symmetrical layout.

nan","The batik fabric features the tujuh_rupa motif, characterized by a dark blue background and vibrant motifs in shades of purple, pink, orange, and green. The dominant motifs include stylized flowers with large petals and intricate leaves, arranged in a scattered yet harmonious pattern across the fabric. Small dots and short lines, known as isen-isen, are interspersed throughout the design, adding texture and depth. The motifs repeat consistently but vary slightly in size and orientation, creating a dynamic and visually engaging composition. The overall layout appears symmetrical, with the floral elements dominating the central areas while smaller decorative elements fill the spaces between them.

Traditionally, the Tujuh Rupa motif symbolizes eloquence, adaptability, and peaceful cultural diversity.","eloquence, adaptability, cultural openness, peaceful diversity",hard
/mnt/extended-home/dzakaaufa/dataset/all_images_captioning/tuntrum10.jpg,tuntrum,truntum,0.9810168147087097,"The batik fabric features the truntum motif, characterized by a dark brown background and white motifs. The dominant motifs consist of star-like shapes arranged symmetrically within smaller squares, creating a grid-like pattern. These stars have small dots at their centers, adding detail to each shape. The motifs repeat consistently throughout the fabric, maintaining uniformity in size and placement. The overall layout follows a structured, repetitive design, emphasizing balance and harmony.

Traditionally, the Truntum motif symbolizes inner strength, resilience, and sacred connection with ancestral wisdom.","The batik fabric features the tuntrum motif, characterized by a dark brown background and white motifs. The dominant motifs consist of star-like shapes with smaller dots at their centers, arranged symmetrically within larger diamond patterns. These star motifs are interspersed with small dots and short lines, creating a dense yet balanced design. The motifs repeat consistently across the fabric, maintaining uniform spacing and alignment, which enhances the overall symmetry and harmony of the pattern.

Traditionally, the Truntum motif symbolizes sincere love, quiet devotion, and the renewal of affection.","sincere love, devotion, renewal of affection, patience",hard
/mnt/extended-home/dzakaaufa/dataset/all_images_captioning/liong142.jpeg,liong,liong,0.9945277571678162,"The batik fabric features the liong motif, characterized by a deep red background and vibrant blue, yellow, pink, white, and black motifs. The dominant motifs include stylized dragons with flowing tails and intricate scales, along with floral patterns featuring large central petals surrounded by smaller leaves. These motifs are interspersed with small decorative elements such as dots and lines, which add texture and detail to the design. The arrangement of these motifs appears random yet balanced, creating a harmonious composition across the fabric.

Traditionally, the Liong motif symbolizes divine power, protection, and enduring prosperity.","The batik fabric features the liong motif, characterized by a deep red background and vibrant blue, yellow, pink, and white motifs. The dominant motifs include stylized dragons with flowing tails and intricate scales, intertwined in dynamic poses. Floral elements, such as lotus blossoms and leaves, are interspersed among the dragons, adding contrast and balance. Small dots and short lines act as isen-isen elements, enhancing the texture and detail of the design. The motifs are arranged symmetrically along the fabric's length, creating a harmonious pattern that repeats consistently throughout the piece.

Traditionally, the Liong motif symbolizes divine power, protection, and enduring prosperity.","divine power, protection, prosperity, celestial benevolence",hard
/mnt/extended-home/dzakaaufa/dataset/all_images_captioning/kawung82.jpg,kawung,kawung,0.7636012434959412,"The batik fabric features the kawung motif, characterized by a dark brown background and light beige motifs. The dominant motifs consist of circular patterns resembling flowers or leaves, each containing smaller diamond-shaped elements within them. These central motifs are surrounded by smaller, lighter-colored dots and lines, creating intricate detailing around the edges. The motifs repeat consistently throughout the fabric, arranged in a grid-like pattern with symmetrical placement. Each row and column maintain uniform spacing between the motifs, ensuring a balanced and harmonious overall design.

Traditionally, the Kawung motif symbolizes purity of heart, self-mastery, and the eternal cycle of human life.","The batik fabric features the kawung motif, characterized by a dark brown background and light beige motifs. The dominant motifs consist of symmetrical, flower-like shapes with pointed petals arranged in a circular pattern. These floral elements are interspersed with smaller, diamond-shaped fillers. The motifs repeat consistently across the fabric, creating a harmonious and balanced design. The arrangement follows a grid-like structure, ensuring uniformity and symmetry throughout the entire piece.

Traditionally, the Kawung motif symbolizes purity of heart, self-mastery, and the eternal cycle of human life.","purity of heart, self-mastery, life cycle, moral balance",hard
/mnt/extended-home/dzakaaufa/dataset/all_images_captioning/liong71.jpg,liong,liong,0.9922853708267212,"The batik fabric features the liong motif, characterized by a white background and dark brown motifs. The dominant motifs include stylized dragon-like figures with intricate scales and flowing tails, arranged symmetrically around central floral elements. Small cross-shaped patterns act as isen-isen fillers between these larger motifs, adding texture and detail. The overall layout follows a circular pattern, with the dragons positioned at key points radiating outward from a central flower design, creating a balanced and harmonious composition.

Traditionally, the Liong motif symbolizes divine power, protection, and enduring prosperity.","The batik fabric features the liong motif, characterized by a white background and dark brown motifs. The dominant motifs include stylized fish-like figures with elongated bodies and flowing tails, interspersed with small flower-like patterns. These fish motifs are arranged in a repeating pattern across the fabric, creating a sense of movement and fluidity. The smaller flower patterns are scattered throughout, adding texture and detail to the design. The overall layout appears symmetrical, with the fish motifs positioned centrally on either side of the fabric, while the flowers provide a balanced filler element around them.

Traditionally, the Liong motif symbolizes divine power, protection, and enduring prosperity.","divine power, protection, prosperity, celestial benevolence",hard
/mnt/extended-home/dzakaaufa/dataset/all_images_captioning/wirasat84.jpg,wirasat,wirasat,0.9888612627983093,"The batik fabric features the wirasat motif, characterized by a dark blue background and gold motifs. The dominant motifs include intricate star-like patterns and geometric designs, often forming diamond-shaped clusters. Small dots and short lines act as isen-isen elements, adding texture and detail between larger motifs. These patterns repeat consistently throughout the fabric, arranged symmetrically around central star-like figures. The overall layout follows a structured grid pattern, ensuring uniformity and balance across the entire piece.

Traditionally, the Wirasat motif symbolizes the fulfilment of wholesome wishes, elevated standing, and life's sufficiency.","The batik fabric features the wirasat motif, characterized by a dark blue background and gold motifs. The dominant motifs include intricate floral elements and geometric forms, such as star-like patterns and diamond shapes. Small dots and short lines are interspersed within these larger designs, adding texture and detail. The motifs are arranged symmetrically, with each quadrant containing similar patterns but varying slightly in design. The overall layout follows a grid-like structure, creating a balanced and harmonious composition throughout the fabric.

In Javanese tradition, the Wirasat motif represents the parental blessing for a new household — prosperity, dignity, and answered prayers.","fulfilment of wishes, elevated standing, sufficiency, parental blessing",hard
/mnt/extended-home/dzakaaufa/dataset/all_images_captioning/wahyu_tumurun49.jpg,wahyu_tumurun,wahyu_tumurun,0.957991898059845,"The batik fabric features the wahyu_tumurun motif, characterized by a golden-brown background and black and white motifs. The dominant motifs include stylized leaves, flowers, and abstract ornaments resembling peacock feathers. These elements are intricately detailed with small dots and short lines, creating a sense of depth and texture. The motifs repeat consistently throughout the fabric, arranged in a symmetrical pattern with some variation in size and orientation. The overall layout follows a structured grid-like design, ensuring balance and harmony within each section.

nan","The batik fabric features the wahyu_tumurun motif, characterized by a golden-brown background and black and white motifs. The dominant motifs include stylized leaves, flowers, and abstract ornamentation. The leaves have intricate veining and are often paired with small, delicate flowers. The black and white motifs are arranged symmetrically, creating a balanced pattern throughout the fabric. Small dots and short lines are interspersed between larger motifs, adding texture and detail. The overall layout follows a repeating grid-like structure, ensuring uniformity and harmony across the entire piece.

Traditionally, the Wahyu Tumurun motif symbolizes divine grace, spiritual guidance, and noble aspiration.","divine grace, spiritual guidance, noble aspiration, heavenly blessing",hard
/mnt/extended-home/dzakaaufa/dataset/all_images_captioning/kawung28.jpg,kawung,kawung,0.9115034341812134,"The batik fabric features the kawung motif, characterized by a white background and black motifs. The dominant motifs consist of intricate diamond-shaped patterns with smaller circular and oval shapes within them, creating a complex lattice-like design. These motifs repeat consistently throughout the fabric, arranged in a grid pattern with each unit of the motif aligned symmetrically both horizontally and vertically. There are no visible isen-isen elements such as small dots or short lines filling the spaces between the larger motifs.

Traditionally, the Kawung motif symbolizes purity of heart, self-mastery, and the eternal cycle of human life.","The batik fabric features the kawung motif, characterized by a white background and black motifs. The dominant motifs consist of interconnected diamond shapes with smaller circular and oval elements within them, creating a complex network of repeating patterns. The motifs are arranged in a grid-like pattern, with each cell containing identical designs. The small dots and short lines that form part of the isen-isen elements are consistently placed between the larger motifs, adding texture and detail to the overall design. The entire piece exhibits high symmetry, with the motifs aligned perfectly both horizontally and vertically, ensuring a balanced and harmonious appearance throughout the fabric.

The philosophical meaning of the Kawung motif reflects purity of heart, self-mastery, and moral balance in life.","purity of heart, self-mastery, life cycle, moral balance",hard
/mnt/extended-home/dzakaaufa/dataset/all_images_captioning/sidomukti103.jpg,sidomukti,sidomukti,0.9498759508132935,"The batik fabric features the sidomukti motif, characterized by a dark brown background and light beige motifs. The dominant motifs include stylized leaves and geometric shapes such as triangles and diamonds, arranged symmetrically within larger diamond patterns. Small dots and short lines act as isen-isens, filling spaces between the main motifs. These elements repeat consistently throughout the fabric, creating a balanced and intricate design.

Traditionally, the Sidomukti motif symbolizes enduring happiness, fulfilment, and spiritual wholeness.","The batik fabric features the sidomukti motif, characterized by a dark brown background and light beige motifs. The dominant motifs include stylized leaves and geometric shapes, such as triangles and squares, arranged symmetrically within diamond patterns. Small dots and short lines act as isen-isens, filling spaces between larger motifs. These elements repeat consistently throughout the fabric, creating a balanced and intricate design.

In Surakarta court tradition, the Sidomukti motif represents prosperity, inner contentment, and the blessing of a flourishing life.","enduring happiness, fulfilment, prosperity, spiritual wholeness",hard
/mnt/extended-home/dzakaaufa/dataset/all_images_captioning/tuntrum127.jpg,tuntrum,truntum,0.9908836483955383,"The batik fabric features the truntum motif, characterized by a dark brown background and light beige motifs. The dominant motifs consist of star-like shapes arranged symmetrically within smaller squares, creating a grid-like pattern. These stars have five-pointed ends radiating outward from their centers. Small dots and short lines act as isen-isens, filling the spaces between the larger motifs. The motifs repeat consistently throughout the fabric, maintaining uniformity in size and placement, which enhances the overall symmetrical design.

Traditionally, the Truntum motif symbolizes inner strength, resilience, and life's cyclical balance.","The batik fabric features the tuntrum motif, characterized by a dark brown background and light beige motifs. The dominant motifs consist of star-like shapes with six points each, arranged symmetrically within smaller squares. These stars have a central dot at their center, surrounded by radiating lines creating a symmetrical pattern. Small dots and short lines act as isen-isens, filling the spaces between the larger motifs. The motifs repeat uniformly across the fabric, maintaining a consistent grid-like arrangement both horizontally and vertically.

In Surakarta royal tradition, the Truntum motif represents unconditional love, the rekindling of affection, and parental guidance.","sincere love, devotion, renewal of affection, patience",hard
/mnt/extended-home/dzakaaufa/dataset/all_images_captioning/Afiq Jaya_35241420061002_Gapuro Teratai_2025_FLORA_FAUNA.jpg,Lamongan,lamongan,0.9075153470039368,"The batik fabric features the lamongan motif, characterized by black, blue motifs. The dominant motifs include jasmine flower flora and kawung motif culture. The motifs are arranged in a simetris pattern across the fabric, creating a harmonious and balanced composition.

Inspired by Sendang Duwur which depicts the beauty of water flowing gracefully./ Inspired by Sendang Duwur which depicts the beauty of water flowing gracefully./","The batik fabric features the Lamongan motif, characterized by cobalt blue, grey motifs. The dominant motifs include lotus and gapuro. The motifs are arranged in a non-geometric pattern across the fabric, creating a harmonious and balanced composition.

The gapuro (gate) motif combined with lotus flowers symbolizes resilience because it is able to grow beautifully above murky water. Symbolizes the ability to remain strong amidst life's challenges and the transition to a better and more meaningful life.",,hard
/mnt/extended-home/dzakaaufa/dataset/all_images_captioning/srikaton109.jpg,srikaton,srikaton,0.9720492362976074,"The batik fabric features the srikaton motif, characterized by a dark blue background and white motifs. The dominant motifs include stylized flowers, leaves, and abstract ornamentation resembling damask patterns. These elements feature intricate curves and symmetrical designs, often incorporating small dots within larger forms. The motifs repeat consistently throughout the fabric, arranged in a grid-like pattern but with slight variations in size and placement, creating a dynamic yet harmonious overall design.

Traditionally, the Srikaton motif symbolizes divine radiance, natural abundance, and resilient grace.","The batik fabric features the srikaton motif, characterized by a dark blue background and white motifs. The dominant motifs include stylized flowers, leaves, and abstract ornamentation. These elements are intricately designed with flowing curves and detailed patterns. Small dots and short lines are interspersed throughout the design, adding texture and depth. The motifs are arranged symmetrically across the fabric, creating a balanced and harmonious pattern. Each section of the fabric displays repeated motifs, ensuring a cohesive overall look while maintaining individual detail within each element.

Traditionally, the Srikaton motif symbolizes divine radiance, natural abundance, and resilient grace.","divine radiance, natural abundance, resilience, visible grace",hard
/mnt/extended-home/dzakaaufa/dataset/all_images_captioning/parang4.jpg,parang,parang,0.9761833548545837,"The batik fabric features the parang motif, characterized by a dark brown background and light beige motifs. The dominant motifs consist of elongated, curved shapes resembling stylized leaves or waves, arranged in parallel rows. These motifs repeat consistently across the fabric, creating a rhythmic pattern. There are no visible isen-isen elements such as small dots or short lines within these motifs. The overall layout shows a symmetrical arrangement, with each row of motifs mirroring those above and below it, maintaining uniform spacing between them.

Traditionally, the Parang motif symbolizes perseverance, courage, and continuity in life.","The batik fabric features the parang motif, characterized by a dark brown background and light beige motifs. The dominant motifs consist of elongated, curved shapes resembling flowing ribbons or stylized leaves, arranged in parallel rows across the fabric. These motifs repeat consistently throughout the design, creating a sense of rhythm and movement. The spacing between the motifs is uniform, ensuring a balanced and harmonious pattern. The overall layout appears symmetrical, with each row mirroring the one above it, enhancing the visual appeal of the piece. There are no visible isen-isen elements such as small dots or short lines within the motifs themselves; instead, the focus remains on the continuous flow of the parang patterns.

The philosophical meaning of the Parang motif reflects inner strength, persistence, and lifelong growth.","perseverance, courage, continuity, relentless self-improvement",hard
/mnt/extended-home/dzakaaufa/dataset/all_images_captioning/tribusono94.jpg,tribusono,tribusono,0.915031373500824,"The batik fabric features the tribusono motif, characterized by a deep blue background and gold, orange, and white motifs. The dominant motifs include stylized flowers and leaves, some resembling lotuses, with intricate petal patterns. These floral elements are interspersed with swirling vines and abstract ornamentation. Small dots and short lines act as isen-isen elements, adding texture and detail between larger motifs. The motifs are arranged in a repetitive pattern across the fabric, creating a symmetrical design that extends horizontally and vertically.

Traditionally, the Tribusono motif symbolizes regeneration, harmony, and the continuity of cultural values.","The batik fabric features the tribusono motif, characterized by a deep blue background and vibrant orange, yellow, and light blue motifs. The dominant floral elements include large, stylized flowers with pointed petals and intricate leaves, some featuring detailed veins. Curved lines form swirling patterns between the flowers, adding dynamic movement to the design. Small dots and short lines act as isen-isen elements, filling spaces between larger motifs and enhancing the overall texture. The motifs are arranged symmetrically, with a central focus on larger flower clusters surrounded by smaller floral and leafy designs. The layout structure includes repeated patterns that flow horizontally and vertically, creating a cohesive and balanced composition throughout the fabric.

In Surakarta batik tradition, the Tribusono motif represents the balance of physical, social, and spiritual dimensions of life.","regeneration, harmony, cultural continuity, ecological awareness",hard
/mnt/extended-home/dzakaaufa/dataset/all_images_captioning/sidomulyo111.jpg,sidomulyo,sidomulyo,0.9327775239944458,"The batik fabric features the sidomulyo motif, characterized by a brown background and white motifs. The dominant motifs include stylized leaves and abstract geometric forms, arranged symmetrically within diamond-shaped frames. Small black dots and short lines act as isen-isens, filling the spaces between larger motifs. These elements repeat consistently throughout the fabric, creating a balanced and intricate pattern.

Traditionally, the Sidomulyo motif symbolizes glory, enduring honour, and a life of inner mastery.","The batik fabric features the sidomulyo motif, characterized by a brown background and white motifs. The dominant motifs include stylized leaves and floral elements arranged symmetrically within diamond-shaped frames. Small black dots and short lines act as isen-isen elements, adding texture and detail to the design. These motifs repeat consistently throughout the fabric, creating a harmonious pattern that extends seamlessly from one section to another. The overall layout follows a grid-like structure, ensuring uniformity and balance in the composition.

In Javanese Mataram tradition, the Sidomulyo motif represents continuous glory, dignified life, and the mastery of one's inner impulses.","glory, enduring honour, inner mastery, dignified life",hard
/mnt/extended-home/dzakaaufa/dataset/all_images_captioning/Data 9 Batik Lana (Bunga Wijaya Kusuma).jpg,Malang,malang,0.6497528553009033,"The batik fabric features the malang motif, characterized by red motifs. The dominant motifs include cempaka putih. The motifs are arranged in a non-geometric pattern across the fabric, creating a harmonious and balanced composition.

Inspired by kantil flowers which grow abundantly on the campus walls at the Faculty of Social Sciences and Humanities, Universitas Malang. Kantil flower is also called the flower of purity because it can be found growing naturally in various environments. This motif reflects the spirit of simplicity, sincerity and noble character in studying at UM","The batik fabric features the Malang motif, characterized by red motifs. The dominant motifs include wijaya kusuma flower. The motifs are arranged in a non-geometric pattern across the fabric, creating a harmonious and balanced composition.

Inspired by the Singosari temple, which is a temple inherited from the Majapahit kingdom. The kawung motif in this batik is inspired by the kawung worn by Ken Dedes' daughter.",,hard
/mnt/extended-home/dzakaaufa/dataset/all_images_captioning/singa_barong7.jpg,singa_barong,singa_barong,0.9918277263641357,"The batik fabric features the singa_barong motif, characterized by a white background and black motifs. The dominant motifs include stylized lions (singas), mythical creatures resembling dragons or barongs, and intricate floral patterns. These elements are depicted in a repeating pattern across the fabric, arranged symmetrically along horizontal bands. Each band contains multiple motifs, with some featuring additional small dots and short lines within them, adding texture and detail to the design.

nan","The batik fabric features the singa_barong motif, characterized by a white background and brown motifs. The dominant motifs include stylized lions (singa), mythical creatures resembling dragons (barongs), and intricate floral designs. The lions are depicted in various dynamic poses, often interacting with the barongs. The barongs have elongated bodies, wings, and ornate heads, adding a sense of movement and fantasy. Small black dots and short lines are used as isen-isen elements, enhancing the texture and detail of the patterns. The motifs are arranged in a repetitive pattern across the fabric, creating a symmetrical design that extends horizontally and vertically. The layout structure follows a grid-like arrangement, ensuring uniformity and balance throughout the piece.

The philosophical meaning of the Singa Barong motif reflects mythological power, elemental unity, and visionary leadership.","mythological power, elemental unity, visionary leadership, sacred authority",hard
/mnt/extended-home/dzakaaufa/dataset/all_images_captioning/Data 9 Batik Krajan (Bangau Terbang).jpg,Malang,malang,0.8506247997283936,"The batik fabric features the malang motif, characterized by dark brown, blue motifs. The dominant motifs include flying birds and clouds. The motifs are arranged in a non-geometric pattern across the fabric, creating a harmonious and balanced composition.

Inspired by the Malang city bird, the batik motif combines the dynamic spirit of birds with the beauty of flowing clouds. This combination symbolizes freedom, harmony between nature and modern life, and the spirit of never giving up in pursuing dreams.","The batik fabric features the Malang motif, characterized by purple, blue motifs. The dominant motifs include stork and cloud. The motifs are arranged in a non-geometric pattern across the fabric, creating a harmonious and balanced composition.

This batik motif is inspired by the cranes seen in the rice fields of Karangploso Village. With an artistic touch, this design reflects the harmony between traditional life and natural beauty.",,hard
/mnt/extended-home/dzakaaufa/dataset/all_images_captioning/betawi97.jpg,betawi,betawi,0.9903596639633179,"The batik fabric features the betawi motif, characterized by a black background and red, green, white, yellow, blue, and orange motifs. The dominant motifs include stylized figures resembling Betawi people adorned in traditional attire, horse-drawn carriages, fireworks, candles, and other decorative elements such as flowers and balloons. These motifs are interspersed with small dots and short lines acting as isen-isen elements. The motifs repeat consistently throughout the fabric, arranged in a grid-like pattern with some variation in spacing and orientation but maintaining overall symmetry.

Traditionally, the Betawi motif symbolizes multicultural openness, communal harmony, and joyful cultural identity.","The batik fabric features the betawi motif, characterized by a black background and vibrant red, green, and white motifs. The dominant motifs include stylized figures resembling Betawi people adorned in traditional attire, depicted in various poses such as standing, sitting, and interacting. There are also decorative elements like fireworks, candles, and ornate lamps scattered throughout the design. The motifs are interspersed with small dots and short lines, adding texture and detail to the overall pattern. The arrangement of motifs appears random yet balanced, with some larger figures repeated more frequently than others, creating a dynamic and lively composition across the fabric's surface.

The philosophical meaning of the Betawi motif reflects multicultural openness, communal harmony, and joyful identity.","multicultural openness, communal harmony, joyful identity, cultural pride",hard
/mnt/extended-home/dzakaaufa/dataset/all_images_captioning/tujuh_rupa22.jpg,tujuh_rupa,tujuh_rupa,0.9874409437179565,"The batik fabric features the tujuh_rupa motif, characterized by a black background and vibrant motifs in shades of blue, green, pink, orange, and white. The dominant motifs include stylized flowers and leaves, some resembling lotus blossoms, with intricate petal-like structures. These floral elements are interspersed with abstract, organic shapes that resemble coral or seaweed, adding depth and complexity to the design. Small dots and short lines are used as isen-isen elements throughout the pattern, enhancing the texture and detail. The motifs are arranged in a seemingly random yet harmonious manner, creating a balanced and visually engaging composition across the entire fabric.

nan","The batik fabric features the tujuh_rupa motif, characterized by a black background and vibrant motifs in shades of blue, pink, green, and white. The dominant motifs include stylized flowers and leaves, some resembling tulips and others more abstractly shaped. These floral elements are interspersed with small, intricate patterns such as dots and short lines, which add texture and detail to the design. The motifs are arranged in a seemingly random yet harmonious pattern across the fabric, creating a sense of movement and depth. There is no strict symmetry, but rather a balanced distribution of elements throughout the piece.

The philosophical meaning of the Tujuh Rupa motif reflects eloquence, adaptability, and the richness of peaceful cultural exchange.","eloquence, adaptability, cultural openness, peaceful diversity",hard
/mnt/extended-home/dzakaaufa/dataset/all_images_captioning/Tutut Data 5 Bandeng Lele Bunga Lili.jpg,Lamongan,lamongan,0.9867212772369385,"The batik fabric features the lamongan motif, characterized by black, red motifs. The dominant motifs include mango tree. The motifs are arranged in a non-geometric pattern across the fabric, creating a harmonious and balanced composition.

Inspired by the mango tree which is known for its long life and shade-giving nature. This natural wealth reflects warmth, protection and the spirit of giving.","The batik fabric features the Lamongan motif, characterized by rapit, blue, sogan motifs. The dominant motifs include milkfish and catfish and lily. The motifs are arranged in a non-geometric pattern across the fabric, creating a harmonious and balanced composition.

Lamongan fish with lilies in the hope that the people of Lamongan will be as prosperous as lilies",,hard
/mnt/extended-home/dzakaaufa/dataset/all_images_captioning/srikaton30.jpg,srikaton,srikaton,0.9666321873664856,"The batik fabric features the srikaton motif, characterized by a dark brown background and vibrant orange, green, blue, red, and black motifs. The dominant motifs include stylized leaves and floral elements arranged symmetrically around central nodes. These motifs repeat in a grid-like pattern across the fabric, creating a balanced and intricate design. Small dots and short lines act as isen-isen elements, filling spaces between larger motifs and enhancing the overall complexity of the pattern.

Traditionally, the Srikaton motif symbolizes divine radiance, natural abundance, and resilient grace.","The batik fabric features the srikaton motif, characterized by a dark brown background and vibrant orange, red, green, blue, and gold motifs. The dominant motifs include stylized leaves and floral elements, arranged symmetrically across the fabric. These motifs repeat in a grid-like pattern, creating a balanced and harmonious design. Small dots and short lines act as isen-isen elements, adding texture and detail between larger motifs.

Traditionally, the Srikaton motif symbolizes divine radiance, natural abundance, and resilient grace.","divine radiance, natural abundance, resilience, visible grace",hard
/mnt/extended-home/dzakaaufa/dataset/all_images_captioning/betawi99.jpg,betawi,betawi,0.9765194654464722,"The batik fabric features the betawi motif, characterized by a brown background and white motifs. The dominant motifs include stylized figures resembling Betawi women adorned in traditional attire, holding flowers and other decorative items. These figures are interspersed among smaller floral patterns and geometric designs. Small dots and short lines act as isen-isen elements, adding texture and detail throughout the design. The motifs repeat consistently across the fabric, arranged in a grid-like pattern with some variation in spacing and orientation, creating a balanced yet dynamic composition.

Traditionally, the Betawi motif symbolizes multicultural openness, communal harmony, and joyful cultural identity.","The batik fabric features the betawi motif, characterized by a dark brown background and white motifs. The dominant motifs include stylized figures resembling traditional Betawi women adorned with elaborate headdresses and carrying baskets filled with flowers. These figures are interspersed among smaller floral elements such as leaves and blossoms. The small dots and short lines act as isen-isen elements, adding texture and detail to the overall design. The motifs are arranged in a repetitive pattern across the fabric, creating a symmetrical and balanced layout. Each figure appears to be facing different directions, contributing to the dynamic feel of the composition.

The philosophical meaning of the Betawi motif reflects multicultural openness, communal harmony, and joyful identity.","multicultural openness, communal harmony, joyful identity, cultural pride",hard
/mnt/extended-home/dzakaaufa/dataset/all_images_captioning/bokor_kencono6.jpg,bokor_kencono,bokor_kencono,0.9829531908035278,"The batik fabric features the bokor_kencono motif, characterized by a dark blue background and gold motifs. The dominant motifs consist of teardrop-shaped elements adorned with intricate floral patterns at their centers. These teardrops are arranged symmetrically across the fabric, creating a balanced and repetitive pattern. Small dots and short lines act as isen-isen elements, filling the spaces between the larger motifs and adding texture to the design.

nan","The batik fabric features the bokor_kencono motif, characterized by a dark blue background and gold motifs. The dominant motifs are teardrop-shaped, featuring intricate floral elements at their centers, surrounded by smaller decorative patterns. These motifs are arranged symmetrically across the fabric, with each pair facing each other, creating a balanced and harmonious design. The small dots and short lines within the motifs add texture and detail, enhancing the overall complexity of the pattern.

In Javanese culture, the Bokor Kencono motif represents noble character, inner wisdom, and commanding dignity.","dignity, wisdom, authority, noble character",hard
/mnt/extended-home/dzakaaufa/dataset/all_images_captioning/bokor_kencono79.jpg,bokor_kencono,bokor_kencono,0.9045845866203308,"The batik fabric features the bokor_kencono motif, characterized by a dark blue background and white motifs. The dominant motifs include stylized lotus flowers and ornate geometric shapes, such as diamond patterns and intricate curves. These motifs are interspersed with small dots and short lines, which act as isen-isen elements, adding texture and detail to the design. The motifs repeat consistently throughout the fabric, arranged in a symmetrical pattern with each element facing outward from the center, creating a balanced and harmonious layout.

nan","The batik fabric features the bokor_kencono motif, characterized by a dark blue background and light beige motifs. The dominant motifs consist of stylized floral elements resembling lotus flowers, arranged symmetrically within diamond-shaped frames. These frames are interconnected through intricate linear patterns that form a repeating grid-like structure. Small dots and short lines act as isen-isen elements, filling the spaces between larger motifs and enhancing the overall complexity of the design. The motifs repeat consistently throughout the fabric, maintaining a balanced and harmonious layout.

Traditionally, the Bokor Kencono motif symbolizes dignity, wisdom, and enduring authority.","dignity, wisdom, authority, noble character",hard
/mnt/extended-home/dzakaaufa/dataset/all_images_captioning/betawi126.jpg,betawi,betawi,0.9787119626998901,"The batik fabric features the betawi motif, characterized by a red background and yellow and white motifs. The dominant motifs include stylized elephants, palm trees, and figures riding horses or walking alongside them. These motifs are repeated throughout the fabric, arranged in a grid-like pattern with some variation in spacing and orientation. The elephants are depicted in profile view, facing left or right, while the palm trees have distinct trunks and leafy crowns. The figures appear to be engaged in various activities within a natural setting, adding dynamic movement to the overall design. There are no visible isen-isen elements such as small dots or short lines in the provided section of the batik.

Traditionally, the Betawi motif symbolizes multicultural openness, communal harmony, and joyful cultural identity.","The batik fabric features the betawi motif, characterized by a red background and yellow and white motifs. The dominant motifs include stylized elephants, riders on horses, palm trees, and other tropical plants. These elements are depicted in a repeating pattern across the fabric, arranged symmetrically with some motifs oriented horizontally while others are vertical. The elephants and riders are particularly prominent, standing out against the vibrant red backdrop. Small dots and short lines are interspersed between the larger motifs, adding texture and detail to the overall design.

The philosophical meaning of the Betawi motif reflects multicultural openness, communal harmony, and joyful identity.","multicultural openness, communal harmony, joyful identity, cultural pride",hard
/mnt/extended-home/dzakaaufa/dataset/all_images_captioning/dayak142.jpg,dayak,dayak,0.9561360478401184,"The batik fabric features the Dayak motif, characterized by a beige background and red, blue, black, and gold motifs. The dominant motifs include stylized leaves and abstract geometric forms, arranged symmetrically along vertical panels. Small dots and short lines act as isen-isen elements, filling spaces between larger motifs. Each panel alternates between red and blue backgrounds, creating a balanced and repetitive pattern throughout the fabric.

Traditionally, the Dayak motif symbolizes courage, harmony with nature, and protective ancestral strength.","The batik fabric features the Dayak motif, characterized by a beige background and vibrant red, blue, and black motifs. The dominant motifs consist of symmetrical, elongated shapes resembling stylized leaves or feathers, each adorned with intricate swirls at their tips. These motifs repeat consistently across the fabric, arranged in parallel rows. Small dots and short lines act as isen-isen elements, filling the spaces between larger motifs and adding texture to the design. The overall layout exhibits a high degree of symmetry, with motifs aligned vertically and horizontally, creating a balanced and harmonious pattern.

In Dayak culture, the Dayak motif represents bravery, reverence for nature, and the leadership that shelters the community.","courage, harmony with nature, protection, ancestral strength",hard
/mnt/extended-home/dzakaaufa/dataset/all_images_captioning/buketan137.jpg,buketan,buketan,0.9106518626213074,"The batik fabric features the buketan motif, characterized by a black background and purple and gold motifs. The dominant floral elements include large blossoms and smaller flowers arranged in clusters, with some featuring intricate petal patterns. Birds, depicted in gold, are interspersed among the flowers, adding dynamic movement to the design. Small dots and short lines, in gold, act as isen-isen elements, enhancing the overall texture and detail. The motifs repeat symmetrically along both sides of the fabric, creating a balanced and harmonious composition.

Traditionally, the Buketan motif symbolizes joy, beauty, purity, and feminine grace.","The batik fabric features the buketan motif, characterized by a black background and purple motifs. The dominant motifs include stylized flowers and leaves, arranged vertically along the center of the fabric. These floral elements are interspersed with small butterflies and birds, adding dynamic movement to the design. The motifs are rendered in a detailed, intricate style typical of the buketan pattern, with each petal and leaf carefully outlined. Small white dots, known as isen-isen, are scattered throughout the background, enhancing the texture and depth of the overall composition. The arrangement follows a symmetrical pattern, with motifs evenly spaced and repeated on either side of the central vertical axis, creating a balanced and harmonious visual effect.

In Pekalongan culture, the Buketan motif represents feminine elegance, inner purity, and blossoming happiness.","joy, beauty, purity, feminine grace, cheerfulness",hard
/mnt/extended-home/dzakaaufa/dataset/all_images_captioning/jlamprang145.jpg,jlamprang,jlamprang,0.9770658016204834,"The batik fabric features the jlamprang motif, characterized by a black background and gold motifs. The dominant motifs consist of circular designs containing intricate patterns resembling stylized flowers or geometric forms. These circles are interspersed with smaller, simpler shapes such as crosses and dots within each circle. The small dots appear consistently around the edges of these larger circles, adding texture and detail to the overall design. The motifs repeat uniformly across the fabric, arranged in a grid-like pattern with equal spacing between them. Each circle faces the same direction, creating a sense of symmetry and balance throughout the entire piece.

Traditionally, the Jlamprang motif symbolizes cosmic balance, spiritual order, and sacred connection with the divine.","The batik fabric features the jlamprang motif, characterized by a black background and gold motifs. The dominant motifs consist of circular designs containing intricate geometric patterns resembling cross-hatched X's and plus signs within each circle. These circles are interspersed with smaller, less defined shapes that appear to be small dots or short lines, often referred to as isen-isen elements. The motifs repeat consistently throughout the fabric, arranged in a grid-like pattern with equal spacing between them. Each circle is oriented uniformly, creating a symmetrical and orderly layout across the entire surface of the batik.

The philosophical meaning of the Jlamprang motif reflects cosmic balance, spiritual order, and sacred connection with the divine.","cosmic balance, spiritual order, sacred connection, divine harmony",hard
/mnt/extended-home/dzakaaufa/dataset/all_images_captioning/kawung65.jpg,kawung,kawung,0.8008239269256592,"The batik fabric features the kawung motif, characterized by a white background and black motifs. The dominant motifs consist of interconnected diamond shapes forming larger diamond patterns within smaller ones, creating a repeating grid-like structure. Small dots and short lines act as isen-isen elements, filling the spaces between the main motifs. These elements add texture and detail to the overall design. The motifs are arranged symmetrically, with each section mirroring the next, ensuring a balanced and harmonious pattern throughout the entire piece.

Traditionally, the Kawung motif symbolizes purity of heart, self-mastery, and the eternal cycle of human life.","The batik fabric features the kawung motif, characterized by a white background and black motifs. The dominant motifs consist of elongated ovals and squares arranged symmetrically within a grid-like pattern. Each oval contains smaller square shapes inside it, creating a nested effect. Small dots are interspersed between the larger motifs, adding texture and detail. The motifs repeat consistently across the fabric, maintaining uniformity in their placement and orientation. The overall layout follows a structured, repetitive design typical of the Kawung motif, emphasizing balance and harmony through its symmetrical arrangement.

The philosophical meaning of the Kawung motif reflects purity of heart, self-mastery, and moral balance in life.","purity of heart, self-mastery, life cycle, moral balance",hard
/mnt/extended-home/dzakaaufa/dataset/all_images_captioning/betawi33.jpg,betawi,betawi,0.9738270044326782,"The batik fabric features the betawi motif, characterized by a black background and red, white, green, and yellow motifs. The dominant motifs include stylized flowers, leaves, and geometric shapes such as triangles and circles. There are also figures resembling people holding objects like fans or umbrellas. Small dots and short lines act as isen-isen elements, adding texture and detail throughout the design. The motifs are arranged symmetrically along both sides of the fabric, creating a balanced pattern. Each section repeats the same motif sequence, ensuring uniformity while maintaining visual interest through varied placement and orientation.

Traditionally, the Betawi motif symbolizes multicultural openness, communal harmony, and joyful cultural identity.","The batik fabric features the betawi motif, characterized by a black background and red, green, white, and yellow motifs. The dominant motifs include stylized flowers, leaves, and geometric shapes such as triangles and circles. There are also small decorative elements like dots and lines interspersed throughout the design. The motifs are arranged symmetrically along both sides of the fabric, creating a balanced pattern. The repetition of these elements ensures a cohesive look, while the varying sizes and orientations add depth and interest to the overall design.

In Betawi culture, the Betawi motif represents cross-cultural harmony, communal cheerfulness, and pride in a diverse urban identity.","multicultural openness, communal harmony, joyful identity, cultural pride",hard
/mnt/extended-home/dzakaaufa/dataset/all_images_captioning/jlamprang142.jpg,jlamprang,jlamprang,0.929850697517395,"The batik fabric features the jlamprang motif, characterized by a deep maroon background and gold and green motifs. The dominant motifs include stylized leaves and abstract geometric forms, arranged symmetrically around central diamond-shaped patterns. Small dots and short lines act as isen-isen elements, filling spaces between larger motifs. The motifs repeat consistently throughout the fabric, creating a balanced and harmonious design.

Traditionally, the Jlamprang motif symbolizes cosmic balance, spiritual order, and sacred connection with the divine.","The batik fabric features the jlamprang motif, characterized by a maroon background and green motifs. The dominant motifs include stylized leaves and possibly small flowers, arranged symmetrically around central geometric shapes. These geometric forms appear to be hexagons or star-like patterns, each surrounded by radiating leaf-like structures. The green motifs are interspersed with smaller, repeating elements resembling small dots or short lines, which act as isen-isens, adding texture and detail to the overall design. The motifs repeat consistently across the fabric, creating a harmonious and balanced pattern.

In Pekalongan's spiritual tradition, the Jlamprang motif represents divine harmony, sacred order, and the link between humanity and the cosmos.","cosmic balance, spiritual order, sacred connection, divine harmony",hard
/mnt/extended-home/dzakaaufa/dataset/all_images_captioning/singa_barong9.jpg,singa_barong,singa_barong,0.993159294128418,"The batik fabric features the singa_barong motif, characterized by a white background and black motifs. The dominant motifs include stylized trees with intricate branches and leaves, along with abstract geometric patterns resembling flowers or leaves. These motifs are interspersed with small dots and short lines, which act as isen-isen elements, adding texture and detail to the design. The motifs repeat consistently throughout the fabric, arranged in a symmetrical pattern that creates a balanced and harmonious overall layout.

nan","The batik fabric features the singa_barong motif, characterized by a white background and black motifs. The dominant motifs include stylized trees with elongated leaves and branches, as well as intricate patterns resembling scales or feathers. These elements are interspersed with small, evenly spaced dots and short lines, which serve as isen-isen elements. The motifs are arranged symmetrically along the fabric, creating a balanced and harmonious design. The repetition of these elements ensures a cohesive pattern throughout the entire piece.

The philosophical meaning of the Singa Barong motif reflects mythological power, elemental unity, and visionary leadership.","mythological power, elemental unity, visionary leadership, sacred authority",hard
/mnt/extended-home/dzakaaufa/dataset/all_images_captioning/wirasat120.jpg,wirasat,wirasat,0.9621250033378601,"The batik fabric features the wirasat motif, characterized by a dark blue background and white motifs. The dominant motifs consist of diamond-shaped patterns filled with small black dots arranged in a grid-like pattern within each diamond. These diamonds are interspersed with smaller square shapes containing intricate floral designs at their centers. The entire design repeats consistently across the fabric, creating a symmetrical and balanced layout. The motifs are evenly spaced and oriented uniformly, forming a structured grid that covers the entire surface of the batik.

Traditionally, the Wirasat motif symbolizes the fulfilment of wholesome wishes, elevated standing, and life's sufficiency.","The batik fabric features the wirasat motif, characterized by a dark brown background and white motifs. The dominant motifs include stylized floral elements and geometric forms, such as squares and diamonds, arranged in a grid-like pattern. Small black dots are interspersed within some of the larger motifs, adding texture and detail. The motifs repeat consistently throughout the fabric, creating a symmetrical and balanced design. The overall layout follows a structured isen-isen arrangement, where smaller motifs are placed between larger ones, enhancing the intricate and detailed appearance of the batik.

The philosophical meaning of the Wirasat motif reflects the fulfilment of wishes, elevated standing, and life's sufficiency.","fulfilment of wishes, elevated standing, sufficiency, parental blessing",hard
/mnt/extended-home/dzakaaufa/dataset/all_images_captioning/bokor_kencono1.jpg,bokor_kencono,bokor_kencono,0.9680109620094299,"The batik fabric features the bokor_kencono motif, characterized by a dark blue background and gold motifs. The dominant motifs include stylized flowers and leaves arranged symmetrically around central circular designs. These floral elements have intricate petal-like structures and leafy appendages extending outward. Small dots and short lines act as isen-isen elements, filling spaces between larger motifs. The motifs repeat consistently throughout the fabric, creating a balanced and harmonious pattern.

nan","The batik fabric features the bokor_kencono motif, characterized by a dark blue background and golden-yellow motifs. The dominant motifs include stylized flowers and leaves, arranged symmetrically around central circular patterns. These floral elements have intricate petal-like structures and leafy appendages extending outward. Small dots and short lines act as isen-isen elements, filling spaces between larger motifs. The motifs repeat consistently throughout the fabric, creating a harmonious and balanced design.

In Javanese culture, the Bokor Kencono motif represents noble character, inner wisdom, and commanding dignity.","dignity, wisdom, authority, noble character",hard
/mnt/extended-home/dzakaaufa/dataset/all_images_captioning/Afiq Jaya_35241420061001_Bandeng Lele Gapuro Lamongan_2025_FAUNA_CULTURE.jpg,Lamongan,lamongan,0.9630472660064697,"The batik fabric features the lamongan motif, characterized by black, brown motifs. The dominant motifs include jasmine flower flora. The motifs are arranged in a non-geometric pattern across the fabric, creating a harmonious and balanced composition.

Inspired by jasmine flowers which grow abundantly around Lamongan City. This motif reflects purity, elegance and natural beauty","The batik fabric features the Lamongan motif, characterized by black, brown motifs. The dominant motifs include milkfish and catfish and gapuro lamongan. The motifs are arranged in a non-geometric pattern across the fabric, creating a harmonious and balanced composition.

Combining the icon of milkfish and catfish, which are symbols of Lamongan's natural wealth, with the gapuro (gate) element which symbolizes the entrance to a life full of hope and glory.",,hard
/mnt/extended-home/dzakaaufa/dataset/all_images_captioning/mega_mendung24.jpg,mega_mendung,mega_mendung,0.9861094355583191,"The batik fabric features the mega_mendung motif, characterized by a vibrant red background and dynamic blue and white motifs. The dominant motifs consist of swirling cloud-like shapes, each outlined in white against a deep blue interior, creating a sense of movement and fluidity. These motifs are arranged densely across the fabric, repeating consistently throughout the design. The spacing between the motifs varies slightly but maintains a balanced rhythm, ensuring a visually engaging pattern. There are no visible isen-isen elements such as small dots or short lines within these larger motifs; instead, the focus remains on the intricate interplay of the swirling patterns themselves.

nan","The batik fabric features the mega_mendung motif, characterized by a vibrant red background and intricate blue and white motifs. The dominant motifs consist of swirling, cloud-like shapes that resemble stylized waves or abstract leaves, each outlined in white against the deep blue interior. These motifs are arranged in a repetitive pattern across the fabric, creating a dynamic and flowing effect. The spacing between the motifs varies slightly but maintains a sense of rhythm throughout the design. There are no visible isen-isen elements such as small dots or short lines within these larger motifs. The overall layout appears symmetrical, with the motifs oriented in different directions to enhance the visual complexity and movement of the piece.

The philosophical meaning of the Mega Mendung motif reflects patience, emotional calm, and spiritual serenity.","patience, emotional calm, spiritual serenity, divine protection",hard
/mnt/extended-home/dzakaaufa/dataset/all_images_captioning/sekarjagad92.jpg,sekarjagad,sekarjagad,0.9994924068450928,"The batik fabric features the sekarjagad motif, characterized by a white background and red, yellow, blue, green, and black motifs. The dominant motifs include stylized flowers and leaves arranged in a repeating pattern. These floral elements have intricate petal-like structures and are connected by small, interconnected lines forming a network throughout the fabric. The motifs are evenly spaced and repeated in a grid-like fashion, creating a symmetrical and balanced design. There are no visible isen-isen elements such as small dots or short lines within the motifs themselves; these appear to be part of the overall decorative framework rather than individual filler patterns.

Traditionally, the Sekarjagad motif symbolizes the beauty of diversity, universal harmony, and joyful coexistence.","The batik fabric features the sekarjagad motif, characterized by a white background and red, yellow, and blue motifs. The dominant motifs include stylized flowers with intricate petal patterns, each surrounded by small, detailed leaves. These floral elements are interspersed with geometric shapes such as triangles and squares, creating a balanced and harmonious design. The motifs repeat consistently throughout the fabric, arranged in a grid-like pattern with some variation in spacing and orientation. The overall layout appears symmetrical, enhancing the aesthetic appeal of the piece.

Traditionally, the Sekarjagad motif symbolizes the beauty of diversity, universal harmony, and joyful coexistence.","beauty of diversity, universal harmony, radiance, coexistence",hard
/mnt/extended-home/dzakaaufa/dataset/all_images_captioning/mega_mendung89.jpg,mega_mendung,mega_mendung,0.9090481400489807,"The batik fabric features the mega_mendung motif, characterized by a white background and blue motifs. The dominant motifs consist of swirling cloud-like shapes, each outlined in white against the blue filling. These motifs repeat consistently across the fabric, arranged in horizontal rows with slight variations in size and placement. There are no visible isen-isen elements such as small dots or short lines within these motifs. The overall layout appears symmetrical, with the motifs evenly distributed along the length of the fabric.

nan","The batik fabric features the mega_mendung motif, characterized by a white background and blue motifs. The dominant motifs consist of swirling, cloud-like shapes with pointed ends, resembling stylized clouds or waves. These motifs are arranged in a repetitive pattern across the fabric, creating a sense of rhythm and movement. The motifs are evenly spaced and oriented consistently, forming a symmetrical layout. There are no visible isen-isen elements such as small dots or short lines within the motifs themselves; they are purely decorative and do not contain additional patterns or textures.

The philosophical meaning of the Mega Mendung motif reflects patience, emotional calm, and spiritual serenity.","patience, emotional calm, spiritual serenity, divine protection",hard
/mnt/extended-home/dzakaaufa/dataset/all_images_captioning/Chotifa_35241420060101_Daun Asem Bandeng Lele_2025_FLORA_FAUNA.jpg,Lamongan,lamongan,0.8199319839477539,"The batik fabric features the lamongan motif, characterized by chocolate, moss green motifs. The dominant motifs include jasmine plant flora. The motifs are arranged in a non-geometric pattern across the fabric, creating a harmonious and balanced composition.

Inspired by jasmine flowers which grow abundantly around Lamongan City. Jasmine is not only beautiful but also has a sweet fragrance. This motif reflects purity, elegance and calmness.","The batik fabric features the Lamongan motif, characterized by red, black, orange motifs. The dominant motifs include tamarind leaves and milkfish and catfish. The motifs are arranged in a geometric pattern across the fabric, creating a harmonious and balanced composition.

While walking I saw tamarind leaves",,hard
/mnt/extended-home/dzakaaufa/dataset/all_images_captioning/buketan48.jpg,buketan,buketan,0.8585607409477234,"The batik fabric features the buketan motif, characterized by a black background and pink, purple, green, white, and gray motifs. The dominant floral elements include roses and leaves, arranged in clusters and linear patterns. Small dots and short lines act as isen-isen elements, adding texture and detail between larger motifs. The motifs repeat consistently throughout the fabric, creating a symmetrical pattern on both sides. The layout includes vertical stripes on one side and a central bouquet design on the other, maintaining balance and harmony within the overall composition.

Traditionally, the Buketan motif symbolizes joy, beauty, purity, and feminine grace.","The batik fabric features the buketan motif, characterized by a black background and pink, purple, white, and green motifs. The dominant motifs include stylized flowers and leaves arranged in a bouquet-like pattern. The flowers have rounded petals with varying shades of pink and purple, while the leaves are depicted in light green and white. Small dots and short lines are interspersed between the larger motifs, adding texture and detail. The arrangement follows a symmetrical design, with the bouquets positioned on either side of the fabric, creating a balanced composition. The motifs repeat along vertical lines, forming a continuous pattern down the length of the fabric.

Traditionally, the Buketan motif symbolizes joy, beauty, purity, and feminine grace.","joy, beauty, purity, feminine grace, cheerfulness",hard
/mnt/extended-home/dzakaaufa/dataset/all_images_captioning/tujuh_rupa104.jpg,tujuh_rupa,tujuh_rupa,0.9844287633895874,"The batik fabric features the tujuh_rupa motif, characterized by a black background and vibrant motifs in shades of blue, orange, purple, gold, and turquoise. The dominant motifs include stylized flowers and leaves, each intricately detailed with small dots and short lines forming their petals and stems. These floral elements are arranged symmetrically across the fabric, creating a balanced pattern where they repeat in a grid-like fashion. The motifs vary slightly in size but maintain uniformity in their design, ensuring a cohesive overall appearance.

nan","The batik fabric features the tujuh_rupa motif, characterized by a black background and vibrant motifs in shades of blue, red, purple, gold, and turquoise. The dominant motifs include stylized flowers and leaves, each intricately detailed with small dots and short lines within their petals and edges. These floral elements are arranged symmetrically across the fabric, creating a balanced pattern where they repeat in a grid-like fashion. The motifs are oriented in various directions but maintain a harmonious alignment throughout the design, ensuring a cohesive overall appearance.

Traditionally, the Tujuh Rupa motif symbolizes eloquence, adaptability, and peaceful cultural diversity.","eloquence, adaptability, cultural openness, peaceful diversity",hard
/mnt/extended-home/dzakaaufa/dataset/all_images_captioning/singa_barong49.jpg,singa_barong,singa_barong,0.9581111669540405,"The batik fabric features the singa_barong motif, characterized by a white background and gold and black motifs. The dominant motifs include two large golden dragons with intricate scales and detailed heads, facing each other symmetrically. Between them, there is a central emblem featuring wheels and ornate designs, possibly representing a chariot or a similar symbol. Above the dragons, smaller birds and palm tree leaves add decorative elements. The overall layout includes repeated patterns of small dots and short lines, known as isen-isen, which enhance the texture and detail throughout the design.

nan","The batik fabric features the singa_barong motif, characterized by a white background and gold motifs. The dominant motifs include a large golden lion (singa) and a mythical creature resembling a barong, both intricately detailed with ornate patterns. The singa is depicted in profile, facing left, while the barong appears to be in mid-flight, surrounded by smaller birds. Geometric shapes such as wheels and star-like figures are interspersed throughout the design, adding complexity to the overall pattern. Small dots and short lines are used as isen-isen elements, enhancing the texture and detail of the motifs. The arrangement follows a symmetrical layout, with the singa positioned centrally on one side and the barong on the other, creating a balanced composition.

In Cirebonese court culture, the Singa Barong motif represents sacred authority, the harmony of natural forces, and complete sovereignty.","mythological power, elemental unity, visionary leadership, sacred authority",hard
/mnt/extended-home/dzakaaufa/dataset/all_images_captioning/dayak3.jpg,dayak,dayak,0.9162105917930603,"The batik fabric features the Dayak motif, characterized by a white background and black, red, and beige motifs. The dominant motifs include stylized animal figures resembling deer or antelopes, depicted in black with red accents on their bodies and beige details on their legs and heads. These motifs are arranged symmetrically along both sides of the fabric, creating a balanced pattern. Small dots and short lines act as isen-isen elements, filling spaces between larger motifs and adding texture to the design.

Traditionally, the Dayak motif symbolizes courage, harmony with nature, and protective ancestral strength.","The batik fabric features the Dayak motif, characterized by a white background and black, red, and gray motifs. The dominant motifs include stylized animal figures, possibly birds or insects, depicted with intricate patterns on their bodies. These figures have elongated, flowing forms with detailed wings or tails. The motifs are interspersed with small, circular isen-isen elements, adding texture and contrast to the design. The arrangement of these motifs appears random yet balanced, with some figures overlapping others, creating a dynamic and layered effect. The overall layout suggests a symmetrical balance, though individual sections may vary slightly in pattern density.

In Dayak culture, the Dayak motif represents bravery, reverence for nature, and the leadership that shelters the community.","courage, harmony with nature, protection, ancestral strength",hard
/mnt/extended-home/dzakaaufa/dataset/all_images_captioning/tujuh_rupa8.jpg,tujuh_rupa,tujuh_rupa,0.9860715270042419,"The batik fabric features the tujuh_rupa motif, characterized by a black background and vibrant motifs in shades of blue, orange, purple, gold, and white. The dominant motifs include stylized flowers and leaves, each intricately detailed with small dots and short lines forming their petals and edges. These floral elements are arranged symmetrically across the fabric, creating a balanced pattern where they repeat in a grid-like fashion. Each motif is oriented uniformly, contributing to the overall harmony of the design.

nan","The batik fabric features the tujuh_rupa motif, characterized by a black background and vibrant motifs in gold, turquoise, purple, red, and orange hues. The dominant motifs include stylized flowers and leaves, each intricately detailed with small dots and short lines forming intricate patterns within them. These motifs are arranged symmetrically across the fabric, creating a balanced and harmonious design. The repetition of these floral elements ensures a continuous flow throughout the entire piece, while the spacing between them allows for clear visibility of individual designs. The overall layout follows a grid-like structure, enhancing the structured yet dynamic appearance of the batik.

In Pekalongan's coastal tradition, the Tujuh Rupa motif represents openness to the world, graceful adaptability, and harmony across cultures.","eloquence, adaptability, cultural openness, peaceful diversity",hard
/mnt/extended-home/dzakaaufa/dataset/all_images_captioning/betawi73.jpg,betawi,betawi,0.9719573259353638,"The batik fabric features the betawi motif, characterized by a red background and white motifs. The dominant motifs include stylized human figures adorned with intricate patterns on their bodies and heads. These figures have elongated necks and are depicted in a symmetrical manner, facing each other. Small dots and short lines are used as isen-isen elements around the figures, adding texture and detail to the design. The motifs repeat consistently along the length of the fabric, creating a balanced and harmonious pattern.

Traditionally, the Betawi motif symbolizes multicultural openness, communal harmony, and joyful cultural identity.","The batik fabric features the betawi motif, characterized by a red background and pink and white motifs. The dominant motifs include stylized human figures adorned with intricate patterns on their clothing and headdresses. These figures are depicted in a symmetrical arrangement, facing each other, with their bodies oriented horizontally against the vertical stripes of the fabric. Small dots and short lines are used as isen-isen elements, adding texture and detail to the figures' garments. The overall layout follows a traditional batik design, with repeated patterns and balanced symmetry.

In Betawi culture, the Betawi motif represents cross-cultural harmony, communal cheerfulness, and pride in a diverse urban identity.","multicultural openness, communal harmony, joyful identity, cultural pride",hard
/mnt/extended-home/dzakaaufa/dataset/all_images_captioning/buketan97.jpg,buketan,buketan,0.9685173630714417,"The batik fabric features the buketan motif, characterized by a white background and blue motifs. The dominant motifs include stylized flowers and leaves arranged vertically along both sides of the fabric. These floral elements feature intricate petal patterns and leafy stems. Small butterflies and birds are interspersed among the flowers, adding dynamic movement to the design. The right side of the fabric displays additional small dots scattered throughout, serving as isen-isen elements. The overall layout shows a symmetrical arrangement on either side, creating a balanced composition.

Traditionally, the Buketan motif symbolizes joy, beauty, purity, and feminine grace.","The batik fabric features the buketan motif, characterized by a white background and blue motifs. The dominant motifs include stylized flowers and leaves arranged vertically along the length of the fabric. Small butterflies are interspersed among the floral elements, adding a dynamic touch to the design. The fabric displays a repeating pattern where each section showcases a similar arrangement of motifs but varies slightly in detail. The small dots scattered throughout the fabric serve as isen-isen elements, providing texture and contrast against the larger floral patterns. The overall layout is symmetrical, with motifs evenly spaced and aligned horizontally within each section, creating a harmonious and balanced composition.

The philosophical meaning of the Buketan motif reflects joy, natural beauty, purity, and graceful femininity.","joy, beauty, purity, feminine grace, cheerfulness",hard
/mnt/extended-home/dzakaaufa/dataset/all_images_captioning/kawung22.jpg,kawung,kawung,0.9780288338661194,"The batik fabric features the kawung motif, characterized by a white background and green and black motifs. The dominant motifs consist of interconnected diamond shapes with smaller circular patterns within them, creating a complex lattice-like design. Small dots and short lines act as isen-isen elements, filling the spaces between the larger motifs. These motifs repeat consistently throughout the fabric, arranged in a grid-like pattern with each unit of the motif aligned symmetrically both horizontally and vertically.

Traditionally, the Kawung motif symbolizes purity of heart, self-mastery, and the eternal cycle of human life.","The batik fabric features the kawung motif, characterized by a light gray background and green, white, and black motifs. The dominant motifs consist of interconnected diamond shapes with smaller circular patterns within them, creating a complex lattice-like design. Small dots and short lines are interspersed between the larger motifs, adding texture and detail. These motifs repeat consistently throughout the fabric, arranged in a grid-like pattern with each unit of the motif aligned symmetrically both horizontally and vertically. The overall layout maintains a balanced and orderly structure, emphasizing the repetitive nature inherent to the Kawung motif.

In Javanese royal culture, the Kawung motif represents moral integrity, inner balance, and the wisdom of knowing one's origins.","purity of heart, self-mastery, life cycle, moral balance",hard
/mnt/extended-home/dzakaaufa/dataset/all_images_captioning/betawi6.jpg,betawi,betawi,0.867404580116272,"The batik fabric features the betawi motif, characterized by a deep red background and gold motifs. The dominant motifs include stylized palm trees, butterflies, and birds, depicted in intricate detail against the vibrant backdrop. Small white dots and short lines act as isen-isen elements, adding texture and depth to the design. These motifs are arranged symmetrically along both sides of the fabric, creating a balanced composition. The butterflies and birds are scattered throughout, while the palm trees stand out prominently, their trunks curving gracefully向上。The overall layout follows a repeating pattern, ensuring uniformity across the entire piece.

Traditionally, the Betawi motif symbolizes multicultural openness, communal harmony, and joyful cultural identity.","The batik fabric features the betawi motif, characterized by a deep red background and gold motifs. The dominant motifs include stylized butterflies, palm trees, and flowering plants. The butterflies are depicted with intricate wings, some with open patterns while others have closed, more symmetrical designs. Palm trees are represented with slender trunks and fronds, adding vertical elements to the composition. Flowering plants feature delicate leaves and blossoms, contributing to the overall lushness of the design. Small dots and short lines are interspersed throughout the fabric, serving as isen-isen elements that enhance the texture and detail of the pattern. The motifs are arranged in a scattered yet balanced manner across the fabric, creating a harmonious and visually engaging layout.

The philosophical meaning of the Betawi motif reflects multicultural openness, communal harmony, and joyful identity.","multicultural openness, communal harmony, joyful identity, cultural pride",hard
/mnt/extended-home/dzakaaufa/dataset/all_images_captioning/singa_barong82.JPG,singa_barong,singa_barong,0.995011568069458,"The batik fabric features the singa_barong motif, characterized by a white background and gold and black motifs. The dominant motifs include stylized lions (singas), mythical creatures resembling dragons or barongs, and intricate floral patterns. These elements are depicted in a repeating pattern across the fabric, arranged symmetrically along horizontal bands. Each band contains a series of these motifs, which vary slightly but maintain consistency in their placement and orientation. Small dots and short lines act as isen-isen elements, filling gaps between larger motifs and adding texture to the overall design.

nan","The batik fabric features the singa_barong motif, characterized by a white background and gold and dark blue motifs. The dominant motifs include stylized lions (singas), mythical creatures resembling dragons or barongs, and intricate floral patterns. The lions and barongs are depicted in dynamic poses, often intertwined with each other and the flowers. Small dots and short lines are used as isen-isen elements, adding texture and detail to the design. The motifs are arranged in a repetitive pattern across the fabric, creating a symmetrical and balanced layout. The overall structure suggests a traditional batik style where the motifs are evenly distributed and interconnected, forming a cohesive and visually striking composition.

Traditionally, the Singa Barong motif symbolizes mythological power, elemental unity, and visionary leadership.","mythological power, elemental unity, visionary leadership, sacred authority",hard
/mnt/extended-home/dzakaaufa/dataset/all_images_captioning/wahyu_tumurun120.jpg,wahyu_tumurun,wahyu_tumurun,0.9867253303527832,"The batik fabric features the wahyu_tumurun motif, characterized by a cream-colored background and dark brown motifs. The dominant motifs include stylized leaves, flowers, and abstract ornaments, which are intricately intertwined into swirling patterns. Small dots and short lines act as isen-isen elements, adding texture and detail between larger motifs. These elements repeat consistently throughout the fabric, creating a harmonious balance within each section. The motifs are arranged symmetrically along vertical axes, with some sections featuring more complex designs while others have simpler patterns, yet they all contribute to the overall cohesive design of the wahyu_tumurun motif.

nan","The batik fabric features the wahyu_tumurun motif, characterized by a cream-colored background and dark brown motifs. The dominant motifs include stylized leaves, flowers, and abstract ornamentations. Leaves are depicted with intricate veins and edges, while flowers have detailed petals and centers. These motifs are interspersed with small, dark brown dots and short lines, which act as isen-isen elements, adding texture and depth to the design. The motifs are arranged symmetrically across the fabric, repeating in a grid-like pattern with varying orientations to create a dynamic yet balanced composition.

The philosophical meaning of the Wahyu Tumurun motif reflects divine grace, spiritual guidance, and noble aspiration.","divine grace, spiritual guidance, noble aspiration, heavenly blessing",hard
/mnt/extended-home/dzakaaufa/dataset/all_images_captioning/liong114.png,liong,liong,0.9896858334541321,"The batik fabric features the liong motif, characterized by a white background and dark brown motifs. The dominant motifs include stylized dragon-like figures with intricate scales and flowing tails, interspersed with small cross-shaped patterns known as isen-isen. These dragons are arranged symmetrically on either side of the fabric, creating a balanced composition. The motifs repeat consistently throughout the design, maintaining uniformity in their placement and orientation.

Traditionally, the Liong motif symbolizes divine power, protection, and enduring prosperity.","The batik fabric features the liong motif, characterized by a white background and dark brown motifs. The dominant motifs include intricate floral elements and abstract ornaments, which are intricately interwoven throughout the design. Small dots and short lines are used as isen-isen elements, adding texture and detail to the overall pattern. The motifs are arranged symmetrically, with repeated patterns forming a cohesive and balanced layout across the fabric.

The philosophical meaning of the Liong motif reflects divine power, protection, and the blessing of prosperity.","divine power, protection, prosperity, celestial benevolence",hard
/mnt/extended-home/dzakaaufa/dataset/all_images_captioning/Data 6 Batik Bengkel (Sekar Jagad Puspakartika).jpg,Malang,malang,0.8169224262237549,"The batik fabric features the malang motif, characterized by dark green motifs. The dominant motifs include breadfruit leaf, buah pohon sukun. The motifs are arranged in a non-geometric pattern across the fabric, creating a harmonious and balanced composition.

Inspired when walking through the kitchen garden at Malang City Hall where there was a large breadfruit tree. This motif reflects the spirit of creativity, local wisdom and tolerance of the city of Malang.","The batik fabric features the Malang motif, characterized by black, green motifs. The dominant motifs include rose, anggrek. The motifs are arranged in a non-geometric pattern across the fabric, creating a harmonious and balanced composition.

Inspired by flowers when walking to Purwodadi Park - Inspired by the beauty of flowers when walking in Purwodadi Park, their colors and shapes create a deep impression, bringing fresh ideas to life which are reflected in works of art and creativity.",,hard
/mnt/extended-home/dzakaaufa/dataset/all_images_captioning/kawung59.jpg,kawung,kawung,0.9978614449501038,"The batik fabric features the kawung motif, characterized by a deep red background and white motifs. The dominant motifs consist of circular shapes resembling flowers or leaves, each containing smaller circular patterns within them. These central circles have additional small dots at their centers, adding intricate detail. Short horizontal lines radiate outward from these central dots, enhancing the complexity of the design. The motifs repeat consistently across the fabric, arranged in a grid-like pattern with equal spacing between each element. Each row and column maintain uniform alignment, creating a symmetrical and orderly layout throughout the entire piece.

Traditionally, the Kawung motif symbolizes purity of heart, self-mastery, and the eternal cycle of human life.","The batik fabric features the kawung motif, characterized by a deep red background and white motifs. The dominant motifs consist of interconnected circular shapes resembling flowers or leaves, arranged symmetrically within larger diamond patterns. Small dots and short lines, known as isen-isen, are interspersed between the main motifs, adding texture and detail. These elements repeat consistently throughout the fabric, creating a harmonious and balanced design. The motifs are oriented uniformly, maintaining a sense of order and symmetry across the entire piece.

Traditionally, the Kawung motif symbolizes purity of heart, self-mastery, and the eternal cycle of human life.","purity of heart, self-mastery, life cycle, moral balance",hard
/mnt/extended-home/dzakaaufa/dataset/all_images_captioning/Mekar Sari Data 4 Putihan Amarilis.jpg,Lamongan,lamongan,0.9296844601631165,"The batik fabric features the lamongan motif, characterized by cream, black motifs. The dominant motifs include jasmine plant flora. The motifs are arranged in a non-geometric pattern across the fabric, creating a harmonious and balanced composition.

Inspired by jasmine flowers which symbolize purity, elegance and fragrance./ Inspired by jasmine flowers which symbolize purity, elegance and fragrance/","The batik fabric features the Lamongan motif, characterized by red, black, white motifs. The dominant motifs include amarylis. The motifs are arranged in a non-geometric pattern across the fabric, creating a harmonious and balanced composition.

Symbolizes beauty, love, pride and strength",,hard
/mnt/extended-home/dzakaaufa/dataset/all_images_captioning/wahyu_tumurun44.jpg,wahyu_tumurun,wahyu_tumurun,0.9913536906242371,"The batik fabric features the wahyu_tumurun motif, characterized by a white background and dark brown motifs. The dominant motifs include stylized flowers and leaves, arranged symmetrically around central circular designs resembling crowns or medallions. These floral elements have intricate petal-like structures and are interspersed with small, detailed leaf patterns. The motifs repeat consistently across the fabric, creating a harmonious pattern with balanced spacing between them. There are no visible isen-isen elements such as small dots or short lines within these motifs.

nan","The batik fabric features the wahyu_tumurun motif, characterized by a white background and dark red motifs. The dominant motifs include stylized flowers and leaves, arranged in a repeating pattern across the fabric. These floral elements feature intricate petal-like shapes and are interspersed with small, detailed buds and stems. The motifs are evenly spaced and aligned horizontally and vertically, creating a symmetrical and balanced design. There are no visible isen-isen elements such as small dots or short lines within the motifs themselves; these appear to be part of the overall decorative framework rather than individual filler patterns.

The philosophical meaning of the Wahyu Tumurun motif reflects divine grace, spiritual guidance, and noble aspiration.","divine grace, spiritual guidance, noble aspiration, heavenly blessing",hard
/mnt/extended-home/dzakaaufa/dataset/all_images_captioning/bokor_kencono94.jpg,bokor_kencono,bokor_kencono,0.8452637791633606,"The batik fabric features the bokor_kencono motif, characterized by a golden-yellow background and intricate blue and green motifs. The dominant motifs include stylized floral elements resembling lotus flowers, each composed of multiple layers of petals arranged symmetrically around a central point. These floral motifs are interspersed with smaller, abstract ornamentations that resemble leaves or tendrils, adding depth and complexity to the design. The small dots scattered throughout the fabric serve as isen-isen elements, enhancing the overall texture and visual interest. The motifs repeat consistently across the fabric, creating a harmonious pattern that spans horizontally and vertically, maintaining a balanced and symmetrical layout.

nan","The batik fabric features the bokor_kencono motif, characterized by a golden-yellow background and intricate blue and green motifs. The dominant motifs include circular patterns resembling lotus flowers, each adorned with detailed petal-like structures and central decorative elements. These motifs are interspersed with smaller, leaf-shaped designs in dark green, adding depth and contrast to the overall composition. The fabric displays a symmetrical arrangement where these motifs repeat in a grid-like pattern, creating a harmonious balance between the large and small elements. The isen-isen elements consist of fine, scattered dots and short, curved lines that fill the spaces between the larger motifs, enhancing the texture and complexity of the design.

The philosophical meaning of the Bokor Kencono motif reflects dignity, wisdom, and the aspiration for lasting authority.","dignity, wisdom, authority, noble character",hard
/mnt/extended-home/dzakaaufa/dataset/all_images_captioning/Data 18 Batik Rahayu (Sekar Jagat Rahayu).jpg,Trenggalek,trenggalek,0.9038840532302856,"The batik fabric features the trenggalek motif, characterized by chocolate, black motifs. The dominant motifs include clove plant flora and kawung motif culture. The motifs are arranged in a non-geometric pattern across the fabric, creating a harmonious and balanced composition.

Inspired by the gurdo temple which depicts the struggle between good and evil. This duality is reflected through the use of two main colors, namely white and black. White represents goodness while black symbolizes darkness.","The batik fabric features the Trenggalek motif, characterized by sogan chocolate, black motifs. The dominant motifs include orange blossom, truntum, cloves. The motifs are arranged in a non-geometric pattern across the fabric, creating a harmonious and balanced composition.

The flower motif blooms gracefully, symbolizing beauty and happiness in marriage. The harmonious pattern reflects love, purity and hope for a life full of blessings",,hard
/mnt/extended-home/dzakaaufa/dataset/all_images_captioning/wahyu_tumurun55.jpg,wahyu_tumurun,wahyu_tumurun,0.9386510252952576,"The batik fabric features the wahyu_tumurun motif, characterized by a brown background and white motifs. The dominant motifs include stylized flowers and leaves, arranged symmetrically around central symmetrical patterns resembling lotus blossoms. These floral elements have intricate petal-like structures and are interspersed with small black dots and short lines, which act as isen-isen elements, adding texture and detail to the design. The motifs repeat consistently throughout the fabric, creating a harmonious and balanced pattern.

nan","The batik fabric features the wahyu_tumurun motif, characterized by a brown background and white motifs. The dominant motifs include stylized leaves and flowers, arranged symmetrically around central symmetrical patterns. These motifs repeat consistently across the fabric, creating a harmonious and balanced design. Small dots and short lines act as fillers between larger motifs, adding texture and detail to the overall pattern.

In Javanese royal tradition, the Wahyu Tumurun motif represents the descent of divine favour, noble ambition, and spiritual guidance.","divine grace, spiritual guidance, noble aspiration, heavenly blessing",hard
/mnt/extended-home/dzakaaufa/dataset/all_images_captioning/dayak79.jpg,dayak,dayak,0.987644612789154,"The batik fabric features the Dayak motif, characterized by a black background and white motifs outlined in red and green. The dominant motifs consist of swirling, organic shapes resembling leaves or vines, arranged symmetrically around central nodes. These motifs repeat consistently across the fabric, creating a harmonious pattern. Small dots and short lines act as isen-isen elements, adding texture and detail between larger motifs. The overall layout follows a grid-like structure, ensuring uniformity and balance throughout the design.

Traditionally, the Dayak motif symbolizes courage, harmony with nature, and protective ancestral strength.","The batik fabric features the Dayak motif, characterized by a black background and white motifs outlined in red and green. The dominant motifs consist of swirling, curvilinear shapes resembling leaves or vines, arranged in a repetitive pattern across the fabric. These motifs are interspersed with small red dots and short red lines, which act as isen-isen elements, adding texture and detail to the design. The motifs are oriented in various directions but maintain a sense of balance through their symmetrical placement within the overall layout.

Traditionally, the Dayak motif symbolizes courage, harmony with nature, and protective ancestral strength.","courage, harmony with nature, protection, ancestral strength",hard
/mnt/extended-home/dzakaaufa/dataset/all_images_captioning/Data 11 Batik Soendari (Bantengan).jpg,Malang,malang,0.8891421556472778,"The batik fabric features the malang motif, characterized by chocolate, white motifs. The dominant motifs include kawung, banteng. The motifs are arranged in a non-geometric pattern across the fabric, creating a harmonious and balanced composition.

Inspired when walking through the city of Malang which has many iconic stork statues. This motif combines the iconography of the Malang Bird City with the dynamic spirit of the local football club.","The batik fabric features the Malang motif, characterized by peach (light pink) motifs. The dominant motifs include lotus and bull. The motifs are arranged in a geometric pattern across the fabric, creating a harmonious and balanced composition.

To introduce Mberot or Bantengan regional arts to the general public.",,hard
/mnt/extended-home/dzakaaufa/dataset/all_images_captioning/sidomukti87.jpg,sidomukti,sidomukti,0.9009327292442322,"The batik fabric features the sidomukti motif, characterized by a golden-yellow background and dark blue motifs. The dominant motifs include stylized flowers and leaves arranged symmetrically around central star-like patterns. These floral elements have intricate petal-like structures and are interspersed with small, evenly spaced dots and short lines forming a grid-like pattern within each section. The motifs repeat consistently throughout the fabric, creating a harmonious and balanced design.

Traditionally, the Sidomukti motif symbolizes enduring happiness, fulfilment, and spiritual wholeness.","The batik fabric features the sidomukti motif, characterized by a vibrant orange background and intricate blue and gold motifs. The dominant motifs include stylized flowers and leaves arranged symmetrically around central star-like shapes. These floral elements are interspersed with small, evenly spaced dots and short lines, creating a dense yet balanced pattern. The motifs repeat consistently throughout the fabric, maintaining a harmonious alignment both vertically and horizontally. The overall layout follows a grid-like structure, ensuring uniformity and symmetry across the entire piece.

In Surakarta court tradition, the Sidomukti motif represents prosperity, inner contentment, and the blessing of a flourishing life.","enduring happiness, fulfilment, prosperity, spiritual wholeness",hard
/mnt/extended-home/dzakaaufa/dataset/all_images_captioning/sidomulyo132.jpg,sidomulyo,sidomulyo,0.9487726092338562,"The batik fabric features the sidomulyo motif, characterized by a beige background and brown motifs. The dominant motifs include stylized leaves and abstract geometric forms, arranged symmetrically around central nodes. These motifs repeat in a grid-like pattern, creating a balanced and intricate design. Small dots and short lines act as fillers between larger motifs, adding texture and detail to the overall composition.

Traditionally, the Sidomulyo motif symbolizes glory, enduring honour, and a life of inner mastery.","The batik fabric features the sidomulyo motif, characterized by a beige background and brown motifs. The dominant motifs include stylized leaves and floral elements arranged symmetrically around a central point. These motifs are repeated in a grid-like pattern, creating a balanced and harmonious design. Small dots and short lines act as fillers between the larger motifs, adding texture and detail to the overall composition. The arrangement follows a radial symmetry, with each quadrant mirroring the others, enhancing the visual appeal and ensuring uniformity throughout the fabric.

In Javanese Mataram tradition, the Sidomulyo motif represents continuous glory, dignified life, and the mastery of one's inner impulses.","glory, enduring honour, inner mastery, dignified life",hard
/mnt/extended-home/dzakaaufa/dataset/all_images_captioning/jlamprang2.jpg,jlamprang,jlamprang,0.9527466297149658,"The batik fabric features the jlamprang motif, characterized by a brown background and pink motifs. The dominant motifs include stylized flowers and leaves, arranged symmetrically within diamond-shaped frames. These frames are interspersed with smaller, repeating patterns such as small dots and short lines, which act as isen-isen elements, adding texture and detail to the design. The motifs repeat consistently throughout the fabric, creating a harmonious and balanced pattern.

Traditionally, the Jlamprang motif symbolizes cosmic balance, spiritual order, and sacred connection with the divine.","The batik fabric features the jlamprang motif, characterized by a dark brown background and pink motifs. The dominant motifs include stylized flowers and leaves, some resembling lotus blossoms, arranged symmetrically within repeating diamond-shaped frames. These frames are interconnected through smaller, intricate designs such as small dots and short lines, creating a cohesive pattern. The motifs repeat consistently across the fabric, maintaining a balanced and harmonious layout throughout the entire piece.

In Pekalongan's spiritual tradition, the Jlamprang motif represents divine harmony, sacred order, and the link between humanity and the cosmos.","cosmic balance, spiritual order, sacred connection, divine harmony",hard
/mnt/extended-home/dzakaaufa/dataset/all_images_captioning/srikaton66.jpg,srikaton,srikaton,0.9826181530952454,"The batik fabric features the srikaton motif, characterized by a dark blue background and gold motifs. The dominant motifs include stylized leaves and floral elements arranged symmetrically along vertical panels. Each panel displays repeated patterns of these motifs, creating a harmonious and balanced design. Small dots and short lines act as fillers between larger motifs, adding texture and detail to the overall pattern.

Traditionally, the Srikaton motif symbolizes divine radiance, natural abundance, and resilient grace.","The batik fabric features the srikaton motif, characterized by a dark blue background and golden motifs. The dominant motifs include stylized leaves and floral elements, arranged symmetrically across the fabric. These motifs repeat consistently throughout the design, creating a harmonious pattern. Small dots and short lines act as isen-isen elements, adding texture and detail between larger motifs. The overall layout follows a grid-like structure, ensuring uniformity and balance within the design.

The philosophical meaning of the Srikaton motif reflects divine radiance, natural abundance, and resilience.","divine radiance, natural abundance, resilience, visible grace",hard
/mnt/extended-home/dzakaaufa/dataset/all_images_captioning/wirasat40.jpg,wirasat,wirasat,0.9449173808097839,"The batik fabric features the wirasat motif, characterized by a brown background and white motifs. The dominant motifs include stylized diamond shapes with intricate internal designs resembling floral or abstract patterns. These diamonds are arranged in a grid-like pattern, creating a symmetrical and repetitive design across the fabric. Small black dots are interspersed within some of the larger motifs, adding texture and detail to the overall composition.

Traditionally, the Wirasat motif symbolizes the fulfilment of wholesome wishes, elevated standing, and life's sufficiency.","The batik fabric features the wirasat motif, characterized by a brown background and white motifs. The dominant motifs consist of intricate diamond-shaped patterns with swirling curves and floral-like elements at their centers. These diamonds are arranged in a grid-like pattern, creating a symmetrical design across the fabric. Small black dots are interspersed within some of the larger motifs, adding depth and detail to the overall composition. The motifs repeat consistently throughout the fabric, maintaining uniformity in size and placement, which enhances the structured appearance of the piece.

Traditionally, the Wirasat motif symbolizes the fulfilment of wholesome wishes, elevated standing, and life's sufficiency.","fulfilment of wishes, elevated standing, sufficiency, parental blessing",hard
/mnt/extended-home/dzakaaufa/dataset/all_images_captioning/kawung90.jpg,kawung,kawung,0.9688471555709839,"The batik fabric features the kawung motif, characterized by a black background and white motifs outlined in brown. The dominant motifs consist of interconnected diamond shapes arranged in a grid-like pattern. Each diamond shape has smaller circles within it, creating a complex interlocking design. There are no visible isen-isen elements such as small dots or short lines. The motifs repeat consistently throughout the fabric, maintaining uniformity in their placement and orientation.

Traditionally, the Kawung motif symbolizes purity of heart, self-mastery, and the eternal cycle of human life.","The batik fabric features the kawung motif, characterized by a black background and white motifs outlined in brown. The dominant motifs consist of interconnected diamond shapes arranged in a grid-like pattern. Each diamond shape contains smaller circular patterns within it, creating a complex yet symmetrical design. The motifs repeat consistently across the fabric, maintaining uniform spacing and alignment. There are no visible isen-isen elements such as small dots or short lines in the provided image.

Traditionally, the Kawung motif symbolizes purity of heart, self-mastery, and the eternal cycle of human life.","purity of heart, self-mastery, life cycle, moral balance",hard
/mnt/extended-home/dzakaaufa/dataset/all_images_captioning/parang64.jpg,parang,parang,0.9953789710998535,"The batik fabric features the parang motif, characterized by a dark blue background and beige motifs. The dominant motifs consist of elongated, rectangular shapes arranged in parallel rows, creating a striped pattern. These rectangles have rounded edges and vary slightly in size but maintain a consistent shape throughout the design. Small white dots are interspersed between these larger motifs, adding texture and detail to the overall pattern. The motifs repeat consistently along both horizontal and vertical axes, forming a symmetrical grid-like structure. The arrangement is orderly, with each row and column maintaining uniform spacing and alignment.

Traditionally, the Parang motif symbolizes perseverance, courage, and continuity in life.","The batik fabric features the parang motif, characterized by a dark blue background and gold motifs. The dominant motifs consist of elongated, stylized shapes resembling bones or teeth arranged in parallel rows. These motifs are interspersed with small white dots and short horizontal lines, known as isen-isen elements, which add texture and detail between the larger motifs. The arrangement follows a symmetrical pattern, with each row of motifs aligned horizontally and repeated consistently across the fabric. The overall design creates a balanced and repetitive visual effect, typical of traditional parang batik patterns.

Traditionally, the Parang motif symbolizes perseverance, courage, and continuity in life.","perseverance, courage, continuity, relentless self-improvement",hard
/mnt/extended-home/dzakaaufa/dataset/all_images_captioning/mega_mendung32.jpg,mega_mendung,mega_mendung,0.9859932661056519,"The batik fabric features the mega_mendung motif, characterized by a golden-yellow background and black and white motifs. The dominant motifs consist of swirling cloud-like shapes, each outlined in white against the dark background, creating a striking contrast. These motifs repeat consistently throughout the fabric, arranged in a grid-like pattern with equal spacing between them. The orientation of the motifs varies slightly but generally follows a horizontal alignment within rows, ensuring a balanced and symmetrical overall design. There are no visible isen-isen elements such as small dots or short lines; the focus remains solely on the large, intricate cloud patterns.

nan","The batik fabric features the mega_mendung motif, characterized by a gold background and black motifs. The dominant motifs are stylized cloud-like shapes with swirling ends, resembling traditional Indonesian batik designs. These motifs are arranged in a repetitive pattern across the fabric, creating a sense of rhythm and movement. The motifs are evenly spaced and oriented in various directions, contributing to a dynamic yet balanced composition. There are no visible isen-isen elements such as small dots or short lines within the motifs themselves; instead, the contrast between the black and gold colors creates a striking visual effect. The overall layout follows a grid-like structure, enhancing the uniformity and harmony of the design.

Traditionally, the Mega Mendung motif symbolizes patience, emotional calm, and spiritual serenity.","patience, emotional calm, spiritual serenity, divine protection",hard
/mnt/extended-home/dzakaaufa/dataset/all_images_captioning/Data 19 Batik Rahayu (Turonggo Yakso).jpg,Trenggalek,trenggalek,0.9145964980125427,"The batik fabric features the trenggalek motif, characterized by dark blue motifs. The dominant motifs include wayang characters such as Panji Asri and Ragil Kuning. The motifs are arranged in a non-geometric pattern across the fabric, creating a harmonious and balanced composition.

Inspired by the story of the Prince's journey from his kingdom to the world of shadows. This motif reflects the spirit of courage, wisdom, honor and nobility of the crown prince./ Inspired by the journey of the prince from his kingdom into the world of shadow puppets. This motif reflects the spirit of courage, wisdom, honour and noble status of the crown prince./","The batik fabric features the Trenggalek motif, characterized by blue, orange motifs. The dominant motifs include dance, drums. The motifs are arranged in a non-geometric pattern across the fabric, creating a harmonious and balanced composition.

Depicts the might and beauty of traditional art through horse motifs, drums and dynamic dance movements. The energetic pattern symbolizes passion, courage, and cultural heritage that has survived throughout the ages.",,hard
/mnt/extended-home/dzakaaufa/dataset/all_images_captioning/Data 23 Batik Wagastu (Liris Kopi).jpg,Malang,malang,0.8881641030311584,"The batik fabric features the malang motif, characterized by chocolate, moss green motifs. The dominant motifs include coffee tree and parang pattern. The motifs are arranged in a non-geometric pattern across the fabric, creating a harmonious and balanced composition.

Inspired when walking through the coffee plantations on Mount Arjuno where there are many Parang Village Batik artists. This experience gave birth to the idea for this unique motif which combines the iconic Parang pattern with the shape of coffee beans.","The batik fabric features the Malang motif, characterized by brick red, yellow motifs. The dominant motifs include coffee plant and lirispattern. The motifs are arranged in a geometric pattern across the fabric, creating a harmonious and balanced composition.

The natural beauty and glory of coffee in Dampit village which is known as the coffee center in Malang. This motif depicts the expanse of coffee plantations, the harvest process, and the spirit of farmers.",,hard
/mnt/extended-home/dzakaaufa/dataset/all_images_captioning/wirasat96.jpg,wirasat,wirasat,0.9663403034210205,"The batik fabric features the wirasat motif, characterized by a brown background and gold motifs. The dominant motifs include stylized floral elements resembling lotus flowers, each enclosed within diamond-shaped frames. These diamonds are interconnected through smaller circular patterns and intricate linear designs forming a complex lattice-like pattern. Small dots and short lines act as isen-isen elements, filling the spaces between larger motifs. The motifs repeat symmetrically along both horizontal and vertical axes, creating a balanced and harmonious design across the entire fabric.

Traditionally, the Wirasat motif symbolizes the fulfilment of wholesome wishes, elevated standing, and life's sufficiency.","The batik fabric features the wirasat motif, characterized by a golden-brown background and intricate yellow and black motifs. The dominant motifs include stylized diamond shapes with ornate central designs resembling floral or geometric patterns. These diamonds are arranged symmetrically within larger diamond frames, creating a repetitive pattern across the fabric. Small dots and short lines are interspersed between the main motifs, adding texture and detail to the overall design. The motifs are evenly spaced and oriented consistently, forming a structured grid-like arrangement that enhances the visual harmony of the piece.

Traditionally, the Wirasat motif symbolizes the fulfilment of wholesome wishes, elevated standing, and life's sufficiency.","fulfilment of wishes, elevated standing, sufficiency, parental blessing",hard
/mnt/extended-home/dzakaaufa/dataset/all_images_captioning/mega_mendung49.jpg,mega_mendung,mega_mendung,0.9839608669281006,"The batik fabric features the mega_mendung motif, characterized by a black background and white motifs. The dominant motifs consist of swirling cloud-like shapes, each outlined in white against the dark backdrop. These clouds vary slightly in size but maintain a consistent pattern throughout the fabric. There are no visible isen-isen elements such as small dots or short lines within these motifs. The motifs are arranged in a repetitive manner, creating a symmetrical design across the entire surface of the fabric.

nan","The batik fabric features the mega_mendung motif, characterized by a black background and white motifs. The dominant motifs consist of swirling, cloud-like shapes resembling stylized leaves or petals, arranged densely across the fabric. These motifs vary slightly in size but maintain a consistent pattern throughout. There are no visible isen-isen elements such as small dots or short lines within the motifs themselves. The arrangement shows a high degree of symmetry, with the motifs repeating in a grid-like fashion, creating a cohesive and visually striking design.

The philosophical meaning of the Mega Mendung motif reflects patience, emotional calm, and spiritual serenity.","patience, emotional calm, spiritual serenity, divine protection",hard
/mnt/extended-home/dzakaaufa/dataset/all_images_captioning/kawung73.jpg,kawung,kawung,0.9868782162666321,"The batik fabric features the kawung motif, characterized by a dark blue background and light beige motifs. The dominant motifs consist of circular shapes resembling flowers or leaves, each containing smaller circular patterns within them. These motifs are arranged in a grid-like pattern across the fabric, creating a symmetrical design. Small white dots are interspersed between the larger motifs, adding texture and detail to the overall composition.

Traditionally, the Kawung motif symbolizes purity of heart, self-mastery, and the eternal cycle of human life.","The batik fabric features the kawung motif, characterized by a dark blue background and light beige motifs. The dominant motifs consist of circular shapes resembling flowers with radiating petals, arranged symmetrically around a central point. These floral elements have intricate detailing within their petals, creating a sense of depth and texture. Small white dots are interspersed between the larger motifs, adding contrast and enhancing the overall design. The motifs repeat consistently across the fabric, maintaining a balanced and harmonious pattern throughout the entire piece.

Traditionally, the Kawung motif symbolizes purity of heart, self-mastery, and the eternal cycle of human life.","purity of heart, self-mastery, life cycle, moral balance",hard
/mnt/extended-home/dzakaaufa/dataset/all_images_captioning/liong35.jpeg,liong,liong,0.9806383848190308,"The batik fabric features the liong motif, characterized by a deep red background and vibrant blue, yellow, pink, white, and black motifs. The dominant motifs include stylized dragons with flowing bodies and intricate scales, depicted in dynamic poses against swirling clouds. Floral elements such as lotus blossoms and leaves are interspersed throughout, adding contrast and balance to the design. Small dots and short lines act as isen-isen elements, enhancing the texture and detail of the overall pattern. The motifs are arranged symmetrically along the edges of the fabric, creating a harmonious and balanced composition.

Traditionally, the Liong motif symbolizes divine power, protection, and enduring prosperity.","The batik fabric features the liong motif, characterized by a deep red background and vibrant blue, yellow, pink, and white motifs. The dominant motifs include stylized dragons and floral elements. The dragons are intricately designed with flowing scales and dynamic poses, while the flowers feature detailed petals and centers. Small dots and short lines act as isen-isen elements, adding texture and depth to the design. The motifs are arranged symmetrically along the edges of the fabric, creating a balanced and harmonious pattern throughout the entire piece.

Traditionally, the Liong motif symbolizes divine power, protection, and enduring prosperity.","divine power, protection, prosperity, celestial benevolence",hard
/mnt/extended-home/dzakaaufa/dataset/all_images_captioning/Azyfa_35241420060310_Kembang Sepatu Kombinasi Mawar_2025_FLORA.jpg,Lamongan,lamongan,0.9860992431640625,"The batik fabric features the lamongan motif, characterized by chocolate brown motifs. The dominant motifs include jasmine flower flora and kawung motif culture. The motifs are arranged in a non-geometric pattern across the fabric, creating a harmonious and balanced composition.

Inspired by jasmine flowers which symbolize purity, elegance and fragility./ Inspired by jasmine flowers which symbolize purity, elegance and fragility/","The batik fabric features the Lamongan motif, characterized by olive green motifs. The dominant motifs include hibiscus. The motifs are arranged in a non-geometric pattern across the fabric, creating a harmonious and balanced composition.

Inspired by plants that are often found in home gardens",,hard
/mnt/extended-home/dzakaaufa/dataset/all_images_captioning/Azyfa_35241420060308_Kupu- Kupu Bunga Krisan_2020_FAUNA_FLORA.jpg,Lamongan,lamongan,0.9463732242584229,"The batik fabric features the lamongan motif, characterized by black, brown motifs. The dominant motifs include butterfly and flower. The motifs are arranged in a non-geometric pattern across the fabric, creating a harmonious and balanced composition.

Inspired by butterflies that symbolize freedom and transformation. This motif reflects the life cycle of butterflies from eggs to adults, which is full of struggle but also full of hope.","The batik fabric features the Lamongan motif, characterized by black, blue, golden brown motifs. The dominant motifs include butterfly and chrysanthemum. The motifs are arranged in a non-geometric pattern across the fabric, creating a harmonious and balanced composition.

Inspired by the beauty of butterflies fluttering among chrysanthemum flowers.",,hard
/mnt/extended-home/dzakaaufa/dataset/all_images_captioning/Data 16 Batik Lana (Daun teh dan embun).jpg,Malang,malang,0.7948419451713562,"The batik fabric features the malang motif, characterized by green motifs. The dominant motifs include lotus and cempaka putih. The motifs are arranged in a non-geometric pattern across the fabric, creating a harmonious and balanced composition.

Inspired by the Malang City Flower Competition which was held in 2019. There were various types of flowers entered into the competition, reflecting diversity and beauty. This diversity inspired the creation of motifs that reflect natural beauty through floral patterns.","The batik fabric features the Malang motif, characterized by green motifs. The dominant motifs include teh leaf. The motifs are arranged in a non-geometric pattern across the fabric, creating a harmonious and balanced composition.

Inspired by tea leaves from the Wonosari tea garden and dew balls in the morning.",,hard
/mnt/extended-home/dzakaaufa/dataset/all_images_captioning/sidomukti11.jpg,sidomukti,sidomukti,0.9887280464172363,"The batik fabric features the sidomukti motif, characterized by a brown background and black, white, and orange motifs. The dominant motifs include stylized leaves and flowers arranged in a repeating pattern. Small dots and short lines act as isen-isens, filling spaces between larger motifs. These elements create a dense yet balanced composition, with motifs oriented diagonally across the fabric, forming a symmetrical design.

Traditionally, the Sidomukti motif symbolizes enduring happiness, fulfilment, and spiritual wholeness.","The batik fabric features the sidomukti motif, characterized by a deep red background and black, white, and orange motifs. The dominant motifs include stylized leaves and flowers, arranged in a repeating pattern across the fabric. These motifs are interspersed with small white dots and short black lines, which act as isen-isen elements, adding texture and detail to the design. The arrangement follows a symmetrical layout, with motifs aligned vertically and horizontally, creating a balanced and harmonious composition.

In Surakarta court tradition, the Sidomukti motif represents prosperity, inner contentment, and the blessing of a flourishing life.","enduring happiness, fulfilment, prosperity, spiritual wholeness",hard
/mnt/extended-home/dzakaaufa/dataset/all_images_captioning/parang119.jpg,parang,parang,0.9978280663490295,"The batik fabric features the parang motif, characterized by a brown background and white motifs. The dominant motifs consist of elongated, curved shapes resembling leaves or petals arranged in parallel rows. These motifs are interspersed with small circular patterns, which act as isen-isen elements, adding texture and detail to the design. The motifs repeat consistently across the fabric, creating a symmetrical pattern where each row mirrors the one above it. The overall layout follows a grid-like structure, ensuring uniformity and balance throughout the piece.

Traditionally, the Parang motif symbolizes perseverance, courage, and continuity in life.","The batik fabric features the parang motif, characterized by a brown background and white motifs. The dominant motifs consist of elongated, curved shapes resembling leaves or petals, arranged diagonally across the fabric. These motifs repeat consistently throughout the design, creating a harmonious pattern. Small white dots are interspersed between the larger motifs, adding texture and detail to the overall composition. The arrangement follows a symmetrical grid-like structure, enhancing the balanced aesthetic of the parang motif.

The philosophical meaning of the Parang motif reflects inner strength, persistence, and lifelong growth.","perseverance, courage, continuity, relentless self-improvement",hard
/mnt/extended-home/dzakaaufa/dataset/all_images_captioning/buketan95.png,buketan,buketan,0.9427305459976196,"The batik fabric features the buketan motif, characterized by a light blue background and red, white, and green motifs. The dominant floral elements include large blossoms and smaller flowers scattered throughout the design. Birds are also prominently featured among the motifs. Small dots and short lines act as isen-isen elements, adding texture and detail to the overall pattern. The motifs are arranged in a repetitive yet varied manner across both halves of the fabric, creating a balanced and harmonious composition.

Traditionally, the Buketan motif symbolizes joy, beauty, purity, and feminine grace.","The batik fabric features the buketan motif, characterized by a light blue background and red, pink, and white motifs. The dominant motifs include various flowers and leaves, depicted in vibrant reds, pinks, and whites against the light blue backdrop. These floral elements are interspersed with small, delicate leaves and stems, creating a lush, garden-like appearance. The motifs appear scattered throughout the fabric but follow a somewhat random pattern rather than strict symmetry. There are no visible isen-isen elements such as small dots or short lines within the motifs themselves; instead, the focus remains on the larger, more complex floral designs. The overall layout suggests a naturalistic arrangement, mimicking the growth patterns found in nature.

The philosophical meaning of the Buketan motif reflects joy, natural beauty, purity, and graceful femininity.","joy, beauty, purity, feminine grace, cheerfulness",hard
/mnt/extended-home/dzakaaufa/dataset/all_images_captioning/jlamprang126.jpg,jlamprang,jlamprang,0.9962641596794128,"The batik fabric features the jlamprang motif, characterized by a golden-yellow background and multicolored motifs. The dominant motifs consist of circular designs resembling stylized flowers or rosettes, each containing intricate patterns within them. These circles are filled with various colors such as red, blue, green, pink, and turquoise, creating a vibrant contrast against the golden backdrop. Small dots and short lines are interspersed between these larger motifs, adding texture and detail to the overall design. The motifs are arranged in a grid-like pattern, repeating consistently across the fabric, ensuring symmetry and balance throughout the piece.

Traditionally, the Jlamprang motif symbolizes cosmic balance, spiritual order, and sacred connection with the divine.","The batik fabric features the jlamprang motif, characterized by a golden-yellow background and vibrant red, blue, and teal motifs. The dominant motifs consist of circular designs resembling stylized flowers or rosettes, each containing intricate patterns within them. These central motifs are surrounded by smaller, repeating geometric shapes and small dots, known as isen-isens, which add texture and detail to the overall design. The motifs are arranged in a grid-like pattern, creating a symmetrical and balanced composition across the fabric. Each motif appears to be evenly spaced and oriented uniformly, contributing to the structured and repetitive nature of the jlamprang motif.

The philosophical meaning of the Jlamprang motif reflects cosmic balance, spiritual order, and sacred connection with the divine.","cosmic balance, spiritual order, sacred connection, divine harmony",hard
/mnt/extended-home/dzakaaufa/dataset/all_images_captioning/betawi145.jpg,betawi,betawi,0.997577965259552,"The batik fabric features the betawi motif, characterized by a yellow background and blue motifs. The dominant motifs include stylized flowers, geometric shapes like triangles and diamonds, and abstract ornaments. These elements are interspersed with small dots and short lines, creating intricate patterns. The motifs repeat consistently across the fabric, arranged in horizontal bands with some vertical alignment. The overall layout shows a balanced distribution of motifs, ensuring a harmonious and symmetrical design throughout the piece.

Traditionally, the Betawi motif symbolizes multicultural openness, communal harmony, and joyful cultural identity.","The batik fabric features the betawi motif, characterized by a vibrant yellow background and red, blue, and white motifs. The dominant motifs include stylized flowers, geometric shapes, and abstract ornaments. The small dots and short lines act as isen-isens, adding texture and detail to the design. The motifs are arranged symmetrically along both sides of the fabric, creating a balanced and harmonious pattern. The repetition of these elements ensures a cohesive look throughout the entire piece.

The philosophical meaning of the Betawi motif reflects multicultural openness, communal harmony, and joyful identity.","multicultural openness, communal harmony, joyful identity, cultural pride",hard
/mnt/extended-home/dzakaaufa/dataset/all_images_captioning/bokor_kencono137.jpg,bokor_kencono,bokor_kencono,0.9936125874519348,"The batik fabric features the bokor_kencono motif, characterized by a deep blue background and gold motifs. The dominant motifs include stylized floral elements resembling lotus flowers, each adorned with intricate petal-like patterns and central decorative elements. These motifs are arranged symmetrically around larger, more complex shapes that resemble ornate crowns or headdresses, featuring detailed embroidery-like patterns. Small dots and short lines act as isen-isen elements, filling spaces between the main motifs and adding texture to the design. The motifs repeat consistently throughout the fabric, creating a harmonious and balanced pattern.

nan","The batik fabric features the bokor_kencono motif, characterized by a deep blue background and gold motifs. The dominant motifs include stylized floral elements resembling lotus flowers, each adorned with intricate petal-like patterns and central decorative elements. These motifs are arranged symmetrically around the fabric, creating a balanced and harmonious design. Small dots and short lines act as isen-isen elements, filling the spaces between larger motifs and adding texture to the overall pattern. The motifs repeat consistently throughout the fabric, ensuring a cohesive and uniform appearance.

The philosophical meaning of the Bokor Kencono motif reflects dignity, wisdom, and the aspiration for lasting authority.","dignity, wisdom, authority, noble character",hard
/mnt/extended-home/dzakaaufa/dataset/all_images_captioning/sidomukti64.jpg,sidomukti,sidomukti,0.8886959552764893,"The batik fabric features the sidomukti motif, characterized by a light pink background and dark brown motifs. The dominant motifs include stylized flowers and leaves arranged symmetrically around central star-like patterns. These floral elements have intricate petal-like structures and are interspersed with small, detailed leafy appendages. The motifs repeat consistently throughout the fabric, creating a harmonious grid-like pattern. Isen-isen elements appear as small dots and short lines, adding texture and depth to the design. The overall layout follows a balanced and repetitive structure, ensuring uniformity and aesthetic appeal across the entire piece.

Traditionally, the Sidomukti motif symbolizes enduring happiness, fulfilment, and spiritual wholeness.","The batik fabric features the sidomukti motif, characterized by a pink background and dark brown motifs. The dominant motifs include stylized flowers with intricate petal patterns and small leaves, arranged symmetrically around central diamond-shaped designs. These floral elements are interspersed with smaller, repeating patterns of small dots and short lines, creating a dense yet balanced composition. The motifs repeat in a grid-like pattern, maintaining uniform spacing and alignment throughout the fabric, ensuring a harmonious and visually pleasing arrangement.

Traditionally, the Sidomukti motif symbolizes enduring happiness, fulfilment, and spiritual wholeness.","enduring happiness, fulfilment, prosperity, spiritual wholeness",hard
/mnt/extended-home/dzakaaufa/dataset/all_images_captioning/buketan19.jpg,buketan,buketan,0.8921343088150024,"The batik fabric features the buketan motif, characterized by a deep red background and gold motifs. The dominant floral elements include large lilies and smaller blossoms, arranged vertically along both sides of the fabric. These flowers are interspersed with small butterflies and birds, creating a harmonious balance between nature's themes. The motifs repeat consistently down each side, maintaining symmetry throughout the design. Small dots and short lines act as fillers between larger elements, adding texture and depth to the overall pattern.

Traditionally, the Buketan motif symbolizes joy, beauty, purity, and feminine grace.","The batik fabric features the buketan motif, characterized by a deep red background and golden motifs. The dominant motifs include stylized flowers resembling lilies and other blossoms, along with small butterflies and birds. These elements are intricately woven into the design, creating a harmonious balance between the large and small motifs. The golden motifs stand out vividly against the rich red backdrop, while smaller details such as leaves and petals add depth and texture. The fabric displays a symmetrical pattern, with each side mirroring the other, ensuring a balanced composition throughout. The arrangement of motifs follows a repeating sequence, with the larger flower clusters interspersed among smaller decorative elements like butterflies and birds, which are evenly distributed across the surface.

The philosophical meaning of the Buketan motif reflects joy, natural beauty, purity, and graceful femininity.","joy, beauty, purity, feminine grace, cheerfulness",hard
/mnt/extended-home/dzakaaufa/dataset/all_images_captioning/bokor_kencono61.jpg,bokor_kencono,bokor_kencono,0.9537979364395142,"The batik fabric features the bokor_kencono motif, characterized by a dark blue background and gold motifs. The dominant motifs include stylized flowers and leaves arranged symmetrically around central bell-shaped figures. These bells have intricate detailing at their tops, resembling crowns or ornate designs. Small dots and short lines act as isen-isen elements, filling spaces between larger motifs. The motifs repeat consistently across the fabric, creating a harmonious pattern with balanced spacing and alignment.

nan","The batik fabric features the bokor_kencono motif, characterized by a dark blue background and gold motifs. The dominant motifs include stylized bell-shaped figures with intricate detailing at their tops, resembling traditional Indonesian bells. These bell shapes are interspersed with smaller, ornate floral elements and geometric patterns. Small dots and short lines act as isen-isen elements, adding texture and depth to the design. The motifs are arranged in a repetitive pattern across the fabric, creating a symmetrical and balanced layout. Each motif is oriented uniformly, contributing to the overall harmony of the piece.

In Javanese culture, the Bokor Kencono motif represents noble character, inner wisdom, and commanding dignity.","dignity, wisdom, authority, noble character",hard
/mnt/extended-home/dzakaaufa/dataset/all_images_captioning/liong23.jpg,liong,liong,0.9861887097358704,"The batik fabric features the liong motif, characterized by a vibrant pink background and multicolored motifs. The dominant motifs include stylized dragons and phoenixes, depicted in shades of orange, blue, green, and white. These mythical creatures are intricately detailed with flowing tails and intricate patterns on their bodies. Small decorative elements such as flowers and leaves are interspersed throughout the design, adding depth and complexity to the overall pattern. The motifs are arranged symmetrically around the central area of the fabric, creating a balanced and harmonious composition.

Traditionally, the Liong motif symbolizes divine power, protection, and enduring prosperity.","The batik fabric features the liong motif, characterized by a vibrant pink background and multicolored motifs. The dominant motifs include stylized dragons and phoenixes, depicted in shades of orange, teal, and light blue. These figures are intricately detailed with flowing curves and intricate scales, embodying the traditional liong design. Small dots and short lines act as isen-isen elements, adding texture and depth to the patterns. The motifs are arranged symmetrically across the fabric, with repeated patterns forming a cohesive and visually striking composition.

Traditionally, the Liong motif symbolizes divine power, protection, and enduring prosperity.","divine power, protection, prosperity, celestial benevolence",hard
/mnt/extended-home/dzakaaufa/dataset/all_images_captioning/sekarjagad30.jpg,sekarjagad,sekarjagad,0.9985346794128418,"The batik fabric features the sekarjagad motif, characterized by a dark blue background and gold motifs. The dominant motifs include stylized flowers and leaves, arranged in a repeating pattern across the fabric. These floral elements are intricately detailed with small dots and short lines, creating a sense of depth and texture. The motifs are interspersed with smaller decorative elements such as stars and circular patterns, adding complexity to the overall design. The arrangement follows a symmetrical layout, with each section containing identical motifs but varying slightly in their positioning within the larger composition.

Traditionally, the Sekarjagad motif symbolizes the beauty of diversity, universal harmony, and joyful coexistence.","The batik fabric features the sekarjagad motif, characterized by a dark green background and gold, brown, and white motifs. The dominant motifs include stylized flowers and leaves, arranged in a repeating pattern across the fabric. These floral elements are intricately detailed with small dots and short lines within their petals and leaves, adding texture and depth. The motifs are spaced evenly apart, creating a balanced and symmetrical layout. The overall design follows a traditional isen-isen structure, where smaller decorative elements fill the spaces between larger motifs, enhancing the intricate and elaborate appearance of the batik.

The philosophical meaning of the Sekarjagad motif reflects the beauty of diversity, universal harmony, and radiant coexistence.","beauty of diversity, universal harmony, radiance, coexistence",hard
/mnt/extended-home/dzakaaufa/dataset/all_images_captioning/tuntrum125.jpg,tuntrum,truntum,0.9689305424690247,"The batik fabric features the truntum motif, characterized by a black background and white motifs. The dominant motifs consist of small, symmetrical flower-like shapes arranged in a grid pattern. These flowers have five petals each, creating a dense yet orderly design. There are no visible isen-isen elements such as small dots or short lines within the motifs themselves; instead, they appear uniformly filled. The motifs repeat consistently throughout the fabric, maintaining uniform spacing and alignment, which suggests a structured and repetitive layout typical of the truntum motif's traditional craftsmanship.

Traditionally, the Truntum motif symbolizes inner purity, self-mastery, and moral balance in life.","The batik fabric features the tuntrum motif, characterized by a black background and white motifs. The dominant motifs are small, symmetrical flower-like shapes arranged in a grid pattern. These flowers have five petals each, creating a dense and uniform design across the fabric. There are no visible isen-isen elements such as small dots or short lines within the motifs themselves; instead, they are separated by the black background. The motifs repeat consistently throughout the fabric, maintaining a regular spacing and alignment, which suggests a structured and orderly arrangement. The overall layout appears symmetrical both horizontally and vertically, contributing to the balanced aesthetic of the batik.

In Surakarta royal tradition, the Truntum motif represents unconditional love, the rekindling of affection, and parental guidance.","sincere love, devotion, renewal of affection, patience",hard
/mnt/extended-home/dzakaaufa/dataset/all_images_captioning/jlamprang86.png,jlamprang,jlamprang,0.9714831113815308,"The batik fabric features the jlamprang motif, characterized by a white background and red, green, blue, and black motifs. The dominant motifs consist of circular designs resembling stylized flowers or snowflakes, each featuring radiating lines from a central point. Small dots and short lines act as isen-isen elements, filling the spaces between the larger motifs. These motifs are arranged in a grid-like pattern, repeating consistently across the fabric. Each circle is evenly spaced, creating a symmetrical and balanced layout throughout the entire design.

Traditionally, the Jlamprang motif symbolizes cosmic balance, spiritual order, and sacred connection with the divine.","The batik fabric features the jlamprang motif, characterized by a white background and red, green, and blue motifs. The dominant motifs consist of circular designs resembling stylized flowers or snowflakes, each featuring radiating lines from a central point. These motifs are interspersed with smaller, intricate patterns such as small dots and short lines, which act as isen-isen elements, adding texture and detail to the overall design. The motifs are arranged in a grid-like pattern, repeating consistently across the fabric. Each circle is surrounded by these smaller decorative elements, creating a harmonious and balanced composition. The entire design exhibits a high degree of symmetry, with identical motifs aligned in rows and columns, ensuring uniformity throughout the piece.

The philosophical meaning of the Jlamprang motif reflects cosmic balance, spiritual order, and sacred connection with the divine.","cosmic balance, spiritual order, sacred connection, divine harmony",hard
/mnt/extended-home/dzakaaufa/dataset/all_images_captioning/dayak12.jpg,dayak,dayak,0.9812677502632141,"The batik fabric features the Dayak motif, characterized by a dark blue background and white motifs. The dominant motifs include intricate swirling patterns resembling leaves or vines, arranged in a repeating horizontal band across the fabric. These motifs are interspersed with smaller, more complex designs featuring geometric shapes and abstract ornaments. The small dots and short lines act as isen-isen elements, adding texture and detail between the larger motifs. The overall arrangement shows a symmetrical pattern repeat, with each section mirroring the next along the length of the fabric.

Traditionally, the Dayak motif symbolizes courage, harmony with nature, and protective ancestral strength.","The batik fabric features the Dayak motif, characterized by a dark blue background and white motifs. The dominant motifs include intricate, swirling patterns resembling stylized leaves or vines, arranged in a repeating, symmetrical manner across the fabric. These motifs are interspersed with small, evenly spaced dots and short lines, known as isen-isen elements, which add texture and detail to the design. The overall layout follows a grid-like structure, ensuring uniformity and balance throughout the piece.

Traditionally, the Dayak motif symbolizes courage, harmony with nature, and protective ancestral strength.","courage, harmony with nature, protection, ancestral strength",hard
/mnt/extended-home/dzakaaufa/dataset/all_images_captioning/sidomulyo125.jpg,sidomulyo,sidomulyo,0.9942319989204407,"The batik fabric features the sidomulyo motif, characterized by a white background and brown motifs. The dominant motifs include stylized leaves and floral elements arranged symmetrically within diamond-shaped frames. These frames repeat consistently across the fabric, creating a grid-like pattern. Small black dots are interspersed between some of the larger motifs, adding detail to the design. The overall layout follows a structured, repetitive pattern, emphasizing balance and harmony typical of the sidomulyo motif.

Traditionally, the Sidomulyo motif symbolizes glory, enduring honour, and a life of inner mastery.","The batik fabric features the sidomulyo motif, characterized by a cream-colored background and dark brown motifs. The dominant motifs include stylized floral elements resembling lotus flowers, each composed of multiple petals arranged symmetrically around a central point. These floral motifs are interconnected by intricate, swirling lines forming a lattice-like pattern. Small rectangular shapes, likely representing isen-isen elements, are scattered throughout the design, adding texture and detail to the overall composition. The motifs repeat consistently across the fabric, maintaining a symmetrical arrangement both vertically and horizontally, creating a balanced and harmonious layout.

The philosophical meaning of the Sidomulyo motif reflects glory, enduring honour, and the pursuit of a dignified life.","glory, enduring honour, inner mastery, dignified life",hard
/mnt/extended-home/dzakaaufa/dataset/all_images_captioning/dayak91.jpeg,dayak,dayak,0.9876965880393982,"The batik fabric features the Dayak motif, characterized by a white background and red, black, and brown motifs. The dominant motifs include intricate floral elements resembling lotus flowers, with detailed petal patterns and swirling leaves. These floral designs are interspersed with abstract ornaments and geometric shapes, creating a harmonious blend of natural and stylized forms. Small dots and short lines act as isen-isen elements, adding texture and depth to the overall design. The motifs are arranged symmetrically along vertical axes, repeating in a structured pattern across the fabric.

Traditionally, the Dayak motif symbolizes courage, harmony with nature, and protective ancestral strength.","The batik fabric features the Dayak motif, characterized by a white background and red, black, and gold motifs. The dominant motifs include intricate floral elements with swirling curves and detailed leaves, arranged symmetrically across the fabric. Small dots and short lines act as isen-isen elements, adding texture and depth to the design. The motifs repeat consistently throughout the fabric, creating a harmonious pattern that spans horizontally and vertically.

In Dayak culture, the Dayak motif represents bravery, reverence for nature, and the leadership that shelters the community.","courage, harmony with nature, protection, ancestral strength",hard
/mnt/extended-home/dzakaaufa/dataset/all_images_captioning/sidoluhur46.jpg,sidoluhur,sidoluhur,0.9899455904960632,"The batik fabric features the sidoluhur motif, characterized by a dark blue background and gold motifs. The dominant motifs include stylized leaves and flowers arranged symmetrically around central nodes. These motifs are interconnected through intricate linear patterns forming a network-like design. Small black dots act as isen-isen elements, adding detail to the overall pattern. The motifs repeat consistently throughout the fabric, creating a harmonious and balanced composition.

Traditionally, the Sidoluhur motif symbolizes noble character, moral elevation, and dignified exemplary conduct.","The batik fabric features the sidoluhur motif, characterized by a dark blue background and orange motifs. The dominant motifs include stylized leaves and flowers arranged symmetrically around central nodes. These motifs are connected by curved lines forming a network-like pattern. Small black dots are interspersed within the orange areas, adding texture and detail to the design. The motifs repeat consistently across the fabric, creating a balanced and harmonious layout.

In Javanese tradition, the Sidoluhur motif represents the pursuit of virtue, dignified conduct, and the honour of righteous leadership.","noble character, moral elevation, dignity, exemplary conduct",hard
/mnt/extended-home/dzakaaufa/dataset/all_images_captioning/tribusono133.jpg,tribusono,tribusono,0.9620786309242249,"The batik fabric features the tribusono motif, characterized by a beige background and black and gold motifs. The dominant motifs include stylized flowers, leaves, and abstract geometric forms. Floral elements have intricate petal patterns, while leafy designs feature elongated curves. Geometric forms appear as diamond-shaped patterns within larger floral structures. Small dots and short lines act as isen-isen elements, filling spaces between larger motifs. These elements create a dense yet balanced pattern throughout the fabric. Motifs are arranged in a repetitive manner, creating a symmetrical design across the entire surface.

Traditionally, the Tribusono motif symbolizes regeneration, harmony, and the continuity of cultural values.","The batik fabric features the tribusono motif, characterized by a beige background and gold and black motifs. The dominant motifs include stylized flowers, leaves, and abstract ornaments, which are intricately designed with flowing curves and geometric patterns. Small dots and short lines are interspersed throughout the fabric, adding texture and detail to the overall design. The motifs are arranged in a scattered yet balanced manner, creating a harmonious and visually appealing pattern. There is no evident repetition or strict symmetry; instead, the motifs appear to be distributed randomly but evenly across the fabric, contributing to the dynamic and lively appearance of the piece.

In Surakarta batik tradition, the Tribusono motif represents the balance of physical, social, and spiritual dimensions of life.","regeneration, harmony, cultural continuity, ecological awareness",hard
/mnt/extended-home/dzakaaufa/dataset/all_images_captioning/sidoluhur41.jpg,sidoluhur,sidoluhur,0.9893934726715088,"The batik fabric features the sidoluhur motif, characterized by a dark blue background and gold motifs. The dominant motifs include intricate floral elements resembling lotus flowers, arranged symmetrically around central star-like patterns. These floral elements have detailed petal-like structures and are connected by swirling vines forming a complex network across the fabric. Small golden dots and short lines act as isen-isen elements, adding texture and depth to the design. The motifs repeat consistently throughout the fabric, creating a harmonious and balanced pattern.

Traditionally, the Sidoluhur motif symbolizes noble character, moral elevation, and dignified exemplary conduct.","The batik fabric features the sidoluhur motif, characterized by a dark blue background and golden motifs. The dominant motifs include intricate floral elements and geometric patterns, such as star-like shapes and interconnected lines forming a lattice-like design. Small dots and short lines act as isen-isen elements, adding texture and detail to the overall pattern. The motifs repeat consistently throughout the fabric, arranged symmetrically with a central focus on each square section. The layout follows a grid structure, ensuring uniformity and balance across the entire piece.

In Javanese tradition, the Sidoluhur motif represents the pursuit of virtue, dignified conduct, and the honour of righteous leadership.","noble character, moral elevation, dignity, exemplary conduct",hard
/mnt/extended-home/dzakaaufa/dataset/all_images_captioning/parang6.jpg,parang,parang,0.9772529006004333,"The batik fabric features the parang motif, characterized by a white background and brown motifs. The dominant motifs consist of diagonal stripes and diamond patterns, creating a dynamic interplay between the two designs. Small dots and short lines act as isen-isen elements, adding texture and detail to the overall pattern. These motifs repeat consistently across the fabric, arranged in a symmetrical manner, with each section mirroring the next along both horizontal and vertical axes.

Traditionally, the Parang motif symbolizes perseverance, courage, and continuity in life.","The batik fabric features the parang motif, characterized by a white background and brown motifs. The dominant motifs include diagonal stripes and diamond patterns formed by intersecting lines. There are also small circular dots scattered throughout the design, adding texture and detail. The motifs repeat consistently across the fabric, creating a symmetrical pattern. The arrangement follows a grid-like structure, with the motifs oriented diagonally and spaced evenly apart.

Traditionally, the Parang motif symbolizes perseverance, courage, and continuity in life.","perseverance, courage, continuity, relentless self-improvement",hard
/mnt/extended-home/dzakaaufa/dataset/all_images_captioning/tribusono96.jpg,tribusono,tribusono,0.9176279902458191,"The batik fabric features the tribusono motif, characterized by a deep blue background and gold motifs. The dominant motifs include stylized flowers, leaves, and abstract ornaments, which are intricately woven together. Small white dots and short lines act as isen-isen elements, adding texture and detail to the design. These motifs repeat consistently throughout the fabric, arranged in a symmetrical pattern with varying orientations to create a dynamic yet balanced composition.

Traditionally, the Tribusono motif symbolizes regeneration, harmony, and the continuity of cultural values.","The batik fabric features the tribusono motif, characterized by a deep blue background and gold and white motifs. The dominant motifs include intricate floral elements such as leaves, petals, and buds, along with abstract ornamentation resembling small dots and short lines. These elements are interspersed throughout the fabric, creating a dense yet balanced pattern. The motifs repeat consistently across the surface, arranged in a symmetrical manner, with some elements oriented vertically while others curve horizontally. The overall layout structure maintains a harmonious balance between the various decorative components, ensuring a visually cohesive design.

Traditionally, the Tribusono motif symbolizes regeneration, harmony, and the continuity of cultural values.","regeneration, harmony, cultural continuity, ecological awareness",hard
/mnt/extended-home/dzakaaufa/dataset/all_images_captioning/wirasat50.jpg,wirasat,wirasat,0.9863225221633911,"The batik fabric features the wirasat motif, characterized by a black background and white motifs. The dominant motifs include stylized floral elements resembling lotus flowers, each adorned with small dots at their centers. These floral elements are arranged symmetrically within diamond-shaped frames, creating a repeating pattern across the fabric. Each frame contains additional intricate designs such as small circles and linear patterns, adding depth to the overall composition. The motifs are evenly spaced and oriented consistently throughout the piece, maintaining a balanced and harmonious layout.

Traditionally, the Wirasat motif symbolizes the fulfilment of wholesome wishes, elevated standing, and life's sufficiency.","The batik fabric features the wirasat motif, characterized by a black background and white motifs. The dominant motifs include stylized floral elements and geometric forms, such as diamonds and circles, which are intricately detailed with small dots and short lines. These elements repeat symmetrically around the central diamond-shaped motif, creating a balanced and harmonious pattern. The overall layout follows a grid-like structure, ensuring uniformity and symmetry throughout the design.

In Javanese tradition, the Wirasat motif represents the parental blessing for a new household — prosperity, dignity, and answered prayers.","fulfilment of wishes, elevated standing, sufficiency, parental blessing",hard
/mnt/extended-home/dzakaaufa/dataset/all_images_captioning/Data 3 Batik Baronggung (Ombak Segoro).jpg,Tulungagung,tulungagung,0.9929799437522888,"The batik fabric features the tulungagung motif, characterized by black, red motifs. The dominant motifs include coral reefs. The motifs are arranged in a non-geometric pattern across the fabric, creating a harmonious and balanced composition.

Inspired by the rich marine life found on Tulungagung's beaches. This motif depicts various sea creatures such as fish, squid and jellyfish which are then combined into beautiful patterns.","The batik fabric features the Tulungagung motif, characterized by red, black motifs. The dominant motifs include sea. The motifs are arranged in a non-geometric pattern across the fabric, creating a harmonious and balanced composition.

Describes the beauty of a row of beaches with dynamic wave motifs. The wavy pattern reflects the strength and calm of the sea, coastal life full of wisdom.",,hard
/mnt/extended-home/dzakaaufa/dataset/all_images_captioning/sidomulyo150.jpg,sidomulyo,sidomulyo,0.947271466255188,"The batik fabric features the sidomulyo motif, characterized by a beige background and brown motifs. The dominant motifs include stylized leaves and geometric patterns, arranged symmetrically within diamond-shaped frames. Small dots and short lines act as isen-isens, filling the spaces between larger motifs. These elements repeat consistently throughout the fabric, creating a balanced and intricate design.

Traditionally, the Sidomulyo motif symbolizes glory, enduring honour, and a life of inner mastery.","The batik fabric features the sidomulyo motif, characterized by a rust-colored background and white motifs. The dominant motifs include stylized leaves and flowers arranged symmetrically within diamond-shaped frames. These frames are interconnected by diagonal lines forming a grid-like pattern. Small black dots and short lines act as isen-isen elements, adding texture and detail between the larger motifs. The overall arrangement displays repetitive patterns with consistent spacing and alignment, creating a balanced and harmonious design across the entire fabric surface.

Traditionally, the Sidomulyo motif symbolizes glory, enduring honour, and a life of inner mastery.","glory, enduring honour, inner mastery, dignified life",hard
/mnt/extended-home/dzakaaufa/dataset/all_images_captioning/Data 24 Batik Wagastu (Sekar Setaman).jpg,Malang,malang,0.7658290266990662,"The batik fabric features the malang motif, characterized by black, white motifs. The dominant motifs include mask, kawung, truntum, singo mengkok. The motifs are arranged in a non-geometric pattern across the fabric, creating a harmonious and balanced composition.

Inspired when seeing people wearing masks during the pandemic, combined with the Sekar Jagad batik motif which symbolizes beauty, harmony and balance./ Inspired while observing people wearing masks during the pandemic, combined with the Sekar Jagad batik motif which symbolizes beauty, harmony and balance./","The batik fabric features the Malang motif, characterized by black, white motifs. The dominant motifs include trumpet plant. The motifs are arranged in a geometric pattern across the fabric, creating a harmonious and balanced composition.

The pristine natural beauty of the Purwodadi botanical garden. This motif reflects the richness of flora, balance of life, and natural harmony that is continuously maintained.",,hard
/mnt/extended-home/dzakaaufa/dataset/all_images_captioning/parang73.jpg,parang,parang,0.9876277446746826,"The batik fabric features the parang motif, characterized by a brown background and white motifs. The dominant motifs consist of elongated, vertical bars and circular shapes arranged symmetrically across the fabric. These bars vary slightly in length but maintain a consistent pattern throughout. Small dots and short lines act as isen-isen elements, filling gaps between larger motifs and adding texture to the design. The motifs repeat consistently along both horizontal and vertical axes, creating a balanced and harmonious layout.

Traditionally, the Parang motif symbolizes perseverance, courage, and continuity in life.","The batik fabric features the parang motif, characterized by a brown background and white motifs. The dominant motifs consist of elongated, vertical bars and rounded shapes, creating a rhythmic pattern. Small dots and short lines are interspersed between the larger motifs, adding texture and detail. These elements repeat consistently across the fabric, arranged in a grid-like fashion with some variation in spacing and orientation. The overall design exhibits a balanced symmetry, with motifs aligned vertically and horizontally, forming a structured yet dynamic composition.

The philosophical meaning of the Parang motif reflects inner strength, persistence, and lifelong growth.","perseverance, courage, continuity, relentless self-improvement",hard
/mnt/extended-home/dzakaaufa/dataset/all_images_captioning/Data 8 Batik Soendari (Pagi Sore Lereng Apel).jpg,Malang,malang,0.8287477493286133,"The batik fabric features the malang motif, characterized by black, yellow motifs. The dominant motifs include apple tree. The motifs are arranged in a non-geometric pattern across the fabric, creating a harmonious and balanced composition.

Inspired when walking through the Malang City Park, seeing people sitting under apple trees enjoying the cool atmosphere. Combined with the concept of sitting quietly at home, the atmosphere of calm and tranquility was depicted here.","The batik fabric features the Malang motif, characterized by brown, gold motifs. The dominant motifs include apple. The motifs are arranged in a geometric pattern across the fabric, creating a harmonious and balanced composition.

Malang is the only area in Indonesia that has apple plantations. Therefore, apples have become one of the icons of Malang.",,hard
/mnt/extended-home/dzakaaufa/dataset/all_images_captioning/mega_mendung25.jpg,mega_mendung,mega_mendung,0.991419792175293,"The batik fabric features the mega_mendung motif, characterized by a dark blue background and light blue motifs. The dominant motifs consist of swirling cloud-like shapes, each outlined in white against the darker blue backdrop. These clouds vary slightly in size but maintain a consistent pattern throughout the fabric. There are no visible isen-isen elements such as small dots or short lines within these motifs. The motifs are arranged in a repetitive manner, creating a seamless design where each cloud shape overlaps subtly into adjacent ones, forming a continuous flow across the entire surface.

nan","The batik fabric features the mega_mendung motif, characterized by a dark blue background and light blue motifs. The dominant motifs consist of swirling, cloud-like shapes that resemble billowing clouds, with some resembling stylized waves. These motifs are arranged in a repetitive pattern across the fabric, creating a sense of movement and fluidity. The motifs are evenly spaced and oriented in various directions, contributing to a dynamic yet balanced composition. There are no visible isen-isen elements such as small dots or short lines within the motifs themselves; instead, the focus remains on the continuous flow of the cloud-like patterns against the contrasting background.

In Cirebonese court culture, the Mega Mendung motif represents composure, inner peace, and the grace of divine protection.","patience, emotional calm, spiritual serenity, divine protection",hard
/mnt/extended-home/dzakaaufa/dataset/all_images_captioning/buketan32.jpg,buketan,buketan,0.9719798564910889,"The batik fabric features the buketan motif, characterized by a black background and pink, purple, white, and green motifs. The dominant floral elements include roses and other blossoms, depicted in various shades of pink and purple, with green leaves and stems. Small dots and short lines are interspersed among the larger motifs, adding texture and detail. These elements repeat consistently throughout the fabric, creating a harmonious pattern. The motifs are arranged symmetrically along both sides of the fabric, with some overlapping designs towards the center, forming a balanced and intricate design.

Traditionally, the Buketan motif symbolizes joy, beauty, purity, and feminine grace.","The batik fabric features the buketan motif, characterized by a black background and pink, purple, and white motifs. The dominant motifs include stylized flowers and leaves, arranged in a repeating pattern along the length of the fabric. The flowers have rounded petals and are connected by green stems and leaves, creating a continuous flow from one end to the other. Small dots and short lines are interspersed between the larger motifs, adding texture and detail to the design. The motifs are evenly spaced and aligned vertically, maintaining a symmetrical appearance throughout the fabric.

Traditionally, the Buketan motif symbolizes joy, beauty, purity, and feminine grace.","joy, beauty, purity, feminine grace, cheerfulness",hard
/mnt/extended-home/dzakaaufa/dataset/all_images_captioning/liong28.jpeg,liong,liong,0.9906604886054993,"The batik fabric features the liong motif, characterized by a deep red background and vibrant blue, yellow, pink, white, and black motifs. The dominant motifs include stylized dragons with flowing tails and intricate scales, along with floral elements featuring large central petals surrounded by smaller leaves. These motifs are interspersed with small decorative elements such as dots and short lines, which add texture and detail to the design. The motifs repeat consistently throughout the fabric, arranged in a symmetrical pattern that creates a balanced and harmonious overall layout.

Traditionally, the Liong motif symbolizes divine power, protection, and enduring prosperity.","The batik fabric features the liong motif, characterized by a deep red background and vibrant blue, yellow, pink, and white motifs. The dominant motifs include stylized dragons with flowing bodies and intricate scales, intertwined in dynamic poses. Floral elements, such as blossoms and leaves, complement these dragons, adding a sense of balance and harmony. Small dots and short lines are interspersed throughout the design, enhancing the texture and detail of the batik. The motifs are arranged symmetrically along the edges of the fabric, creating a balanced composition. The central area showcases repeated patterns of dragons and flowers, ensuring a cohesive and visually engaging overall layout.

In Sino-Javanese tradition, the Liong motif represents celestial strength, protection from misfortune, and the blessing of abundance.","divine power, protection, prosperity, celestial benevolence",hard
/mnt/extended-home/dzakaaufa/dataset/all_images_captioning/wirasat57.jpg,wirasat,wirasat,0.9873133301734924,"The batik fabric features the wirasat motif, characterized by a dark blue background and gold motifs. The dominant motifs include stylized floral elements resembling lotus flowers, arranged symmetrically around central star-like patterns. These floral elements have intricate petal-like structures outlined in gold against the dark blue backdrop. Small decorative elements such as small dots and short lines are interspersed between the larger motifs, adding texture and detail. The overall layout follows a repeating pattern where each section contains a similar design but varies slightly in placement and orientation, creating a harmonious yet dynamic composition across the entire fabric.

Traditionally, the Wirasat motif symbolizes the fulfilment of wholesome wishes, elevated standing, and life's sufficiency.","The batik fabric features the wirasat motif, characterized by a dark blue background and orange motifs. The dominant motifs include stylized floral elements resembling lotus flowers, each composed of multiple petals arranged symmetrically around a central point. These lotus flowers are interconnected by intricate patterns of small dots and short lines, creating a sense of movement and continuity throughout the design. The motifs repeat in a grid-like pattern, with some larger, more complex lotus flowers positioned at the intersections of these grids, while smaller, simpler motifs fill the spaces between them. The overall layout is symmetrical, with the larger lotus flowers serving as focal points within the repeating structure.

In Javanese tradition, the Wirasat motif represents the parental blessing for a new household — prosperity, dignity, and answered prayers.","fulfilment of wishes, elevated standing, sufficiency, parental blessing",hard
/mnt/extended-home/dzakaaufa/dataset/all_images_captioning/Data 25 Batik Soendari (Teratai Sekartaji 3 Dimensi).jpg,Malang,malang,0.9803861975669861,"The batik fabric features the malang motif, characterized by turquoise blue, white motifs. The dominant motifs include mask, flora. The motifs are arranged in a simetris pattern across the fabric, creating a harmonious and balanced composition.

Raising the Malangan mask as a typical art from Malang City which is known throughout Indonesia. There are 5 types of masks used in Malangan performances namely Bapang, Sekartaji, Raja, Dewi and Putri.","The batik fabric features the Malang motif, characterized by dark blue motifs. The dominant motifs include rain tree and sekartaji mask. The motifs are arranged in a geometric pattern across the fabric, creating a harmonious and balanced composition.

The symbol of a wise woman combined with the lotus. Generally it is a headdress for Sekartaji masks",,hard
/mnt/extended-home/dzakaaufa/dataset/all_images_captioning/wirasat114.jpg,wirasat,wirasat,0.9909191131591797,"The batik fabric features the wirasat motif, characterized by a dark brown background and light beige motifs. The dominant motifs include diamond-shaped patterns with intricate designs at their centers, resembling stylized flowers or abstract ornaments. These diamonds are interspersed with smaller circular patterns filled with small dots, creating a sense of depth and texture. The motifs repeat symmetrically across the fabric, arranged in a grid-like pattern but with slight variations in orientation and spacing, adding complexity to the overall design.

Traditionally, the Wirasat motif symbolizes the fulfilment of wholesome wishes, elevated standing, and life's sufficiency.","The batik fabric features the wirasat motif, characterized by a dark brown background and light beige motifs. The dominant motifs include diamond-shaped patterns with intricate designs at their centers, resembling stylized flowers or abstract ornaments. These diamonds are arranged in a grid-like pattern across the fabric, creating a symmetrical and repetitive design. Small dots and short lines are interspersed within the larger motifs, adding texture and detail. The overall layout follows a structured, orderly arrangement, emphasizing balance and harmony through the consistent placement of these elements.

In Javanese tradition, the Wirasat motif represents the parental blessing for a new household — prosperity, dignity, and answered prayers.","fulfilment of wishes, elevated standing, sufficiency, parental blessing",hard
/mnt/extended-home/dzakaaufa/dataset/all_images_captioning/wahyu_tumurun8.jpg,wahyu_tumurun,wahyu_tumurun,0.9575636386871338,"The batik fabric features the wahyu_tumurun motif, characterized by a black background and gold motifs. The dominant motifs include stylized birds with outstretched wings, intricate floral elements resembling lotus flowers, and swirling vines connecting various parts of the design. These motifs are interspersed with small dots and short lines, which serve as isen-isen elements, adding texture and detail to the overall pattern. The motifs repeat consistently throughout the fabric, arranged in a symmetrical manner, creating a balanced and harmonious layout.

nan","The batik fabric features the wahyu_tumurun motif, characterized by a dark navy blue background and orange motifs. The dominant motifs include stylized birds with outstretched wings, intertwined vines, and floral elements such as leaves and petals. These motifs are arranged in a repetitive pattern across the fabric, creating a symmetrical design. The birds are positioned facing each other, forming pairs within the swirling vine patterns. Small dots and short lines are interspersed between the larger motifs, adding texture and detail to the overall composition.

The philosophical meaning of the Wahyu Tumurun motif reflects divine grace, spiritual guidance, and noble aspiration.","divine grace, spiritual guidance, noble aspiration, heavenly blessing",hard
/mnt/extended-home/dzakaaufa/dataset/all_images_captioning/sekarjagad146.jpg,sekarjagad,sekarjagad,0.9980227947235107,"The batik fabric features the sekarjagad motif, characterized by a green background and white, blue, brown, and beige motifs. The dominant motifs include stylized flowers and leaves arranged in a repeating pattern. These floral elements have intricate petal-like structures and are interspersed with small, symmetrical leaf shapes. The motifs are outlined in brown, adding definition against the lighter backgrounds. There are no visible isen-isen elements such as small dots or short lines within these larger patterns. The motifs repeat consistently throughout the fabric, creating a harmonious and balanced design. The overall layout appears symmetrical, with each section mirroring the next, ensuring a cohesive and visually pleasing composition.

Traditionally, the Sekarjagad motif symbolizes the beauty of diversity, universal harmony, and joyful coexistence.","The batik fabric features the sekarjagad motif, characterized by a greenish-brown background and blue, white, and brown motifs. The dominant motifs include star-shaped elements with intricate floral designs at their centers. These stars are arranged in a repeating pattern across the fabric, creating a symmetrical and balanced layout. The motifs are spaced evenly apart, ensuring uniformity throughout the design. The small dots and short lines within the motifs add texture and detail, enhancing the overall aesthetic of the batik.

Traditionally, the Sekarjagad motif symbolizes the beauty of diversity, universal harmony, and joyful coexistence.","beauty of diversity, universal harmony, radiance, coexistence",hard
/mnt/extended-home/dzakaaufa/dataset/all_images_captioning/betawi49.jpg,betawi,betawi,0.9979900121688843,"The batik fabric features the betawi motif, characterized by a blue background and red, green, white, yellow, black, and orange motifs. The dominant motifs include stylized figures resembling Betawi people adorned in traditional attire, along with decorative elements such as fireworks, balloons, and ornate carriages. These motifs are interspersed with smaller floral patterns and geometric designs. The small dots and short lines act as fillers between larger motifs, adding texture and detail. The motifs are arranged symmetrically around the central figure, creating a balanced composition. The overall layout includes repeated patterns on both sides, ensuring a harmonious and cohesive design throughout the fabric.

Traditionally, the Betawi motif symbolizes multicultural openness, communal harmony, and joyful cultural identity.","The batik fabric features the betawi motif, characterized by a bright blue background and vibrant red, green, yellow, and white motifs. The dominant motifs include stylized figures resembling traditional Betawi dancers adorned with headdresses, surrounded by decorative elements such as flowers, balloons, and geometric patterns. These figures are interspersed with small, repeating motifs like stars, circles, and floral designs. The fabric displays a symmetrical arrangement with repeated patterns along both vertical and horizontal axes, creating a balanced and harmonious composition. The edges feature ornate borders with additional floral and geometric designs, enhancing the overall aesthetic appeal of the piece.

Traditionally, the Betawi motif symbolizes multicultural openness, communal harmony, and joyful cultural identity.","multicultural openness, communal harmony, joyful identity, cultural pride",hard
/mnt/extended-home/dzakaaufa/dataset/all_images_captioning/sidomulyo64.jpg,sidomulyo,sidomulyo,0.9729278087615967,"The batik fabric features the sidomulyo motif, characterized by a cream-colored background and brown and blue motifs. The dominant motifs include stylized leaves, flowers, and geometric shapes such as diamonds and squares. These motifs are intricately interwoven within a grid-like pattern formed by intersecting lines. Small dots and short lines act as isen-isen elements, adding texture and detail between larger motifs. The motifs repeat consistently throughout the fabric, arranged symmetrically around central diamond-shaped units, creating a balanced and harmonious design.

Traditionally, the Sidomulyo motif symbolizes glory, enduring honour, and a life of inner mastery.","The batik fabric features the sidomulyo motif, characterized by a cream-colored background and brown, blue, and black motifs. The dominant motifs include stylized leaves, flowers, and geometric shapes such as diamonds and squares. These elements are intricately interwoven within a grid-like pattern created by intersecting horizontal and vertical lines. Small dots and short lines act as isen-isen elements, adding texture and detail between larger motifs. The motifs repeat consistently throughout the fabric, arranged symmetrically along the grid lines, creating a balanced and harmonious design.

The philosophical meaning of the Sidomulyo motif reflects glory, enduring honour, and the pursuit of a dignified life.","glory, enduring honour, inner mastery, dignified life",hard
/mnt/extended-home/dzakaaufa/dataset/all_images_captioning/tuntrum119.jpg,tuntrum,truntum,0.9643880724906921,"The batik fabric features the truntum motif, characterized by a dark brown background and white motifs. The dominant motifs consist of small, symmetrical flower-like shapes arranged in a grid pattern. These flowers have five petals each, creating a dense yet orderly design across the fabric. Small dots, known as isen-isens, are interspersed between the larger motifs, adding texture and detail to the overall pattern. The motifs repeat consistently throughout the fabric, maintaining uniformity in their placement and orientation.

Traditionally, the Truntum motif symbolizes purity of heart, self-mastery, and the balance of inner impulses.","The batik fabric features the tuntrum motif, characterized by a dark brown background and white motifs. The dominant motifs consist of small, symmetrical flower-like shapes arranged in a grid pattern. These flowers have five petals each, creating a uniform and repetitive design. Between these main motifs, there are smaller, lighter-colored dots scattered throughout, adding texture and depth to the overall pattern. The motifs are evenly spaced and aligned horizontally and vertically, forming a structured and balanced layout across the entire fabric surface.

The philosophical meaning of the Truntum motif reflects sincere love, quiet devotion, and renewal of affection through patience.","sincere love, devotion, renewal of affection, patience",hard
/mnt/extended-home/dzakaaufa/dataset/all_images_captioning/tujuh_rupa23.jpg,tujuh_rupa,tujuh_rupa,0.9710589051246643,"The batik fabric features the tujuh_rupa motif, characterized by a black background and vibrant motifs in shades of blue, green, orange, pink, and white. The dominant motifs include stylized leaves and flowers, some resembling lotus blossoms, with intricate petal-like structures. These motifs are arranged in a scattered pattern across the fabric, creating a dynamic and lively composition. Small dots and short lines act as isen-isen elements, adding texture and depth to the design. The motifs vary slightly in size and orientation but generally follow a symmetrical layout within each individual element.

nan","The batik fabric features the tujuh_rupa motif, characterized by a black background and vibrant motifs in shades of blue, green, pink, orange, and white. The dominant motifs include stylized leaves and flowers, with some resembling lotus blossoms. These motifs are intricately outlined in gold, creating a striking contrast against the dark background. Small dots and short lines are interspersed within the larger patterns, adding texture and detail. The motifs are arranged in a repetitive pattern, with each section containing multiple instances of the same design, creating a symmetrical and balanced composition. The overall layout follows a grid-like structure, ensuring uniformity throughout the fabric.

The philosophical meaning of the Tujuh Rupa motif reflects eloquence, adaptability, and the richness of peaceful cultural exchange.","eloquence, adaptability, cultural openness, peaceful diversity",hard
/mnt/extended-home/dzakaaufa/dataset/all_images_captioning/bokor_kencono9.jpg,bokor_kencono,bokor_kencono,0.9942947030067444,"The batik fabric features the bokor_kencono motif, characterized by a brown background and black and white motifs. The dominant motifs include stylized floral elements resembling lotus flowers, each enclosed within teardrop-shaped frames. These frames have intricate detailing around their edges, adding depth to the design. Small dots and short lines act as isen-isen elements, filling spaces between larger motifs and enhancing overall texture. The motifs repeat consistently across the fabric, arranged in a grid-like pattern with some variation in spacing and orientation, creating a balanced yet dynamic layout.

nan","The batik fabric features the bokor_kencono motif, characterized by a brown background and white and blue motifs. The dominant motifs include stylized floral elements resembling lotus flowers, each encased within teardrop-shaped frames. These frames have intricate detailing around their edges, adding depth to the design. Small dots and short lines, known as isen-isen, are interspersed between the larger motifs, enhancing the overall texture and complexity of the pattern. The motifs are arranged in a repetitive grid-like structure, creating a symmetrical and balanced layout across the fabric. Each frame containing a floral element is oriented uniformly, contributing to the cohesive appearance of the entire piece.

In Javanese culture, the Bokor Kencono motif represents noble character, inner wisdom, and commanding dignity.","dignity, wisdom, authority, noble character",hard
/mnt/extended-home/dzakaaufa/dataset/all_images_captioning/singa_barong73.jpg,singa_barong,singa_barong,0.9795229434967041,"The batik fabric features the singa_barong motif, characterized by a white background and gold and black motifs. The dominant motifs include two large golden dragons with intricate scales and detailed heads, positioned symmetrically on either side of a central cart-like structure adorned with wheels. The cart has a pointed roof decorated with small dots and short lines, resembling traditional Indonesian ornamentation. Above the cart, there are stylized umbrellas with similar decorative patterns. The overall composition includes additional smaller motifs such as trees, birds, and geometric shapes scattered throughout the design, creating a balanced and symmetrical layout.

nan","The batik fabric features the singa_barong motif, characterized by a white background and gold and black motifs. The dominant motifs include two large mythical creatures resembling dragons or serpents, each with multiple legs and wings, positioned symmetrically on either side of a central decorative element. These creatures have intricate scales and detailed heads adorned with horns or antlers. Between them, there is a stylized representation of a chariot with wheels, featuring ornate patterns and additional decorative elements such as leaves and branches. The overall composition includes small dots and short lines as isen-isen elements, adding texture and detail throughout the design. The motifs are arranged in a balanced manner, with the creatures flanking the central chariot, creating a symmetrical and harmonious layout.

The philosophical meaning of the Singa Barong motif reflects mythological power, elemental unity, and visionary leadership.","mythological power, elemental unity, visionary leadership, sacred authority",hard
/mnt/extended-home/dzakaaufa/dataset/all_images_captioning/srikaton145.jpg,srikaton,srikaton,0.9779940247535706,"The batik fabric features the srikaton motif, characterized by a dark blue background and white motifs. The dominant motifs include intricate floral elements such as lotus blossoms and leaves, arranged symmetrically around central star-like figures. These floral patterns are interspersed with smaller decorative elements resembling small flowers and abstract ornaments. The motifs repeat consistently throughout the fabric, creating a harmonious and balanced design. There are no visible isen-isen elements in the provided image.

Traditionally, the Srikaton motif symbolizes divine radiance, natural abundance, and resilient grace.","The batik fabric features the srikaton motif, characterized by a black background and white motifs. The dominant motifs include intricate floral elements such as petals, leaves, and buds, along with abstract ornamentation resembling paisley patterns. These motifs are interspersed with small dots and short lines, known as isen-isen, which add texture and detail to the design. The motifs repeat consistently throughout the fabric, arranged in a symmetrical pattern with a central focus on larger floral clusters surrounded by smaller decorative elements. The overall layout follows a structured grid-like arrangement, ensuring uniformity and balance within each section of the batik.

In Javanese tradition, the Srikaton motif represents visible grace, the flourishing of nature, and the strength to overcome adversity.","divine radiance, natural abundance, resilience, visible grace",hard
/mnt/extended-home/dzakaaufa/dataset/all_images_captioning/dayak20.jpg,dayak,dayak,0.995342493057251,"The batik fabric features the Dayak motif, characterized by a teal green background and black and white motifs. The dominant motifs include stylized octopus-like figures with intricate patterns on their bodies, arranged in a repeating pattern across the fabric. These motifs are interspersed with small dots and short lines, which act as isen-isen elements, adding texture and detail to the design. The motifs are oriented in various directions but maintain a sense of balance within each repeat unit. The overall layout shows a symmetrical arrangement, with motifs evenly distributed throughout the fabric.

Traditionally, the Dayak motif symbolizes courage, harmony with nature, and protective ancestral strength.","The batik fabric features the Dayak motif, characterized by a teal background and black and white motifs. The dominant motifs appear to be stylized floral elements, possibly resembling lotus flowers or similar blossoms, arranged in a scattered yet harmonious pattern across the fabric. These motifs are intricately detailed with swirling curves and petal-like structures. Small dots and short lines, known as isen-isen, are interspersed between the larger motifs, adding texture and depth to the design. The motifs repeat consistently throughout the fabric, creating a balanced and symmetrical layout that enhances the overall aesthetic appeal of the piece.

In Dayak culture, the Dayak motif represents bravery, reverence for nature, and the leadership that shelters the community.","courage, harmony with nature, protection, ancestral strength",hard
/mnt/extended-home/dzakaaufa/dataset/all_images_captioning/liong99.jpg,liong,liong,0.9890622496604919,"The batik fabric features the liong motif, characterized by a deep red background and white motifs. The dominant motifs include stylized dragons and clouds, depicted in intricate detail with flowing curves and dynamic poses. Small white dots and short lines act as isen-isen elements, adding texture and depth to the design. These motifs are arranged symmetrically across the fabric, with repeated patterns creating a cohesive and balanced composition.

Traditionally, the Liong motif symbolizes divine power, protection, and enduring prosperity.","The batik fabric features the liong motif, characterized by a deep red background and white motifs. The dominant motifs include stylized birds and cloud-like shapes, rendered in white against the red backdrop. The birds have elongated bodies and outstretched wings, while the clouds feature rounded, flowing forms. Small, evenly spaced white dots cover the entire surface of the fabric, serving as an isen-isen element. These dots create a uniform pattern throughout the design. The motifs appear scattered randomly but maintain a sense of balance due to their symmetrical placement within the overall composition.

The philosophical meaning of the Liong motif reflects divine power, protection, and the blessing of prosperity.","divine power, protection, prosperity, celestial benevolence",hard
/mnt/extended-home/dzakaaufa/dataset/all_images_captioning/tuntrum117.jpg,tuntrum,truntum,0.9343078136444092,"The batik fabric features the truntum motif, characterized by a dark gray background and light beige motifs. The dominant motifs consist of star-like patterns with radiating lines extending from their centers. These stars are interspersed with smaller circular designs and additional linear elements that form part of the overall pattern. Small dots and short lines act as isen-isen elements, filling spaces between larger motifs. The motifs repeat consistently throughout the fabric, arranged in a grid-like fashion with each element aligned symmetrically within its own square section. The entire design exhibits a high degree of uniformity and balance, creating a harmonious and intricate visual texture.

Traditionally, the Truntum motif symbolizes inner strength, resilience, and sacred connection with ancestral wisdom.","The batik fabric features the tuntrum motif, characterized by a dark gray background and light beige motifs. The dominant motifs consist of star-like shapes with intricate patterns radiating from their centers. These stars are arranged in a grid-like pattern, creating a sense of uniformity and balance. Small dots and short lines are interspersed between the larger motifs, adding texture and detail to the design. The motifs repeat consistently throughout the fabric, maintaining a symmetrical arrangement both horizontally and vertically.

The philosophical meaning of the Truntum motif reflects sincere love, quiet devotion, and renewal of affection through patience.","sincere love, devotion, renewal of affection, patience",hard
/mnt/extended-home/dzakaaufa/dataset/all_images_captioning/wahyu_tumurun113.jpg,wahyu_tumurun,wahyu_tumurun,0.9804906249046326,"The batik fabric features the wahyu_tumurun motif, characterized by a white background and dark blue motifs. The dominant motifs include stylized leaves, flowers, and abstract geometric shapes such as diamonds and circles. These motifs are interspersed with small dots and short lines, which act as isen-isen elements, adding texture and detail to the design. The motifs are arranged in a repetitive pattern across the fabric, creating a balanced and symmetrical layout. Each section of the fabric showcases a similar arrangement of motifs, ensuring uniformity throughout the piece.

nan","The batik fabric features the wahyu_tumurun motif, characterized by a white background and dark blue motifs. The dominant motifs include stylized leaves, flowers, and geometric shapes such as diamonds and stars. These elements are intricately intertwined, creating a complex yet harmonious pattern. Small dots and short lines act as isen-isen elements, adding texture and detail to the design. The motifs repeat consistently throughout the fabric, arranged in a grid-like fashion but with slight variations in orientation and spacing, ensuring a dynamic yet balanced overall layout.

In Javanese royal tradition, the Wahyu Tumurun motif represents the descent of divine favour, noble ambition, and spiritual guidance.","divine grace, spiritual guidance, noble aspiration, heavenly blessing",hard
/mnt/extended-home/dzakaaufa/dataset/all_images_captioning/sidoluhur143.jpg,sidoluhur,sidoluhur,0.9961430430412292,"The batik fabric features the sidoluhur motif, characterized by a black background and gold motifs. The dominant motifs include stylized leaves and abstract geometric forms, often resembling flowers or ornate patterns. These motifs are intricately detailed with small dots and short lines, adding texture and depth to the design. The motifs repeat consistently throughout the fabric, arranged in a symmetrical pattern with some variation in size and orientation. The overall layout follows a structured grid-like arrangement, ensuring uniformity while maintaining aesthetic appeal through subtle variations in placement and detail.

Traditionally, the Sidoluhur motif symbolizes noble character, moral elevation, and dignified exemplary conduct.","The batik fabric features the sidoluhur motif, characterized by a black background and gold motifs. The dominant motifs include stylized leaves and curved lines forming intricate patterns. These motifs are repeated throughout the fabric, creating a symmetrical design. The gold elements stand out against the dark background, enhancing the overall aesthetic appeal. There are no visible isen-isen elements in the provided image.

In Javanese tradition, the Sidoluhur motif represents the pursuit of virtue, dignified conduct, and the honour of righteous leadership.","noble character, moral elevation, dignity, exemplary conduct",hard
/mnt/extended-home/dzakaaufa/dataset/all_images_captioning/srikaton36.jpg,srikaton,srikaton,0.9474010467529297,"The batik fabric features the srikaton motif, characterized by a dark blue background and gold motifs. The dominant motifs include stylized leaves and flowers, each intricately detailed with small dots and short lines forming their petals and edges. These motifs repeat consistently throughout the fabric, arranged in a symmetrical pattern with some overlapping designs creating depth. The overall layout follows a grid-like structure, ensuring uniformity and balance within the design.

Traditionally, the Srikaton motif symbolizes divine radiance, natural abundance, and resilient grace.","The batik fabric features the srikaton motif, characterized by a dark blue background and gold motifs. The dominant motifs include stylized leaves and flowers, each intricately detailed with swirling curves and petal-like structures. These motifs are interspersed with small, delicate fillers resembling tiny flowers or buds, adding texture and depth to the design. The motifs repeat consistently throughout the fabric, arranged in a symmetrical pattern that creates a balanced and harmonious overall look. The orientation of the motifs varies slightly but generally follows a horizontal flow, enhancing the dynamic yet orderly appearance of the batik.

Traditionally, the Srikaton motif symbolizes divine radiance, natural abundance, and resilient grace.","divine radiance, natural abundance, resilience, visible grace",hard
/mnt/extended-home/dzakaaufa/dataset/all_images_captioning/parang48.jpg,parang,parang,0.9890081882476807,"The batik fabric features the parang motif, characterized by a black background and white motifs. The dominant motifs consist of elongated, rectangular shapes resembling stylized leaves or bones arranged horizontally across the fabric. These motifs repeat consistently throughout the design, creating a rhythmic pattern. There are no visible isen-isen elements such as small dots or short lines within these motifs. The arrangement follows a symmetrical layout, with each row of motifs mirroring those above and below it, ensuring balance and harmony in the overall composition.

Traditionally, the Parang motif symbolizes perseverance, courage, and continuity in life.","The batik fabric features the parang motif, characterized by a dark red background and white motifs. The dominant motifs consist of elongated, rectangular shapes resembling stylized leaves or blades, arranged horizontally across the fabric. These motifs repeat consistently throughout the design, creating a rhythmic pattern. There are no visible isen-isen elements such as small dots or short lines within the motifs themselves; instead, they are separated by the dark red background. The arrangement follows a symmetrical layout, with each row of motifs aligned perfectly above and below another, maintaining uniform spacing between them.

The philosophical meaning of the Parang motif reflects inner strength, persistence, and lifelong growth.","perseverance, courage, continuity, relentless self-improvement",hard
/mnt/extended-home/dzakaaufa/dataset/all_images_captioning/bokor_kencono120.jpg,bokor_kencono,bokor_kencono,0.9843308329582214,"The batik fabric features the bokor_kencono motif, characterized by a deep maroon background and white motifs. The dominant motifs include stylized floral elements resembling lotus flowers, each surrounded by intricate petal-like patterns. These central motifs are interspersed with smaller decorative elements such as leaves and abstract ornaments. The small dots and short lines within these larger motifs add texture and detail, enhancing the overall complexity of the design. The motifs repeat consistently throughout the fabric, arranged in a grid-like pattern but with slight variations in orientation and spacing, creating a dynamic yet harmonious layout.

nan","The batik fabric features the bokor_kencono motif, characterized by a deep maroon background and white motifs. The dominant motifs include stylized flowers and leaves, arranged symmetrically around central diamond-shaped frames. These frames contain intricate floral designs with detailed petals and ornate centers. The motifs repeat consistently throughout the fabric, creating a harmonious pattern. Small dots and short lines act as isen-isen elements, filling spaces between larger motifs and adding texture to the design. The overall layout follows a grid-like structure, ensuring uniformity and balance across the entire piece.

In Javanese culture, the Bokor Kencono motif represents noble character, inner wisdom, and commanding dignity.","dignity, wisdom, authority, noble character",hard
/mnt/extended-home/dzakaaufa/dataset/all_images_captioning/tuntrum110.jpg,tuntrum,truntum,0.9684627056121826,"The batik fabric features the truntum motif, characterized by a dark brown background and white motifs. The dominant motifs consist of small, symmetrical flower-like shapes arranged in a grid pattern. These flowers have five petals each, creating a dense yet orderly design across the fabric. Small dots, known as isen-isen, are interspersed between the larger motifs, adding texture and detail to the overall pattern. The motifs repeat consistently throughout the fabric, maintaining uniformity in their placement and orientation.

Traditionally, the Truntum motif symbolizes inner purity, self-mastery, and moral balance in life.","The batik fabric features the tuntrum motif, characterized by a dark brown background and white motifs. The dominant motifs consist of small, symmetrical flower-like shapes arranged in a grid pattern. These flowers have five petals each, creating a uniform and repetitive design across the fabric. There are no visible isen-isen elements such as small dots or short lines within the motifs themselves; instead, they are separated by the dark brown background. The arrangement follows a strict horizontal and vertical alignment, ensuring symmetry and balance throughout the entire piece.

Traditionally, the Truntum motif symbolizes sincere love, quiet devotion, and the renewal of affection.","sincere love, devotion, renewal of affection, patience",hard
/mnt/extended-home/dzakaaufa/dataset/all_images_captioning/wahyu_tumurun6.jpg,wahyu_tumurun,wahyu_tumurun,0.9144096970558167,"The batik fabric features the wahyu_tumurun motif, characterized by a white background and dark blue motifs. The dominant motifs include stylized leaves, flowers, and abstract geometric shapes such as triangles and diamonds. These motifs are interspersed with small dots and short lines, which act as isen-isen elements, adding texture and detail to the design. The motifs repeat consistently throughout the fabric, arranged in a symmetrical pattern with some variation in size and orientation. The overall layout follows a structured grid-like arrangement, ensuring uniformity while maintaining aesthetic appeal through subtle variations in placement and spacing.

nan","The batik fabric features the wahyu_tumurun motif, characterized by a white background and dark blue motifs. The dominant motifs include stylized leaves, flowers, and abstract ornaments, which are intricately arranged throughout the fabric. These motifs are interspersed with small dots and short lines, known as isen-isen, adding texture and detail to the design. The motifs repeat consistently across the fabric, creating a symmetrical pattern that extends uniformly from edge to edge. The overall layout follows a structured grid-like arrangement, ensuring a balanced and harmonious composition.

Traditionally, the Wahyu Tumurun motif symbolizes divine grace, spiritual guidance, and noble aspiration.","divine grace, spiritual guidance, noble aspiration, heavenly blessing",hard
/mnt/extended-home/dzakaaufa/dataset/all_images_captioning/sidomulyo11.jpg,sidomulyo,sidomulyo,0.9498597979545593,"The batik fabric features the sidomulyo motif, characterized by a white background and brown motifs. The dominant motifs include stylized flowers, leaves, and geometric shapes such as diamonds and rectangles. These motifs are interspersed with small blue dots and short lines, which act as isen-isen elements. The motifs repeat symmetrically along both horizontal and vertical axes, creating a balanced and intricate pattern across the entire fabric.

Traditionally, the Sidomulyo motif symbolizes glory, enduring honour, and a life of inner mastery.","The batik fabric features the sidomulyo motif, characterized by a white background and brown motifs. The dominant motifs include stylized flowers and geometric shapes, such as crosses and diamond patterns. These motifs are interspersed with small decorative elements resembling leaves and other ornamental designs. The motifs repeat consistently across the fabric, arranged in a grid-like pattern with equal spacing between them. The overall layout shows a high degree of symmetry, with each section mirroring the adjacent sections both horizontally and vertically.

Traditionally, the Sidomulyo motif symbolizes glory, enduring honour, and a life of inner mastery.","glory, enduring honour, inner mastery, dignified life",hard
/mnt/extended-home/dzakaaufa/dataset/all_images_captioning/sidoluhur73.jpg,sidoluhur,sidoluhur,0.84876948595047,"The batik fabric features the sidoluhur motif, characterized by a dark brown background and orange motifs. The dominant motifs include stylized leaves and flowers arranged symmetrically around central star-like patterns. These floral elements have intricate petal-like structures and are connected by small, interconnected lines forming a network throughout the design. The motifs repeat consistently across the fabric, creating a harmonious and balanced pattern. The overall layout follows a grid-like structure, ensuring uniformity and symmetry in the placement of each element.

Traditionally, the Sidoluhur motif symbolizes noble character, moral elevation, and dignified exemplary conduct.","The batik fabric features the sidoluhur motif, characterized by a dark brown background and vibrant orange motifs. The dominant motifs include stylized leaves and flowers arranged symmetrically around central floral clusters. These floral elements are interconnected by intricate, flowing curves and small, delicate dots that act as fillers between larger shapes. The motifs repeat consistently throughout the fabric, creating a harmonious pattern that extends seamlessly from edge to edge. The overall layout follows a balanced, symmetrical design, emphasizing the traditional aesthetic of the sidoluhur motif.

Traditionally, the Sidoluhur motif symbolizes noble character, moral elevation, and dignified exemplary conduct.","noble character, moral elevation, dignity, exemplary conduct",hard
/mnt/extended-home/dzakaaufa/dataset/all_images_captioning/jlamprang38.jpg,jlamprang,jlamprang,0.9852035045623779,"The batik fabric features the jlamprang motif, characterized by a golden-yellow background and red, green, blue, and teal motifs. The dominant motifs consist of circular designs resembling stylized flowers or snowflakes, each featuring radiating lines from a central point. Small dots and short lines act as isen-isen elements, filling the spaces between the larger motifs. These motifs are arranged symmetrically within circular frames, creating a repetitive pattern across the entire fabric. Each frame contains one large motif surrounded by smaller decorative elements, ensuring uniformity throughout the design.

Traditionally, the Jlamprang motif symbolizes cosmic balance, spiritual order, and sacred connection with the divine.","The batik fabric features the jlamprang motif, characterized by a golden-yellow background and red, blue, green, and teal motifs. The dominant motifs consist of circular shapes with intricate designs resembling stylized flowers or snowflakes, each featuring radiating lines and central star-like patterns. Small isen-isen elements such as dots and short lines are interspersed within these circles, adding texture and detail. The motifs are arranged symmetrically across the fabric, repeating in a grid-like pattern with equal spacing between them. Each circle is oriented uniformly, creating a cohesive and balanced overall design.

Traditionally, the Jlamprang motif symbolizes cosmic balance, spiritual order, and sacred connection with the divine.","cosmic balance, spiritual order, sacred connection, divine harmony",hard
/mnt/extended-home/dzakaaufa/dataset/all_images_captioning/betawi143.jpg,betawi,betawi,0.9672368168830872,"The batik fabric features the betawi motif, characterized by a black background and red, yellow, white, and gold motifs. The dominant motifs include triangular patterns arranged in rows, each row alternating between red and yellow triangles pointing upwards and downwards. Within these triangles, there are smaller floral designs in white and gold. Small white dots and short lines act as isen-isen elements, filling the spaces between the larger motifs. These motifs repeat consistently across the fabric, creating a symmetrical pattern that extends horizontally along the length of the material.

Traditionally, the Betawi motif symbolizes multicultural openness, communal harmony, and joyful cultural identity.","The batik fabric features the betawi motif, characterized by a black background and vibrant red, yellow, and white motifs. The dominant motifs include stylized triangles arranged in rows, each containing intricate patterns such as floral designs and small animal figures. These triangles alternate with smaller, repeating diamond-shaped elements filled with similar detailed patterns. The fabric displays a symmetrical arrangement where the motifs repeat consistently along the length of the material, creating a balanced and harmonious design. There are no visible isen-isen elements like small dots or short lines within the motifs themselves; instead, the focus remains on the larger, more complex patterns.

Traditionally, the Betawi motif symbolizes multicultural openness, communal harmony, and joyful cultural identity.","multicultural openness, communal harmony, joyful identity, cultural pride",hard
/mnt/extended-home/dzakaaufa/dataset/all_images_captioning/sidoluhur2.jpg,sidoluhur,sidoluhur,0.9946098327636719,"The batik fabric features the sidoluhur motif, characterized by a dark blue background and orange motifs. The dominant motifs include stylized leaves, flowers, and geometric shapes such as diamonds and ovals. These motifs are arranged in a repeating pattern across the fabric, creating a symmetrical design. Small dots and short lines act as isen-isen elements, filling spaces between larger motifs. The overall layout follows a grid-like structure, ensuring uniformity and balance throughout the piece.

Traditionally, the Sidoluhur motif symbolizes noble character, moral elevation, and dignified exemplary conduct.","The batik fabric features the sidoluhur motif, characterized by a dark blue background and golden motifs. The dominant motifs include stylized leaves and flowers arranged in a repeating pattern. These motifs are interconnected by intricate, swirling lines forming a lattice-like structure. Small dots and short lines act as isen-isen elements, filling gaps between larger motifs. The arrangement follows a symmetrical design, with motifs evenly spaced and oriented consistently throughout the fabric.

In Javanese tradition, the Sidoluhur motif represents the pursuit of virtue, dignified conduct, and the honour of righteous leadership.","noble character, moral elevation, dignity, exemplary conduct",hard
/mnt/extended-home/dzakaaufa/dataset/all_images_captioning/Afiq Jaya_35241420061006_Bandeng Lele Teratai_2024_FAUNA_FLORA.jpg,Lamongan,lamongan,0.9393550753593445,"The batik fabric features the lamongan motif, characterized by black, moss green motifs. The dominant motifs include jasmine flower flora. The motifs are arranged in a non-geometric pattern across the fabric, creating a harmonious and balanced composition.

Inspired by jasmine flowers which grow abundantly around Lamongan City. Jasmine symbolizes purity, elegance and fragrance. This motif reflects the beauty of Indonesian culture, combining tradition, nature and modern creativity.","The batik fabric features the Lamongan motif, characterized by black, orange motifs. The dominant motifs include milkfish and catfish and lotus. The motifs are arranged in a non-geometric pattern across the fabric, creating a harmonious and balanced composition.

This batik is inspired by the aquatic life around Sendang Duwur, where milkfish and catfish are also a symbol of the balance of fresh and brackish water ecosystems. The lotus symbolizes steadfastness, because it is able to grow beautifully even in murky water. This illustrates the harmony between nature and the lives of coastal communities.",,hard
/mnt/extended-home/dzakaaufa/dataset/all_images_captioning/dayak127.jpg,dayak,dayak,0.9654076099395752,"The batik fabric features the Dayak motif, characterized by a dark brown background and vibrant orange motifs. The dominant motifs include intricate floral elements such as leaves and petals, arranged in swirling patterns reminiscent of vines or tendrils. These floral designs are interspersed with small, symmetrical geometric shapes resembling stars or rosettes. The motifs repeat consistently across the fabric, creating a harmonious and balanced design. The spacing between the motifs varies slightly but maintains a sense of rhythm throughout the piece. There are no visible isen-isen elements like small dots or short lines within these larger motifs.

Traditionally, the Dayak motif symbolizes courage, harmony with nature, and protective ancestral strength.","The batik fabric features the Dayak motif, characterized by a dark brown background and vibrant red and gold motifs. The dominant motifs include intricate swirling patterns resembling vines or leaves, which are repeated throughout the fabric. These motifs are interspersed with small, detailed floral elements and occasional geometric shapes. The isen-isen elements consist of fine, short lines and small dots, adding texture and depth to the design. The motifs are arranged symmetrically along the length of the fabric, creating a balanced and harmonious pattern.

The philosophical meaning of the Dayak motif reflects courage, harmony with nature, and the protective strength of ancestral wisdom.","courage, harmony with nature, protection, ancestral strength",hard
/mnt/extended-home/dzakaaufa/dataset/all_images_captioning/tribusono117.jpg,tribusono,tribusono,0.9772884249687195,"The batik fabric features the tribusono motif, characterized by a deep blue background and gold motifs. The dominant motifs include stylized flowers and leaves, arranged in a repeating pattern across the fabric. These floral elements feature intricate petal-like structures and swirling tendrils, creating a dynamic and flowing design. Small dots and short lines act as isen-isen elements, adding texture and detail between larger motifs. The motifs are evenly spaced and oriented consistently throughout the fabric, maintaining a symmetrical balance despite their organic form.

Traditionally, the Tribusono motif symbolizes regeneration, harmony, and the continuity of cultural values.","The batik fabric features the tribusono motif, characterized by a deep blue background and gold, orange, and light blue motifs. The dominant motifs include stylized flowers and leaves, often depicted with intricate petal patterns and swirling tendrils. These floral elements are interspersed with smaller, more abstract ornaments resembling small dots and elongated shapes. The motifs appear scattered yet evenly distributed across the fabric, creating a balanced and harmonious pattern. The arrangement shows a mix of vertical and horizontal orientations, with some motifs overlapping others, adding depth and complexity to the design.

In Surakarta batik tradition, the Tribusono motif represents the balance of physical, social, and spiritual dimensions of life.","regeneration, harmony, cultural continuity, ecological awareness",hard
/mnt/extended-home/dzakaaufa/dataset/all_images_captioning/betawi87.jpg,betawi,betawi,0.9952701926231384,"The batik fabric features the betawi motif, characterized by a black background and vibrant red, yellow, white, and gold motifs. The dominant motifs include stylized figures resembling Betawi people adorned in traditional attire, depicted in various poses such as standing or sitting. These figures are surrounded by intricate patterns like flowers, leaves, and geometric shapes. Small dots and short lines act as isen-isen elements, adding texture and detail throughout the design. The motifs are arranged symmetrically along both sides of the fabric, creating a balanced composition. Each panel showcases repeated patterns, ensuring uniformity while maintaining individuality through slight variations in figure positioning and accessory placement.

Traditionally, the Betawi motif symbolizes multicultural openness, communal harmony, and joyful cultural identity.","The batik fabric features the betawi motif, characterized by a black background and vibrant red, gold, and white motifs. The dominant motifs include stylized flowers and geometric patterns, such as triangles and diamond shapes, which repeat along the length of the fabric. Small dots and short lines act as isen-isen elements, adding texture and detail between larger motifs. The arrangement follows a symmetrical pattern, with motifs aligned vertically and horizontally, creating a balanced and harmonious design.

The philosophical meaning of the Betawi motif reflects multicultural openness, communal harmony, and joyful identity.","multicultural openness, communal harmony, joyful identity, cultural pride",hard
/mnt/extended-home/dzakaaufa/dataset/all_images_captioning/tuntrum44.jpg,tuntrum,truntum,0.9075355529785156,"The batik fabric features the truntum motif, characterized by a dark brown background and gold, white, and black motifs. The dominant motifs consist of stylized peacock-like figures with intricate feather patterns, featuring prominent eyes at their centers. These motifs are arranged symmetrically around the edges of the fabric, creating a balanced and repetitive pattern. Small dots and short lines act as isen-isen elements, filling the spaces between the larger motifs, adding texture and detail to the overall design.

Traditionally, the Truntum motif symbolizes glory, beauty, and noble character.","The batik fabric features the tuntrum motif, characterized by a brown background and orange, white, and blue motifs. The dominant motifs consist of stylized peacock feathers arranged symmetrically around central circular designs. These peacock feather motifs are repeated across the fabric, spaced evenly apart, creating a balanced and harmonious pattern. The small dots and short lines within the larger motifs add intricate detail but do not form a separate isen-isen element; they are part of the overall design. The layout follows a grid-like structure, ensuring uniformity and symmetry throughout the piece.

In Surakarta royal tradition, the Truntum motif represents unconditional love, the rekindling of affection, and parental guidance.","sincere love, devotion, renewal of affection, patience",hard
/mnt/extended-home/dzakaaufa/dataset/all_images_captioning/Data 28 Batik Tiepuk (Hutan Kota Trenggalek).jpg,Trenggalek,trenggalek,0.9915907382965088,"The batik fabric features the trenggalek motif, characterized by black, moss green motifs. The dominant motifs include bamboo tree flora. The motifs are arranged in a non-geometric pattern across the fabric, creating a harmonious and balanced composition.

Inspired by the dexterity of bamboo climbers who can scale vertical surfaces using only their hands and feet. This motif reflects flexibility, resourcefulness, and hard work.","The batik fabric features the Trenggalek motif, characterized by chocolate, moss green motifs. The dominant motifs include plant flora..., forest, mountain and man. The motifs are arranged in a non-geometric pattern across the fabric, creating a harmonious and balanced composition.

inspired by the forests of Trenggalek City, it depicts the beauty of nature through motifs of shady trees and leaves. Natural patterns reflect ecosystem balance, hope for environmental sustainability, and harmony between humans and nature in urban life.",,hard
/mnt/extended-home/dzakaaufa/dataset/all_images_captioning/bokor_kencono69.jpg,bokor_kencono,bokor_kencono,0.930176317691803,"The batik fabric features the bokor_kencono motif, characterized by a golden-yellow background and intricate black and gold motifs. The dominant motifs include stylized leaves and floral elements, arranged symmetrically around central circular patterns. These motifs repeat consistently throughout the fabric, creating a harmonious and balanced design. Small dots and short lines act as isen-isen elements, adding texture and detail between larger motifs. The overall layout follows a grid-like pattern, ensuring uniformity and symmetry across the entire piece.

nan","The batik fabric features the bokor_kencono motif, characterized by a dark orange background and gold motifs. The dominant motifs include stylized leaves and floral elements, arranged symmetrically around central circular designs. These motifs are repeated throughout the fabric, creating a harmonious pattern. Small dots and short lines act as isen-isen elements, filling spaces between larger motifs and adding texture to the design. The overall layout follows a grid-like structure, ensuring uniformity and balance across the entire piece.

The philosophical meaning of the Bokor Kencono motif reflects dignity, wisdom, and the aspiration for lasting authority.","dignity, wisdom, authority, noble character",hard
/mnt/extended-home/dzakaaufa/dataset/all_images_captioning/sidomukti10.jpg,sidomukti,sidomukti,0.9458760023117065,"The batik fabric features the sidomukti motif, characterized by a golden-yellow background and dark brown motifs. The dominant motifs include stylized leaves and abstract geometric forms, arranged in a repeating pattern across the fabric. Small dots and short lines act as isen-isens, filling spaces between larger motifs. These elements create a dense yet balanced composition, with motifs oriented diagonally and repeated symmetrically throughout the design.

Traditionally, the Sidomukti motif symbolizes enduring happiness, fulfilment, and spiritual wholeness.","The batik fabric features the sidomukti motif, characterized by a vibrant orange background and intricate patterns in shades of brown, yellow, and blue. The dominant motifs include stylized leaves and petal-like shapes, arranged in a repeating pattern across the fabric. These motifs are interspersed with small dots and short lines, creating a sense of depth and texture. The arrangement follows a symmetrical design, with motifs aligned vertically and horizontally, forming a grid-like structure. The overall layout emphasizes balance and harmony through its repetitive and structured composition.

In Surakarta court tradition, the Sidomukti motif represents prosperity, inner contentment, and the blessing of a flourishing life.","enduring happiness, fulfilment, prosperity, spiritual wholeness",hard
/mnt/extended-home/dzakaaufa/dataset/all_images_captioning/sekarjagad150.jpg,sekarjagad,sekarjagad,0.9993983507156372,"The batik fabric features the sekarjagad motif, characterized by a black background and pink motifs. The dominant motifs include stylized flowers and leaves, arranged in a repeating pattern across the fabric. These floral elements feature intricate petal-like structures and leafy appendages, creating a dense yet balanced composition. Small white dots and short lines act as isen-isen elements, adding texture and detail between larger motifs. The motifs are evenly spaced and oriented consistently throughout the design, maintaining a symmetrical balance within each repeat unit.

Traditionally, the Sekarjagad motif symbolizes the beauty of diversity, universal harmony, and joyful coexistence.","The batik fabric features the sekarjagad motif, characterized by a black background and pink motifs. The dominant motifs include stylized flowers and leaves, predominantly in shades of pink, with some white accents. These floral elements have intricate petal patterns and are arranged in a scattered yet balanced manner across the fabric. Small white dots and short lines act as isen-isen elements, adding texture and detail between the larger motifs. The overall arrangement shows a mix of vertical and horizontal orientations, creating a dynamic and visually engaging pattern.

In Javanese culture, the Sekarjagad motif represents the celebration of diversity, universal harmony, and the wish to radiate goodness.","beauty of diversity, universal harmony, radiance, coexistence",hard
/mnt/extended-home/dzakaaufa/dataset/all_images_captioning/sidoluhur127.jpg,sidoluhur,sidoluhur,0.9898170232772827,"The batik fabric features the sidoluhur motif, characterized by a dark blue background and orange motifs. The dominant motifs include stylized floral elements resembling lotus flowers, each composed of multiple petal-like shapes arranged symmetrically around a central point. These floral motifs are interconnected through intricate curving lines forming a complex network throughout the fabric. Small white dots are interspersed within some of the larger motifs, adding detail to the design. The motifs repeat consistently across the fabric, creating a harmonious pattern with balanced spacing and alignment.

Traditionally, the Sidoluhur motif symbolizes noble character, moral elevation, and dignified exemplary conduct.","The batik fabric features the sidoluhur motif, characterized by a dark blue background and vibrant orange motifs. The dominant motifs consist of intricate floral elements, including petals and leaves, arranged symmetrically around central star-like figures. These floral patterns repeat consistently throughout the fabric, creating a harmonious and balanced design. Small dots and short lines act as isen-isen elements, adding texture and detail to the overall pattern. The motifs are evenly spaced and oriented in a radial manner from the center outwards, enhancing the symmetrical appearance of the batik.

The philosophical meaning of the Sidoluhur motif reflects noble character, moral elevation, and the aspiration for dignified conduct.","noble character, moral elevation, dignity, exemplary conduct",hard
/mnt/extended-home/dzakaaufa/dataset/all_images_captioning/buketan11.jpg,buketan,buketan,0.9914360642433167,"The batik fabric features the buketan motif, characterized by a black background and vibrant floral motifs in shades of pink, purple, yellow, green, and white. The dominant motifs include large roses and smaller blossoms arranged in clusters. These floral elements have detailed petal patterns and are interspersed with leaves and stems. There are no visible isen-isen elements such as small dots or short lines within the design. The motifs are arranged symmetrically around the center of the fabric, creating a balanced composition.

Traditionally, the Buketan motif symbolizes joy, beauty, purity, and feminine grace.","The batik fabric features the buketan motif, characterized by a black background and vibrant floral motifs. The dominant motifs include large roses in shades of pink, purple, and yellow, surrounded by smaller blossoms and green leaves. The flowers are arranged in a dense cluster, creating a full and lush bouquet effect. There are no visible isen-isen elements such as small dots or short lines within the floral design. The motifs are closely packed together, forming a symmetrical pattern that repeats across the fabric, with the larger flowers positioned centrally and the smaller blossoms filling the spaces around them.

Traditionally, the Buketan motif symbolizes joy, beauty, purity, and feminine grace.","joy, beauty, purity, feminine grace, cheerfulness",hard
/mnt/extended-home/dzakaaufa/dataset/all_images_captioning/tujuh_rupa121.jpg,tujuh_rupa,tujuh_rupa,0.9872907996177673,"The batik fabric features the tujuh_rupa motif, characterized by a black background and vibrant blue, green, pink, and beige motifs. The dominant motifs include stylized flowers with large petals in shades of blue and green, interspersed with smaller pink and beige blossoms. These floral elements have intricate petal patterns and are outlined in white, creating a striking contrast against the dark backdrop. Small dots and short lines, known as isen-isen, are scattered throughout the design, adding texture and detail. The motifs are arranged in a seemingly random yet harmonious pattern, with some overlapping and others spaced apart, creating a dynamic and visually engaging composition.

nan","The batik fabric features the tujuh_rupa motif, characterized by a black background and vibrant blue, green, pink, and beige motifs. The dominant motifs include stylized flowers with large petals and intricate leaves, arranged in a scattered yet harmonious pattern across the fabric. Small white dots and short lines act as isen-isen elements, adding texture and depth to the design. The motifs vary slightly in size and orientation but maintain a cohesive flow throughout the piece, creating a balanced and visually engaging composition.

Traditionally, the Tujuh Rupa motif symbolizes eloquence, adaptability, and peaceful cultural diversity.","eloquence, adaptability, cultural openness, peaceful diversity",hard
/mnt/extended-home/dzakaaufa/dataset/all_images_captioning/parang50.jpg,parang,parang,0.981350302696228,"The batik fabric features the parang motif, characterized by a dark purple background and gold motifs. The dominant motifs consist of elongated, flowing curves resembling stylized leaves or waves, arranged in parallel rows. These motifs curve upwards at both ends, creating a dynamic and repetitive pattern across the fabric. There are no visible isen-isen elements such as small dots or short lines within these motifs. The motifs are evenly spaced and aligned horizontally, forming a symmetrical and balanced design throughout the entire piece.

Traditionally, the Parang motif symbolizes perseverance, courage, and continuity in life.","The batik fabric features the parang motif, characterized by a dark purple background and gold motifs. The dominant motifs consist of elongated, flowing curves resembling leaves or feathers, arranged in parallel rows. These motifs are interspersed with small, short lines that act as isen-isen elements, adding texture and detail to the design. The motifs repeat consistently along the length of the fabric, creating a symmetrical pattern. The overall layout follows a linear arrangement, emphasizing the horizontal flow of the parang motif.

Traditionally, the Parang motif symbolizes perseverance, courage, and continuity in life.","perseverance, courage, continuity, relentless self-improvement",hard
/mnt/extended-home/dzakaaufa/dataset/all_images_captioning/kawung135.jpg,kawung,kawung,0.7290979027748108,"The batik fabric features the kawung motif, characterized by a dark brown background and white motifs outlined in gold. The dominant motifs consist of star-like shapes with six petals each, arranged symmetrically around central circular nodes. These star-shaped elements are interspersed with smaller, elongated oval shapes that form part of the overall pattern. Small dots and short lines act as isen-isen elements, filling spaces between larger motifs and enhancing the intricate design. The motifs repeat consistently throughout the fabric, creating a harmonious and balanced layout that spans the entire surface.

Traditionally, the Kawung motif symbolizes purity of heart, self-mastery, and the eternal cycle of human life.","The batik fabric features the kawung motif, characterized by a dark brown background and white motifs. The dominant motifs consist of symmetrical flower-like shapes with pointed petals arranged in a circular pattern around a central point. These flowers have additional smaller petal-like extensions on either side, creating a detailed and intricate design. Small dots and short lines are interspersed between the main motifs, adding texture and depth to the overall pattern. The motifs repeat consistently throughout the fabric, maintaining a uniform alignment both horizontally and vertically, ensuring a balanced and harmonious layout.

In Javanese royal culture, the Kawung motif represents moral integrity, inner balance, and the wisdom of knowing one's origins.","purity of heart, self-mastery, life cycle, moral balance",hard
/mnt/extended-home/dzakaaufa/dataset/all_images_captioning/tuntrum31.jpg,tuntrum,truntum,0.9255753755569458,"The batik fabric features the truntum motif, characterized by a black background and orange star-shaped motifs. The stars have white centers and are arranged in a grid-like pattern across the fabric. Small white dots are interspersed between the stars, adding texture and detail to the design. The motifs repeat consistently throughout the fabric, creating a symmetrical and balanced layout.

Traditionally, the Truntum motif symbolizes inner strength, resilience, and life's cyclical renewal.","The batik fabric features the tuntrum motif, characterized by a black background and orange motifs. The dominant motifs appear as star-like shapes arranged in a grid pattern. Small white dots are interspersed between the orange stars, serving as isen-isens. These stars repeat consistently throughout the fabric, creating a symmetrical and orderly design. The layout follows a structured grid, ensuring uniformity and balance across the entire piece.

The philosophical meaning of the Truntum motif reflects sincere love, quiet devotion, and renewal of affection through patience.","sincere love, devotion, renewal of affection, patience",hard
/mnt/extended-home/dzakaaufa/dataset/all_images_captioning/dayak44.jpg,dayak,dayak,0.9401928186416626,"The batik fabric features the Dayak motif, characterized by a white background and black, red, and gray motifs. The dominant motifs include stylized floral elements resembling lotus flowers, each adorned with small dots at their centers. These floral patterns are interspersed with abstract geometric forms and curved lines, creating a dynamic interplay between organic and linear designs. The motifs repeat consistently across the fabric, arranged in horizontal rows with varying orientations, ensuring a balanced yet intricate overall pattern. The spacing between the motifs varies slightly but maintains a harmonious rhythm throughout the design.

Traditionally, the Dayak motif symbolizes courage, harmony with nature, and protective ancestral strength.","The batik fabric features the Dayak motif, characterized by a white background and black, red, and gray motifs. The dominant motifs include stylized flowers and leaves, arranged symmetrically along the fabric's length. These floral elements are interspersed with small, intricate designs resembling small dots and short lines, which act as isen-isen elements, adding texture and detail to the overall pattern. The motifs repeat consistently across the fabric, maintaining a balanced and harmonious layout throughout the entire piece.

In Dayak culture, the Dayak motif represents bravery, reverence for nature, and the leadership that shelters the community.","courage, harmony with nature, protection, ancestral strength",hard
/mnt/extended-home/dzakaaufa/dataset/all_images_captioning/singa_barong17.jpg,singa_barong,singa_barong,0.9949213862419128,"The batik fabric features the singa_barong motif, characterized by a white background and black and gold motifs. The dominant motifs include stylized lions (singas), mythical creatures resembling dragons or barongs, and intricate floral patterns. These elements are depicted in bold, symmetrical designs, often overlapping each other. Small dots and short lines act as isen-isen elements, adding texture and detail to the overall pattern. The motifs repeat consistently throughout the fabric, arranged in a grid-like fashion with some variation in orientation but maintaining a balanced and harmonious layout.

nan","The batik fabric features the singa_barong motif, characterized by a white background and black and gold motifs. The dominant motifs include stylized lions (singa), birds, and ornate floral elements. The lions are depicted in dynamic poses, often with their mouths open, while the birds appear to be in flight or perched gracefully. The floral elements are intricate, featuring petal-like structures and swirling patterns. Small dots and short lines are interspersed throughout the design, adding texture and detail. The motifs are arranged symmetrically around central floral elements, creating a balanced and harmonious pattern. The overall layout follows a repeating grid, ensuring uniformity and continuity across the fabric.

The philosophical meaning of the Singa Barong motif reflects mythological power, elemental unity, and visionary leadership.","mythological power, elemental unity, visionary leadership, sacred authority",hard
/mnt/extended-home/dzakaaufa/dataset/all_images_captioning/sidomukti4.jpg,sidomukti,sidomukti,0.9814907312393188,"The batik fabric features the sidomukti motif, characterized by a beige background and dark brown motifs. The dominant motifs include stylized flowers and leaves arranged symmetrically around central star-like patterns. These floral elements have intricate petal-like structures and are connected by small, delicate lines forming a network throughout the fabric. The motifs repeat consistently across the entire surface, creating a harmonious and balanced design. The overall layout follows a grid-like pattern, ensuring uniformity and symmetry in the placement of each element.

Traditionally, the Sidomukti motif symbolizes enduring happiness, fulfilment, and spiritual wholeness.","The batik fabric features the sidomukti motif, characterized by a light beige background and dark brown motifs. The dominant motifs include stylized flowers and leaves, arranged symmetrically around central star-like shapes. These floral elements have intricate petal patterns and are connected by delicate, curved lines forming a network throughout the fabric. Small dots and short lines act as isen-isen elements, filling gaps between larger motifs and adding texture to the design. The motifs repeat consistently across the fabric, creating a harmonious and balanced pattern that spans vertically and horizontally.

The philosophical meaning of the Sidomukti motif reflects enduring happiness, fulfilment, prosperity, and spiritual wholeness.","enduring happiness, fulfilment, prosperity, spiritual wholeness",hard
/mnt/extended-home/dzakaaufa/dataset/all_images_captioning/kawung100.jpg,kawung,kawung,0.9953741431236267,"The batik fabric features the kawung motif, characterized by a white background and red and black motifs. The dominant motifs consist of circular patterns resembling flowers or leaves, arranged symmetrically within each square section. These squares are further divided into smaller sections containing additional decorative elements such as small dots and short lines, which act as isen-isen fillers between larger motifs. The overall pattern repeats consistently throughout the fabric, creating a harmonious and balanced design.

Traditionally, the Kawung motif symbolizes purity of heart, self-mastery, and the eternal cycle of human life.","The batik fabric features the kawung motif, characterized by a white background and red motifs. The dominant motifs consist of interconnected diamond shapes, each containing smaller circular patterns within them. These diamonds are arranged in a grid-like pattern across the fabric, creating a symmetrical design. The motifs repeat consistently throughout the piece, maintaining uniform spacing and alignment. There are no visible isen-isen elements such as small dots or short lines in the provided image.

The philosophical meaning of the Kawung motif reflects purity of heart, self-mastery, and moral balance in life.","purity of heart, self-mastery, life cycle, moral balance",hard
/mnt/extended-home/dzakaaufa/dataset/all_images_captioning/buketan23.jpg,buketan,buketan,0.9590685367584229,"The batik fabric features the buketan motif, characterized by a dark green background and vibrant floral motifs in shades of pink, blue, white, and yellow. The dominant motifs include large irises, smaller flowers like hydrangeas and daisies, and butterflies. These elements are arranged symmetrically around the central area, which showcases a dense cluster of irises and other blossoms. Small dots and short lines act as isen-isen elements, filling gaps between larger motifs and adding texture to the overall design.

Traditionally, the Buketan motif symbolizes joy, beauty, purity, and feminine grace.","The batik fabric features the buketan motif, characterized by a dark green background and vibrant pink, blue, white, and gold motifs. The dominant floral elements include large blossoms resembling irises and smaller scattered flowers, creating a lush bouquet effect. Butterflies are interspersed among the flowers, adding dynamic movement to the design. Small white dots and short lines act as isen-isen elements, enhancing the overall texture and detail. The motifs are arranged symmetrically around the edges of the fabric, with larger floral clusters concentrated towards the center, creating a balanced and harmonious composition.

The philosophical meaning of the Buketan motif reflects joy, natural beauty, purity, and graceful femininity.","joy, beauty, purity, feminine grace, cheerfulness",hard
/mnt/extended-home/dzakaaufa/dataset/all_images_captioning/Data 3 Batik Kantil (Topeng Kantil).jpg,Malang,malang,0.8014695048332214,"The batik fabric features the malang motif, characterized by purple motifs. The dominant motifs include mask, kawung, truntum and parang pattern. The motifs are arranged in a simetris pattern across the fabric, creating a harmonious and balanced composition.

Inspired when I saw a friend wearing a mask while on holiday in Yogyakarta. This experience combined with my interest in masks from various cultures around the world.","The batik fabric features the Malang motif, characterized by dark purple, white motifs. The dominant motifs include kantil mask. The motifs are arranged in a non-geometric pattern across the fabric, creating a harmonious and balanced composition.

Elevating typical Malang culture through the Kantil Mask as the main object. By highlighting its characteristic shape, color and meaning, this work aims to preserve and introduce the uniqueness of the Kantil Mask in local and global art and culture.",,hard
/mnt/extended-home/dzakaaufa/dataset/all_images_captioning/sidoluhur88.jpg,sidoluhur,sidoluhur,0.9879774451255798,"The batik fabric features the sidoluhur motif, characterized by a dark blue background and gold motifs. The dominant motifs include stylized flowers, leaves, and geometric shapes such as diamonds and ovals. These motifs are intricately arranged in a repeating pattern across the fabric, creating a symmetrical design. Small white dots and short lines act as isen-isen elements, adding texture and detail between larger motifs. The overall layout follows a structured grid-like arrangement, ensuring uniformity and balance throughout the piece.

Traditionally, the Sidoluhur motif symbolizes noble character, moral elevation, and dignified exemplary conduct.","The batik fabric features the sidoluhur motif, characterized by a dark blue background and gold motifs. The dominant motifs include stylized hands holding lotus flowers, geometric shapes like diamonds and rectangles, and small floral elements. The hands are intricately detailed with petal-like patterns inside them. The lotus flowers have layered petals and are surrounded by smaller decorative elements such as leaves and buds. The geometric shapes are outlined in gold and filled with small white dots, creating a sense of depth. The arrangement of motifs follows a repeating pattern across the fabric, with each diamond shape containing a central motif flanked by smaller elements on either side. The overall design exhibits a balanced symmetry, with motifs aligned vertically and horizontally, creating a harmonious and visually pleasing composition.

Traditionally, the Sidoluhur motif symbolizes noble character, moral elevation, and dignified exemplary conduct.","noble character, moral elevation, dignity, exemplary conduct",hard
/mnt/extended-home/dzakaaufa/dataset/all_images_captioning/mega_mendung48.jpg,mega_mendung,mega_mendung,0.9906402826309204,"The batik fabric features the mega_mendung motif, characterized by a dark blue background and light blue motifs. The dominant motifs consist of swirling cloud-like shapes, each outlined in white and filled with varying shades of light blue, creating a sense of depth and movement. These motifs are arranged in a repetitive pattern across the fabric, with some overlapping slightly but generally maintaining a consistent spacing between them. The overall layout appears symmetrical, with the motifs oriented horizontally and vertically, forming a grid-like structure. There are no visible isen-isen elements such as small dots or short lines within the motifs themselves; instead, the focus remains on the continuous flow and interplay of the swirling patterns against the contrasting background.

nan","The batik fabric features the mega_mendung motif, characterized by a dark blue background and light blue motifs. The dominant motifs consist of swirling, wave-like patterns resembling clouds or abstract leaves, with varying shades of light blue creating depth and contrast against the darker backdrop. These motifs are arranged in a repetitive pattern across the fabric, with some overlapping slightly but generally maintaining a consistent spacing. The overall layout appears symmetrical, with the motifs oriented in a way that creates a flowing, dynamic effect throughout the entire piece. There are no visible isen-isen elements such as small dots or short lines within the motifs themselves; instead, the focus remains on the continuous, fluid lines forming the cloud-like shapes.

The philosophical meaning of the Mega Mendung motif reflects patience, emotional calm, and spiritual serenity.","patience, emotional calm, spiritual serenity, divine protection",hard
/mnt/extended-home/dzakaaufa/dataset/all_images_captioning/singa_barong22.jpg,singa_barong,singa_barong,0.9817835688591003,"The batik fabric features the singa_barong motif, characterized by a white background and gold and black motifs. The dominant motifs include two large golden dragons with intricate scales and detailed heads, positioned symmetrically on either side of the fabric. These dragons are flanked by smaller birds and mythical creatures, which add dynamic movement to the design. The central area showcases a series of wheels and ornate patterns, creating a sense of balance and harmony. Small dots and short lines are interspersed throughout the fabric, enhancing the overall texture and depth of the design. The motifs repeat consistently along the length of the fabric, maintaining a symmetrical pattern that emphasizes the central theme of the singa_barong motif.

nan","The batik fabric features the singa_barong motif, characterized by a white background and gold and black motifs. The dominant motifs include stylized lions (singas), dragons (barongs), and intricate geometric patterns resembling wheels and ornamental designs. These motifs are depicted in a dynamic arrangement, with the lions and dragons facing each other, creating a sense of movement and balance. The gold and black colors contrast sharply against the white background, enhancing the vibrancy of the design. Small decorative elements such as small dots and short lines are interspersed throughout the fabric, adding texture and detail to the overall pattern. The motifs are arranged symmetrically around central axes, with some repeating elements forming a cohesive and harmonious composition across the entire piece.

In Cirebonese court culture, the Singa Barong motif represents sacred authority, the harmony of natural forces, and complete sovereignty.","mythological power, elemental unity, visionary leadership, sacred authority",hard
/mnt/extended-home/dzakaaufa/dataset/all_images_captioning/tribusono24.jpg,tribusono,tribusono,0.8905857801437378,"The batik fabric features the tribusono motif, characterized by a dark brown background and white motifs. The dominant motifs include stylized flowers, leaves, and star-like patterns. The flowers have intricate petal designs, while the leaves feature detailed veins. Small white stars are interspersed throughout the design, adding texture and contrast against the darker background. These elements repeat consistently across the fabric, creating a harmonious pattern. The motifs are arranged symmetrically, with some overlapping slightly for depth and complexity.

Traditionally, the Tribusono motif symbolizes regeneration, harmony, and the continuity of cultural values.","The batik fabric features the tribusono motif, characterized by a dark brown background and light blue, white, and beige motifs. The dominant motifs include stylized flowers, leaves, and star-like shapes. The flowers have intricate petal patterns, while the leaves feature elongated, pointed forms. Star-like shapes are scattered throughout, adding a geometric contrast. Small dots and short lines are interspersed among the larger motifs, serving as isen-isen elements. These smaller details are evenly distributed, enhancing the overall complexity of the design. The motifs are arranged in a repetitive pattern, creating a balanced and harmonious layout across the fabric.

The philosophical meaning of the Tribusono motif reflects regeneration, cultural harmony, and ecological awareness.","regeneration, harmony, cultural continuity, ecological awareness",hard
/mnt/extended-home/dzakaaufa/dataset/all_images_captioning/parang19.jpg,parang,parang,0.7238479256629944,"The batik fabric features the parang motif, characterized by a dark brown background and light beige motifs. The dominant motifs consist of elongated, wavy lines arranged diagonally across the fabric. These lines create a grid-like pattern, intersecting at regular intervals. Small dots are interspersed between these main motifs, adding texture and detail to the design. The motifs repeat consistently throughout the fabric, maintaining a symmetrical arrangement along both horizontal and vertical axes.

Traditionally, the Parang motif symbolizes perseverance, courage, and continuity in life.","The batik fabric features the parang motif, characterized by a dark brown background and light beige motifs. The dominant motifs consist of elongated, wavy lines arranged diagonally across the fabric. These lines form a grid-like pattern, creating a sense of rhythm and movement. Small, short lines act as isen-isen elements, filling the spaces between the larger motifs and adding texture to the design. The motifs repeat consistently throughout the fabric, maintaining a symmetrical arrangement that enhances the overall harmony of the piece.

In Javanese culture, the Parang motif represents determination, resilience, and steadfast commitment.","perseverance, courage, continuity, relentless self-improvement",hard
/mnt/extended-home/dzakaaufa/dataset/all_images_captioning/tribusono150.jpg,tribusono,tribusono,0.9651866555213928,"The batik fabric features the tribusono motif, characterized by a beige background and dark brown motifs. The dominant motifs include stylized flowers and leaves, with intricate swirling patterns forming the petals and stems. These floral elements are interspersed with small, detailed dots and short lines, which act as isen-isen elements, adding texture and depth to the design. The motifs repeat consistently throughout the fabric, arranged in a symmetrical pattern that creates a balanced and harmonious overall layout.

Traditionally, the Tribusono motif symbolizes regeneration, harmony, and the continuity of cultural values.","The batik fabric features the tribusono motif, characterized by a beige background and dark brown motifs. The dominant motifs include stylized flowers and leaves, with intricate swirling patterns forming the petals and stems. These floral elements are interspersed with small, delicate dots and short lines, which act as isen-isen elements, adding texture and depth to the design. The motifs are arranged in a repetitive pattern across the fabric, creating a harmonious balance between symmetry and variation. The overall layout follows a structured grid-like arrangement, ensuring uniformity while maintaining aesthetic appeal through the interplay of light and shadow created by the contrasting colors.

Traditionally, the Tribusono motif symbolizes regeneration, harmony, and the continuity of cultural values.","regeneration, harmony, cultural continuity, ecological awareness",hard
/mnt/extended-home/dzakaaufa/dataset/all_images_captioning/sekarjagad28.jpg,sekarjagad,sekarjagad,0.9978052973747253,"The batik fabric features the sekarjagad motif, characterized by a dark blue background and gold motifs. The dominant motifs include intricate floral elements such as lotus blossoms and leaves, arranged in a symmetrical pattern. These floral designs are interspersed with geometric forms like stars and diamond patterns. Small dots and short lines act as isen-isen elements, adding texture and detail between larger motifs. The motifs repeat consistently throughout the fabric, creating a harmonious and balanced design.

Traditionally, the Sekarjagad motif symbolizes the beauty of diversity, universal harmony, and joyful coexistence.","The batik fabric features the sekarjagad motif, characterized by a dark blue background and gold motifs. The dominant motifs include intricate floral elements such as lotus blossoms and leaves, arranged in a symmetrical pattern. These floral designs are interspersed with geometric shapes like stars and diamond patterns, creating a harmonious blend of organic and structured forms. Small dots and short lines act as isen-isen elements, adding texture and depth to the overall design. The motifs repeat consistently throughout the fabric, maintaining a balanced and orderly layout.

The philosophical meaning of the Sekarjagad motif reflects the beauty of diversity, universal harmony, and radiant coexistence.","beauty of diversity, universal harmony, radiance, coexistence",hard
/mnt/extended-home/dzakaaufa/dataset/all_images_captioning/sidoluhur50.jpg,sidoluhur,sidoluhur,0.988631546497345,"The batik fabric features the sidoluhur motif, characterized by a dark blue background and gold motifs. The dominant motifs include intricate floral elements such as leaves and petals arranged symmetrically around central nodes. These floral patterns form diamond-shaped clusters connected by curved lines, creating a lattice-like structure. Small black dots are interspersed within some of the larger motifs, adding depth and detail to the design. The motifs repeat consistently throughout the fabric, maintaining a balanced and harmonious layout.

Traditionally, the Sidoluhur motif symbolizes noble character, moral elevation, and dignified exemplary conduct.","The batik fabric features the sidoluhur motif, characterized by a dark blue background and gold motifs. The dominant motifs include intricate floral elements such as leaves and petals, arranged in a symmetrical pattern. These floral designs are connected by curved lines forming a lattice-like structure. Small black dots are interspersed within the gold patterns, adding depth and detail to the overall design. The motifs repeat consistently across the fabric, maintaining a balanced and harmonious layout throughout the entire piece.

Traditionally, the Sidoluhur motif symbolizes noble character, moral elevation, and dignified exemplary conduct.","noble character, moral elevation, dignity, exemplary conduct",hard
/mnt/extended-home/dzakaaufa/dataset/all_images_captioning/tribusono122.jpg,tribusono,tribusono,0.9483778476715088,"The batik fabric features the tribusono motif, characterized by a beige background and black, white, yellow, purple, and brown motifs. The dominant motifs include stylized flowers and leaves, some resembling chrysanthemums and others more abstractly shaped. These floral elements vary in size and complexity but maintain a cohesive style throughout the design. Small dots and short lines act as isen-isen elements, adding texture and detail between larger motifs. The motifs are arranged in a scattered yet balanced manner across the fabric, creating a harmonious pattern that repeats consistently while maintaining individuality within each element.

Traditionally, the Tribusono motif symbolizes regeneration, harmony, and the continuity of cultural values.","The batik fabric features the tribusono motif, characterized by a beige background and multicolored motifs. The dominant motifs include stylized flowers and leaves in shades of purple, yellow, black, and white. These floral elements are intricately detailed, featuring various petal shapes and leaf forms. Small dots and short lines are interspersed among the larger motifs, adding texture and depth to the design. The motifs are arranged in a scattered yet harmonious pattern across the fabric, creating a balanced and visually appealing composition. There is no evident symmetry in the layout, but the overall arrangement gives a sense of organic flow and natural beauty.

Traditionally, the Tribusono motif symbolizes regeneration, harmony, and the continuity of cultural values.","regeneration, harmony, cultural continuity, ecological awareness",hard
/mnt/extended-home/dzakaaufa/dataset/all_images_captioning/betawi63.jpg,betawi,betawi,0.9595051407814026,"The batik fabric features the betawi motif, characterized by a green background and yellow motifs. The dominant motifs include stylized human figures adorned with leaf-like crowns on their heads. These figures have elongated necks and are depicted in a symmetrical manner, facing each other. Each figure wears intricate patterns on their bodies, featuring circular designs and vertical lines. Small dots and short lines act as isen-isen elements, adding texture and detail to the overall design. The motifs are arranged symmetrically around the central axis of the fabric, creating a balanced and harmonious composition.

Traditionally, the Betawi motif symbolizes multicultural openness, communal harmony, and joyful cultural identity.","The batik fabric features the betawi motif, characterized by a green background and gold motifs. The dominant motifs consist of two human figures adorned with elaborate headdresses resembling stylized plants or trees. These figures are depicted side-by-side, facing forward, wearing traditional attire with intricate patterns. Small dots and short lines are used as isen-isen elements within the clothing designs. The motifs exhibit a symmetrical arrangement, with each figure occupying one half of the fabric, creating a balanced composition.

Traditionally, the Betawi motif symbolizes multicultural openness, communal harmony, and joyful cultural identity.","multicultural openness, communal harmony, joyful identity, cultural pride",hard
/mnt/extended-home/dzakaaufa/dataset/all_images_captioning/sidomukti86.jpg,sidomukti,sidomukti,0.9681737422943115,"The batik fabric features the sidomukti motif, characterized by a golden-yellow background and dark blue motifs. The dominant motifs include stylized flowers and leaves, arranged symmetrically around central star-like patterns. These floral elements have intricate petal-like structures and are interspersed with small, evenly spaced dots and short lines forming smaller decorative elements within each larger motif. The motifs repeat consistently throughout the fabric, creating a harmonious and balanced pattern.

Traditionally, the Sidomukti motif symbolizes enduring happiness, fulfilment, and spiritual wholeness.","The batik fabric features the sidomukti motif, characterized by a vibrant orange background and intricate blue and gold motifs. The dominant motifs include stylized flowers with pointed petals arranged symmetrically around central circular elements. These floral designs are interspersed with small, evenly spaced dots and short lines, creating a sense of rhythm and balance throughout the pattern. The motifs repeat consistently across the fabric, forming a grid-like structure that emphasizes the symmetrical arrangement. The overall layout showcases a harmonious blend of geometric precision and organic flow, typical of the sidomukti style.

In Surakarta court tradition, the Sidomukti motif represents prosperity, inner contentment, and the blessing of a flourishing life.","enduring happiness, fulfilment, prosperity, spiritual wholeness",hard
/mnt/extended-home/dzakaaufa/dataset/all_images_captioning/srikaton1.jpg,srikaton,srikaton,0.9042141437530518,"The batik fabric features the srikaton motif, characterized by a dark blue background and gold motifs. The dominant motifs include stylized leaves, flowers, and abstract ornamentations resembling peacock feathers. These elements are intricately detailed with small dots and short lines, adding texture and depth to the design. The motifs repeat consistently throughout the fabric, arranged in a symmetrical pattern with some variation in size and orientation. The overall layout follows a structured grid-like arrangement, ensuring uniformity while maintaining aesthetic appeal.

Traditionally, the Srikaton motif symbolizes divine radiance, natural abundance, and resilient grace.","The batik fabric features the srikaton motif, characterized by a deep blue background and gold motifs. The dominant motifs include stylized leaves and flowers, with intricate petal-like structures and swirling patterns reminiscent of traditional Indonesian designs. Small dots and short lines are interspersed within the larger motifs, adding texture and detail. These elements repeat consistently throughout the fabric, creating a harmonious and balanced composition. The motifs are arranged symmetrically, with some overlapping slightly, enhancing the overall complexity and richness of the design.

In Javanese tradition, the Srikaton motif represents visible grace, the flourishing of nature, and the strength to overcome adversity.","divine radiance, natural abundance, resilience, visible grace",hard
/mnt/extended-home/dzakaaufa/dataset/all_images_captioning/srikaton15.jpg,srikaton,srikaton,0.9851208925247192,"The batik fabric features the srikaton motif, characterized by a black background and gold motifs. The dominant motifs include stylized leaves and flowers, arranged in a repeating pattern across the fabric. These motifs are intricately detailed with small dots and short lines, creating a sense of depth and texture within each element. The arrangement follows a symmetrical design, with motifs aligned vertically and horizontally, ensuring balance throughout the piece.

Traditionally, the Srikaton motif symbolizes divine radiance, natural abundance, and resilient grace.","The batik fabric features the srikaton motif, characterized by a dark blue background and gold motifs. The dominant motifs include stylized leaves and flowers, intricately detailed with swirling curves and petal-like shapes. Small dots and short lines are interspersed throughout the design, adding texture and depth. These motifs repeat consistently across the fabric, arranged in a symmetrical pattern with balanced spacing between them. The overall layout follows a structured grid, ensuring uniformity and harmony within the design.

The philosophical meaning of the Srikaton motif reflects divine radiance, natural abundance, and resilience.","divine radiance, natural abundance, resilience, visible grace",hard
/mnt/extended-home/dzakaaufa/dataset/all_images_captioning/Data 16 Batik Rahayu (Sergung Kawung Pala).jpg,Trenggalek,trenggalek,0.9972832202911377,"The batik fabric features the trenggalek motif, characterized by red, black motifs. The dominant motifs include clove plant flora. The motifs are arranged in a geometric pattern across the fabric, creating a harmonious and balanced composition.

Inspired by the gurdo motif which symbolizes strength, courage and balance. The dashing pattern reflects fighting spirit and wisdom, bringing harmony between power and virtue in every aspect of life.","The batik fabric features the Trenggalek motif, characterized by red motifs. The dominant motifs include nutmeg, bunga and kawung. The motifs are arranged in a geometric pattern across the fabric, creating a harmonious and balanced composition.

Featuring a fiber motif that is closely intertwined, symbolizing connectedness and solidarity. The neatly woven patterns reflect the strength of togetherness, creating harmony and beauty, while also illustrating the value of unity.",,hard
/mnt/extended-home/dzakaaufa/dataset/all_images_captioning/singa_barong92.JPG,singa_barong,singa_barong,0.9899343848228455,"The batik fabric features the singa_barong motif, characterized by a white background and gold and black motifs. The dominant motifs include stylized lions (singas), mythical creatures resembling dragons or barongs, and intricate floral patterns. These elements are depicted in a repeating pattern across the fabric, arranged symmetrically along horizontal bands. Each band contains multiple motifs spaced evenly apart, creating a balanced and harmonious design. The use of gold for the lions and barongs contrasts sharply with the black outlines, while the flowers and other decorative elements are rendered in shades of blue and green, adding depth and complexity to the overall composition.

nan","The batik fabric features the singa_barong motif, characterized by a white background and gold and black motifs. The dominant motifs include stylized lions (singas), mythical creatures resembling dragons or barongs, and intricate floral designs. The lions are depicted in dynamic poses, often with their mouths open, while the barongs have elongated bodies and wings. The flowers are large and detailed, featuring multiple petals and leaves. Small dots and short lines are interspersed between the larger motifs, adding texture and depth to the design. The motifs are arranged in a repeating pattern across the fabric, creating a symmetrical and balanced composition. The overall layout follows a grid-like structure, ensuring uniformity and harmony throughout the piece.

In Cirebonese court culture, the Singa Barong motif represents sacred authority, the harmony of natural forces, and complete sovereignty.","mythological power, elemental unity, visionary leadership, sacred authority",hard
/mnt/extended-home/dzakaaufa/dataset/all_images_captioning/sidomulyo2.jpg,sidomulyo,sidomulyo,0.9846792817115784,"The batik fabric features the sidomulyo motif, characterized by a beige background and brown motifs. The dominant motifs include stylized leaves and floral elements arranged symmetrically within diamond-shaped frames. These frames repeat consistently across the fabric, creating a grid-like pattern. Small black dots are interspersed between some of the larger motifs, adding detail to the design. The overall layout maintains a balanced and orderly arrangement, emphasizing the traditional aesthetic of the sidomulyo motif.

Traditionally, the Sidomulyo motif symbolizes glory, enduring honour, and a life of inner mastery.","The batik fabric features the sidomulyo motif, characterized by a light beige background and dark brown motifs. The dominant motifs include stylized leaves and floral elements arranged symmetrically within diamond-shaped frames. These frames are interconnected by curved lines forming a grid-like pattern. Small black dots are interspersed between the larger motifs, adding texture and detail. The motifs repeat consistently throughout the fabric, maintaining a balanced and harmonious layout.

In Javanese Mataram tradition, the Sidomulyo motif represents continuous glory, dignified life, and the mastery of one's inner impulses.","glory, enduring honour, inner mastery, dignified life",hard
/mnt/extended-home/dzakaaufa/dataset/all_images_captioning/sekarjagad21.jpg,sekarjagad,sekarjagad,0.9910737872123718,"The batik fabric features the sekarjagad motif, characterized by a beige background and red, green, blue, brown, white, and black motifs. The dominant motifs include stylized leaves, geometric patterns like diamonds and squares, and abstract ornaments. The motifs are arranged in a scattered pattern across the fabric, with some overlapping and others spaced apart. There are no visible isen-isen elements such as small dots or short lines within the motifs themselves; these appear to be part of larger design units rather than individual filler elements. The overall layout shows a mix of vertical and horizontal orientations, creating a balanced yet dynamic composition.

Traditionally, the Sekarjagad motif symbolizes the beauty of diversity, universal harmony, and joyful coexistence.","The batik fabric features the sekarjagad motif, characterized by a beige background and multicolored motifs. The dominant motifs include stylized leaves, geometric patterns, and abstract ornaments. Leaves are depicted with intricate veining and are arranged in various orientations, some overlapping others. Geometric patterns consist of diamond shapes, squares, and cross-hatching, often filled with small dots or short lines for added detail. Abstract ornaments include circular designs and star-like figures. These motifs are scattered across the fabric, creating a dynamic and layered composition. The arrangement shows a mix of repetition and variation, with some motifs appearing more frequently than others, but overall maintaining a balanced distribution throughout the design.

In Javanese culture, the Sekarjagad motif represents the celebration of diversity, universal harmony, and the wish to radiate goodness.","beauty of diversity, universal harmony, radiance, coexistence",hard
/mnt/extended-home/dzakaaufa/dataset/all_images_captioning/wirasat48.jpg,wirasat,wirasat,0.988101601600647,"The batik fabric features the wirasat motif, characterized by a dark brown background and light beige motifs. The dominant motifs include stylized floral elements resembling lotus flowers, each enclosed within diamond-shaped frames. These diamonds are interspersed with smaller, intricate patterns formed by small dots and short lines, creating a dense yet balanced texture throughout the design. The motifs repeat symmetrically along both horizontal and vertical axes, forming a grid-like pattern that enhances the overall symmetry and harmony of the piece.

Traditionally, the Wirasat motif symbolizes the fulfilment of wholesome wishes, elevated standing, and life's sufficiency.","The batik fabric features the wirasat motif, characterized by a dark brown background and light beige motifs. The dominant motifs include stylized floral elements with intricate petal-like curves and swirling patterns at their centers. These floral designs are arranged in a grid-like pattern, interspersed with small dots and short lines forming a subtle filler between them. Each floral element is surrounded by smaller, repeating geometric shapes, creating a harmonious balance within each square section of the design. The overall layout shows a symmetrical arrangement where the motifs repeat consistently across the fabric, maintaining uniformity and coherence throughout the piece.

Traditionally, the Wirasat motif symbolizes the fulfilment of wholesome wishes, elevated standing, and life's sufficiency.","fulfilment of wishes, elevated standing, sufficiency, parental blessing",hard
/mnt/extended-home/dzakaaufa/dataset/all_images_captioning/mega_mendung46.jpg,mega_mendung,mega_mendung,0.9876154661178589,"The batik fabric features the mega_mendung motif, characterized by a dark brown background and vibrant red motifs. The dominant motifs consist of swirling, organic shapes resembling stylized leaves or vines, which are intricately intertwined throughout the design. These motifs exhibit a variety of curves and loops, creating a dynamic and flowing pattern. There are no visible isen-isen elements such as small dots or short lines within the motifs themselves; instead, they are filled entirely with the bold red color. The motifs are arranged in a repetitive yet fluid manner, with some overlapping and others curving around each other, maintaining a sense of movement and continuity across the entire piece.

nan","The batik fabric features the mega_mendung motif, characterized by a deep maroon background and vibrant red motifs. The dominant motifs consist of swirling, curvilinear shapes resembling stylized leaves or tendrils, arranged densely across the fabric. These motifs exhibit a high degree of repetition, creating a sense of rhythm and movement. The arrangement appears somewhat random yet harmonious, with no strict symmetry but rather a fluid flow from one shape to another. There are no visible isen-isen elements such as small dots or short lines within these motifs; they are filled entirely with the red swirls against the maroon backdrop.

Traditionally, the Mega Mendung motif symbolizes patience, emotional calm, and spiritual serenity.","patience, emotional calm, spiritual serenity, divine protection",hard
